subject,block,rt,response,duration,hist,rsi
1,1,0.0970230999999999,1,0.8,R,1.6
1,1,0.5695756,0,0.3,R,1.3
1,1,0.4244128,1,0.4,R,1.8
1,1,0.6499417,0,0.3,R,1.8
1,1,0.2690518,1,0.8,R,0.9
1,1,0.2249519,1,0.8,R,1.1
1,1,0.5659171,0,0.2,R,0.9
1,1,0.4810623,0,0.2,R,1.3
1,1,0.4771222,0,0.2,R,1.9
1,1,0.6089155,0,0.4,R,1.6
1,1,0.276652,1,0.7,R,0.9
1,1,0.5372431,0,0.4,R,1.3
1,1,0.5570248,0,0.5,R,1.9
1,1,0.2567624,1,0.6,R,1.1
1,1,0.6527398,0,0.3,R,1.3
1,1,0.5688063,0,0.6,R,1.8
1,1,0.5779425,0,0.4,R,1.1
1,1,0.5092688,0,0.2,R,2.1
1,1,0.713108,0,0.2,R,1.6
1,1,0.463994,0,0.3,R,1.3
1,1,0.2656952,1,0.8,R,1.3
1,1,0.4214444,0,0.5,R,1.4
1,1,0.6141687,1,0.7,R,1.9
1,1,0.4733138,0,0.4,R,1.4
1,1,0.6766423,0,0.4,R,2.3
1,1,0.5777481,0,0.6,R,1.1
1,1,0.5679684,1,0.8,R,1.9
1,1,0.2569682,1,0.8,R,1.8
1,1,0.3687564,0,0.3,R,1.4
1,1,0.668926,0,0.2,R,1.6
1,1,0.6535503,0,0.3,R,1.8
1,1,0.4884136,0,0.3,R,1.3
1,1,0.312227,1,0.8,R,1.3
1,1,0.4988231,0,0.4,R,2.3
1,1,0.2928952,1,0.7,R,2.3
1,1,0.6052092,0,0.7,R,0.9
1,1,0.2971655,1,0.8,R,1.9
1,1,0.5049698,0,0.4,R,1.9
1,1,0.2569473,1,0.8,R,1.4
1,1,0.4368255,0,0.2,R,0.9
1,1,0.4930753,0,0.3,R,1.3
1,1,0.3819321,1,0.6,R,2.3
1,1,0.5098401,0,0.4,R,1.6
1,1,0.6368255,0,0.2,R,1.8
1,1,0.4368315,0,0.2,R,2.3
1,1,0.2207425,1,0.7,R,2.1
1,1,0.3649175,0,0.3,R,1.1
1,1,0.3417124,0,0.3,R,1.8
1,1,0.6101148,0,0.7,R,0.9
1,1,0.4700476,0,0.3,R,1.6
1,1,0.3608228,0,0.2,R,1.4
1,1,0.4810695,0,0.5,R,1.4
1,1,0.2090695,1,0.8,R,1.4
1,1,0.6327937,0,0.5,R,1.1
1,1,0.4529839,0,0.6,R,2.1
1,1,0.4640783,0,0.2,R,1.1
1,1,0.1526028,1,0.8,R,1.9
1,1,0.3326681,1,0.5,R,0.9
1,1,0.3611946,1,0.7,R,1.4
1,1,0.557086,0,0.4,R,2.1
1,1,0.412784,1,0.6,R,1.9
1,1,0.5290455,0,0.3,R,2.3
1,1,0.7693278,0,0.5,R,1.8
1,1,0.3971531,0,0.2,R,1.9
1,1,0.080792,0,0.3,R,2.1
1,1,0.3088839,1,0.7,R,1.3
1,1,0.3852614,1,0.7,R,1.8
1,1,0.4489319,0,0.6,R,1.3
1,1,0.4008798,0,0.6,R,1.1
1,1,0.3890557,0,0.5,R,2.1
1,2,0.3418158,1,0.5,R,2.3
1,2,0.2696798,1,0.5,R,1.1
1,2,0.2917545,1,0.6,R,0.9
1,2,0.1007475,1,0.8,R,2.3
1,2,0.3405489,1,0.3,R,2.1
1,2,0.2099686,1,0.8,R,1.1
1,2,0.2609661,1,0.7,R,1.4
1,2,0.2090391,1,0.8,R,2.1
1,2,0.2738638,1,0.6,R,1.9
1,2,0.3008687,1,0.5,R,1.8
1,2,0.7330018,1,0.5,R,1.9
1,2,0.3209116,1,0.6,R,1.6
1,2,0.5600842,0,0.3,R,2.1
1,2,0.4687526,0,0.3,R,1.9
1,2,0.4596906,0,0.5,R,1.4
1,2,0.3688231,0,0.4,R,1.3
1,2,0.4520776,0,0.3,R,1.8
1,2,0.2328195,0,0.3,R,1.9
1,2,0.4538296,1,0.5,R,1.9
1,2,0.5009081,0,0.2,R,1.4
1,2,0.9570021,1,0.5,R,1.6
1,2,0.2648714,1,0.8,R,1.3
1,2,0.7248664,0,0.4,R,2.3
1,2,0.2277999,0,0.7,R,1.6
1,2,0.2808517,1,0.7,R,0.9
1,2,0.4209996,1,0.7,R,1.6
1,2,0.8049535,1,0.4,R,1.1
1,2,0.6564905,0,0.4,R,1.4
1,2,0.4640495,1,0.7,R,1.9
1,2,0.540801,0,0.6,R,0.9
1,2,0.4936227,0,0.2,R,1.9
1,2,0.3899981,1,0.7,R,2.3
1,2,0.7370561,1,0.5,R,1.4
1,2,0.5893828,0,0.5,R,2.3
1,2,0.3617303,0,0.5,R,2.3
1,2,0.4082255,0,0.2,R,1.6
1,2,0.236884,1,0.4,R,2.1
1,2,0.2382953,0,0.3,R,1.3
1,2,0.2814013,1,0.2,R,0.9
1,2,0.505014,0,0.4,R,1.9
1,2,0.1780242,1,0.4,R,1.1
1,2,0.2651415,1,0.4,R,1.4
1,2,0.2291715,1,0.6,R,1.8
1,2,0.6162642,1,0.7,R,1.6
1,2,0.313083,1,0.7,R,1.1
1,2,0.5888714,0,0.7,R,1.8
1,2,0.5572033,0,0.6,R,1.1
1,2,0.3629873,0,0.6,R,1.8
1,2,0.322091,0,0.3,R,1.6
1,2,0.8011126,1,0.5,R,1.4
1,2,0.5361226,0,0.3,R,2.1
1,2,0.5541131,1,0.8,R,1.3
1,2,0.3360591,0,0.2,R,1.8
1,2,0.2208717,1,0.7,R,1.3
1,2,0.4690216,0,0.3,R,1.9
1,2,0.4572578,0,0.4,R,1.6
1,2,0.6701527,0,0.6,R,1.6
1,2,0.8269348,0,0.5,R,1.4
1,2,0.0960696999999997,1,0.8,R,0.9
1,2,0.209125,1,0.7,R,2.1
1,2,0.4896261,0,0.4,R,2.3
1,2,0.3416164,0,0.3,R,1.4
1,2,0.4208784,0,0.4,R,1.9
1,2,0.3646258,0,0.5,R,1.4
1,2,0.3599804,0,0.4,R,2.1
1,2,0.3258189,0,0.3,R,1.6
1,2,0.3763151,1,0.7,R,1.9
1,2,0.3317709,0,0.5,R,0.9
1,2,0.8889854,1,0.5,R,2.3
1,2,0.5357671,0,0.4,R,1.6
1,2,0.4607985,0,0.3,R,1.1
1,2,0.4809435,0,0.5,R,1.9
1,3,0.2694216,0,0.3,R,2.3
1,3,0.1091188,1,0.7,R,1.1
1,3,0.1926753,1,0.8,R,1.8
1,3,0.2408853,1,0.7,R,2.3
1,3,0.432832,0,0.4,R,1.6
1,3,0.2767979,1,0.6,R,0.9
1,3,0.455932,0,0.3,R,0.9
1,3,0.1811063,1,0.7,R,2.3
1,3,0.4649082,0,0.3,R,0.9
1,3,0.3451294,0,0.2,R,1.8
1,3,0.5052047,1,0.5,R,2.3
1,3,0.2660206,1,0.6,R,1.8
1,3,0.1842074,1,0.7,R,1.4
1,3,0.2088481,1,0.6,R,1.9
1,3,0.4167148,0,0.2,R,0.9
1,3,0.5501425,0,0.5,R,1.8
1,3,0.2973889,1,0.7,R,1.4
1,3,0.1500058,1,0.2,R,1.1
1,3,0.2529329,1,0.5,R,1.9
1,3,0.2261164,1,0.7,R,1.4
1,3,0.4022383,0,0.3,R,2.1
1,3,0.3250166,1,0.7,R,1.4
1,3,0.5020435,0,0.3,R,1.4
1,3,0.2529317,0,0.2,R,1.6
1,3,0.2559512,1,0.3,R,1.1
1,3,0.3208129,0,0.3,R,1.8
1,3,0.3576539,1,0.5,R,2.3
1,3,0.2730292,1,0.6,R,1.3
1,3,0.2810114,1,0.6,R,2.1
1,3,0.2525432,1,0.7,R,1.8
1,3,0.4286707,0,0.2,R,2.1
1,3,0.5170626,1,0.6,R,1.9
1,3,0.3049029,0,0.2,R,1.6
1,3,0.2369299,1,0.6,R,1.3
1,3,0.2900269,0,0.2,R,1.1
1,3,0.2247302,1,0.6,R,2.3
1,3,0.539226,0,0.2,R,1.3
1,3,0.8892059,0,0.3,R,0.9
1,3,0.1690197,1,0.8,R,2.1
1,3,0.4892305,0,0.2,R,1.9
1,3,0.6088565,0,0.4,R,1.6
1,3,0.3528441,0,0.3,R,1.9
1,3,0.2739253,1,0.8,R,1.3
1,3,0.6287464,1,0.5,R,1.8
1,3,0.4690452,0,0.2,R,1.4
1,3,0.4245389,0,0.2,R,1.6
1,3,0.2918727,1,0.6,R,1.8
1,3,0.301657,0,0.3,R,1.6
1,3,0.2730568,1,0.5,R,1.8
1,3,0.4460036,0,0.3,R,2.3
1,3,0.4169956,0,0.4,R,1.3
1,3,0.4101199,0,0.4,R,2.1
1,3,0.3251788,0,0.3,R,2.3
1,3,0.3494131,0,0.5,R,2.1
1,3,0.3451591,1,0.3,R,1.1
1,3,0.3212488,0,0.3,R,1.4
1,3,0.1567912,1,0.8,R,1.8
1,3,0.4968159,0,0.4,R,1.9
1,3,0.3251559,0,0.3,R,2.1
1,3,0.1491144,1,0.7,R,1.3
1,3,0.2530806,1,0.7,R,1.4
1,3,0.2978095,1,0.7,R,1.9
1,3,0.4405769,0,0.2,R,1.3
1,3,0.2848437,1,0.5,R,2.1
1,3,0.3332797,1,0.7,R,1.3
1,3,0.1614215,1,0.8,R,0.9
1,4,0.4119698,1,0.7,R,1.6
1,4,0.4889415,0,0.7,R,1.1
1,4,0.3009775,0,0.3,R,1.1
1,4,0.5809296,0,0.5,R,1.6
1,4,0.2840343,1,0.7,R,2.1
1,4,0.3423984,1,0.3,R,1.4
1,4,0.5809328,0,0.4,R,1.3
1,4,0.3989288,0,0.4,R,1.3
1,4,0.4772546,0,0.4,R,1.4
1,4,0.4211892,0,0.2,R,1.9
1,4,0.336967,1,0.7,R,1.4
1,4,0.2377904,0,0.2,R,0.9
1,4,0.321152,1,0.6,R,1.9
1,4,0.4491169,1,0.4,R,1.4
1,4,0.2577653,1,0.7,R,1.4
1,4,0.293209,1,0.5,R,1.6
1,4,0.3118551,1,0.6,R,1.1
1,4,0.6767676,0,0.5,R,1.1
1,4,0.3900499,0,0.4,R,1.6
1,4,0.4128113,0,0.3,R,1.3
1,4,0.5930297,0,0.6,R,2.1
1,4,0.4407639,0,0.6,R,2.3
1,4,0.4861036,0,0.3,R,1.9
1,4,0.3448335,1,0.6,R,2.1
1,4,0.5410234,1,0.7,R,1.8
1,4,0.338017,0,0.3,R,1.6
1,4,0.3647992,0,0.3,R,1.1
1,4,0.4492562,0,0.2,R,0.9
1,4,0.4652108,1,0.8,R,0.9
1,4,0.3009981,1,0.5,R,1.9
1,4,0.2322434,1,0.7,R,1.8
1,4,0.3960659,0,0.6,R,0.9
1,4,0.3407995,0,0.3,R,1.1
1,4,0.2288613,1,0.8,R,2.1
1,4,0.2726804,1,0.7,R,0.9
1,4,0.4810722,0,0.4,R,1.3
1,4,0.4089616,0,0.2,R,1.4
1,4,0.5690009,0,0.5,R,2.3
1,4,0.3491598,0,0.3,R,0.9
1,4,0.252732,1,0.5,R,1.8
1,4,0.3407095,0,0.3,R,1.4
1,4,0.406241,1,0.6,R,1.4
1,4,0.325828,1,0.6,R,1.1
1,4,0.3751483,0,0.4,R,1.1
1,4,0.3130639,0,0.2,R,0.9
1,4,0.5246077,0,0.5,R,1.6
1,4,0.2889856,0,0.4,R,1.8
1,4,0.490534,0,0.4,R,1.3
1,4,0.2883514,1,0.8,R,1.6
1,4,0.5137198,0,0.4,R,2.1
1,4,0.2016986,1,0.8,R,2.3
1,4,0.3017003,1,0.7,R,1.3
1,4,0.3769448,0,0.3,R,0.9
1,4,0.4221746,0,0.3,R,2.3
1,4,0.5537886,1,0.6,R,1.8
1,4,0.3661072,0,0.5,R,0.9
1,4,0.464799,1,0.6,R,2.3
1,4,0.3009253,0,0.3,R,0.9
1,4,0.2139704,0,0.7,R,0.9
1,4,0.2852325,0,0.5,R,2.3
1,4,0.6887567,1,0.5,R,1.8
1,4,0.3007419,0,0.5,R,1.6
1,4,0.2480707,0,0.4,R,1.4
1,4,0.2649313,1,0.8,R,1.6
1,4,0.5688487,1,0.5,R,1.3
1,4,0.3569441,0,0.5,R,0.9
1,4,0.536848,0,0.3,R,2.1
1,4,0.4528676,0,0.5,R,1.3
1,4,0.6019899,0,0.5,R,1.9
1,4,0.4131446,0,0.2,R,1.6
1,4,0.2448548,0,0.2,R,1.1
1,4,0.5568204,0,0.5,R,1.9
1,4,0.2848851,0,0.2,R,2.3
1,4,0.2649047,1,0.7,R,1.9
2,1,1.1555968,1,0.4,R,2.3
2,1,0.465285,1,0.7,R,1.8
2,1,0.5504492,1,0.7,R,1.4
2,1,0.6218799,0,0.3,R,1.4
2,1,1.1411262,1,0.7,R,1.9
2,1,0.8132331,1,0.4,R,2.1
2,1,1.2969016,1,0.6,R,2.3
2,1,1.3372192,1,0.4,R,1.8
2,1,0.8053338,1,0.6,R,1.8
2,1,0.796227,1,0.4,R,2.3
2,1,1.3051637,1,0.4,R,1.1
2,1,0.7857306,0,0.4,R,1.9
2,1,0.6001092,1,0.6,R,1.3
2,1,0.4898604,0,0.3,R,1.9
2,1,0.5682312,0,0.2,R,1.6
2,1,0.6329905,1,0.5,R,1.4
2,1,0.7954224,1,0.7,R,1.8
2,1,0.5393314,0,0.2,R,1.8
2,1,0.6163463,0,0.4,R,1.8
2,1,1.2643297,0,0.4,R,1.8
2,1,1.1485395,1,0.4,R,1.8
2,1,0.7942827,0,0.4,R,0.9
2,1,0.5641988,0,0.2,R,1.3
2,1,0.4666501,0,0.3,R,1.9
2,1,0.5052246,1,0.8,R,1.8
2,1,0.616365,1,0.7,R,1.8
2,1,0.5852911,0,0.2,R,1.3
2,1,0.6733771,0,0.4,R,2.1
2,1,0.4891972,0,0.4,R,2.3
2,1,0.5616907,1,0.6,R,1.4
2,1,0.5249322,0,0.4,R,1.6
2,1,0.4412505,0,0.4,R,0.9
2,1,0.3842885,0,0.2,R,1.1
2,1,1.197221,0,0.4,R,1.6
2,1,0.4931374,0,0.2,R,2.1
2,1,0.8216453,0,0.5,R,1.9
2,1,0.6099184,0,0.3,R,1.6
2,1,0.6091514,1,0.7,R,2.3
2,1,0.6618667,1,0.5,R,1.3
2,1,0.5176273,0,0.2,R,1.1
2,1,0.3573836,0,0.5,R,0.9
2,1,0.4600645,0,0.4,R,0.9
2,1,0.3612064,0,0.6,R,1.1
2,1,0.4401589,0,0.2,R,1.8
2,1,0.4252868,0,0.2,R,1.4
2,1,1.2296294,1,0.6,R,1.3
2,1,1.4495106,0,0.4,R,1.1
2,1,0.4854966,0,0.5,R,0.9
2,1,0.8210057,0,0.8,R,1.8
2,1,1.2611613,0,0.6,R,1.9
2,1,0.8096577,0,0.2,R,1.8
2,1,0.6504575,0,0.3,R,1.4
2,1,0.7260002,1,0.7,R,1.1
2,1,0.6284378,1,0.5,R,1.1
2,1,1.1490727,0,0.3,R,2.1
2,1,1.3963166,1,0.7,R,1.6
2,1,1.0133064,0,0.2,R,1.3
2,1,0.4891901,0,0.2,R,2.1
2,1,0.6410983,1,0.6,R,2.3
2,1,0.7387099,1,0.6,R,0.9
2,1,0.6255774,0,0.4,R,0.9
2,1,0.7971122,1,0.5,R,1.3
2,1,0.5813501,0,0.5,R,1.8
2,1,0.4564516,0,0.4,R,1.8
2,1,0.636463,1,0.8,R,1.3
2,1,0.7311573,1,0.5,R,1.3
2,1,0.4891909,1,0.5,R,2.1
2,1,0.7347041,0,0.4,R,1.9
2,1,1.1975939,1,0.7,R,2.1
2,1,1.061934,1,0.5,R,2.3
2,1,0.5882595,0,0.2,R,0.9
2,1,1.534033,1,0.5,R,2.1
2,1,0.7420089,1,0.5,R,0.9
2,1,1.1641959,0,0.6,R,1.1
2,1,0.4784027,1,0.7,R,1.6
2,1,1.269256,1,0.8,R,1.4
2,1,0.7174342,0,0.2,R,0.9
2,1,0.4730935,0,0.2,R,1.1
2,2,1.5013146,1,0.6,R,0.9
2,2,0.4455382,0,0.2,R,1.6
2,2,1.2982723,0,0.5,R,2.1
2,2,0.7800422,1,0.7,R,1.4
2,2,0.9501996,1,0.7,R,1.4
2,2,0.9894489,1,0.5,R,2.3
2,2,0.5534737,0,0.5,R,1.9
2,2,0.9772009,0,0.5,R,1.3
2,2,0.5886799,0,0.2,R,1.3
2,2,0.6332324,0,0.4,R,1.3
2,2,0.5810134,0,0.5,R,0.9
2,2,0.4181702,0,0.6,R,1.8
2,2,0.6862975,0,0.6,R,0.9
2,2,0.6050652,0,0.4,R,2.1
2,2,0.9531407,1,0.7,R,1.1
2,2,0.593218,0,0.2,R,1.6
2,2,0.7653208,1,0.8,R,1.8
2,2,1.4453586,1,0.5,R,1.9
2,2,0.605157,1,0.8,R,0.9
2,2,1.2852383,1,0.7,R,2.3
2,2,1.554083,1,0.8,R,0.9
2,2,0.4536667,0,0.3,R,1.6
2,2,0.8373314,0,0.4,R,1.3
2,2,0.7212742,1,0.6,R,1.8
2,2,0.5045765,0,0.3,R,1.4
2,2,0.4969608,1,0.7,R,1.1
2,2,0.545569,0,0.6,R,1.3
2,2,0.4599787,0,0.3,R,1.8
2,2,0.5219489,0,0.3,R,1.1
2,2,1.0296087,0,0.3,R,1.9
2,2,0.6933968,1,0.7,R,1.8
2,2,0.3850283,0,0.4,R,1.4
2,2,0.4964039,0,0.5,R,2.1
2,2,0.4169174,0,0.3,R,1.4
2,2,1.3815009,0,0.8,R,1.6
2,2,1.2254614,0,0.8,R,0.9
2,2,1.6172146,1,0.6,R,2.3
2,2,0.4360832,1,0.8,R,1.1
2,2,0.7279459,1,0.7,R,1.4
2,2,1.4498876,0,0.7,R,1.8
2,2,0.6361299,1,0.7,R,1.9
2,2,0.5012654,0,0.4,R,0.9
2,2,0.4882711,0,0.4,R,2.1
2,2,1.0011982,0,0.6,R,1.9
2,2,0.6054186,0,0.5,R,0.9
2,2,0.4173727,1,0.8,R,1.3
2,2,0.6934695,0,0.5,R,1.9
2,2,0.5721273,0,0.4,R,1.6
2,2,0.9554841,0,0.7,R,1.3
2,2,0.3933701,0,0.3,R,1.6
2,2,0.4693302,0,0.2,R,0.9
2,2,0.4581223,0,0.4,R,0.9
2,2,0.4179698,1,0.8,R,1.6
2,2,0.4461877,1,0.8,R,1.6
2,2,1.8570386,0,0.5,R,1.3
2,2,2.0103794,1,0.5,R,1.6
2,2,0.6411802,0,0.4,R,1.3
2,2,0.7285882,1,0.8,R,2.3
2,2,0.6946215,0,0.5,R,1.9
2,2,0.2563603,1,0.8,R,1.9
2,2,0.4253518,1,0.8,R,1.6
2,2,0.4250351,0,0.3,R,1.1
2,2,0.4042027,1,0.7,R,1.8
2,2,0.8620976,0,0.4,R,1.4
2,2,0.6131707,0,0.2,R,1.8
2,2,0.9533651,0,0.5,R,1.6
2,2,1.2042457,1,0.8,R,1.9
2,2,0.6020612,0,0.4,R,2.1
2,2,0.5172731,0,0.5,R,1.3
2,2,1.2002216,0,0.3,R,1.6
2,2,1.8159831,1,0.8,R,1.6
2,3,0.8246514,1,0.8,R,1.6
2,3,0.8893929,1,0.6,R,1.4
2,3,1.3332435,1,0.6,R,1.3
2,3,0.9524092,0,0.4,R,1.6
2,3,0.4474036,0,0.3,R,1.9
2,3,0.4679062,1,0.7,R,1.1
2,3,0.9656653,0,0.5,R,1.8
2,3,1.6527847,0,0.7,R,1.9
2,3,0.381253,1,0.7,R,1.4
2,3,0.4880906,0,0.2,R,1.6
2,3,0.5564278,1,0.7,R,2.1
2,3,0.9653032,1,0.7,R,1.9
2,3,0.579911,0,0.4,R,1.3
2,3,0.4086122,1,0.8,R,1.3
2,3,0.6204458,0,0.3,R,2.1
2,3,0.469221,0,0.3,R,1.6
2,3,0.605158,0,0.4,R,1.4
2,3,0.4720466,0,0.5,R,1.1
2,3,0.4935429,1,0.7,R,1.9
2,3,0.9758154,1,0.6,R,1.3
2,3,0.3856007,0,0.6,R,1.4
2,3,1.6620711,1,0.8,R,1.6
2,3,0.9851473,1,0.8,R,0.9
2,3,0.7535027,0,0.2,R,1.8
2,3,1.4495077,0,0.7,R,1.1
2,3,0.7932621,0,0.5,R,0.9
2,3,1.98892,1,0.8,R,1.8
2,3,0.4615086,0,0.4,R,1.3
2,3,0.7653226,0,0.5,R,1.3
2,3,1.341287,1,0.7,R,2.3
2,3,0.5208047,0,0.2,R,1.6
2,3,0.5924495,0,0.4,R,0.9
2,3,0.738172,1,0.8,R,2.1
2,3,0.5163477,0,0.5,R,1.6
2,3,0.417058,0,0.4,R,1.9
2,3,0.3614458,0,0.2,R,2.3
2,3,0.4574173,0,0.2,R,1.8
2,3,0.8571399,0,0.6,R,1.4
2,3,1.4573766,0,0.7,R,1.8
2,3,0.3725931,0,0.5,R,1.4
2,3,1.8642208,0,0.6,R,1.6
2,3,0.9370168,0,0.6,R,2.3
2,3,0.5494848,0,0.3,R,1.9
2,3,1.1612405,1,0.8,R,0.9
2,3,0.6652143,0,0.6,R,1.9
2,3,0.4413855,1,0.8,R,1.4
2,3,0.4412392,0,0.5,R,1.8
2,3,0.6082298,0,0.3,R,1.9
2,3,0.7124458,1,0.6,R,1.3
2,3,1.3415299,0,0.7,R,1.4
2,3,0.6051554,0,0.3,R,0.9
2,3,0.4581834,0,0.2,R,1.6
2,3,0.5259324,0,0.2,R,2.3
2,3,0.5852926,0,0.4,R,1.1
2,3,0.9642252,0,0.7,R,1.8
2,3,1.5130637,0,0.6,R,2.1
2,3,0.3451114,1,0.7,R,1.1
2,3,0.4803151,0,0.2,R,1.1
2,3,0.3374289,1,0.6,R,1.4
2,3,0.8983217,0,0.8,R,2.1
2,3,0.5234775,0,0.3,R,0.9
2,3,0.4174579,1,0.8,R,1.4
2,3,0.5974483,0,0.4,R,1.8
2,3,1.3695764,0,0.4,R,1.1
2,3,0.8132165,1,0.7,R,2.1
2,3,0.4171667,0,0.2,R,1.1
2,3,0.4557968,0,0.2,R,1.3
2,3,0.9974181,0,0.6,R,1.8
2,3,0.5374198,0,0.5,R,1.3
2,3,0.6013992,0,0.7,R,1.8
2,3,0.4940772,1,0.7,R,1.3
2,3,0.9464928,0,0.6,R,0.9
2,4,0.496157,1,0.6,R,0.9
2,4,0.7640119,1,0.7,R,2.1
2,4,0.3734389,1,0.7,R,1.6
2,4,0.318288,0,0.2,R,2.1
2,4,0.2854456,0,0.3,R,1.4
2,4,0.657223,1,0.7,R,1.3
2,4,0.2732452,1,0.6,R,2.3
2,4,0.2493195,1,0.8,R,2.1
2,4,0.5009511,1,0.6,R,2.1
2,4,0.7923718,0,0.5,R,2.3
2,4,0.5530591,0,0.3,R,2.1
2,4,0.5253288,0,0.3,R,0.9
2,4,0.4123617,1,0.6,R,0.9
2,4,0.4894362,1,0.5,R,1.4
2,4,0.3405807,1,0.7,R,1.3
2,4,0.4682948,0,0.3,R,2.3
2,4,1.7422439,1,0.5,R,1.9
2,4,0.5895041,1,0.5,R,1.6
2,4,0.5356426,1,0.7,R,1.1
2,4,0.6094165,0,0.4,R,1.1
2,4,0.6758162,1,0.7,R,1.4
2,4,0.4328372,1,0.5,R,1.1
2,4,0.8680573,1,0.6,R,1.8
2,4,0.6699306,0,0.6,R,1.4
2,4,0.513465,0,0.4,R,1.3
2,4,1.9914191,1,0.8,R,1.9
2,4,1.0733852,0,0.2,R,1.1
2,4,0.6316135,0,0.4,R,1.4
2,4,1.1252625,0,0.2,R,1.6
2,4,0.3853602,1,0.8,R,1.8
2,4,1.0258874,0,0.4,R,1.8
2,4,0.5183153,0,0.2,R,2.1
2,4,0.6380697,0,0.5,R,0.9
2,4,0.7663074,0,0.3,R,0.9
2,4,0.4172015,0,0.4,R,2.3
2,4,0.385126,1,0.8,R,1.9
2,4,0.4611354,0,0.4,R,1.9
2,4,0.4694329,0,0.2,R,1.4
2,4,0.4056312,0,0.2,R,2.3
2,4,0.3053444,0,0.4,R,1.1
2,4,0.3334172,0,0.3,R,2.1
2,4,0.3532082,1,0.8,R,2.3
2,4,0.836428,1,0.7,R,2.1
2,4,0.4811049,0,0.2,R,1.6
2,4,0.3292851,1,0.8,R,0.9
2,4,0.4573819,0,0.2,R,2.1
2,4,0.2893327,1,0.6,R,1.9
2,4,0.3850849,0,0.2,R,1.6
2,4,0.3215281,1,0.8,R,1.4
2,4,0.3092433,1,0.8,R,2.3
2,4,2.0725706,0,0.6,R,0.9
2,4,0.281183,1,0.8,R,1.4
2,4,1.0380551,0,0.8,R,0.9
2,4,0.6721537,0,0.7,R,1.3
2,4,0.521411,0,0.2,R,1.1
2,4,0.5120211,0,0.2,R,2.1
2,4,0.4292908,0,0.5,R,1.9
2,4,0.2332351,1,0.8,R,1.8
2,4,0.6902331,0,0.5,R,1.4
2,4,0.3481698,0,0.4,R,2.3
2,4,0.3202984,1,0.8,R,1.1
2,4,0.5241765,0,0.7,R,1.9
2,4,0.5053093,0,0.4,R,1.4
2,4,0.3204314,0,0.3,R,1.4
2,4,0.3292486,0,0.3,R,1.1
2,4,0.338155,1,0.8,R,1.3
2,4,0.5052775,1,0.8,R,1.3
2,4,0.6442143,0,0.6,R,2.1
2,4,0.3213162,0,0.3,R,1.4
2,4,0.8492058,0,0.7,R,1.8
2,4,0.3974572,0,0.4,R,1.9
2,4,0.3613561,0,0.2,R,1.6
3,1,0.3146899,1,0.8,R,1.4
3,1,0.4251585,0,0.2,R,0.9
3,1,0.3831808,0,0.2,R,1.3
3,1,0.3865327,0,0.3,R,2.1
3,1,1.4324232,1,0.4,R,1.9
3,1,0.3791351,1,0.5,R,1.4
3,1,0.3582006,1,0.6,R,1.3
3,1,0.3341458,0,0.2,R,1.3
3,1,0.5455026,0,0.4,R,2.1
3,1,0.3151229,1,0.7,R,1.1
3,1,0.3140755,0,0.5,R,1.9
3,1,0.4701793,0,0.3,R,2.3
3,1,0.3109044,0,0.6,R,1.9
3,1,0.3504434,0,0.2,R,1.1
3,1,0.2591819,0,0.5,R,1.4
3,1,0.2679001,0,0.5,R,1.1
3,1,0.2851573,0,0.3,R,1.6
3,1,0.5185128,1,0.7,R,1.9
3,1,0.5340053,1,0.6,R,1.9
3,1,0.3576341,1,0.8,R,1.3
3,1,0.3440732,0,0.4,R,1.6
3,1,1.2694401,0,0.7,R,1.3
3,1,1.7006568,1,0.7,R,1.3
3,1,0.3885571,0,0.5,R,1.8
3,1,0.3039892,1,0.8,R,2.1
3,1,0.445859,0,0.2,R,1.4
3,1,0.4886627,0,0.5,R,1.4
3,1,0.3898782,0,0.3,R,2.3
3,1,1.197261,1,0.6,R,1.3
3,1,0.2997715,0,0.3,R,2.1
3,1,0.2964614,0,0.3,R,2.1
3,1,0.4809346,0,0.3,R,0.9
3,1,0.3088008,0,0.5,R,1.4
3,1,0.6653628,0,0.6,R,1.1
3,1,0.7489742,0,0.6,R,2.3
3,1,0.5138327,0,0.4,R,1.4
3,1,0.284906,0,0.2,R,0.9
3,1,0.3448424,1,0.8,R,1.9
3,1,0.5347033,1,0.8,R,1.6
3,1,0.285256,0,0.2,R,1.6
3,1,0.5368061,0,0.5,R,0.9
3,1,0.8746414,0,0.5,R,0.9
3,1,0.4018704,1,0.6,R,2.1
3,1,0.4619974,1,0.5,R,1.8
3,1,0.6443426,1,0.5,R,1.4
3,1,0.6159327,1,0.6,R,2.3
3,1,0.5087412,1,0.7,R,1.3
3,1,1.1726941,1,0.7,R,1.9
3,1,0.3370156,0,0.2,R,1.4
3,1,0.2851669,0,0.5,R,1.1
3,1,0.4412107,0,0.7,R,0.9
3,1,0.6564613,1,0.6,R,1.1
3,1,0.4529324,0,0.2,R,1.1
3,1,0.4647334,1,0.8,R,2.3
3,1,0.3126975,0,0.4,R,0.9
3,1,1.3614791,0,0.6,R,1.1
3,1,0.4166085,0,0.4,R,1.6
3,1,0.3095917,1,0.8,R,1.1
3,1,0.3487386,0,0.5,R,2.3
3,1,0.5609543,0,0.2,R,0.9
3,1,0.3459132,0,0.2,R,1.9
3,1,0.4528135,0,0.3,R,0.9
3,2,0.4037571,0,0.2,R,1.4
3,2,0.4061809,1,0.5,R,2.1
3,2,0.3712663,1,0.7,R,2.3
3,2,0.2454723,1,0.8,R,2.1
3,2,0.4781188,0,0.2,R,2.1
3,2,0.3364929,0,0.3,R,2.1
3,2,0.3100168,0,0.2,R,1.3
3,2,0.3081561,0,0.2,R,1.8
3,2,0.2423122,1,0.8,R,1.9
3,2,0.3990778,0,0.5,R,0.9
3,2,0.4155915,0,0.2,R,1.1
3,2,0.3088003,1,0.8,R,1.1
3,2,0.8217684,1,0.6,R,0.9
3,2,0.3120741,0,0.2,R,1.6
3,2,0.365159,0,0.2,R,1.4
3,2,0.3080849,1,0.6,R,1.1
3,2,0.7828233,0,0.4,R,0.9
3,2,1.0534046,0,0.5,R,1.6
3,2,0.8056822,0,0.4,R,2.3
3,2,0.2198755,1,0.7,R,2.3
3,2,0.4568813,0,0.2,R,1.6
3,2,0.8718749,1,0.7,R,1.4
3,2,0.3343171,0,0.3,R,1.9
3,2,0.2979441,1,0.7,R,1.3
3,2,0.3038411,1,0.8,R,1.6
3,2,0.3206811,0,0.3,R,1.9
3,2,0.3074559,1,0.8,R,1.4
3,2,0.565783,0,0.6,R,1.1
3,2,1.1973385,0,0.7,R,1.3
3,2,0.408988,1,0.5,R,1.1
3,2,0.5141082,1,0.5,R,1.4
3,2,0.3329223,1,0.6,R,2.1
3,2,0.704629,1,0.8,R,1.3
3,2,0.2928667,0,0.5,R,1.3
3,2,0.3635441,0,0.4,R,1.3
3,2,0.2768008,1,0.7,R,2.3
3,2,0.3528666,0,0.2,R,2.3
3,2,0.408762,0,0.4,R,1.4
3,2,0.4565266,0,0.2,R,1.8
3,2,0.417586,0,0.2,R,2.1
3,2,0.258873,1,0.8,R,1.1
3,2,0.4049427,0,0.5,R,1.6
3,2,0.3298183,1,0.8,R,1.1
3,2,0.2886893,1,0.8,R,0.9
3,2,0.3410379,1,0.6,R,1.8
3,2,0.3086474,1,0.8,R,1.8
3,2,0.5416879,0,0.4,R,1.4
3,2,0.3930954,1,0.7,R,2.3
3,2,0.4335261,0,0.4,R,1.8
3,2,0.31009,0,0.4,R,1.8
3,2,0.3144616,1,0.6,R,1.8
3,2,0.3729746,0,0.2,R,1.3
3,2,0.5164688,0,0.5,R,1.8
3,2,0.688425,0,0.4,R,2.3
3,3,0.4503357,0,0.4,R,0.9
3,3,0.5423286,0,0.2,R,2.1
3,3,0.4293428,0,0.2,R,1.4
3,3,0.3896286,0,0.2,R,1.1
3,3,0.8739711,0,0.4,R,2.1
3,3,0.4227966,1,0.6,R,1.3
3,3,0.7111494,1,0.6,R,1.6
3,3,0.53513,0,0.4,R,1.1
3,3,0.4551962,1,0.7,R,1.8
3,3,0.4691244,0,0.2,R,2.1
3,3,0.5604422,0,0.4,R,1.3
3,3,0.4480305,0,0.2,R,2.1
3,3,0.371785,0,0.4,R,1.4
3,3,0.3134556,1,0.8,R,1.3
3,3,0.3128263,0,0.2,R,1.1
3,3,1.0877968,1,0.4,R,2.3
3,3,0.4251688,1,0.4,R,0.9
3,3,0.4975777,1,0.5,R,1.8
3,3,0.3367421,1,0.6,R,2.3
3,3,0.3767952,0,0.4,R,1.4
3,3,0.2818338,1,0.8,R,1.6
3,3,0.3423203,0,0.3,R,2.1
3,3,0.3368878,0,0.2,R,1.1
3,3,0.3307209,0,0.3,R,1.4
3,3,1.9969037,0,0.4,R,2.1
3,3,0.2907425,1,0.7,R,1.3
3,3,0.3123124,0,0.4,R,1.4
3,3,0.2841376,1,0.8,R,1.9
3,3,0.3618016,0,0.3,R,1.8
3,3,0.6053511,0,0.5,R,1.6
3,3,0.329036,1,0.4,R,0.9
3,3,0.4050658,0,0.2,R,1.6
3,3,0.4778209,1,0.6,R,1.6
3,3,0.3496698,1,0.7,R,2.3
3,3,0.5631688,0,0.5,R,1.4
3,3,0.4677389,0,0.3,R,1.8
3,3,1.0051513,0,0.6,R,2.3
3,3,0.2969123,1,0.8,R,1.8
3,3,0.6266777,0,0.6,R,2.1
3,3,0.2997153,1,0.7,R,1.1
3,3,1.7767983,1,0.8,R,2.1
3,3,0.3736374,0,0.5,R,0.9
3,3,0.4919371,0,0.6,R,1.1
3,3,0.3485742,1,0.6,R,2.1
3,3,0.4018004,0,0.2,R,2.1
3,3,0.3816745,0,0.3,R,1.8
3,3,0.2529331,0,0.2,R,1.1
3,3,0.4647522,1,0.8,R,1.8
3,3,0.3164738,0,0.2,R,1.4
3,3,0.3490258,1,0.6,R,0.9
3,3,0.5765986,0,0.4,R,1.9
3,3,0.2970285,1,0.8,R,1.3
3,3,0.3446327,1,0.5,R,1.3
3,3,0.548985,0,0.4,R,1.8
3,3,0.4088255,0,0.5,R,1.8
3,3,0.2851666,0,0.3,R,1.6
3,3,0.3899644,1,0.7,R,1.8
3,3,0.4131152,1,0.8,R,1.1
3,3,0.2448333,0,0.5,R,1.6
3,3,0.3207558,0,0.2,R,2.3
3,3,0.3648039,1,0.7,R,1.1
3,3,0.2938129,0,0.5,R,2.1
3,3,0.336971,0,0.3,R,1.1
3,3,0.4480099,0,0.6,R,1.6
3,3,0.4647473,0,0.5,R,1.3
2,4,0.496157,1,0.6,R,0.9
2,4,0.7640119,1,0.7,R,2.1
2,4,0.3734389,1,0.7,R,1.6
2,4,0.318288,0,0.2,R,2.1
2,4,0.2854456,0,0.3,R,1.4
2,4,0.657223,1,0.7,R,1.3
2,4,0.2732452,1,0.6,R,2.3
2,4,0.2493195,1,0.8,R,2.1
2,4,0.5009511,1,0.6,R,2.1
2,4,0.7923718,0,0.5,R,2.3
2,4,0.5530591,0,0.3,R,2.1
2,4,0.5253288,0,0.3,R,0.9
2,4,0.4123617,1,0.6,R,0.9
2,4,0.4894362,1,0.5,R,1.4
2,4,0.3405807,1,0.7,R,1.3
2,4,0.4682948,0,0.3,R,2.3
2,4,1.7422439,1,0.5,R,1.9
2,4,0.5895041,1,0.5,R,1.6
2,4,0.5356426,1,0.7,R,1.1
2,4,0.6094165,0,0.4,R,1.1
2,4,0.6758162,1,0.7,R,1.4
2,4,0.4328372,1,0.5,R,1.1
2,4,0.8680573,1,0.6,R,1.8
2,4,0.6699306,0,0.6,R,1.4
2,4,0.513465,0,0.4,R,1.3
2,4,1.9914191,1,0.8,R,1.9
2,4,1.0733852,0,0.2,R,1.1
2,4,0.6316135,0,0.4,R,1.4
2,4,1.1252625,0,0.2,R,1.6
2,4,0.3853602,1,0.8,R,1.8
2,4,1.0258874,0,0.4,R,1.8
2,4,0.5183153,0,0.2,R,2.1
2,4,0.6380697,0,0.5,R,0.9
2,4,0.7663074,0,0.3,R,0.9
2,4,0.4172015,0,0.4,R,2.3
2,4,0.385126,1,0.8,R,1.9
2,4,0.4611354,0,0.4,R,1.9
2,4,0.4694329,0,0.2,R,1.4
2,4,0.4056312,0,0.2,R,2.3
2,4,0.3053444,0,0.4,R,1.1
2,4,0.3334172,0,0.3,R,2.1
2,4,0.3532082,1,0.8,R,2.3
2,4,0.836428,1,0.7,R,2.1
2,4,0.4811049,0,0.2,R,1.6
2,4,0.3292851,1,0.8,R,0.9
2,4,0.4573819,0,0.2,R,2.1
2,4,0.2893327,1,0.6,R,1.9
2,4,0.3850849,0,0.2,R,1.6
2,4,0.3215281,1,0.8,R,1.4
2,4,0.3092433,1,0.8,R,2.3
2,4,2.0725706,0,0.6,R,0.9
2,4,0.281183,1,0.8,R,1.4
2,4,1.0380551,0,0.8,R,0.9
2,4,0.6721537,0,0.7,R,1.3
2,4,0.521411,0,0.2,R,1.1
2,4,0.5120211,0,0.2,R,2.1
2,4,0.4292908,0,0.5,R,1.9
2,4,0.2332351,1,0.8,R,1.8
2,4,0.6902331,0,0.5,R,1.4
2,4,0.3481698,0,0.4,R,2.3
2,4,0.3202984,1,0.8,R,1.1
2,4,0.5241765,0,0.7,R,1.9
2,4,0.5053093,0,0.4,R,1.4
2,4,0.3204314,0,0.3,R,1.4
2,4,0.3292486,0,0.3,R,1.1
2,4,0.338155,1,0.8,R,1.3
2,4,0.5052775,1,0.8,R,1.3
2,4,0.6442143,0,0.6,R,2.1
2,4,0.3213162,0,0.3,R,1.4
2,4,0.8492058,0,0.7,R,1.8
2,4,0.3974572,0,0.4,R,1.9
2,4,0.3613561,0,0.2,R,1.6
4,1,0.4427619,1,0.7,R,2.1
4,1,0.5113679,0,0.2,R,2.3
4,1,0.5280053,0,0.3,R,2.1
4,1,0.3020546,1,0.7,R,1.9
4,1,0.3342392,1,0.8,R,1.1
4,1,0.5305491,1,0.7,R,1.1
4,1,0.3610586,1,0.8,R,1.3
4,1,0.5524581,0,0.4,R,1.3
4,1,0.3569558,1,0.7,R,1.9
4,1,0.2778852,1,0.7,R,1.3
4,1,0.4772969,0,0.5,R,0.9
4,1,0.3120608,1,0.7,R,1.8
4,1,0.3138693,1,0.6,R,0.9
4,1,0.4502417,0,0.4,R,1.6
4,1,0.3286257,1,0.7,R,2.3
4,1,0.737445,0,0.2,R,1.8
4,1,0.3768733,1,0.7,R,1.8
4,1,0.396881,1,0.8,R,1.3
4,1,0.2890877,1,0.8,R,1.1
4,1,0.379922,1,0.7,R,1.1
4,1,0.5979973,1,0.7,R,1.8
4,1,0.4296984,1,0.6,R,2.1
4,1,0.4916083,1,0.7,R,1.8
4,1,0.3178197,1,0.8,R,1.6
4,1,0.6131376,0,0.5,R,1.1
4,1,0.3720969,1,0.8,R,1.8
4,1,0.6190958,1,0.4,R,1.4
4,1,0.4010414,1,0.7,R,2.1
4,1,0.6651814,0,0.3,R,1.9
4,1,0.4689986,1,0.8,R,1.6
4,1,0.4498737,1,0.7,R,1.8
4,1,0.356524,1,0.8,R,1.1
4,1,0.5289505,0,0.2,R,1.1
4,1,0.4360893,0,0.5,R,2.1
4,1,0.7055426,0,0.6,R,0.9
4,1,0.5420506,0,0.3,R,1.9
4,1,0.4679085,1,0.7,R,1.6
4,1,0.6609706,0,0.2,R,2.3
4,1,0.5610844,0,0.2,R,1.8
4,1,0.460998,0,0.2,R,1.6
4,1,0.3187743,1,0.5,R,1.8
4,1,0.4010657,0,0.4,R,2.3
4,1,0.349168,1,0.7,R,1.4
4,1,0.3531018,1,0.6,R,1.4
4,1,0.4090006,1,0.5,R,1.9
4,1,0.4396717,1,0.5,R,1.3
4,1,0.5655667,0,0.7,R,1.9
4,1,0.5929473,0,0.2,R,1.3
4,1,0.3809252,0,0.3,R,1.4
4,1,0.4610108,1,0.5,R,1.3
4,1,0.5250369,0,0.2,R,1.3
4,1,0.4098086,0,0.4,R,1.3
4,1,0.3209051,1,0.8,R,0.9
4,1,0.8690109,1,0.5,R,0.9
4,1,0.4730113,0,0.2,R,0.9
4,1,0.6174195,0,0.8,R,1.9
4,1,0.4407448,1,0.8,R,1.1
4,1,0.3303128,1,0.8,R,1.1
4,1,0.3780685,1,0.8,R,0.9
4,1,0.3730333,1,0.6,R,1.9
4,1,0.4328505,1,0.8,R,1.1
4,1,0.5450137,1,0.4,R,1.4
4,1,0.4261303,0,0.3,R,0.9
4,1,0.4210547,0,0.5,R,1.9
4,1,0.356745,1,0.5,R,1.4
4,1,0.2811211,1,0.7,R,1.6
4,1,0.5769031,0,0.7,R,1.3
4,1,0.4567742,0,0.3,R,1.1
4,1,0.4399573,1,0.6,R,1.8
4,1,0.3933423,1,0.7,R,1.6
4,1,0.2248239,1,0.8,R,0.9
4,1,0.3570597,1,0.5,R,1.1
4,1,0.3608614,1,0.7,R,1.8
4,1,0.5227109,1,0.3,R,1.9
4,1,0.3337621,1,0.7,R,1.1
4,2,0.2969718,1,0.8,R,1.3
4,2,0.3607422,1,0.6,R,2.1
4,2,0.2818478,1,0.8,R,1.9
4,2,0.4210909,0,0.4,R,2.1
4,2,0.6010197,0,0.5,R,2.3
4,2,0.3488838,1,0.4,R,1.3
4,2,0.3220624,1,0.5,R,1.1
4,2,0.4003569,1,0.6,R,1.6
4,2,0.3446122,1,0.8,R,1.8
4,2,0.3289997,1,0.6,R,1.4
4,2,0.4168883,0,0.3,R,1.3
4,2,0.8410659,1,0.6,R,1.1
4,2,0.4638525,0,0.3,R,1.9
4,2,0.3340906,1,0.8,R,1.8
4,2,0.4861071,0,0.4,R,1.1
4,2,0.4174214,1,0.2,R,1.8
4,2,0.3370772,1,0.8,R,1.4
4,2,0.4566851,0,0.2,R,1.3
4,2,0.481122,0,0.6,R,1.6
4,2,0.4408822,0,0.5,R,1.3
4,2,0.4086902,0,0.5,R,1.3
4,2,0.4130251,1,0.6,R,1.4
4,2,0.6648087,0,0.3,R,1.8
4,2,0.4732668,0,0.7,R,1.4
4,2,0.3288999,1,0.7,R,1.8
4,2,0.3020292,1,0.8,R,2.1
4,2,0.2807782,1,0.7,R,2.1
4,2,0.4691202,0,0.4,R,1.9
4,2,0.4700429,1,0.5,R,2.1
4,2,0.3649395,1,0.6,R,1.4
4,2,0.518458,0,0.2,R,1.6
4,2,0.512953,0,0.4,R,0.9
4,2,0.4889819,0,0.2,R,2.3
4,2,0.4570608,1,0.4,R,1.9
4,2,0.4063404,1,0.3,R,1.6
4,2,0.4291383,0,0.2,R,2.3
4,2,0.4528474,1,0.5,R,1.4
4,2,0.4298957,1,0.7,R,1.4
4,2,0.5639056,0,0.4,R,1.6
4,2,0.312696,1,0.6,R,1.3
4,2,0.3608325,1,0.8,R,1.1
4,2,0.6248969,0,0.4,R,1.1
4,2,0.5338303,0,0.7,R,2.1
4,2,0.5279206,0,0.2,R,1.8
4,2,0.3897668,0,0.4,R,1.9
4,2,0.5171485,1,0.7,R,2.3
4,2,0.4525636,1,0.5,R,1.4
4,2,0.6409888,0,0.5,R,0.9
4,2,0.4212654,1,0.6,R,1.1
4,2,0.3119557,1,0.6,R,2.1
4,2,0.3410946,1,0.7,R,2.1
4,2,0.5289647,0,0.2,R,1.6
4,2,0.4689661,0,0.2,R,1.6
4,2,0.3768433,1,0.6,R,2.3
4,2,0.9007196,0,0.3,R,2.3
4,2,0.5921233,0,0.5,R,2.1
4,2,0.6807998,0,0.4,R,1.8
4,2,0.3892001,0,0.2,R,1.4
4,2,0.3569466,0,0.4,R,1.9
4,2,0.4005812,0,0.4,R,2.3
4,2,0.4890658,0,0.6,R,1.3
4,2,0.4890241,0,0.6,R,2.1
4,2,0.4126007,1,0.7,R,1.9
4,2,0.3851193,0,0.2,R,2.1
4,2,0.3846399,0,0.2,R,1.9
4,2,0.4533933,0,0.3,R,1.6
4,2,0.5208402,0,0.3,R,1.8
4,2,0.5518225,0,0.6,R,1.6
4,2,0.3168142,1,0.8,R,1.3
4,2,0.3530362,1,0.8,R,1.9
4,2,0.4096271,0,0.6,R,0.9
4,2,0.3689713,1,0.8,R,1.6
4,2,0.4690216,0,0.2,R,2.1
4,2,0.5808112,1,0.5,R,1.8
4,3,0.8674114,0,0.3,R,1.3
4,3,0.3346589,1,0.8,R,1.6
4,3,0.5069317,0,0.5,R,1.4
4,3,0.2869355,1,0.8,R,2.3
4,3,0.3571582,1,0.5,R,2.3
4,3,0.3735967,1,0.3,R,1.4
4,3,0.3569343,1,0.3,R,1.8
4,3,0.5418259,0,0.4,R,1.3
4,3,0.4199344,0,0.3,R,2.3
4,3,0.4009238,1,0.6,R,0.9
4,3,0.3689339,0,0.4,R,1.3
4,3,0.4627679,0,0.5,R,0.9
4,3,0.3407701,1,0.7,R,1.4
4,3,0.4242457,0,0.3,R,1.4
4,3,0.6768025,1,0.7,R,1.6
4,3,0.3969883,1,0.8,R,2.1
4,3,0.5573708,0,0.5,R,2.1
4,3,0.4208242,1,0.6,R,1.4
4,3,0.4690338,1,0.6,R,2.1
4,3,0.4601167,0,0.5,R,1.9
4,3,0.547856,0,0.2,R,1.1
4,3,0.3412488,0,0.7,R,2.1
4,3,0.4658032,0,0.2,R,0.9
4,3,0.5309734,0,0.2,R,1.4
4,3,0.3250258,1,0.8,R,2.3
4,3,0.4327253,0,0.4,R,0.9
4,3,0.4178145,0,0.2,R,1.4
4,3,0.386014,0,0.3,R,1.3
4,3,0.4691275,1,0.7,R,2.1
4,3,0.4649414,0,0.5,R,0.9
4,3,0.3449641,1,0.7,R,1.8
4,3,0.5289156,0,0.6,R,0.9
4,3,0.336749,0,0.5,R,2.1
4,3,0.4529146,1,0.6,R,2.1
4,3,0.6219767,0,0.5,R,2.1
4,3,0.3493069,0,0.6,R,1.4
4,3,0.3897372,0,0.2,R,1.4
4,3,0.3099668,1,0.6,R,1.1
4,3,0.5689805,0,0.4,R,1.6
4,3,0.3328811,0,0.6,R,1.9
4,3,0.3333044,0,0.3,R,1.6
4,3,0.3169736,0,0.2,R,1.8
4,3,0.4568789,0,0.5,R,1.3
4,3,0.6927292,0,0.5,R,1.3
4,3,0.4477939,0,0.3,R,1.3
4,3,0.8368447,0,0.4,R,1.9
4,3,0.4527668,1,0.5,R,2.1
4,3,0.3291493,0,0.2,R,1.4
4,3,0.3418904,1,0.6,R,1.8
4,3,0.4330598,0,0.7,R,0.9
4,3,0.4088386,0,0.2,R,1.3
4,3,0.301105,0,0.5,R,0.9
4,3,0.4847425,0,0.4,R,1.1
4,3,0.3371315,1,0.8,R,1.6
4,3,0.3242986,0,0.3,R,1.4
4,3,0.4786782,0,0.3,R,1.8
4,3,0.5086798,1,0.6,R,1.9
4,3,0.4365832,0,0.5,R,1.8
4,3,0.326334,1,0.5,R,1.9
4,3,0.3839234,1,0.5,R,1.9
4,3,0.3331299,1,0.8,R,2.1
4,3,0.4808949,0,0.2,R,1.3
4,3,0.3212218,0,0.6,R,1.4
4,3,0.4165852,0,0.7,R,0.9
4,3,0.4011501,0,0.8,R,1.8
4,3,0.3250285,0,0.3,R,1.3
4,3,0.3176911,0,0.5,R,1.4
4,3,0.4449629,0,0.5,R,1.3
4,3,0.4770069,0,0.3,R,0.9
4,4,0.2737877,1,0.8,R,1.8
4,4,0.4415418,0,0.4,R,1.9
4,4,0.3059324,0,0.4,R,0.9
4,4,0.288713,1,0.8,R,1.3
4,4,0.3821484,1,0.3,R,1.4
4,4,0.9496809,0,0.4,R,2.1
4,4,0.4166309,1,0.6,R,1.6
4,4,0.3129289,1,0.8,R,2.1
4,4,0.3332707,1,0.4,R,2.3
4,4,0.4358,0,0.3,R,0.9
4,4,0.341462,1,0.7,R,1.3
4,4,0.3048185,1,0.6,R,1.1
4,4,0.3526027,1,0.8,R,1.3
4,4,0.4006918,1,0.6,R,1.3
4,4,0.3124196,1,0.8,R,1.3
4,4,0.4767698,0,0.3,R,1.3
4,4,0.3209812,1,0.8,R,1.1
4,4,0.3445993,1,0.8,R,2.1
4,4,0.4659742,0,0.4,R,2.1
4,4,0.4407436,0,0.2,R,1.3
4,4,0.4207958,0,0.7,R,1.1
4,4,0.4047095,0,0.2,R,1.6
4,4,0.5447299,0,0.4,R,2.3
4,4,0.5127849,0,0.6,R,1.9
4,4,0.3889664,0,0.3,R,0.9
4,4,0.388484,0,0.5,R,2.1
4,4,0.3769621,0,0.3,R,2.3
4,4,0.528869,1,0.5,R,2.1
4,4,0.5087511,1,0.4,R,2.1
4,4,0.3059802,1,0.8,R,1.3
4,4,0.5856608,0,0.2,R,1.6
4,4,0.8009104,0,0.5,R,2.1
4,4,0.5019544,0,0.4,R,1.4
4,4,0.4168101,0,0.2,R,2.3
4,4,0.3932472,0,0.7,R,1.6
4,4,0.360777,0,0.3,R,1.6
4,4,0.4006946,0,0.3,R,1.6
4,4,0.3652868,0,0.8,R,1.4
4,4,0.3498,1,0.4,R,2.1
4,4,0.3491456,0,0.3,R,2.1
4,4,0.3085172,0,0.5,R,1.6
4,4,0.3030338,0,0.3,R,2.3
4,4,0.3937643,0,0.2,R,1.4
4,4,0.4569626,1,0.4,R,1.3
4,4,0.3720707,0,0.3,R,2.1
4,4,0.6207564,0,0.5,R,1.3
4,4,0.3696356,0,0.3,R,1.6
4,4,0.3717056,1,0.8,R,1.3
4,4,0.4246765,1,0.8,R,1.8
4,4,0.4369011,1,0.7,R,1.8
4,4,0.3277868,0,0.5,R,1.3
4,4,0.3251678,0,0.4,R,2.3
4,4,0.3727806,0,0.2,R,1.1
4,4,0.2934118,0,0.3,R,1.4
4,4,0.2929355,0,0.3,R,1.3
4,4,0.3367971,0,0.2,R,1.1
4,4,0.2977253,0,0.2,R,1.9
4,4,0.5768222,0,0.3,R,0.9
4,4,0.3168173,0,0.5,R,1.4
4,4,0.6728405,1,0.5,R,1.1
4,4,0.3928634,0,0.2,R,1.3
4,4,0.2959852,1,0.8,R,0.9
4,4,0.6886217,0,0.4,R,1.3
4,4,0.3766563,0,0.2,R,2.1
5,1,0.3398202,0,0.4,R,1.9
5,1,0.4988662,1,0.6,R,1.4
5,1,0.4068353,0,0.5,R,0.9
5,1,0.9499747,1,0.8,R,1.4
5,1,0.4916823,0,0.7,R,1.8
5,1,0.3706971,0,0.3,R,0.9
5,1,0.459761,0,0.3,R,1.6
5,1,0.2677663,1,0.8,R,1.3
5,1,0.3704515,0,0.5,R,1.4
5,1,0.4605766,0,0.6,R,1.4
5,1,0.2575596,1,0.8,R,1.9
5,1,0.4604516,0,0.2,R,2.3
5,1,0.3596622,1,0.8,R,2.3
5,1,0.4997327,0,0.5,R,1.3
5,1,0.3710647,0,0.2,R,1.1
5,1,0.4806553,0,0.4,R,1.3
5,1,0.354844,0,0.5,R,1.4
5,1,0.3932527,0,0.4,R,1.8
5,1,0.3746154,1,0.7,R,2.1
5,1,0.3717485,0,0.4,R,1.3
5,1,0.3861448,0,0.4,R,1.3
5,1,0.2826067,1,0.7,R,1.9
5,1,0.3994236,0,0.2,R,2.3
5,1,0.3534898,0,0.2,R,1.4
5,1,0.3285368,1,0.6,R,1.9
5,1,0.3321264,0,0.3,R,1.1
5,1,0.408481,0,0.2,R,1.6
5,1,0.2802798,1,0.8,R,1.1
5,1,0.2563243,0,0.4,R,0.9
5,1,0.2921937,0,0.3,R,2.1
5,1,0.6341926,0,0.4,R,2.3
5,1,0.6176586,0,0.7,R,1.6
5,1,0.5344987,1,0.7,R,1.3
5,1,0.9716266,1,0.5,R,1.3
5,1,0.379771,0,0.5,R,2.3
5,1,0.6402995,1,0.7,R,1.9
5,1,0.5731103,0,0.5,R,1.1
5,1,0.4483037,0,0.3,R,1.3
5,1,0.4012288,0,0.6,R,2.3
5,1,0.3276175,0,0.6,R,1.6
5,1,0.8254672,0,0.7,R,1.9
5,1,0.2522752,0,0.3,R,0.9
5,1,0.538021,0,0.4,R,1.8
5,1,0.2772926,0,0.4,R,2.3
5,1,0.3922242,0,0.4,R,1.1
5,1,0.2203089,0,0.5,R,1.9
5,1,0.480355,0,0.3,R,1.4
5,1,0.5783876,1,0.5,R,1.9
5,1,0.3693263,0,0.4,R,1.8
5,1,0.2772943,0,0.5,R,2.1
5,1,0.5206667,0,0.6,R,1.1
5,1,0.3742053,0,0.2,R,2.3
5,1,0.457316,0,0.6,R,1.4
5,1,0.8291965,0,0.4,R,1.8
5,1,0.3362188,0,0.2,R,1.1
5,1,0.5851285,0,0.4,R,0.9
5,1,0.4693814,0,0.5,R,1.9
5,1,0.2249699,1,0.7,R,1.8
5,1,0.4421553,0,0.5,R,1.1
5,1,0.9923982,0,0.5,R,1.8
5,1,0.4083947,0,0.2,R,1.3
5,1,0.3315366,0,0.2,R,1.6
5,1,0.4729235,0,0.6,R,2.1
5,1,0.1943027,1,0.6,R,1.3
5,1,0.3204136,0,0.2,R,1.6
5,1,0.2611561,1,0.8,R,2.3
5,1,0.5610816,0,0.6,R,1.4
5,1,0.2495184,0,0.4,R,0.9
5,1,0.4815883,0,0.8,R,1.6
5,1,0.238179,0,0.4,R,1.6
5,1,0.3849062,1,0.8,R,1.4
5,1,0.5895007,0,0.4,R,2.1
5,1,0.317587,0,0.2,R,1.1
5,1,0.265422,0,0.2,R,2.3
5,1,0.2501979,1,0.6,R,1.4
5,1,0.2527577,0,0.3,R,0.9
5,1,0.3332578,1,0.7,R,1.6
5,1,0.6643638,0,0.7,R,2.3
5,1,0.7172985,1,0.5,R,1.3
5,1,0.3448341,0,0.5,R,1.4
5,1,0.3611063,0,0.2,R,1.8
5,1,0.3454262,0,0.3,R,2.1
5,2,0.3717963,0,0.2,R,0.9
5,2,0.5361296,0,0.2,R,1.4
5,2,0.424514,0,0.2,R,1.4
5,2,0.231965,1,0.7,R,1.3
5,2,0.6768712,1,0.5,R,2.3
5,2,0.2293766,1,0.7,R,1.3
5,2,0.5803462,1,0.6,R,2.3
5,2,0.2492227,1,0.8,R,1.8
5,2,0.2491495,0,0.5,R,0.9
5,2,0.2282975,0,0.4,R,0.9
5,2,0.3238866,0,0.7,R,1.8
5,2,0.2563541,0,0.4,R,1.1
5,2,0.5044013,0,0.6,R,2.3
5,2,0.6014992,1,0.8,R,1.1
5,2,0.3163367,1,0.7,R,1.1
5,2,0.2761839,0,0.5,R,1.4
5,2,0.5122837,0,0.3,R,1.8
5,2,0.2570112,0,0.5,R,1.9
5,2,0.5409306,0,0.3,R,1.9
5,2,0.3284604,1,0.8,R,2.1
5,2,0.5612603,0,0.7,R,1.8
5,2,0.3482479,1,0.8,R,1.1
5,2,0.9010122,1,0.6,R,1.8
5,2,0.6611059,1,0.8,R,1.4
5,2,0.4971726,0,0.6,R,0.9
5,2,0.3254314,0,0.3,R,1.9
5,2,0.2291317,1,0.7,R,1.6
5,2,1.0699744,0,0.2,R,2.3
5,2,1.1602459,1,0.6,R,1.6
5,2,0.3820882,0,0.2,R,1.6
5,2,0.3414743,0,0.2,R,1.6
5,2,0.624856,0,0.5,R,1.8
5,2,0.4202366,1,0.7,R,1.4
5,2,0.438161,1,0.7,R,1.4
5,2,0.2536875,1,0.6,R,2.1
5,2,0.4981953,1,0.6,R,1.4
5,2,0.2342682,1,0.8,R,1.1
5,2,0.6051771,1,0.7,R,1.3
5,2,0.484024,0,0.4,R,1.9
5,2,0.2404626,1,0.6,R,1.9
5,2,0.2454204,1,0.7,R,1.3
5,2,0.3044059,1,0.7,R,1.9
5,2,0.5733961,1,0.6,R,2.1
5,2,0.3295579,0,0.2,R,0.9
5,2,0.2483834,1,0.6,R,1.3
5,2,0.2821242,1,0.6,R,1.3
5,2,0.2406316,1,0.8,R,1.9
5,2,0.2642521,1,0.6,R,1.8
5,2,0.2953359,0,0.6,R,0.9
5,2,0.2721134,0,0.2,R,1.9
5,2,0.3221507,0,0.2,R,1.8
5,2,0.2242655,1,0.8,R,1.1
5,2,0.7374177,0,0.4,R,0.9
5,2,0.3130215,0,0.2,R,1.4
5,2,0.6321686,0,0.6,R,1.4
5,2,0.3064117,1,0.5,R,1.9
5,2,0.2121128,1,0.6,R,1.6
5,2,0.3014897,1,0.4,R,1.9
5,2,0.3773768,0,0.2,R,1.6
5,2,0.296915,1,0.7,R,1.6
5,2,0.2368372,1,0.7,R,1.8
5,2,0.1812449,1,0.6,R,2.1
5,2,0.2773498,1,0.5,R,1.3
5,2,0.4837791,0,0.4,R,1.8
5,2,0.3114847,1,0.8,R,0.9
5,2,0.2204022,1,0.7,R,0.9
5,2,0.4767571,0,0.5,R,1.3
5,2,0.5043571,0,0.3,R,1.1
5,2,1.2688987,1,0.3,R,1.6
5,2,0.3085595,0,0.2,R,1.3
5,2,0.2454012,1,0.7,R,1.8
5,2,0.9787789,1,0.4,R,1.8
5,2,0.3168448,0,0.4,R,0.9
5,3,0.4748063,0,0.4,R,1.6
5,3,0.2832482,1,0.6,R,1.4
5,3,0.163593,1,0.8,R,1.6
5,3,0.2242545,1,0.5,R,2.1
5,3,0.2200469,1,0.8,R,1.1
5,3,0.2162661,1,0.8,R,1.6
5,3,0.3012683,0,0.5,R,1.4
5,3,0.5282808,0,0.5,R,1.6
5,3,0.2613982,1,0.6,R,1.9
5,3,0.3771891,0,0.2,R,0.9
5,3,0.2603893,1,0.8,R,1.4
5,3,0.4482534,0,0.2,R,1.8
5,3,0.3734672,0,0.3,R,1.4
5,3,0.3492062,0,0.2,R,1.6
5,3,0.2329105,1,0.7,R,1.6
5,3,0.3600467,0,0.2,R,1.8
5,3,0.4844595,0,0.3,R,0.9
5,3,0.3294117,0,0.3,R,2.3
5,3,0.2820468,0,0.3,R,2.1
5,3,0.2693098,0,0.3,R,2.3
5,3,0.3930586,0,0.4,R,2.1
5,3,0.2175041,1,0.7,R,1.8
5,3,0.4772963,0,0.5,R,1.3
5,3,0.6081613,1,0.5,R,1.1
5,3,0.2852772,1,0.5,R,2.1
5,3,0.7522844,1,0.5,R,2.3
5,3,0.3177401,0,0.3,R,1.6
5,3,0.2210488,1,0.8,R,1.4
5,3,0.3057079,1,0.7,R,1.3
5,3,0.3201579,0,0.2,R,1.9
5,3,0.3288055,0,0.2,R,0.9
5,3,0.2454559,1,0.7,R,0.9
5,3,0.2422543,1,0.6,R,1.4
5,3,0.224234,1,0.6,R,2.3
5,3,0.3731688,0,0.2,R,1.6
5,3,0.3564498,0,0.4,R,2.3
5,3,0.2934305,0,0.4,R,0.9
5,3,0.3362939,1,0.8,R,1.6
5,3,0.2362963,1,0.8,R,1.1
5,3,0.7428467,1,0.5,R,1.8
5,3,0.2974191,1,0.8,R,2.1
5,3,0.457819,1,0.6,R,1.1
5,3,0.2243581,1,0.8,R,1.6
5,3,0.313494,0,0.3,R,1.9
5,3,0.2859426,0,0.4,R,1.9
5,3,0.5533504,0,0.5,R,1.1
5,3,0.2374543,1,0.7,R,1.8
5,3,0.2291625,1,0.6,R,1.8
5,3,0.3089493,0,0.2,R,0.9
5,3,1.4884017,0,0.4,R,1.8
5,3,1.140781,0,0.6,R,2.1
5,3,0.2649689,1,0.6,R,2.1
5,3,0.541965,0,0.4,R,1.3
5,3,0.5217142,1,0.8,R,1.6
5,3,0.5889786,0,0.5,R,1.8
5,3,0.432992,0,0.5,R,1.9
5,3,0.2820824,0,0.4,R,0.9
5,3,0.2330228,1,0.8,R,1.9
5,3,0.3730071,0,0.3,R,2.1
5,3,0.2463259,1,0.7,R,1.6
5,3,0.5731529,1,0.5,R,1.3
5,3,0.3164076,1,0.6,R,0.9
5,3,0.2775522,0,0.3,R,1.9
5,3,0.3175016,0,0.3,R,0.9
5,3,0.3363131,0,0.2,R,1.9
5,3,0.5723048,0,0.3,R,1.3
5,3,0.2965547,0,0.4,R,1.9
5,3,0.2613572,1,0.7,R,1.9
5,3,0.6961035,1,0.5,R,1.8
5,4,0.4410935,0,0.3,R,1.3
5,4,0.2507965,1,0.7,R,1.1
5,4,0.3679011,1,0.5,R,1.8
5,4,0.263559,1,0.8,R,1.6
5,4,0.267047,1,0.7,R,1.6
5,4,0.4464769,1,0.7,R,1.8
5,4,0.4471592,0,0.4,R,1.6
5,4,0.4874227,0,0.4,R,1.9
5,4,0.4908891,0,0.3,R,1.1
5,4,0.3278116,1,0.6,R,2.3
5,4,0.4159207,0,0.2,R,0.9
5,4,0.2835851,1,0.7,R,2.3
5,4,0.2730794,1,0.8,R,1.8
5,4,0.266968,0,0.3,R,0.9
5,4,0.2740169,0,0.3,R,0.9
5,4,0.267264,1,0.7,R,1.4
5,4,0.2694081,1,0.8,R,0.9
5,4,0.2843856,1,0.7,R,2.3
5,4,0.6775255,1,0.5,R,0.9
5,4,0.196298,1,0.8,R,1.1
5,4,0.2171944,1,0.8,R,0.9
5,4,0.4019546,0,0.2,R,0.9
5,4,0.2413488,1,0.8,R,1.6
5,4,0.2795459,1,0.6,R,1.9
5,4,0.3447219,0,0.4,R,1.8
5,4,0.4169736,0,0.2,R,2.3
5,4,0.2654206,1,0.8,R,2.1
5,4,0.2300449,1,0.7,R,0.9
5,4,0.4524861,0,0.5,R,2.3
5,4,0.2750558,0,0.4,R,1.8
5,4,0.3693427,0,0.4,R,1.8
5,4,0.2375206,1,0.8,R,1.8
5,4,0.4172754,0,0.3,R,1.4
5,4,0.2736585,1,0.7,R,1.3
5,4,0.3370953,0,0.2,R,1.4
5,4,0.225375,1,0.7,R,1.4
5,4,0.4694559,0,0.6,R,0.9
5,4,0.2334108,1,0.8,R,1.3
5,4,0.2322395,1,0.8,R,1.9
5,4,0.256725,1,0.6,R,1.8
5,4,0.3680671,0,0.4,R,2.3
5,4,0.3374502,0,0.2,R,2.1
5,4,0.3302395,0,0.2,R,1.3
5,4,0.3053374,0,0.3,R,1.6
5,4,0.2774883,1,0.5,R,2.1
5,4,0.2294658,1,0.7,R,2.3
5,4,0.2645346,1,0.6,R,1.1
5,4,0.3396929,0,0.2,R,1.6
5,4,0.3722704,0,0.2,R,2.1
5,4,0.1930518,1,0.8,R,1.4
5,4,0.3882552,0,0.2,R,1.1
5,4,0.2404046,1,0.8,R,1.6
5,4,0.4493793,0,0.3,R,2.3
5,4,0.2923401,1,0.7,R,1.8
5,4,0.4784604,0,0.4,R,1.6
5,4,0.2212337,1,0.8,R,2.3
5,4,0.193467,1,0.6,R,2.1
5,4,0.2402432,1,0.8,R,1.4
5,4,0.3934905,0,0.3,R,2.3
5,4,0.225326,1,0.7,R,1.4
5,4,0.1662953,1,0.8,R,0.9
5,4,0.4094925,0,0.2,R,1.9
5,4,0.3661291,0,0.2,R,1.9
5,4,0.392455,0,0.4,R,2.3
5,4,0.7279153,1,0.7,R,1.9
5,4,0.2282431,1,0.7,R,1.1
5,4,0.5404265,0,0.5,R,2.3
5,4,0.1761158,1,0.7,R,2.1
5,4,0.2724523,1,0.6,R,1.1
5,4,0.4253907,0,0.2,R,1.3
5,4,0.493275,0,0.3,R,2.3
5,4,0.5454465,0,0.3,R,1.9
5,4,0.2207835,1,0.7,R,1.4
6,1,0.3311153,0,0.2,R,1.6
6,1,0.4590227,0,0.4,R,2.3
6,1,0.4231161,0,0.2,R,1.1
6,1,0.2905166,1,0.5,R,1.3
6,1,0.2176049,1,0.6,R,1.1
6,1,0.3638772,0,0.3,R,2.3
6,1,0.1973239,1,0.7,R,0.9
6,1,0.3348909,0,0.2,R,1.4
6,1,0.3350746,1,0.5,R,1.8
6,1,0.3159453,0,0.3,R,1.3
6,1,0.2418031,1,0.7,R,1.6
6,1,0.3188735,0,0.3,R,1.3
6,1,0.4233717,0,0.4,R,1.1
6,1,0.2953791,0,0.3,R,1.1
6,1,0.3031973,1,0.6,R,2.1
6,1,0.1815429,1,0.7,R,1.3
6,1,0.3206088,0,0.2,R,1.1
6,1,0.1994641,1,0.7,R,1.4
6,1,0.220622,1,0.6,R,1.8
6,1,0.7158834,1,0.8,R,2.3
6,1,0.2644598,1,0.8,R,1.4
6,1,0.257443,1,0.6,R,1.3
6,1,0.377302,0,0.2,R,1.6
6,1,0.3019675,1,0.5,R,1.4
6,1,0.3843942,0,0.2,R,2.3
6,1,0.3282232,1,0.7,R,2.1
6,1,0.341455,0,0.3,R,1.4
6,1,0.4652576,0,0.5,R,1.4
6,1,0.525428,0,0.3,R,1.9
6,1,0.3893184,0,0.3,R,1.6
6,1,0.3163464,0,0.2,R,0.9
6,1,0.3644316,0,0.4,R,1.3
6,1,0.5382139,1,0.6,R,2.1
6,1,0.3614477,0,0.2,R,1.4
6,1,0.1975529,1,0.8,R,2.1
6,1,0.3054994,0,0.2,R,2.3
6,1,0.3534816,0,0.2,R,1.4
6,1,0.3853721,1,0.6,R,1.1
6,1,0.3333179,0,0.3,R,1.3
6,1,0.3091317,0,0.2,R,0.9
6,1,0.2003756,1,0.8,R,1.1
6,1,0.3894249,0,0.3,R,2.1
6,1,0.4724897,0,0.4,R,2.3
6,1,0.3774723,1,0.6,R,1.1
6,1,0.5656525,0,0.5,R,2.3
6,1,0.1386319,1,0.8,R,1.9
6,1,0.2131474,1,0.8,R,1.6
6,1,0.2261384,1,0.7,R,1.8
6,1,0.1335954,1,0.8,R,0.9
6,1,0.3655038,0,0.3,R,1.8
6,1,0.3722389,1,0.7,R,1.8
6,1,0.3822935,1,0.6,R,1.6
6,1,0.3293781,0,0.3,R,1.4
6,1,0.2775101,0,0.3,R,0.9
6,1,0.2565353,1,0.6,R,1.9
6,1,0.3293593,0,0.4,R,2.1
6,1,0.3932633,0,0.4,R,1.6
6,1,0.3253926,1,0.6,R,1.8
6,1,0.4335413,1,0.5,R,1.1
6,1,0.2615161,1,0.8,R,0.9
6,1,0.4443967,1,0.5,R,1.9
6,1,0.325242,0,0.2,R,1.8
6,1,0.3768999,1,0.6,R,1.4
6,1,0.4252566,0,0.2,R,1.1
6,1,0.1293282,1,0.8,R,1.4
6,1,0.3091261,0,0.4,R,1.9
6,1,0.2133795,1,0.8,R,1.9
6,1,0.4308188,0,0.5,R,1.9
6,1,0.360056,1,0.7,R,1.8
6,2,0.2612592,0,0.2,R,1.1
6,2,0.2534555,1,0.7,R,1.6
6,2,0.3594141,0,0.5,R,1.9
6,2,0.5202828,0,0.4,R,1.8
6,2,0.1972181,1,0.8,R,1.3
6,2,0.2331773,1,0.8,R,1.1
6,2,0.3541461,0,0.4,R,1.1
6,2,0.3410466,0,0.2,R,2.3
6,2,0.7002491,0,0.5,R,1.3
6,2,0.4481296,0,0.5,R,2.1
6,2,0.380288,0,0.2,R,0.9
6,2,0.3413946,0,0.5,R,2.1
6,2,0.2455091,1,0.8,R,2.1
6,2,0.3013646,1,0.7,R,2.1
6,2,0.4014593,0,0.2,R,1.4
6,2,0.3014593,1,0.8,R,1.4
6,2,0.3081515,0,0.2,R,1.4
6,2,0.3602487,0,0.5,R,1.6
6,2,0.2966533,0,0.3,R,1.6
6,2,0.4495993,0,0.4,R,1.1
6,2,0.2583652,1,0.8,R,1.1
6,2,0.3215117,0,0.6,R,1.9
6,2,0.5698151,0,0.8,R,1.8
6,2,0.5534147,0,0.7,R,1.1
6,2,0.3551661,0,0.4,R,1.3
6,2,0.3810544,0,0.3,R,1.3
6,2,0.3491122,0,0.3,R,1.1
6,2,0.3053481,0,0.4,R,1.9
6,2,0.2449753,1,0.7,R,1.9
6,2,0.2610769,1,0.7,R,1.3
6,2,0.4241878,0,0.4,R,1.6
6,2,0.3293151,1,0.7,R,2.3
6,2,0.4062773,0,0.5,R,1.4
6,2,0.2684981,1,0.7,R,1.1
6,2,0.2671892,1,0.7,R,1.8
6,2,0.1981475,1,0.8,R,1.6
6,2,0.3622588,0,0.3,R,1.8
6,2,0.2453061,1,0.8,R,1.1
6,2,0.3242946,0,0.5,R,1.1
6,2,0.3050474,0,0.5,R,1.9
6,2,0.2693784,0,0.4,R,1.4
6,2,0.1973742,1,0.8,R,1.6
6,2,0.3655053,0,0.5,R,2.1
6,2,0.2601501,1,0.6,R,1.8
6,2,0.3576009,1,0.6,R,0.9
6,2,0.3011047,0,0.2,R,1.6
6,2,0.3691606,0,0.4,R,2.3
6,2,0.3054182,1,0.6,R,1.4
6,2,0.2452638,1,0.8,R,1.1
6,2,0.4721405,0,0.5,R,1.3
6,2,0.4681573,1,0.6,R,1.9
6,2,0.6206531,0,0.7,R,1.9
6,2,0.4791379,1,0.6,R,1.9
6,2,0.3813786,0,0.5,R,1.6
6,2,0.5041972,0,0.6,R,1.9
6,2,0.3242019,0,0.5,R,1.8
6,2,0.3533136,0,0.4,R,1.3
6,2,0.6280999,0,0.5,R,0.9
6,2,0.4763114,0,0.4,R,2.3
6,2,0.6777671,0,0.7,R,1.6
6,2,0.3533711,0,0.2,R,1.4
6,2,0.3613864,0,0.3,R,0.9
6,2,0.5162306,0,0.5,R,1.9
6,2,0.3281696,1,0.6,R,1.4
6,2,0.385425,1,0.5,R,1.9
6,2,0.6922229,1,0.6,R,1.6
6,2,0.3134855,0,0.7,R,1.6
6,2,0.2552231,1,0.7,R,1.3
6,2,0.4923972,0,0.7,R,1.4
6,2,0.337187,0,0.4,R,1.3
6,2,0.3448785,0,0.2,R,2.1
6,3,0.8330483,1,0.6,R,1.3
6,3,0.3944327,0,0.4,R,1.8
6,3,0.2771666,1,0.6,R,1.8
6,3,0.2523785,0,0.3,R,1.1
6,3,0.2014537,1,0.8,R,2.1
6,3,1.0344657,0,0.3,R,1.3
6,3,0.1013136,1,0.8,R,2.1
6,3,0.5535566,0,0.2,R,1.6
6,3,0.3012024,1,0.8,R,1.3
6,3,0.2401025,1,0.7,R,1.3
6,3,0.3626166,1,0.4,R,2.3
6,3,0.1859712,1,0.8,R,1.1
6,3,0.5175074,0,0.3,R,1.6
6,3,0.2146766,1,0.8,R,2.1
6,3,0.2412201,1,0.6,R,1.8
6,3,0.3892089,1,0.5,R,1.9
6,3,0.3764851,0,0.3,R,0.9
6,3,0.2163756,1,0.8,R,0.9
6,3,0.1976744,1,0.7,R,2.1
6,3,0.2933792,1,0.5,R,1.6
6,3,0.4325418,0,0.2,R,2.1
6,3,0.2695526,1,0.5,R,2.3
6,3,0.2882763,1,0.5,R,1.3
6,3,0.3322444,1,0.4,R,1.9
6,3,0.3841979,0,0.4,R,1.8
6,3,0.1889954,1,0.7,R,0.9
6,3,0.1928125,1,0.6,R,1.1
6,3,0.1855015,1,0.8,R,1.6
6,3,0.2253229,1,0.7,R,0.9
6,3,0.1285767,1,0.8,R,1.9
6,3,0.2334205,1,0.8,R,2.3
6,3,0.2215506,1,0.7,R,0.9
6,3,0.2542737,1,0.7,R,1.3
6,3,0.3605002,0,0.2,R,1.8
6,3,0.2211684,1,0.8,R,2.3
6,3,0.2976844,1,0.6,R,1.3
6,3,0.2895065,1,0.6,R,1.1
6,3,0.729175,0,0.4,R,1.1
6,3,0.2656067,1,0.7,R,1.1
6,3,0.1943501,1,0.8,R,1.4
6,3,0.5219908,0,0.5,R,1.6
6,3,0.4806317,0,0.2,R,1.6
6,3,0.3214568,1,0.5,R,1.6
6,3,0.4403406,0,0.4,R,0.9
6,3,0.372399,1,0.7,R,1.6
6,3,0.2283634,1,0.8,R,2.3
6,3,0.2731223,1,0.6,R,0.9
6,3,0.2249332,1,0.6,R,1.1
6,3,0.3174626,0,0.3,R,1.1
6,3,0.2122277,1,0.7,R,1.6
6,3,0.2724373,1,0.7,R,2.1
6,3,0.201964,1,0.7,R,1.1
6,3,0.2732877,1,0.6,R,2.3
6,3,0.310259,1,0.5,R,2.1
6,3,0.3325253,0,0.4,R,1.9
6,3,0.6844401,1,0.6,R,1.1
6,3,0.2042485,1,0.8,R,1.6
6,3,0.5361989,1,0.6,R,1.3
6,3,0.521483,0,0.4,R,2.3
6,3,0.1684281,1,0.8,R,1.6
6,3,0.4052877,0,0.2,R,2.1
6,3,0.2401354,1,0.8,R,2.1
6,3,0.4891773,0,0.4,R,1.1
6,3,0.4211387,1,0.5,R,1.6
6,3,0.3843451,0,0.2,R,2.1
6,3,0.3454373,0,0.2,R,2.1
6,3,0.2134583,1,0.7,R,1.4
6,3,0.2319389,1,0.5,R,2.3
6,3,0.4283025,0,0.3,R,1.9
6,3,0.2213552,1,0.7,R,1.3
6,3,0.4050218,0,0.3,R,1.1
6,3,0.1255116,1,0.8,R,2.1
6,3,0.2133692,1,0.7,R,1.4
6,4,0.1843524,1,0.7,R,0.9
6,4,0.2200511,1,0.7,R,2.3
6,4,0.1051282,1,0.8,R,1.4
6,4,0.3277243,0,0.2,R,0.9
6,4,0.2314211,1,0.7,R,1.3
6,4,0.4208586,0,0.3,R,1.3
6,4,0.3611975,0,0.2,R,1.8
6,4,0.2013196,1,0.8,R,1.4
6,4,0.2604574,1,0.7,R,0.9
6,4,0.3253036,1,0.6,R,1.3
6,4,0.2323126,1,0.8,R,1.8
6,4,0.2451947,1,0.8,R,1.1
6,4,0.3812875,0,0.4,R,1.4
6,4,0.2294223,1,0.7,R,1.6
6,4,0.2210574,1,0.8,R,1.9
6,4,0.2570256,1,0.7,R,1.4
6,4,0.441461,0,0.5,R,2.1
6,4,0.7041987,0,0.5,R,1.3
6,4,0.3693646,1,0.6,R,1.4
6,4,0.3904149,0,0.2,R,1.4
6,4,0.1403779,1,0.8,R,1.8
6,4,0.3933336,0,0.3,R,1.4
6,4,0.3494262,0,0.2,R,1.1
6,4,0.34532,0,0.2,R,2.1
6,4,0.1941253,1,0.8,R,2.1
6,4,0.3814492,1,0.5,R,2.1
6,4,0.3577853,1,0.5,R,1.9
6,4,0.4440343,0,0.4,R,1.3
6,4,0.39726,0,0.2,R,1.1
6,4,0.3051017,1,0.6,R,2.1
6,4,0.4362127,0,0.3,R,1.9
6,4,0.5802573,0,0.3,R,1.6
6,4,0.5453537,0,0.4,R,1.8
6,4,0.6573396,0,0.3,R,1.6
6,4,0.4893105,0,0.4,R,1.1
6,4,0.1302535,1,0.8,R,1.1
6,4,0.3613379,0,0.2,R,1.4
6,4,0.349643,0,0.2,R,2.1
6,4,0.2213104,1,0.7,R,2.3
6,4,0.3761606,0,0.4,R,2.3
6,4,0.2202844,1,0.7,R,1.1
6,4,0.4532241,1,0.5,R,0.9
6,4,0.4682511,0,0.2,R,1.8
6,4,0.329455,0,0.3,R,1.6
6,4,0.3390258,0,0.3,R,1.3
6,4,0.2166586,1,0.6,R,1.4
6,4,0.4413411,0,0.2,R,1.8
6,4,0.489337,0,0.3,R,2.3
6,4,0.261367,1,0.7,R,1.6
6,4,0.2932603,1,0.7,R,2.3
6,4,0.2412694,1,0.8,R,0.9
6,4,0.2573121,1,0.7,R,1.9
6,4,0.285034,1,0.7,R,1.9
6,4,0.2532712,1,0.7,R,1.8
6,4,0.4775155,0,0.4,R,1.6
6,4,0.2101987,1,0.8,R,0.9
6,4,0.3374103,0,0.2,R,1.4
6,4,0.2602603,1,0.6,R,0.9
6,4,0.3413936,0,0.3,R,2.1
6,4,0.2438697,1,0.8,R,1.6
6,4,0.3301317,0,0.3,R,1.8
6,4,0.3402466,1,0.6,R,1.8
6,4,0.1974725,1,0.8,R,0.9
6,4,0.2294816,1,0.7,R,1.8
6,4,0.3730023,0,0.4,R,1.1
6,4,0.2602786,1,0.6,R,1.3
6,4,0.4201743,0,0.5,R,1.8
6,4,0.3253382,1,0.7,R,1.4
6,4,0.3010979,1,0.6,R,1.1
6,4,0.2356925,1,0.7,R,1.4
7,1,0.40798,0,0.5,R,1.9
7,1,0.5057863,0,0.2,R,1.8
7,1,0.2436087,1,0.4,R,2.1
7,1,0.3356298,1,0.6,R,2.1
7,1,0.463638,0,0.2,R,2.3
7,1,0.4396871,0,0.4,R,2.3
7,1,0.3235801,1,0.7,R,0.9
7,1,0.3269206,0,0.4,R,1.4
7,1,0.179435,1,0.8,R,2.3
7,1,0.3872242,0,0.3,R,1.8
7,1,0.2877132,1,0.8,R,2.3
7,1,0.1356637,1,0.8,R,1.3
7,1,0.5030044,0,0.6,R,2.1
7,1,0.5363188,0,0.3,R,1.8
7,1,0.5679204,0,0.5,R,1.9
7,1,0.3180403,0,0.3,R,1.9
7,1,0.2016046,1,0.8,R,1.9
7,1,0.4327696,0,0.4,R,1.3
7,1,0.1719776,1,0.6,R,2.1
7,1,0.2731565,1,0.5,R,2.1
7,1,0.1940847,1,0.7,R,1.8
7,1,0.0871550000000001,1,0.7,R,1.1
7,1,0.1684151,1,0.8,R,1.8
7,1,0.2396787,1,0.7,R,1.4
7,1,0.1822787,1,0.6,R,1.4
7,1,0.479564,0,0.6,R,1.8
7,1,0.4375138,1,0.6,R,1.1
7,1,0.4164376,0,0.4,R,1.1
7,1,0.573194,0,0.2,R,1.3
7,1,0.1535692,1,0.7,R,1.6
7,1,0.1828103,1,0.4,R,1.8
7,1,0.581803,1,0.6,R,1.8
7,1,0.3124119,1,0.6,R,2.3
7,1,0.2561766,1,0.6,R,1.4
7,1,0.2763326,1,0.6,R,1.6
7,1,0.5783761,0,0.2,R,0.9
7,1,0.4930567,0,0.2,R,1.9
7,1,0.281106,1,0.6,R,1.8
7,1,0.2161813,1,0.8,R,2.1
7,1,0.4251123,1,0.6,R,1.6
7,1,0.3012968,0,0.6,R,2.1
7,1,0.3203961,1,0.6,R,2.3
7,1,0.1714506,1,0.6,R,1.4
7,1,0.6170944,0,0.3,R,1.6
7,1,0.6174995,0,0.3,R,1.8
7,1,0.3533694,0,0.3,R,1.4
7,1,0.5304308,0,0.2,R,1.8
7,1,0.0742829,1,0.8,R,1.8
7,1,0.2615072,1,0.6,R,2.1
7,1,0.4212116,1,0.6,R,1.3
7,1,0.4162082,1,0.8,R,0.9
7,1,0.4566431,0,0.4,R,1.9
7,1,0.5734275,0,0.3,R,1.1
7,1,0.5531906,0,0.4,R,1.8
7,1,0.4730351,0,0.5,R,1.1
7,1,0.4800954,0,0.2,R,1.9
7,1,0.6459732,0,0.6,R,1.9
7,1,0.12472,1,0.7,R,2.3
7,1,0.5001263,0,0.2,R,2.3
7,1,0.5008871,0,0.5,R,1.9
7,1,0.3772095,1,0.6,R,1.9
7,1,0.4220141,0,0.4,R,1.9
7,1,0.4844016,0,0.5,R,0.9
7,1,0.8511522,0,0.4,R,1.6
7,1,0.3681613,1,0.6,R,2.3
7,1,0.6261489,1,0.6,R,1.6
7,1,0.0882996999999999,1,0.8,R,2.3
7,1,0.4652591,0,0.4,R,1.4
7,1,0.3314662,1,0.4,R,1.8
7,1,0.1770353,1,0.8,R,1.3
7,2,0.1095157,1,0.8,R,1.6
7,2,0.1375213,1,0.7,R,1.6
7,2,0.1121837,1,0.6,R,1.8
7,2,0.2013449,1,0.7,R,2.1
7,2,0.1812708,1,0.8,R,1.8
7,2,0.7572911,0,0.4,R,1.6
7,2,0.6016893,0,0.5,R,2.1
7,2,0.2119598,1,0.7,R,2.3
7,2,0.1055707,1,0.8,R,1.6
7,2,0.4890912,0,0.4,R,1.4
7,2,0.4495565,0,0.3,R,2.1
7,2,0.5208574,0,0.2,R,1.9
7,2,0.4482546,0,0.3,R,1.1
7,2,0.4015983,1,0.6,R,1.1
7,2,0.465089,0,0.3,R,1.3
7,2,0.6083956,0,0.4,R,1.8
7,2,0.7381132,0,0.5,R,1.9
7,2,0.5214469,0,0.2,R,1.4
7,2,0.3850097,1,0.5,R,1.3
7,2,0.4123417,1,0.6,R,1.1
7,2,0.4932745,0,0.3,R,1.1
7,2,0.2782433,1,0.5,R,1.8
7,2,0.2891705,1,0.8,R,2.1
7,2,0.5885853,0,0.5,R,2.3
7,2,0.3012168,1,0.8,R,0.9
7,2,0.1573432,1,0.8,R,1.6
7,2,0.3129829,1,0.5,R,1.4
7,2,0.7245127,0,0.3,R,1.4
7,2,0.4521537,1,0.7,R,2.3
7,2,0.4604037,1,0.5,R,1.6
7,2,0.6134158,0,0.2,R,1.9
7,2,0.2217762,1,0.7,R,1.3
7,2,0.5443542,0,0.4,R,1.1
7,2,0.4819979,0,0.3,R,1.9
7,2,0.4850962,1,0.6,R,1.4
7,2,0.7253044,1,0.6,R,0.9
7,2,0.4884582,0,0.2,R,1.9
7,2,0.3083759,1,0.7,R,2.1
7,2,0.4853601,1,0.5,R,2.1
7,2,0.6252406,1,0.5,R,1.1
7,2,0.5203489,1,0.5,R,1.8
7,2,0.3091229,1,0.7,R,2.3
7,2,0.2571424,1,0.7,R,1.9
7,2,0.2929868,1,0.5,R,2.3
7,2,0.529417,1,0.7,R,2.1
7,2,0.3895802,1,0.7,R,0.9
7,2,0.9449553,1,0.5,R,1.4
7,2,0.9412649,1,0.5,R,1.4
7,2,0.4883618,0,0.4,R,1.4
7,2,1.3404951,1,0.5,R,1.1
7,2,0.7921724,0,0.3,R,1.6
7,2,0.2260131,1,0.7,R,1.4
7,2,0.488415,0,0.2,R,1.6
7,2,0.2451042,1,0.8,R,0.9
7,2,0.5251556,0,0.3,R,1.8
7,2,0.206132,1,0.8,R,1.3
7,2,0.5010636,0,0.5,R,1.3
7,2,0.696412,1,0.4,R,1.4
7,2,0.7402796,0,0.5,R,1.8
7,2,0.5853445,1,0.4,R,0.9
7,2,0.5403496,1,0.6,R,1.3
7,2,0.3333789,1,0.7,R,2.3
7,2,0.7779123,1,0.6,R,1.3
7,2,0.4883015,0,0.2,R,1.6
7,2,0.4732608,1,0.5,R,1.6
7,2,0.5764792,0,0.2,R,1.3
7,2,0.3805436,1,0.7,R,1.3
7,2,0.340381,1,0.7,R,2.1
7,2,0.4681945,1,0.5,R,1.3
7,2,0.5359839,0,0.3,R,1.1
7,2,0.4097256,1,0.5,R,1.6
7,2,0.4682826,1,0.5,R,1.1
7,2,0.4621991,0,0.3,R,2.3
7,2,0.4135762,1,0.5,R,0.9
7,2,0.1806808,1,0.7,R,0.9
7,3,0.3613328,1,0.4,R,2.3
7,3,0.2694067,1,0.7,R,1.9
7,3,0.3822814,1,0.6,R,0.9
7,3,0.2965872,1,0.6,R,1.8
7,3,0.3365617,1,0.6,R,1.8
7,3,0.7102886,0,0.2,R,1.4
7,3,0.3250206,1,0.7,R,0.9
7,3,0.5173392,0,0.3,R,1.6
7,3,0.3734046,1,0.6,R,1.8
7,3,0.2852216,1,0.8,R,1.6
7,3,0.4164622,1,0.5,R,2.3
7,3,0.5808712,0,0.4,R,1.9
7,3,0.5442854,0,0.2,R,2.1
7,3,0.3170485,1,0.8,R,2.1
7,3,0.3133647,1,0.6,R,1.9
7,3,0.2819192,1,0.6,R,1.3
7,3,0.509322,0,0.7,R,1.9
7,3,0.4092255,1,0.8,R,1.1
7,3,0.4214078,1,0.5,R,1.3
7,3,0.4045363,0,0.3,R,0.9
7,3,0.2814065,1,0.7,R,1.3
7,3,0.7401306,0,0.3,R,1.6
7,3,0.6690865,0,0.4,R,2.3
7,3,0.5292702,0,0.2,R,1.3
7,3,0.7164939,0,0.3,R,1.9
7,3,0.473056,0,0.4,R,1.8
7,3,0.6013057,1,0.7,R,0.9
7,3,0.4282044,1,0.6,R,1.4
7,3,0.3770427,1,0.7,R,2.1
7,3,0.3618283,1,0.6,R,0.9
7,3,0.8131819,0,0.4,R,2.1
7,3,0.6212562,1,0.6,R,1.3
7,3,0.4844468,0,0.3,R,1.9
7,3,0.3171416,1,0.7,R,2.1
7,3,0.2092691,1,0.8,R,1.8
7,3,0.5212331,1,0.6,R,1.8
7,3,0.461179,0,0.4,R,1.1
7,3,0.5734292,0,0.2,R,1.1
7,3,0.5324697,0,0.3,R,1.1
7,3,0.2403591,1,0.8,R,2.3
7,3,0.5334296,1,0.5,R,1.6
7,3,0.6041998,1,0.7,R,0.9
7,3,0.708256,1,0.7,R,1.4
7,3,0.4809687,1,0.7,R,0.9
7,3,0.2492752,1,0.6,R,1.6
7,3,0.557175,1,0.5,R,1.9
7,3,0.3850908,1,0.7,R,1.1
7,3,0.5011619,1,0.7,R,1.9
7,3,0.4573867,1,0.6,R,1.1
7,3,0.5610304,0,0.4,R,1.1
7,3,0.5524039,1,0.8,R,1.3
7,3,0.5082405,0,0.3,R,1.3
7,3,0.4365419,0,0.7,R,1.4
7,3,0.5733643,0,0.2,R,2.3
7,3,0.7131705,0,0.6,R,1.6
7,3,0.3090121,1,0.8,R,1.9
7,3,0.3970954,1,0.8,R,1.1
7,3,0.5364214,0,0.4,R,1.3
7,3,0.4212222,1,0.7,R,1.4
7,3,0.9725776,1,0.4,R,2.3
7,3,0.5928971,0,0.2,R,1.3
7,3,0.6325066,1,0.6,R,0.9
7,3,0.5413473,0,0.3,R,2.1
7,3,0.3292438,1,0.6,R,1.8
7,3,0.2482543,1,0.8,R,1.3
7,3,0.5244891,0,0.3,R,1.8
7,3,0.6654931,0,0.3,R,1.6
7,3,0.4290774,1,0.5,R,2.3
7,3,0.1886442,1,0.6,R,1.4
7,3,0.228353,1,0.7,R,2.3
7,3,0.4019661,1,0.4,R,1.1
7,3,0.289471,1,0.6,R,2.1
7,3,0.3725753,1,0.5,R,1.8
7,3,0.376309,1,0.6,R,1.8
7,3,0.4490347,0,0.3,R,2.1
7,3,0.3202399,1,0.6,R,1.9
7,3,0.3965144,1,0.5,R,1.6
7,3,0.2571932,1,0.7,R,1.6
7,3,0.4050197,1,0.4,R,2.1
7,4,0.4192924,1,0.5,R,1.3
7,4,0.3362774,1,0.5,R,0.9
7,4,0.0763993000000003,1,0.8,R,1.8
7,4,0.4934292,0,0.2,R,2.1
7,4,0.38501,1,0.6,R,1.3
7,4,0.2370715,1,0.7,R,1.9
7,4,0.2531464,1,0.5,R,1.9
7,4,0.3212251,1,0.6,R,1.1
7,4,0.3253098,1,0.5,R,2.3
7,4,0.5083695,0,0.2,R,1.8
7,4,0.4210958,1,0.6,R,1.9
7,4,0.5906151,0,0.2,R,1.9
7,4,0.4370094,1,0.5,R,1.9
7,4,0.4934767,0,0.2,R,1.6
7,4,0.4284234,1,0.4,R,1.6
7,4,0.3962195,1,0.4,R,2.1
7,4,0.2692588,1,0.5,R,1.3
7,4,0.4810328,0,0.2,R,2.3
7,4,0.7253481,0,0.3,R,1.6
7,4,0.3291939,1,0.7,R,1.8
7,4,0.6493978,0,0.3,R,2.3
7,4,0.2484774,1,0.8,R,1.6
7,4,0.6052911,1,0.4,R,1.9
7,4,0.5891999,1,0.7,R,2.3
7,4,0.7134673,1,0.8,R,1.1
7,4,0.3931462,1,0.7,R,1.4
7,4,0.4494094,0,0.3,R,2.3
7,4,0.3691154,1,0.4,R,1.3
7,4,0.5291524,1,0.8,R,1.4
7,4,0.4803347,0,0.6,R,1.4
7,4,0.6445524,1,0.5,R,1.9
7,4,0.2881847,1,0.7,R,1.1
7,4,0.2770666,1,0.7,R,2.3
7,4,0.5211503,0,0.2,R,2.1
7,4,0.5812914,1,0.5,R,2.3
7,4,0.4402947,1,0.5,R,1.6
7,4,0.4045453,1,0.6,R,1.9
7,4,0.3179325,1,0.7,R,1.9
7,4,0.5130687,0,0.2,R,1.6
7,4,0.5448349,1,0.6,R,1.1
7,4,0.0569128000000001,1,0.8,R,2.3
7,4,0.4442706,1,0.5,R,1.9
7,4,0.4604125,0,0.4,R,1.4
7,4,0.4411936,1,0.6,R,1.3
7,4,0.3805493,1,0.5,R,1.3
7,4,0.4181296,0,0.3,R,2.1
7,4,0.4965156,0,0.2,R,0.9
7,4,0.4292605,1,0.4,R,1.6
7,4,0.6094366,0,0.3,R,1.9
7,4,0.2930231,1,0.7,R,2.1
7,4,1.0005381,1,0.4,R,2.3
7,4,0.2762496,1,0.8,R,1.8
7,4,0.309109,1,0.6,R,2.3
7,4,0.417076,1,0.4,R,1.9
7,4,0.4973295,0,0.2,R,0.9
7,4,0.4972396,0,0.4,R,1.9
7,4,0.4445236,1,0.7,R,0.9
7,4,0.4565349,0,0.4,R,1.9
7,4,0.3645388,1,0.7,R,1.4
7,4,0.4331898,1,0.5,R,1.8
7,4,0.3602723,1,0.6,R,1.8
7,4,0.3641627,1,0.4,R,1.1
7,4,0.3290387,1,0.6,R,1.6
7,4,0.5430557,1,0.8,R,1.3
7,4,0.7043688,0,0.4,R,2.1
7,4,0.485086,0,0.2,R,0.9
7,4,0.2894546,1,0.8,R,1.1
8,1,0.2971645,1,0.7,R,2.3
8,1,0.2770702,1,0.6,R,2.1
8,1,0.5650113,0,0.2,R,1.8
8,1,0.8699951,0,0.5,R,1.6
8,1,0.5280147,0,0.5,R,1.4
8,1,0.3410133,0,0.2,R,2.1
8,1,0.2730057,0,0.4,R,0.9
8,1,0.3729826,0,0.3,R,1.4
8,1,0.6208764,1,0.8,R,1.9
8,1,0.5605046,0,0.2,R,0.9
8,1,0.3341366,0,0.5,R,1.1
8,1,0.4494422,0,0.7,R,1.4
8,1,0.3661166,0,0.4,R,1.3
8,1,0.5209693,0,0.2,R,1.9
8,1,1.0564635,0,0.8,R,1.8
8,1,0.2688947,0,0.7,R,1.1
8,1,0.3210604,0,0.6,R,1.9
8,1,0.3570171,1,0.5,R,2.1
8,1,0.5640893,0,0.2,R,1.4
8,1,1.1852439,1,0.5,R,1.3
8,1,0.3649713,1,0.8,R,1.1
8,1,0.9368898,0,0.6,R,1.6
8,1,0.5129558,0,0.2,R,1.9
8,1,0.8170523,0,0.4,R,1.1
8,1,0.7250233,1,0.8,R,1.1
8,1,0.6219817,0,0.5,R,1.9
8,1,1.6890921,0,0.3,R,2.3
8,1,0.3529041,0,0.2,R,1.6
8,1,0.2850235,0,0.2,R,1.9
8,1,0.3538772,0,0.2,R,2.1
8,1,0.9687921,0,0.8,R,1.8
8,1,0.4486224,1,0.8,R,1.8
8,1,0.3931079,1,0.7,R,1.1
8,1,0.2970076,1,0.8,R,2.3
8,1,0.3577827,1,0.7,R,2.1
8,1,0.3730687,0,0.7,R,1.8
8,1,0.585053,0,0.2,R,1.4
8,1,0.4490207,0,0.5,R,0.9
8,1,0.4368049,0,0.2,R,1.4
8,1,0.3258322,0,0.6,R,0.9
8,1,0.3776133,0,0.7,R,1.8
8,1,0.2619224,0,0.6,R,2.1
8,1,0.1493241,0,0.4,R,2.1
8,1,0.4405209,0,0.3,R,1.6
8,1,0.2892324,0,0.3,R,1.9
8,1,0.3619991,0,0.4,R,2.1
8,1,0.5728732,0,0.3,R,2.1
8,1,0.7331948,0,0.3,R,2.1
8,1,0.2406437,1,0.8,R,1.8
8,1,0.5409012,0,0.2,R,1.6
8,1,0.4849067,0,0.2,R,1.4
8,1,0.3291995,0,0.8,R,1.9
8,1,0.3331158,0,0.7,R,2.1
8,1,0.3569684,0,0.2,R,1.9
8,1,0.9171621,0,0.8,R,1.6
8,1,0.3736123,0,0.2,R,2.1
8,1,0.2737281,0,0.4,R,0.9
8,1,1.5765069,1,0.8,R,1.8
8,1,0.4249117,0,0.4,R,1.6
8,1,0.2770959,0,0.4,R,2.1
8,1,0.2569576,0,0.8,R,1.4
8,1,0.3809841,1,0.4,R,1.8
8,1,0.3128698,1,0.3,R,2.1
8,1,0.5528134,0,0.2,R,1.8
8,1,0.320827,0,0.3,R,1.4
8,1,0.3608709,1,0.7,R,2.3
8,1,0.3283021,0,0.6,R,1.8
8,1,0.2610311,0,0.4,R,2.3
8,1,0.4934295,1,0.6,R,1.6
8,1,0.5110047,0,0.4,R,0.9
8,1,0.8808236,0,0.4,R,1.8
8,1,0.3379595,0,0.5,R,1.4
8,1,0.3691676,0,0.4,R,1.9
8,1,0.3572785,0,0.3,R,1.1
8,1,0.2889273,0,0.2,R,2.3
8,1,0.2602376,0,0.5,R,2.1
8,1,0.2599032,0,0.6,R,1.1
8,1,0.3640721,1,0.8,R,2.1
8,1,0.5886789,0,0.7,R,1.3
8,2,0.324001,1,0.3,R,1.8
8,2,0.2809197,1,0.5,R,2.3
8,2,0.5179179,0,0.2,R,2.1
8,2,0.5800065,0,0.2,R,2.3
8,2,0.48494,0,0.2,R,1.9
8,2,0.3007835,1,0.7,R,2.3
8,2,0.504929,0,0.2,R,1.6
8,2,0.2568582,1,0.8,R,1.4
8,2,0.364372,1,0.4,R,1.6
8,2,0.4372284,0,0.2,R,1.8
8,2,0.3572697,0,0.3,R,0.9
8,2,0.58493,0,0.3,R,1.1
8,2,0.2457687,1,0.7,R,1.8
8,2,0.3091655,1,0.8,R,2.1
8,2,0.4729389,1,0.3,R,1.9
8,2,0.685434,0,0.3,R,2.3
8,2,0.2207893,1,0.8,R,1.4
8,2,0.4860166,0,0.2,R,1.8
8,2,0.2179093,1,0.7,R,1.1
8,2,0.2565216,1,0.8,R,1.9
8,2,0.4258957,1,0.4,R,0.9
8,2,0.3729897,0,0.5,R,1.1
8,2,0.2810757,1,0.7,R,2.3
8,2,0.4447705,0,0.4,R,2.3
8,2,0.6290033,1,0.7,R,1.3
8,2,0.4728928,0,0.4,R,2.1
8,2,0.3848636,0,0.8,R,1.9
8,2,0.3015901,0,0.5,R,2.1
8,2,0.7449418,1,0.8,R,1.9
8,2,0.4261314,1,0.8,R,1.9
8,2,0.4289087,0,0.3,R,1.4
8,2,0.4490016,0,0.4,R,2.3
8,2,0.5490233,1,0.7,R,1.6
8,2,0.4368827,1,0.5,R,1.3
8,2,0.5489561,0,0.2,R,1.3
8,2,0.3012207,1,0.3,R,2.3
8,2,0.2808791,1,0.7,R,1.3
8,2,0.2449131,1,0.8,R,1.6
8,2,0.3569389,0,0.4,R,1.9
8,2,0.9650097,0,0.5,R,1.6
8,2,0.3123666,0,0.4,R,2.1
8,2,0.5051512,0,0.2,R,2.3
8,2,0.3175528,1,0.8,R,0.9
8,2,0.2978941,1,0.8,R,2.3
8,2,0.320884,1,0.6,R,1.6
8,2,0.4489437,0,0.2,R,2.3
8,2,0.3169687,0,0.3,R,1.4
8,2,0.2853646,1,0.8,R,1.6
8,2,0.4247312,0,0.5,R,1.3
8,2,0.4330034,1,0.5,R,2.1
8,2,0.3569427,0,0.3,R,1.1
8,2,0.3291642,0,0.4,R,1.8
8,2,0.4090894,0,0.4,R,2.1
8,2,0.2612069,1,0.6,R,1.9
8,2,0.4280866,0,0.6,R,1.8
8,2,0.264903,1,0.6,R,1.6
8,2,0.2728264,1,0.7,R,1.4
8,2,0.200301,1,0.7,R,1.8
8,2,0.1769225,1,0.6,R,1.3
8,2,0.2687069,1,0.6,R,1.4
8,2,0.4292132,1,0.3,R,2.3
8,2,0.3489783,0,0.3,R,1.8
8,2,0.261028,1,0.5,R,1.3
8,2,0.48607,0,0.2,R,1.3
8,2,0.2489913,1,0.8,R,0.9
8,2,0.3978541,0,0.3,R,1.3
8,2,0.564688,0,0.6,R,2.3
8,2,0.4569575,0,0.2,R,1.6
8,2,0.2689917,1,0.8,R,1.1
8,2,0.3250775,1,0.7,R,1.9
8,2,0.2568765,1,0.7,R,2.1
8,3,0.3198399,1,0.7,R,1.9
8,3,0.5179483,0,0.3,R,0.9
8,3,0.3558172,1,0.5,R,1.1
8,3,0.6544314,0,0.3,R,1.3
8,3,1.0514895,1,0.4,R,2.3
8,3,0.4431789,1,0.7,R,1.8
8,3,0.4357482,0,0.2,R,1.4
8,3,0.5899325,1,0.7,R,1.4
8,3,0.4562713,1,0.7,R,1.8
8,3,0.7524476,0,0.8,R,1.9
8,3,0.7713253,1,0.7,R,1.8
8,3,0.3616259,1,0.6,R,1.6
8,3,0.5481792,0,0.3,R,1.4
8,3,0.9282582,1,0.7,R,1.9
8,3,0.5323929,0,0.3,R,0.9
8,3,0.4976394,0,0.6,R,1.9
8,3,0.3132955,0,0.4,R,2.1
8,3,0.5230034,1,0.8,R,1.3
8,3,0.5727334,0,0.2,R,1.4
8,3,0.7117081,0,0.5,R,1.9
8,3,0.604143,0,0.2,R,1.6
8,3,0.8934545,1,0.5,R,1.4
8,3,0.3088467,1,0.7,R,1.8
8,3,0.7070628,0,0.4,R,2.1
8,3,0.9180455,1,0.5,R,2.1
8,3,0.4830962,1,0.4,R,2.3
8,3,1.3172592,0,0.6,R,1.1
8,3,0.6090625,0,0.2,R,2.3
8,3,1.2009006,1,0.6,R,1.4
8,3,0.7611609,0,0.5,R,1.8
8,3,0.3931988,1,0.8,R,1.4
8,3,0.3640435,1,0.7,R,2.3
8,3,0.2969688,1,0.6,R,2.1
8,3,0.8488899,1,0.6,R,1.3
8,3,0.5135859,0,0.2,R,1.6
8,3,0.5331375,0,0.8,R,2.3
8,3,0.4730297,1,0.6,R,1.1
8,3,0.3889173,1,0.4,R,1.6
8,3,0.5336621,0,0.3,R,1.4
8,3,0.2814314,0,0.5,R,1.6
8,3,0.5440392,0,0.4,R,0.9
8,3,0.2449439,1,0.6,R,2.1
8,3,0.5168815,0,0.3,R,1.6
8,3,0.4211705,1,0.6,R,1.6
8,3,0.7697119,1,0.4,R,1.4
8,3,0.6209348,0,0.3,R,0.9
8,3,0.6452995,0,0.7,R,1.6
8,3,0.4572519,0,0.5,R,0.9
8,3,0.6802481,0,0.7,R,2.3
8,3,0.3567911,1,0.5,R,1.3
8,3,0.5169575,1,0.5,R,2.1
8,3,0.4011914,0,0.3,R,1.6
8,3,0.432069,0,0.3,R,1.8
8,3,0.4728112,1,0.5,R,1.9
8,3,0.9011473,1,0.4,R,0.9
8,3,0.7769088,0,0.4,R,1.4
8,3,0.2969194,0,0.5,R,0.9
8,3,1.2608187,0,0.3,R,1.8
8,3,0.4612532,0,0.2,R,0.9
8,3,0.3209913,1,0.7,R,1.8
8,3,0.568363,0,0.3,R,1.3
8,3,0.3488131,1,0.7,R,1.3
8,3,0.3650347,1,0.7,R,1.6
8,3,0.4687347,0,0.3,R,1.4
8,3,0.3639688,0,0.3,R,1.1
8,3,0.2006382,1,0.6,R,2.3
8,3,0.4127656,0,0.2,R,1.6
8,3,0.3603564,0,0.3,R,1.8
8,3,0.504016,0,0.5,R,2.1
8,3,0.341116,1,0.7,R,2.1
8,3,0.4968016,0,0.4,R,2.3
8,4,0.8612046,1,0.4,R,1.6
8,4,1.2808339,0,0.3,R,1.6
8,4,0.6690229,1,0.4,R,1.6
8,4,0.3690446,1,0.6,R,1.9
8,4,0.2768049,1,0.7,R,0.9
8,4,0.3570149,1,0.6,R,2.1
8,4,0.300974,1,0.7,R,1.9
8,4,0.6173712,0,0.2,R,1.9
8,4,0.9181605,0,0.5,R,2.1
8,4,0.6214653,1,0.3,R,0.9
8,4,0.3719241,0,0.3,R,1.8
8,4,0.3130753,0,0.3,R,1.3
8,4,0.3456599,0,0.2,R,1.9
8,4,0.2251092,0,0.2,R,1.6
8,4,0.6248389,1,0.6,R,1.8
8,4,0.2888274,1,0.7,R,1.8
8,4,0.5808798,0,0.2,R,1.4
8,4,0.5569186,0,0.2,R,1.9
8,4,0.9171441,1,0.7,R,0.9
8,4,0.5449125,0,0.2,R,2.3
8,4,0.3399872,1,0.5,R,0.9
8,4,1.7366338,1,0.8,R,1.1
8,4,0.3929155,0,0.6,R,2.1
8,4,0.9537058,0,0.7,R,1.6
8,4,0.2969967,0,0.2,R,2.1
8,4,0.5088432,1,0.8,R,2.1
8,4,0.6408296,1,0.6,R,2.3
8,4,0.4302258,1,0.7,R,1.8
8,4,1.6087589,1,0.5,R,0.9
8,4,1.8158718,0,0.5,R,1.3
8,4,0.3447563,1,0.8,R,2.1
8,4,0.457794,1,0.4,R,1.6
8,4,0.4997951,0,0.2,R,1.6
8,4,1.49296,1,0.6,R,2.3
8,4,0.3372399,0,0.2,R,2.1
8,4,0.612744,0,0.6,R,2.1
8,4,0.3099176,1,0.7,R,2.3
8,4,1.2736069,0,0.4,R,2.3
8,4,1.3770005,0,0.7,R,1.4
8,4,0.9727784,0,0.8,R,1.9
8,4,0.3612094,1,0.5,R,1.8
8,4,0.8328004,1,0.8,R,1.4
8,4,1.3654059,1,0.4,R,2.3
8,4,0.7530156,0,0.2,R,2.3
8,4,0.7942927,0,0.2,R,1.9
8,4,1.5731117,0,0.4,R,2.1
8,4,0.8570099,0,0.4,R,1.9
8,4,0.5583979,0,0.2,R,2.1
8,4,0.5488115,0,0.3,R,1.3
8,4,0.4975931,0,0.2,R,2.1
8,4,0.3490297,1,0.6,R,2.1
8,4,0.5729615,1,0.5,R,2.3
8,4,1.2441225,0,0.8,R,1.9
8,4,0.3857022,0,0.8,R,1.9
8,4,1.6494451,0,0.6,R,1.6
8,4,0.3809428,1,0.6,R,0.9
8,4,0.392974,1,0.6,R,2.3
8,4,0.6135863,0,0.3,R,0.9
8,4,0.7202798,1,0.8,R,1.4
8,4,0.3578073,0,0.4,R,2.3
8,4,0.3609142,1,0.4,R,1.6
8,4,0.292926,1,0.6,R,1.4
8,4,0.328981,1,0.7,R,2.3
8,4,0.41288,1,0.5,R,1.9
8,4,0.3208655,1,0.5,R,0.9
8,4,0.2728102,1,0.7,R,1.8
8,4,0.2369592,1,0.7,R,1.6
8,4,0.5214505,0,0.3,R,2.1
8,4,0.6211257,0,0.3,R,2.3
8,4,0.3808599,1,0.7,R,1.9
8,4,0.2921977,1,0.7,R,2.3
8,4,0.374059,1,0.7,R,1.9
8,4,0.6769547,0,0.8,R,1.4
8,4,0.6210426,1,0.8,R,1.3
8,4,0.4539552,1,0.5,R,1.3
8,4,0.3007932,0,0.5,R,1.8
8,4,0.5215876,0,0.2,R,1.4
8,4,0.500718,0,0.2,R,1.3
8,4,0.3811708,1,0.3,R,1.6
8,4,0.6568991,0,0.4,R,1.6
8,4,1.4449558,0,0.5,R,2.1
8,4,0.5850733,0,0.2,R,1.6
9,1,0.316945,1,0.4,R,0.9
9,1,0.1495491,1,0.7,R,1.8
9,1,0.2448503,1,0.5,R,1.9
9,1,0.4850026,0,0.2,R,1.9
9,1,0.2649688,1,0.6,R,1.8
9,1,0.4338954,0,0.3,R,1.8
9,1,0.3208637,0,0.3,R,1.4
9,1,0.4728563,1,0.7,R,1.8
9,1,0.3323761,0,0.3,R,1.1
9,1,0.3009673,0,0.3,R,1.1
9,1,0.449103,0,0.4,R,1.4
9,1,0.3729918,0,0.4,R,0.9
9,1,0.2018434,1,0.8,R,0.9
9,1,0.5325775,0,0.5,R,1.3
9,1,0.3560207,0,0.4,R,1.4
9,1,0.3531275,1,0.7,R,1.4
9,1,0.4692004,0,0.4,R,2.3
9,1,0.8808486,0,0.6,R,1.4
9,1,0.3207958,1,0.6,R,1.6
9,1,0.5171819,0,0.2,R,1.6
9,1,0.2210719,1,0.5,R,1.6
9,1,0.3852084,1,0.6,R,2.1
9,1,0.372833,0,0.3,R,2.3
9,1,0.3819021,0,0.3,R,2.1
9,1,0.2298174,1,0.7,R,1.6
9,1,0.808297,0,0.5,R,1.1
9,1,0.3158817,1,0.6,R,1.1
9,1,1.7288622,1,0.8,R,2.1
9,1,0.4691618,0,0.2,R,1.1
9,1,0.9449105,1,0.7,R,1.3
9,1,0.2118449,1,0.7,R,2.3
9,1,0.3050632,0,0.4,R,1.9
9,1,0.3369395,0,0.2,R,1.3
9,1,0.2568757,1,0.7,R,1.9
9,1,0.4609559,0,0.5,R,1.9
9,1,0.2450003,1,0.6,R,2.3
9,1,0.2969366,1,0.4,R,0.9
9,1,0.4699888,0,0.3,R,1.8
9,1,0.1488543,1,0.8,R,2.3
9,1,0.9087637,1,0.3,R,1.6
9,1,0.3011839,1,0.6,R,0.9
9,1,0.5449877,0,0.4,R,1.3
9,1,0.3130875,0,0.2,R,1.1
9,1,0.4608006,1,0.6,R,0.9
9,1,0.4690598,0,0.3,R,1.9
9,1,0.2529331,1,0.6,R,1.9
9,1,0.4448472,0,0.3,R,1.3
9,1,0.2408892,1,0.8,R,2.3
9,1,0.5007822,0,0.5,R,1.3
9,1,0.6147248,0,0.2,R,1.8
9,1,0.3170152,1,0.6,R,1.4
9,1,0.6650344,0,0.5,R,1.4
9,1,0.3971075,0,0.3,R,1.9
9,1,0.4568639,0,0.4,R,1.9
9,1,0.3648041,1,0.4,R,1.1
9,1,0.4007303,0,0.2,R,1.6
9,1,0.5298013,0,0.5,R,0.9
9,1,0.3016125,1,0.8,R,1.3
9,1,0.5289844,0,0.4,R,1.4
9,1,0.2808843,1,0.7,R,1.6
9,1,0.716904,1,0.8,R,1.1
9,1,0.4409785,0,0.2,R,1.6
9,1,0.3929752,0,0.3,R,1.1
9,1,0.3770332,0,0.2,R,1.3
9,1,0.3689796,1,0.4,R,1.4
9,1,0.4892423,0,0.3,R,1.9
9,1,1.0812917,1,0.4,R,2.3
9,1,0.2807409,1,0.6,R,0.9
9,1,0.4651702,0,0.3,R,1.3
9,1,0.5889448,0,0.5,R,2.1
9,1,0.5850751,0,0.5,R,1.6
9,1,0.4238394,1,0.8,R,1.4
9,1,0.4442532,0,0.2,R,1.4
9,1,0.5889137,0,0.4,R,2.3
9,1,0.5012069,0,0.2,R,1.9
9,1,0.4729703,0,0.3,R,1.4
9,2,0.5048502,0,0.2,R,1.4
9,2,0.1208687,1,0.8,R,0.9
9,2,0.2539363,1,0.5,R,2.1
9,2,0.5209883,0,0.2,R,1.8
9,2,0.2730083,1,0.7,R,2.1
9,2,0.4813893,0,0.4,R,2.3
9,2,0.2925809,1,0.5,R,0.9
9,2,0.2087842,1,0.8,R,1.4
9,2,0.2968298,1,0.5,R,1.9
9,2,0.3439712,1,0.3,R,1.3
9,2,0.5216909,0,0.3,R,2.3
9,2,0.5770355,0,0.5,R,2.1
9,2,0.352216,1,0.7,R,1.4
9,2,0.5931344,0,0.6,R,1.4
9,2,0.477047,0,0.2,R,1.1
9,2,0.3129225,1,0.6,R,2.3
9,2,0.3850124,0,0.6,R,1.1
9,2,0.4371106,0,0.3,R,1.4
9,2,0.3767498,0,0.2,R,2.1
9,2,0.7081027,0,0.5,R,1.3
9,2,0.4210758,1,0.6,R,2.3
9,2,0.3169754,1,0.5,R,1.4
9,2,0.2489832,1,0.8,R,1.1
9,2,0.2370193,1,0.6,R,2.3
9,2,0.2774409,1,0.7,R,2.3
9,2,0.4848241,0,0.2,R,2.1
9,2,0.2485894,1,0.6,R,2.3
9,2,0.1131481,1,0.8,R,0.9
9,2,0.4529297,0,0.5,R,2.1
9,2,0.3091325,0,0.6,R,2.3
9,2,0.2849489,1,0.7,R,1.6
9,2,0.4168005,0,0.5,R,1.4
9,2,0.2288345,1,0.8,R,1.9
9,2,0.0771942999999999,1,0.7,R,1.1
9,2,0.2447468,1,0.7,R,1.4
9,2,0.2631267,1,0.7,R,1.9
9,2,0.4452115,0,0.5,R,1.1
9,2,0.4729439,1,0.6,R,1.9
9,2,0.3448271,1,0.4,R,2.3
9,2,0.4568282,0,0.2,R,1.1
9,2,0.365241,1,0.7,R,1.4
9,2,0.492255,0,0.5,R,1.4
9,2,0.2888857,1,0.7,R,1.3
9,2,0.3247457,1,0.5,R,1.3
9,2,0.4007739,0,0.3,R,0.9
9,2,0.4843046,0,0.4,R,1.9
9,2,0.428839,1,0.7,R,0.9
9,2,0.2808564,1,0.8,R,1.1
9,2,0.8741018,0,0.4,R,2.3
9,2,0.7447723,1,0.8,R,1.3
9,2,0.3369689,1,0.7,R,1.9
9,2,0.4690116,0,0.3,R,1.8
9,2,0.4010351,1,0.5,R,2.1
9,2,0.7328294,1,0.7,R,2.1
9,2,0.4610085,0,0.2,R,2.1
9,2,0.5264188,0,0.8,R,1.1
9,2,0.5530075,0,0.2,R,2.1
9,2,0.464107,0,0.3,R,0.9
9,2,0.8610512,1,0.6,R,1.6
9,2,0.3328354,1,0.4,R,2.3
9,2,0.4882393,0,0.2,R,1.6
9,2,0.3288507,1,0.5,R,1.1
9,2,0.5117986,0,0.7,R,1.4
9,2,0.4048413,1,0.6,R,1.3
9,2,0.4689322,0,0.3,R,1.9
9,2,0.2848097,1,0.7,R,1.1
9,2,0.5318062,1,0.8,R,1.4
9,3,0.2021339,1,0.8,R,1.3
9,3,0.2164373,1,0.8,R,1.6
9,3,0.5745273,0,0.2,R,2.3
9,3,0.6095816,0,0.5,R,1.8
9,3,0.5721475,0,0.3,R,1.9
9,3,0.5728273,1,0.5,R,2.3
9,3,0.9369355,0,0.5,R,1.1
9,3,0.3128778,1,0.8,R,1.3
9,3,0.3699499,1,0.8,R,1.1
9,3,0.5339734,1,0.7,R,2.1
9,3,0.4928128,0,0.5,R,1.4
9,3,0.8720974,0,0.8,R,2.3
9,3,0.5408366,0,0.3,R,1.8
9,3,0.4338135,0,0.6,R,1.4
9,3,0.5369564,0,0.4,R,2.3
9,3,0.5729583,0,0.3,R,1.4
9,3,0.4133407,1,0.4,R,1.6
9,3,0.4460235,0,0.6,R,1.3
9,3,0.7180327,1,0.5,R,0.9
9,3,0.719886,0,0.4,R,1.3
9,3,0.5569925,0,0.5,R,1.6
9,3,0.4599467,0,0.3,R,2.1
9,3,0.2414912,1,0.8,R,0.9
9,3,0.2283443,1,0.7,R,1.4
9,3,0.2691194,1,0.8,R,1.4
9,3,0.3281666,1,0.6,R,1.9
9,3,0.5523907,0,0.2,R,1.4
9,3,0.5732078,0,0.3,R,1.8
9,3,0.2449782,1,0.8,R,1.1
9,3,0.3010239,1,0.7,R,2.3
9,3,0.557337,0,0.5,R,2.3
9,3,0.3930336,1,0.7,R,1.6
9,3,0.2688925,1,0.8,R,1.8
9,3,0.5688892,0,0.3,R,1.1
9,3,0.3849765,1,0.7,R,1.1
9,3,0.5448033,0,0.4,R,1.6
9,3,0.4848716,1,0.8,R,1.1
9,3,0.8729782,1,0.8,R,1.3
9,3,0.7809584,0,0.4,R,1.1
9,3,0.2769906,1,0.7,R,1.4
9,3,0.4286237,0,0.2,R,1.4
9,3,0.2368814,1,0.8,R,2.3
9,3,0.2648811,1,0.7,R,1.3
9,3,0.5642386,0,0.5,R,1.6
9,3,0.7802611,1,0.3,R,1.6
9,3,0.5529599,1,0.6,R,2.1
9,3,0.4341172,1,0.6,R,1.8
9,3,0.469033,1,0.5,R,1.4
9,3,0.5600464,0,0.2,R,1.1
9,3,0.3244713,1,0.7,R,1.4
9,3,0.9529782,1,0.6,R,1.8
9,3,0.4846304,0,0.3,R,1.8
9,3,0.2929531,1,0.8,R,2.3
9,3,0.5410386,0,0.3,R,2.1
9,3,0.6322751,0,0.3,R,1.4
9,3,0.5689541,1,0.4,R,2.1
9,3,0.5719768,0,0.4,R,1.3
9,3,0.9727649,1,0.5,R,1.3
9,3,0.7081124,1,0.7,R,2.1
9,3,0.5290882,1,0.8,R,2.1
9,3,0.6339972,0,0.3,R,2.3
9,3,0.1601835,1,0.7,R,1.9
9,3,0.2493967,1,0.6,R,1.6
9,3,0.5728113,0,0.4,R,1.9
9,3,0.2419008,1,0.7,R,1.8
9,3,0.3330193,1,0.6,R,1.9
9,3,0.4968649,0,0.2,R,1.4
9,3,0.5450976,0,0.3,R,2.1
9,3,0.5050244,0,0.4,R,2.1
9,3,1.0850012,0,0.7,R,1.9
9,3,0.5449057,0,0.4,R,1.8
9,3,0.7129238,0,0.5,R,1.8
9,4,0.3323279,1,0.5,R,1.8
9,4,0.4368352,0,0.2,R,1.6
9,4,0.4529859,0,0.2,R,1.6
9,4,0.2447435,1,0.6,R,1.3
9,4,0.4368116,1,0.3,R,1.6
9,4,0.2329496,1,0.5,R,1.6
9,4,0.2567552,1,0.7,R,1.3
9,4,0.2846436,1,0.7,R,2.1
9,4,0.316777,1,0.5,R,1.9
9,4,0.6121523,0,0.4,R,1.1
9,4,0.5203646,0,0.2,R,1.6
9,4,0.3020694,1,0.8,R,1.8
9,4,0.3089043,1,0.8,R,1.4
9,4,0.5967891,0,0.4,R,2.3
9,4,1.0610816,1,0.5,R,1.4
9,4,0.2970836,1,0.7,R,2.1
9,4,0.3609596,1,0.8,R,1.4
9,4,0.5408391,0,0.2,R,1.8
9,4,0.6687788,1,0.6,R,1.6
9,4,0.4683384,0,0.5,R,1.6
9,4,0.5808092,0,0.3,R,1.1
9,4,0.5642651,0,0.5,R,1.1
9,4,0.3127819,1,0.7,R,1.1
9,4,0.4610196,1,0.5,R,1.6
9,4,0.4251239,0,0.2,R,1.1
9,4,0.4978761,0,0.4,R,2.1
9,4,0.7379203,0,0.4,R,2.3
9,4,0.2937981,1,0.7,R,1.6
9,4,0.4648842,0,0.3,R,1.4
9,4,0.5328508,0,0.3,R,1.1
9,4,0.2848208,1,0.7,R,0.9
9,4,0.3403858,1,0.5,R,2.1
9,4,0.4010432,0,0.4,R,0.9
9,4,0.4296764,0,0.2,R,2.3
9,4,0.41677,1,0.6,R,1.6
9,4,0.5849947,0,0.3,R,2.1
9,4,0.5419625,0,0.3,R,1.9
9,4,0.3090625,1,0.8,R,1.3
9,4,0.6084485,1,0.8,R,0.9
9,4,0.320276,1,0.6,R,1.4
9,4,0.5410715,1,0.6,R,1.1
9,4,0.5052522,0,0.2,R,1.4
9,4,0.4279566,0,0.5,R,1.4
9,4,0.3847514,0,0.3,R,1.9
9,4,0.2694783,1,0.7,R,1.3
9,4,0.3088814,1,0.7,R,1.9
9,4,0.4707341,0,0.5,R,1.9
9,4,0.3646715,0,0.2,R,1.1
9,4,1.4610285,1,0.5,R,1.6
9,4,0.3329638,1,0.7,R,1.6
9,4,0.1441953,1,0.8,R,1.3
9,4,0.5927873,0,0.5,R,2.1
9,4,0.412699,0,0.2,R,1.1
9,4,0.7125051,0,0.6,R,2.3
9,4,0.4530334,0,0.3,R,0.9
9,4,0.5130384,0,0.7,R,2.1
9,4,0.5171519,0,0.2,R,1.3
9,4,0.3929727,0,0.4,R,1.8
9,4,0.4482681,0,0.2,R,1.1
9,4,0.4049996,0,0.3,R,0.9
9,4,0.3523844,1,0.3,R,1.6
9,4,0.5085299,0,0.2,R,1.8
9,4,0.2767683,1,0.8,R,2.3
9,4,0.2380822,1,0.7,R,1.4
9,4,0.3971824,0,0.2,R,1.8
9,4,0.4928167,1,0.7,R,1.3
9,4,0.4152447,0,0.4,R,1.4
9,4,0.1569397,1,0.8,R,1.1
9,4,0.1488439,0,0.2,R,1.1
9,4,0.4766573,0,0.2,R,2.1
9,4,0.5407941,1,0.5,R,1.1
9,4,0.4482255,0,0.5,R,1.3
9,4,0.4360838,1,0.8,R,2.1
9,4,0.5288423,1,0.7,R,2.1
9,4,0.2371448,1,0.6,R,1.3
10,1,0.3401823,1,0.5,R,1.6
10,1,0.3610291,1,0.6,R,0.9
10,1,0.3921653,0,0.2,R,1.9
10,1,0.9892753,1,0.5,R,0.9
10,1,0.5523461,0,0.5,R,2.3
10,1,0.4243506,0,0.4,R,1.9
10,1,0.437083,0,0.2,R,2.3
10,1,0.3134597,1,0.8,R,1.8
10,1,0.265037,1,0.7,R,1.4
10,1,0.3291485,0,0.4,R,2.1
10,1,0.4176592,0,0.2,R,1.4
10,1,0.224511,1,0.7,R,1.1
10,1,0.2598639,1,0.7,R,2.1
10,1,0.6691905,1,0.5,R,1.3
10,1,0.3402896,0,0.4,R,2.1
10,1,0.3014979,1,0.7,R,1.3
10,1,0.3084637,0,0.3,R,1.1
10,1,0.5814442,0,0.5,R,0.9
10,1,0.5170534,0,0.6,R,0.9
10,1,0.2761734,1,0.7,R,0.9
10,1,0.4295984,0,0.3,R,1.6
10,1,0.2136178,1,0.8,R,1.3
10,1,0.3774135,1,0.6,R,1.6
10,1,0.6055107,0,0.3,R,2.1
10,1,0.8738632,0,0.4,R,2.1
10,1,0.4694691,0,0.2,R,1.6
10,1,0.4091887,0,0.3,R,1.8
10,1,0.3523721,0,0.2,R,1.3
10,1,0.3723976,0,0.3,R,1.3
10,1,0.3244689,0,0.3,R,1.6
10,1,0.3804729,0,0.3,R,2.1
10,1,0.2181544,1,0.8,R,2.3
10,1,0.4204506,0,0.3,R,1.6
10,1,0.4284861,0,0.3,R,0.9
10,1,0.3798436,1,0.5,R,1.4
10,1,0.3372461,0,0.2,R,1.8
10,1,0.8816366,0,0.5,R,2.3
10,1,0.268435,1,0.6,R,1.3
10,1,0.3163803,1,0.7,R,1.6
10,1,0.3965877,0,0.3,R,2.3
10,1,0.2774173,1,0.6,R,1.6
10,1,0.2339914,1,0.7,R,2.3
10,1,0.2294776,1,0.7,R,1.3
10,1,0.2495132,1,0.8,R,1.4
10,1,1.0452568,1,0.6,R,2.3
10,1,0.1294584,1,0.8,R,2.1
10,1,0.5405221,0,0.5,R,1.9
10,1,0.7281481,1,0.5,R,1.6
10,1,0.2404993,1,0.8,R,1.4
10,1,0.9175359,1,0.6,R,1.4
10,1,0.4133233,0,0.2,R,2.3
10,1,0.2576208,1,0.7,R,1.4
10,1,0.2614084,1,0.6,R,2.1
10,1,0.2377071,1,0.7,R,1.4
10,1,0.4132488,0,0.3,R,2.1
10,1,0.9055879,0,0.5,R,1.4
10,1,0.3455012,0,0.3,R,1.9
10,1,0.3856377,0,0.2,R,2.3
10,1,0.3687443,0,0.4,R,2.1
10,1,0.3372092,0,0.2,R,0.9
10,1,0.400387,0,0.4,R,1.8
10,1,0.3320684,1,0.6,R,0.9
10,1,0.2331913,1,0.7,R,1.8
10,1,0.3015545,0,0.3,R,1.9
10,1,0.5893769,1,0.5,R,1.1
10,1,0.3356442,0,0.3,R,1.9
10,1,0.336556,0,0.4,R,1.8
10,1,0.472422,1,0.5,R,2.1
10,1,0.772945,1,0.5,R,2.3
10,1,0.4403095,1,0.5,R,1.6
10,1,0.2402056,1,0.8,R,2.3
10,1,0.2294096,1,0.8,R,1.1
10,1,0.4170174,0,0.2,R,1.8
10,1,0.4051684,0,0.2,R,1.6
10,1,0.4092623,1,0.5,R,2.3
10,1,0.1973912,1,0.8,R,1.8
10,2,0.456245,0,0.3,R,2.1
10,2,0.4130733,0,0.3,R,1.1
10,2,0.4964388,1,0.6,R,2.3
10,2,0.5575352,1,0.3,R,1.9
10,2,0.2608099,1,0.7,R,1.4
10,2,0.5205863,0,0.3,R,1.6
10,2,0.2454691,1,0.6,R,2.1
10,2,0.2895449,1,0.6,R,1.8
10,2,0.1814187,1,0.8,R,1.9
10,2,0.3053216,1,0.5,R,1.8
10,2,0.40117,0,0.2,R,1.9
10,2,0.2893128,1,0.6,R,2.3
10,2,0.2371867,1,0.7,R,1.9
10,2,0.2065961,1,0.7,R,2.3
10,2,0.4494434,0,0.2,R,2.3
10,2,0.4046129,0,0.3,R,1.9
10,2,0.166015,1,0.7,R,1.9
10,2,0.1858724,1,0.8,R,2.1
10,2,0.457403,0,0.4,R,1.3
10,2,0.3210718,1,0.6,R,1.4
10,2,0.5092927,0,0.6,R,1.4
10,2,0.4054668,0,0.2,R,1.3
10,2,0.4176072,0,0.3,R,2.3
10,2,0.2484818,1,0.6,R,1.4
10,2,0.2521224,1,0.5,R,1.3
10,2,0.2652798,1,0.5,R,2.3
10,2,0.3084727,1,0.5,R,1.8
10,2,0.1056457,1,0.8,R,0.9
10,2,0.2452022,1,0.7,R,2.3
10,2,0.3695318,0,0.2,R,1.6
10,2,0.3494004,0,0.2,R,1.1
10,2,0.3924022,0,0.4,R,1.9
10,2,0.5212786,0,0.4,R,1.3
10,2,0.4695933,0,0.3,R,1.6
10,2,0.2611184,1,0.8,R,1.6
10,2,0.2612512,1,0.6,R,1.3
10,2,0.1745847,1,0.7,R,1.6
10,2,0.330192,0,0.3,R,1.8
10,2,0.2281214,1,0.7,R,2.3
10,2,0.2212323,1,0.7,R,2.3
10,2,0.5254408,0,0.4,R,1.1
10,2,0.3883554,0,0.5,R,1.3
10,2,0.3852658,0,0.3,R,1.9
10,2,0.3132584,0,0.3,R,0.9
10,2,0.2526416,1,0.7,R,1.4
10,2,0.2722577,1,0.6,R,1.9
10,2,0.165213,1,0.7,R,2.3
10,2,0.4683956,0,0.3,R,1.4
10,2,0.6379164,1,0.8,R,1.8
10,2,0.236301,1,0.8,R,1.9
10,2,0.4294366,0,0.3,R,1.4
10,2,0.7811896,0,0.4,R,1.9
10,2,0.461011,1,0.5,R,1.8
10,2,0.7722484,0,0.5,R,1.9
10,2,0.2887171,1,0.7,R,1.8
10,2,0.4249686,1,0.5,R,1.3
10,2,0.4855606,0,0.3,R,1.6
10,2,0.249424,1,0.7,R,2.3
10,2,0.5371611,1,0.6,R,1.9
10,2,0.5416762,1,0.5,R,1.6
10,2,0.2362013,1,0.7,R,2.1
10,2,0.4318323,0,0.2,R,2.3
10,2,0.1931328,1,0.7,R,1.1
10,2,0.3805059,0,0.3,R,1.4
10,2,0.1095918,1,0.8,R,0.9
10,2,0.6679689,1,0.6,R,1.6
10,2,0.0863748000000002,1,0.8,R,1.6
10,2,0.2690472,1,0.6,R,1.1
10,2,0.2135764,1,0.7,R,1.6
10,2,0.257446,1,0.5,R,1.9
10,2,0.4085713,0,0.3,R,1.4
10,2,0.2249421,1,0.6,R,1.3
10,2,0.302553,0,0.5,R,1.9
10,2,0.2725077,1,0.6,R,1.8
10,2,0.2241456,1,0.7,R,1.8
10,3,0.8627559,1,0.3,R,1.1
10,3,0.2249567,1,0.5,R,1.8
10,3,0.324102,1,0.7,R,2.3
10,3,0.2821302,1,0.7,R,1.9
10,3,0.3099239,1,0.2,R,1.8
10,3,0.3512559,1,0.7,R,1.3
10,3,0.3624753,1,0.6,R,1.3
10,3,0.5595498,0,0.2,R,1.6
10,3,0.2706006,1,0.6,R,1.8
10,3,0.3293188,1,0.8,R,1.3
10,3,0.4839516,0,0.3,R,2.3
10,3,0.3691519,1,0.6,R,1.6
10,3,0.3136589,1,0.7,R,1.1
10,3,0.4646733,0,0.3,R,0.9
10,3,0.5101078,0,0.4,R,0.9
10,3,0.4127112,0,0.2,R,2.3
10,3,0.3048364,1,0.7,R,2.3
10,3,0.3655229,1,0.8,R,1.8
10,3,0.3139198,1,0.5,R,2.3
10,3,0.2740954,1,0.8,R,2.1
10,3,0.3025019,1,0.5,R,1.8
10,3,0.8461846,0,0.3,R,2.3
10,3,0.5696064,0,0.2,R,1.6
10,3,0.2562104,1,0.7,R,0.9
10,3,0.4326405,0,0.4,R,0.9
10,3,0.4050815,0,0.5,R,0.9
10,3,0.2453267,1,0.8,R,2.3
10,3,0.4867455,0,0.3,R,1.9
10,3,1.1662993,1,0.5,R,1.6
10,3,0.4926283,0,0.5,R,1.3
10,3,0.5006839,0,0.4,R,2.1
10,3,0.3763236,1,0.6,R,2.1
10,3,0.313745,1,0.7,R,2.1
10,3,0.4056268,1,0.8,R,2.3
10,3,0.2575218,1,0.7,R,1.1
10,3,0.4704603,1,0.5,R,1.1
10,3,0.320532,1,0.8,R,1.6
10,3,0.2886626,1,0.5,R,0.9
10,3,0.4768418,0,0.2,R,1.1
10,3,0.4330915,0,0.3,R,0.9
10,3,0.600594,1,0.5,R,1.4
10,3,0.600462,1,0.5,R,2.3
10,3,0.5433468,0,0.2,R,2.3
10,3,0.3487495,1,0.6,R,1.8
10,3,0.5202014,0,0.2,R,1.8
10,3,0.5408618,0,0.3,R,1.8
10,3,0.2962792,1,0.7,R,1.6
10,3,0.3528342,1,0.8,R,1.9
10,3,0.3729659,1,0.6,R,2.1
10,3,0.3327145,1,0.6,R,2.3
10,3,0.3247616,1,0.6,R,1.1
10,3,0.5007787,1,0.8,R,0.9
10,3,0.3003304,1,0.8,R,1.1
10,3,0.6360694,0,0.2,R,1.6
10,3,0.3125992,1,0.6,R,1.9
10,3,0.3126764,1,0.5,R,1.4
10,3,0.6486002,0,0.5,R,1.4
10,3,0.4202909,1,0.6,R,2.3
10,3,0.3644323,1,0.6,R,1.9
10,3,0.3843217,1,0.7,R,1.4
10,3,0.3125651,1,0.7,R,1.6
10,3,0.5083608,1,0.6,R,2.1
10,3,0.9375022,1,0.5,R,1.4
10,3,0.2684793,1,0.7,R,2.3
10,3,0.281345,1,0.5,R,1.8
10,3,1.5256376,1,0.4,R,1.4
10,3,0.5693196,0,0.3,R,0.9
10,3,0.2454853,1,0.7,R,2.1
10,3,0.8252157,1,0.5,R,1.8
10,3,0.8565084,0,0.2,R,0.9
10,3,0.5973403,0,0.4,R,1.8
10,3,0.3333539,1,0.8,R,1.1
10,3,0.3136408,1,0.6,R,1.1
10,3,0.2897465,1,0.8,R,2.3
10,3,0.4464205,0,0.3,R,0.9
10,3,0.266515,1,0.8,R,1.4
10,3,0.2333674,1,0.7,R,2.3
10,3,0.7016231,1,0.5,R,1.4
10,3,0.2683183,1,0.7,R,2.3
10,3,0.3015575,1,0.7,R,2.3
10,3,0.5894711,0,0.3,R,2.1
10,3,0.2853287,1,0.5,R,1.4
10,3,0.2562114,1,0.8,R,2.1
10,4,0.284357,1,0.3,R,0.9
10,4,0.3005566,1,0.5,R,1.1
10,4,0.2642233,1,0.5,R,2.1
10,4,0.5766396,0,0.2,R,1.9
10,4,0.5132131,0,0.2,R,0.9
10,4,0.2883826,1,0.8,R,0.9
10,4,0.2816596,1,0.7,R,0.9
10,4,0.2725593,1,0.7,R,2.3
10,4,0.773395,1,0.5,R,1.3
10,4,0.3725183,1,0.6,R,1.9
10,4,0.6135921,0,0.3,R,2.1
10,4,0.2453827,1,0.8,R,1.8
10,4,0.5323796,0,0.4,R,1.9
10,4,0.2893601,1,0.8,R,1.3
10,4,0.4002388,1,0.6,R,1.9
10,4,0.3013747,1,0.7,R,1.8
10,4,0.5365432,0,0.4,R,1.4
10,4,0.2813594,1,0.8,R,2.1
10,4,0.3242874,1,0.5,R,1.8
10,4,0.5002163,0,0.3,R,1.8
10,4,0.2654853,1,0.7,R,1.8
10,4,0.90954,1,0.5,R,2.1
10,4,0.4205877,0,0.4,R,1.9
10,4,0.4723523,0,0.4,R,2.1
10,4,0.3655964,0,0.3,R,1.3
10,4,0.3572229,0,0.5,R,2.1
10,4,0.3491377,0,0.4,R,1.3
10,4,0.332568,1,0.7,R,1.6
10,4,0.4100389,0,0.3,R,2.3
10,4,0.5303968,0,0.6,R,1.3
10,4,0.5243791,0,0.5,R,0.9
10,4,0.2401346,1,0.7,R,1.1
10,4,0.2452528,1,0.8,R,1.8
10,4,0.2294629,1,0.8,R,1.9
10,4,0.7650186,0,0.3,R,1.8
10,4,0.2774007,1,0.7,R,1.8
10,4,0.5335553,1,0.6,R,1.8
10,4,0.4093936,0,0.3,R,2.3
10,4,0.6825713,1,0.5,R,2.1
10,4,0.4693814,0,0.4,R,1.9
10,4,0.2552494,1,0.8,R,1.1
10,4,0.3123571,1,0.8,R,1.9
10,4,0.4212521,0,0.3,R,0.9
10,4,0.8043329,0,0.5,R,1.8
10,4,0.315092,1,0.7,R,2.1
10,4,0.4377729,0,0.5,R,1.6
10,4,0.3886942,0,0.3,R,1.1
10,4,0.2975306,1,0.8,R,0.9
10,4,0.4943844,0,0.5,R,1.6
10,4,0.512579,0,0.2,R,1.1
10,4,0.2134215,1,0.7,R,1.3
10,4,0.3041708,1,0.8,R,2.3
10,4,0.4762522,0,0.5,R,2.3
10,4,0.6942296,1,0.5,R,1.9
10,4,0.4255574,0,0.2,R,1.6
10,4,0.3302951,1,0.5,R,1.6
10,4,0.3883356,0,0.3,R,2.3
10,4,0.2345817,1,0.8,R,1.4
10,4,0.385298,0,0.3,R,1.4
10,4,0.2847028,1,0.6,R,2.1
10,4,0.2454772,1,0.5,R,1.6
10,4,0.4043979,1,0.7,R,1.3
10,4,0.4246602,0,0.2,R,1.3
10,4,0.3485454,0,0.5,R,2.1
10,4,0.3924832,0,0.5,R,0.9
10,4,0.3356323,1,0.7,R,2.3
10,4,0.509566,0,0.5,R,2.1
10,4,0.3522749,1,0.7,R,1.4
10,4,0.3330399,0,0.4,R,1.8
10,4,0.2854948,1,0.6,R,1.6
10,4,0.2525776,1,0.6,R,1.9
10,4,0.3050166,1,0.6,R,2.3
10,4,0.2774921,1,0.6,R,2.1
10,4,0.5097811,0,0.5,R,1.4
10,4,0.2401733,1,0.6,R,1.9
10,4,0.4375262,0,0.3,R,1.4
10,4,0.4893365,0,0.5,R,2.1
10,4,0.51668,0,0.5,R,1.6
10,4,0.2612995,1,0.7,R,1.1
10,4,0.4565268,0,0.2,R,1.6
10,4,0.2856321,1,0.8,R,1.8
11,1,0.6290375,1,0.3,R,1.4
11,1,0.6538871,1,0.4,R,2.3
11,1,0.600849,0,0.3,R,1.3
11,1,0.1843511,1,0.4,R,1.1
11,1,0.1246291,1,0.5,R,0.9
11,1,0.1923,1,0.5,R,1.8
11,1,0.3617198,0,0.2,R,0.9
11,1,0.2281502,1,0.5,R,1.1
11,1,0.4094723,0,0.2,R,2.3
11,1,0.7941843,0,0.4,R,1.6
11,1,0.1726897,1,0.6,R,2.3
11,1,0.3364169,0,0.2,R,1.9
11,1,0.1044036,1,0.6,R,1.8
11,1,0.2773949,1,0.5,R,1.1
11,1,0.2408731,1,0.7,R,1.3
11,1,0.6895528,0,0.2,R,1.9
11,1,0.1734766,1,0.7,R,1.4
11,1,0.5400574,0,0.2,R,2.3
11,1,0.4293877,0,0.2,R,2.1
11,1,0.3371819,0,0.2,R,1.1
11,1,0.3815398,0,0.2,R,0.9
11,1,0.2485274,1,0.3,R,1.3
11,1,0.6895149,0,0.4,R,1.1
11,1,0.0931392,1,0.5,R,1.6
11,1,0.2494043,1,0.5,R,2.1
11,1,0.0966486000000002,1,0.4,R,0.9
11,1,0.1495451,1,0.4,R,0.9
11,1,0.0536312999999997,1,0.6,R,1.1
11,1,0.2856185,1,0.3,R,2.1
11,1,0.5646152,0,0.3,R,1.8
11,1,0.3935059,0,0.2,R,1.4
11,1,0.065663,0,0.5,R,1.4
11,1,0.4170795,0,0.3,R,1.1
11,1,0.87665,1,0.5,R,1.1
11,1,0.5926019,0,0.3,R,1.3
11,1,0.4361812,0,0.3,R,1.4
11,1,0.5374829,0,0.3,R,0.9
11,1,0.6165615,0,0.4,R,2.3
11,1,0.164574,1,0.7,R,1.6
11,1,0.2815986,1,0.4,R,1.3
11,1,0.2768786,1,0.5,R,1.1
11,1,0.6323797,0,0.3,R,0.9
11,2,0.1085062,1,0.6,R,1.9
11,2,0.2286011,1,0.4,R,1.3
11,2,0.2081941,1,0.4,R,2.3
11,2,0.0727000000000002,1,0.6,R,1.4
11,2,0.5534343,0,0.3,R,0.9
11,2,0.0526574,1,0.7,R,1.9
11,2,0.0604299999999998,1,0.7,R,1.9
11,2,0.5324453,0,0.4,R,1.3
11,2,0.1613772,1,0.6,R,1.6
11,2,0.2855861,0,0.2,R,1.1
11,2,0.1504705,1,0.5,R,2.3
11,2,0.2490261,1,0.3,R,1.6
11,2,0.4055041,1,0.5,R,2.1
11,2,0.2856735,1,0.3,R,1.8
11,2,0.2610382,1,0.6,R,2.1
11,2,0.1817038,0,0.5,R,1.8
11,2,0.3323614,0,0.3,R,1.4
11,2,0.317042,0,0.2,R,1.1
11,2,0.4404756,0,0.4,R,1.1
11,2,0.3764685,0,0.2,R,1.4
11,2,0.4002475,0,0.2,R,2.1
11,2,0.3207341,0,0.2,R,2.3
11,2,0.3334869,0,0.6,R,1.4
11,2,0.3255973,0,0.2,R,1.3
11,2,0.2324903,1,0.6,R,1.4
11,2,0.4604008,1,0.5,R,1.9
11,2,0.3375097,0,0.3,R,2.3
11,2,0.2898148,0,0.4,R,1.3
11,2,0.408247,1,0.6,R,1.9
11,2,0.4092647,1,0.4,R,1.9
11,2,0.4046605,1,0.6,R,0.9
11,2,0.7642815,0,0.3,R,2.1
11,2,0.1807225,1,0.7,R,0.9
11,2,0.4721738,1,0.4,R,1.8
11,2,0.4536297,0,0.8,R,2.1
11,2,0.7003743,1,0.3,R,2.3
11,2,0.3168106,1,0.4,R,1.9
11,2,0.3175316,0,0.2,R,0.9
11,2,0.1405168,1,0.7,R,1.9
11,2,0.3544396,0,0.6,R,1.9
11,2,0.4735495,0,0.2,R,0.9
11,2,0.173581,1,0.7,R,0.9
11,2,0.3082888,1,0.5,R,2.1
11,2,0.3520917,0,0.3,R,1.8
11,2,0.2413268,1,0.7,R,1.8
11,2,0.2733222,1,0.5,R,1.8
11,2,0.3762779,1,0.4,R,1.3
11,2,0.0977173,0,0.6,R,1.1
11,2,0.2002254,1,0.6,R,1.1
11,2,0.7241216,0,0.5,R,1.9
11,2,0.2324243,1,0.5,R,1.6
11,2,0.6176201,0,0.2,R,1.3
11,2,0.1644217,1,0.7,R,2.3
11,2,0.0614924000000001,1,0.7,R,1.4
11,2,0.0846061000000002,1,0.8,R,1.1
11,2,0.6257967,1,0.4,R,1.3
11,2,0.5336051,0,0.2,R,1.3
11,2,0.3135257,0,0.3,R,1.8
11,2,0.393421,1,0.7,R,1.6
11,2,0.1374747,0,0.7,R,2.1
11,3,0.126716,1,0.7,R,1.3
11,3,0.2518625,1,0.5,R,1.6
11,3,0.2398318,1,0.5,R,1.4
11,3,0.2901946,0,0.3,R,1.3
11,3,0.5239207,0,0.2,R,2.1
11,3,0.1778051,1,0.7,R,1.3
11,3,0.3519819,0,0.2,R,1.1
11,3,0.6269537,1,0.5,R,1.4
11,3,0.2593625,1,0.6,R,1.9
11,3,0.3118131,0,0.2,R,1.1
11,3,0.2390345,0,0.4,R,2.1
11,3,0.108634,0,0.5,R,1.4
11,3,0.1847994,0,0.6,R,1.6
11,3,0.1967419,1,0.6,R,1.6
11,3,0.4469555,0,0.5,R,2.1
11,3,0.2187614,0,0.4,R,2.1
11,3,0.0543962000000002,0,0.5,R,1.8
11,3,0.1137118,0,0.2,R,1.9
11,3,0.1739566,1,0.8,R,1.6
11,3,0.1414559,0,0.3,R,0.9
11,3,0.321299,1,0.6,R,0.9
11,3,0.29365,0,0.4,R,1.1
11,3,0.2615466,0,0.4,R,0.9
11,3,0.2963,0,0.3,R,1.1
11,3,0.1373099,1,0.6,R,1.8
11,3,0.3254763,0,0.2,R,2.3
11,3,0.1104299,1,0.8,R,0.9
11,3,0.2733864,0,0.4,R,2.3
11,3,0.1533652,1,0.6,R,1.3
11,3,0.2935283,1,0.6,R,1.6
11,3,0.3292914,0,0.4,R,1.4
11,3,0.396357,0,0.2,R,1.9
11,3,0.0653314000000003,1,0.8,R,1.8
11,3,0.277561,0,0.3,R,1.4
11,3,0.2978909,1,0.5,R,2.3
11,3,0.7099419,0,0.3,R,2.1
11,3,0.1176939,1,0.7,R,2.1
11,3,0.1738434,0,0.3,R,2.1
11,3,0.3132292,0,0.6,R,1.4
11,3,0.2848381,0,0.3,R,2.1
11,3,0.0685873999999997,1,0.8,R,1.3
11,3,0.1179034,1,0.4,R,1.4
11,3,0.4814111,0,0.2,R,1.8
11,4,0.1074284,1,0.6,R,1.9
11,4,1.0403371,0,0.4,R,1.1
11,4,0.2355474,1,0.4,R,0.9
11,4,0.2164895,1,0.6,R,1.6
11,4,0.0625010000000001,1,0.4,R,0.9
11,4,0.104773,1,0.6,R,2.3
11,4,0.1156774,1,0.2,R,1.8
11,4,0.2156219,1,0.5,R,1.9
11,4,0.169546,1,0.5,R,1.1
11,4,0.1923172,1,0.7,R,0.9
11,4,0.2561656,1,0.2,R,2.3
11,4,0.3215616,1,0.3,R,1.6
11,4,0.5293265,0,0.3,R,1.1
11,4,0.1846707,0,0.8,R,1.1
11,4,0.3883123,0,0.2,R,2.3
11,4,0.1005184,1,0.6,R,1.6
11,4,0.2534654,1,0.4,R,1.6
11,4,0.4258362,0,0.3,R,1.3
11,4,0.2292785,1,0.5,R,0.9
11,4,0.3014701,1,0.5,R,2.3
11,4,0.5482458,1,0.4,R,2.3
11,4,0.2284244,1,0.6,R,0.9
11,4,0.5654825,0,0.3,R,0.9
11,4,0.2682628,1,0.4,R,1.3
11,4,0.2725389,1,0.6,R,1.9
11,4,0.2809261,1,0.5,R,1.4
11,4,0.3202372,1,0.6,R,1.9
11,4,0.4884284,0,0.2,R,1.4
11,4,0.1775236,1,0.5,R,1.8
11,4,0.1936311,1,0.6,R,0.9
11,4,0.3491998,1,0.3,R,1.9
11,4,0.5783475,0,0.2,R,2.3
11,4,0.2970814,1,0.5,R,1.6
11,4,0.5964613,1,0.3,R,0.9
11,4,0.5125713,0,0.4,R,2.3
11,4,0.1454129,1,0.7,R,1.8
11,4,0.3902755,1,0.7,R,1.3
11,4,0.6213824,1,0.4,R,1.3
11,4,0.3283014,1,0.3,R,1.3
11,4,0.1860353,1,0.8,R,0.9
11,4,0.1283822,1,0.6,R,1.6
11,4,0.4561843,0,0.3,R,1.4
11,4,0.1918828,1,0.5,R,0.9
11,4,0.2334216,1,0.4,R,1.9
12,1,0.3689791,1,0.5,R,2.1
12,1,0.4887866,1,0.7,R,1.6
12,1,0.5353328,1,0.7,R,1.3
12,1,0.4266887,1,0.5,R,1.6
12,1,0.4791987,1,0.5,R,1.4
12,1,0.2635066,1,0.8,R,1.3
12,1,0.3710039,0,0.3,R,1.8
12,1,0.4195897,0,0.3,R,1.3
12,1,0.4751508,0,0.2,R,2.1
12,1,0.4340241,1,0.7,R,1.3
12,1,0.3835256,0,0.2,R,1.1
12,1,0.4742363,1,0.5,R,1.4
12,1,0.6890009,1,0.6,R,1.9
12,1,0.4392505,0,0.2,R,1.1
12,1,0.367225,1,0.4,R,2.1
12,1,0.4130337,1,0.5,R,1.4
12,1,0.3180816,1,0.7,R,1.1
12,1,0.3941631,1,0.6,R,1.6
12,1,0.4370918,1,0.6,R,1.6
12,1,0.3998681,1,0.6,R,2.3
12,1,0.2849721,1,0.5,R,2.1
12,1,0.0593838999999998,1,0.4,R,2.1
12,1,0.4448567,1,0.5,R,1.8
12,1,0.473014,1,0.6,R,0.9
12,1,0.3097851,1,0.5,R,1.3
12,1,0.532714,1,0.4,R,0.9
12,1,0.3337415,1,0.8,R,1.9
12,1,0.2885147,1,0.7,R,2.3
12,1,0.3689035,0,0.2,R,1.9
12,1,0.4705423,1,0.8,R,2.1
12,1,0.3331604,1,0.8,R,1.6
12,1,0.7241304,0,0.3,R,0.9
12,1,0.4732242,0,0.6,R,0.9
12,1,0.4649432,1,0.6,R,1.6
12,1,0.4577145,1,0.5,R,1.1
12,1,0.7578195,1,0.4,R,1.1
12,1,0.2766743,1,0.4,R,0.9
12,1,0.5379761,0,0.3,R,1.1
12,1,0.4809897,1,0.6,R,1.8
12,1,0.7570803,0,0.2,R,2.3
12,1,0.4767267,1,0.8,R,0.9
12,1,0.3929109,1,0.4,R,2.3
12,1,1.0562807,0,0.6,R,1.3
12,1,0.4612971,1,0.6,R,1.6
12,1,0.5213052,1,0.5,R,1.1
12,1,0.7250901,0,0.2,R,1.3
12,1,0.6412505,0,0.4,R,1.4
12,1,0.4600947,0,0.2,R,1.9
12,1,0.3771545,1,0.8,R,1.8
12,1,0.3809302,1,0.7,R,2.3
12,1,0.6697333,0,0.3,R,1.4
12,1,0.7851444,0,0.5,R,2.3
12,1,0.4250798,0,0.3,R,2.3
12,1,0.3528658,1,0.7,R,1.1
12,1,0.3490043,1,0.7,R,2.3
12,1,0.8249168,1,0.6,R,2.1
12,1,0.6211152,0,0.3,R,2.1
12,1,0.2928985,1,0.7,R,2.1
12,1,0.5818072,0,0.3,R,2.1
12,1,0.3770171,1,0.8,R,0.9
12,1,0.4248476,1,0.8,R,0.9
12,1,0.3650247,1,0.7,R,1.8
12,1,0.6769837,1,0.7,R,1.8
12,1,0.4252847,0,0.6,R,1.4
12,1,0.5247093,0,0.3,R,0.9
12,1,0.3412986,0,0.3,R,2.1
12,1,0.4359095,1,0.8,R,1.3
12,1,1.4448947,1,0.4,R,1.4
12,1,0.6329991,0,0.2,R,1.8
12,2,0.6894085,0,0.5,R,1.6
12,2,0.5489588,1,0.5,R,2.1
12,2,0.2367881,1,0.7,R,2.1
12,2,0.368968,1,0.8,R,0.9
12,2,0.3051623,0,0.2,R,1.9
12,2,0.2727941,1,0.6,R,2.1
12,2,0.3689475,1,0.4,R,2.1
12,2,0.3647591,1,0.7,R,1.9
12,2,0.8168699,1,0.8,R,1.9
12,2,1.2728551,0,0.3,R,1.4
12,2,0.492841,0,0.4,R,1.1
12,2,2.0649042,1,0.8,R,1.3
12,2,0.2449973,1,0.7,R,2.1
12,2,0.2728893,1,0.6,R,2.3
12,2,0.4372711,1,0.3,R,2.3
12,2,0.4048309,0,0.3,R,2.3
12,2,0.2804488,1,0.6,R,1.9
12,2,0.673001,0,0.4,R,1.8
12,2,0.3689149,1,0.7,R,1.8
12,2,0.3651148,0,0.2,R,1.4
12,2,0.3139509,0,0.6,R,1.8
12,2,0.3797332,0,0.2,R,0.9
12,2,0.3369891,1,0.6,R,2.1
12,2,0.45315,0,0.5,R,0.9
12,2,0.4210788,1,0.4,R,1.1
12,2,1.0420251,0,0.6,R,2.1
12,2,0.5689525,0,0.2,R,2.1
12,2,0.4089779,0,0.2,R,1.1
12,2,0.4458329,0,0.3,R,1.9
12,2,0.2859509,1,0.5,R,1.8
12,2,0.2798898,1,0.8,R,1.6
12,2,0.66065,0,0.7,R,1.6
12,2,0.7679421,0,0.3,R,1.6
12,2,0.8049988,1,0.4,R,1.6
12,2,1.1769399,0,0.2,R,2.1
12,2,0.7252295,0,0.3,R,0.9
12,2,0.3970745,0,0.3,R,1.3
12,2,0.3722299,0,0.3,R,1.6
12,2,0.6048262,1,0.6,R,2.3
12,2,0.5359291,0,0.3,R,1.8
12,2,0.2581645,1,0.8,R,0.9
12,2,0.2425867,1,0.7,R,1.9
12,2,0.264905,1,0.8,R,1.4
12,2,0.4340179,0,0.3,R,1.3
12,2,0.364854,1,0.7,R,2.1
12,2,0.3049709,0,0.2,R,1.1
12,2,0.3813802,0,0.2,R,2.3
12,2,0.2931509,1,0.7,R,1.3
12,2,0.4678614,1,0.7,R,1.8
12,2,0.5088213,0,0.2,R,1.9
12,2,0.4648673,0,0.5,R,0.9
12,2,0.5656372,0,0.8,R,1.9
12,2,0.4049593,1,0.8,R,1.4
12,2,0.4010007,1,0.7,R,1.8
12,2,0.2692855,0,0.8,R,0.9
12,2,0.3458668,0,0.6,R,1.8
12,2,0.3850834,0,0.5,R,1.6
12,2,0.7597643,0,0.4,R,1.4
12,2,0.3339287,1,0.8,R,2.1
12,2,0.3538667,1,0.6,R,1.4
12,2,0.7857387,1,0.4,R,0.9
12,2,0.6040928,1,0.7,R,1.1
12,2,0.7038181,1,0.8,R,1.8
12,2,0.9729629,0,0.6,R,1.4
12,2,0.4850015,1,0.4,R,2.3
12,2,0.416956,0,0.3,R,2.3
12,2,1.5322955,0,0.3,R,1.6
12,2,0.4819326,0,0.3,R,1.6
12,2,0.3509561,1,0.6,R,1.9
12,2,0.5654025,1,0.5,R,1.1
12,2,0.2563551,0,0.7,R,1.9
12,2,0.2849562,1,0.4,R,1.9
12,2,0.8212167,1,0.4,R,1.6
12,2,0.5250004,1,0.8,R,1.3
12,3,0.3238798,1,0.4,R,1.3
12,3,0.2910004,1,0.6,R,2.1
12,3,0.9637282,0,0.3,R,2.1
12,3,0.2638661,1,0.5,R,2.3
12,3,0.2531037,1,0.8,R,1.8
12,3,0.3024335,0,0.6,R,0.9
12,3,0.2734111,0,0.4,R,2.3
12,3,0.3051624,0,0.8,R,0.9
12,3,1.8130303,0,0.7,R,1.1
12,3,0.2810347,0,0.3,R,2.3
12,3,0.3562213,1,0.7,R,2.3
12,3,0.3930796,0,0.2,R,1.3
12,3,0.3720812,1,0.7,R,1.9
12,3,0.4558016,0,0.3,R,1.4
12,3,0.264846,1,0.7,R,0.9
12,3,0.2322973,0,0.6,R,1.8
12,3,0.2650866,0,0.5,R,1.4
12,3,0.2769294,0,0.7,R,1.6
12,3,0.5816723,0,0.2,R,1.1
12,3,0.3286285,1,0.8,R,1.8
12,3,0.3166261,1,0.8,R,1.4
12,3,0.308979,0,0.4,R,1.8
12,3,0.4128199,0,0.2,R,1.6
12,3,0.3168745,1,0.8,R,0.9
12,3,0.2241847,0,0.4,R,1.8
12,3,0.2410222,0,0.7,R,1.1
12,3,0.3683995,1,0.6,R,2.1
12,3,0.2565802,1,0.8,R,2.3
12,3,0.2804957,1,0.5,R,1.3
12,3,0.6558544,0,0.4,R,1.3
12,3,0.420935,0,0.5,R,1.4
12,3,0.3494337,1,0.3,R,1.6
12,3,0.2686608,0,0.3,R,1.3
12,3,0.1102751,0,0.5,R,1.1
12,3,1.6680155,0,0.8,R,1.4
12,3,0.3810773,1,0.6,R,1.4
12,3,0.1377513,0,0.5,R,1.9
12,3,1.2770267,0,0.5,R,1.6
12,3,0.3931358,0,0.2,R,1.6
12,3,0.2928506,1,0.6,R,2.1
12,3,0.3008296,1,0.7,R,2.1
12,3,0.292514,1,0.5,R,1.3
12,3,0.6091021,1,0.6,R,0.9
12,3,0.2889189,1,0.8,R,1.8
12,3,0.4329291,0,0.3,R,1.1
12,3,0.4087442,0,0.6,R,1.8
12,3,0.4608022,0,0.3,R,1.1
12,3,0.2530447,0,0.7,R,1.4
12,3,0.2737305,0,0.7,R,1.6
12,3,0.8809145,1,0.6,R,2.1
12,3,0.1821484,0,0.5,R,1.3
12,3,0.3819318,0,0.3,R,0.9
12,3,0.3328842,0,0.3,R,1.1
12,3,0.3369149,0,0.4,R,2.3
12,3,0.5128229,1,0.5,R,1.9
12,3,0.2850697,1,0.6,R,1.9
12,3,1.9412088,1,0.3,R,2.3
12,3,0.3690267,1,0.4,R,2.1
12,3,0.4726579,0,0.8,R,1.4
12,3,0.2698003,0,0.6,R,1.4
12,3,0.4768778,0,0.5,R,1.1
12,3,0.3110344,1,0.3,R,1.3
12,3,0.4128785,1,0.7,R,1.6
12,3,0.2607023,1,0.8,R,1.8
12,3,0.5847467,0,0.2,R,1.1
12,3,0.3239259,0,0.5,R,1.6
12,3,0.2688907,1,0.6,R,1.9
12,3,0.388985,1,0.3,R,1.1
12,3,0.3089459,1,0.7,R,1.3
12,3,0.3279803,0,0.2,R,2.1
12,3,0.5648799,0,0.3,R,1.6
12,3,0.2487522,1,0.8,R,1.9
12,3,0.3850991,1,0.3,R,1.6
12,4,1.7049364,0,0.5,R,1.1
12,4,0.3010042,1,0.7,R,1.3
12,4,0.2497872,1,0.6,R,1.8
12,4,0.3459137,0,0.3,R,1.8
12,4,0.3249471,0,0.2,R,1.6
12,4,0.3128644,0,0.2,R,1.4
12,4,1.5646628,0,0.6,R,2.3
12,4,0.2728733,1,0.6,R,1.9
12,4,0.3130047,0,0.5,R,1.8
12,4,0.2530599,1,0.5,R,0.9
12,4,0.2565942,0,0.3,R,1.3
12,4,0.3647476,1,0.4,R,1.8
12,4,0.5088472,1,0.6,R,1.9
12,4,1.3526983,0,0.5,R,1.9
12,4,0.483869,1,0.6,R,1.3
12,4,0.248723,0,0.6,R,0.9
12,4,0.22878,0,0.3,R,1.9
12,4,0.6488395,0,0.4,R,2.1
12,4,0.313902,1,0.8,R,1.4
12,4,0.2370161,1,0.8,R,1.1
12,4,0.3449197,0,0.4,R,2.1
12,4,0.7526742,0,0.4,R,1.8
12,4,0.452953,0,0.4,R,1.8
12,4,0.3811311,0,0.2,R,1.1
12,4,0.4448642,0,0.2,R,1.8
12,4,0.8848026,1,0.6,R,1.3
12,4,0.2488854,0,0.6,R,2.3
12,4,0.0811002000000001,0,0.3,R,0.9
12,4,0.2727422,0,0.6,R,1.9
12,4,0.6606945,0,0.5,R,1.3
12,4,0.3849065,1,0.3,R,1.1
12,4,0.2611415,1,0.7,R,1.4
12,4,0.3741649,0,0.3,R,1.8
12,4,0.3407786,0,0.2,R,2.3
12,4,0.3057488,0,0.4,R,1.8
12,4,0.5686766,0,0.5,R,1.8
12,4,0.2293529,1,0.2,R,0.9
12,4,0.5781736,0,0.4,R,0.9
12,4,0.3689802,1,0.4,R,1.9
12,4,0.2526528,0,0.5,R,2.1
12,4,1.040745,1,0.6,R,2.3
12,4,0.32081,0,0.8,R,2.3
12,4,0.2846992,0,0.5,R,0.9
12,4,0.2447808,1,0.7,R,1.9
12,4,0.6289815,0,0.3,R,1.1
12,4,0.5851987,1,0.6,R,1.8
12,4,0.1593564,0,0.5,R,1.6
12,4,1.881211,1,0.2,R,1.1
12,4,0.2556487,1,0.8,R,2.3
12,4,0.6540433,0,0.3,R,1.1
12,4,0.3809825,0,0.2,R,1.6
12,4,0.2082024,0,0.4,R,1.9
12,4,0.8047406,0,0.5,R,2.1
12,4,0.4730224,1,0.7,R,1.1
12,4,0.8408652,0,0.4,R,0.9
12,4,0.3728278,0,0.5,R,0.9
12,4,0.3086691,0,0.8,R,1.6
12,4,0.6368559,0,0.3,R,1.1
12,4,0.2968536,0,0.2,R,1.6
12,4,0.4381785,0,0.4,R,1.4
12,4,0.3530097,0,0.2,R,1.3
12,4,0.1490183,0,0.2,R,1.9
12,4,0.5220028,0,0.8,R,2.3
12,4,0.433861,0,0.2,R,1.1
12,4,0.3250423,0,0.7,R,1.3
12,4,0.2844055,1,0.4,R,1.4
12,4,0.2604518,1,0.7,R,1.6
12,4,0.3259222,1,0.7,R,1.6
12,4,0.4811647,0,0.6,R,1.6
12,4,0.2885235,1,0.5,R,0.9
12,4,0.2696416,1,0.8,R,1.8
12,4,0.4407856,1,0.7,R,2.1
12,4,0.2889053,0,0.4,R,0.9
13,1,0.4766438,1,0.8,R,0.9
13,1,0.6169054,0,0.2,R,0.9
13,1,0.4870666,1,0.6,R,0.9
13,1,0.4999163,0,0.2,R,2.3
13,1,0.6327487,0,0.2,R,1.8
13,1,0.5408427,0,0.2,R,1.6
13,1,0.7016117,1,0.5,R,1.9
13,1,0.4206222,1,0.7,R,1.4
13,1,0.3807895,1,0.6,R,2.1
13,1,0.3531441,1,0.8,R,0.9
13,1,0.6448542,0,0.3,R,1.9
13,1,0.713596,0,0.5,R,1.9
13,1,0.616822,0,0.2,R,1.3
13,1,0.7328775,0,0.3,R,1.4
13,1,0.729011,0,0.4,R,1.3
13,1,0.6491093,0,0.2,R,1.9
13,1,0.7569704,0,0.3,R,0.9
13,1,0.6009631,1,0.8,R,1.9
13,1,1.4169296,1,0.8,R,1.1
13,1,0.4646444,1,0.8,R,1.1
13,1,0.4410183,1,0.8,R,0.9
13,1,0.3336961,1,0.8,R,1.8
13,1,0.8207637,1,0.6,R,1.9
13,1,0.4730159,1,0.8,R,1.1
13,1,0.6970584,0,0.2,R,1.6
13,1,0.3007484,1,0.6,R,2.1
13,1,0.8809135,0,0.4,R,1.9
13,1,0.4248638,1,0.8,R,0.9
13,1,0.53836,0,0.2,R,2.1
13,1,0.5487976,0,0.3,R,2.3
13,1,0.4609072,1,0.7,R,1.6
13,1,0.6612236,0,0.4,R,1.8
13,1,0.5529529,0,0.3,R,2.1
13,1,0.7250665,0,0.3,R,1.6
13,1,0.6650505,1,0.6,R,1.3
13,1,0.6610551,0,0.3,R,1.8
13,1,0.5009313,1,0.7,R,1.8
13,1,0.964134,1,0.4,R,1.8
13,1,0.4329308,1,0.7,R,2.3
13,1,0.6127065,1,0.7,R,1.3
13,1,0.649132,0,0.2,R,0.9
13,1,0.6406532,0,0.4,R,1.4
13,1,0.5282028,1,0.5,R,2.1
13,1,0.5038705,1,0.3,R,1.4
13,1,0.5210851,0,0.2,R,1.6
13,1,0.7630492,0,0.5,R,1.9
13,1,0.6089583,0,0.2,R,1.8
13,1,0.4818296,1,0.3,R,1.8
13,1,0.569178,1,0.6,R,1.4
13,1,0.6288822,0,0.3,R,1.6
13,1,0.4167937,1,0.7,R,2.3
13,1,0.5767978,1,0.7,R,2.1
13,1,0.3448589,1,0.8,R,2.1
13,1,0.7410574,0,0.5,R,1.4
13,1,0.5449875,1,0.6,R,1.9
13,1,0.2288957,1,0.5,R,0.9
13,1,0.2891979,1,0.8,R,1.3
13,1,0.7328862,0,0.3,R,1.6
13,1,0.308918,1,0.8,R,2.1
13,1,0.337776,1,0.6,R,2.3
13,1,0.6099708,0,0.4,R,0.9
13,1,0.4932564,1,0.6,R,0.9
13,1,0.2568877,1,0.6,R,1.8
13,1,0.6407324,0,0.3,R,1.9
13,1,0.3931288,1,0.8,R,1.3
13,1,0.4969617,1,0.8,R,2.3
13,1,0.6849013,1,0.5,R,1.9
13,1,0.3318418,1,0.8,R,1.1
13,1,0.4258794,1,0.8,R,1.8
13,1,0.3127242,1,0.8,R,1.9
13,1,0.5693497,0,0.2,R,1.6
13,1,0.5730789,0,0.2,R,1.8
13,1,0.9210504,1,0.5,R,1.9
13,1,0.5445627,0,0.2,R,1.8
13,1,1.1889389,1,0.4,R,1.9
13,1,0.5971149,1,0.7,R,2.1
13,1,0.5100079,1,0.7,R,1.8
13,2,0.3609057,1,0.5,R,1.9
13,2,0.4101703,1,0.8,R,1.4
13,2,0.4659329,0,0.3,R,1.1
13,2,0.6451535,0,0.5,R,1.6
13,2,0.2717924,1,0.8,R,2.3
13,2,0.5488714,0,0.3,R,2.1
13,2,0.500927,1,0.5,R,2.1
13,2,0.4758766,1,0.8,R,1.9
13,2,0.3410052,1,0.7,R,1.9
13,2,0.4812683,0,0.3,R,1.8
13,2,0.4969244,0,0.4,R,2.1
13,2,0.2727749,1,0.8,R,1.8
13,2,0.4813684,1,0.4,R,1.4
13,2,0.540961,0,0.2,R,2.3
13,2,1.4363522,1,0.5,R,1.9
13,2,0.5118402,0,0.3,R,2.3
13,2,0.4168758,1,0.8,R,1.9
13,2,0.4569659,1,0.6,R,2.1
13,2,0.5249211,1,0.7,R,1.9
13,2,0.4610892,0,0.3,R,1.8
13,2,0.5900018,0,0.5,R,1.8
13,2,0.7397046,0,0.5,R,1.4
13,2,0.5078736,1,0.5,R,1.9
13,2,0.4558101,1,0.5,R,1.4
13,2,0.4570199,1,0.8,R,1.9
13,2,1.2610272,0,0.5,R,1.9
13,2,0.4570194,1,0.7,R,2.1
13,2,1.272933,0,0.6,R,2.1
13,2,0.6567359,1,0.7,R,1.9
13,2,0.3450178,1,0.8,R,0.9
13,2,0.9688904,1,0.6,R,1.8
13,2,0.5730369,0,0.2,R,2.1
13,2,0.4291773,1,0.7,R,1.6
13,2,0.3970772,1,0.7,R,0.9
13,2,0.6731034,0,0.4,R,0.9
13,2,0.6842648,0,0.3,R,1.6
13,2,0.3248879,1,0.6,R,2.1
13,2,0.6368607,0,0.3,R,1.8
13,2,0.5609568,0,0.3,R,2.3
13,2,0.3453173,1,0.6,R,1.1
13,2,0.5450617,0,0.4,R,1.9
13,2,0.468646,0,0.3,R,2.1
13,2,0.4249134,0,0.2,R,2.3
13,2,0.3568689,1,0.7,R,1.4
13,2,0.4568292,1,0.6,R,1.1
13,2,0.449314,0,0.2,R,2.3
13,2,0.396587,1,0.5,R,1.9
13,2,0.3480129,0,0.2,R,1.6
13,2,0.3742195,0,0.2,R,1.9
13,2,0.3008184,0,0.3,R,1.1
13,2,0.4649751,0,0.2,R,0.9
13,2,0.4852233,1,0.8,R,1.6
13,2,0.4449937,0,0.5,R,1.4
13,2,0.7648734,0,0.5,R,1.8
13,2,0.3190203,1,0.7,R,2.3
13,2,0.5249996,1,0.7,R,1.3
13,2,0.5323481,1,0.7,R,2.1
13,2,0.4248694,0,0.2,R,1.8
13,2,0.5419798,1,0.5,R,2.3
13,2,0.6450455,1,0.4,R,1.8
13,2,0.4528909,1,0.6,R,1.4
13,2,0.5131057,1,0.7,R,2.1
13,2,0.4488719,1,0.6,R,0.9
13,2,0.4368189,1,0.8,R,1.6
13,2,0.4888848,0,0.3,R,2.1
13,2,0.5049299,0,0.4,R,2.1
13,2,1.3248298,0,0.5,R,1.1
13,2,0.3609298,1,0.7,R,2.1
13,2,0.2890698,1,0.8,R,1.3
13,2,0.5686734,0,0.2,R,1.3
13,2,1.3128984,0,0.6,R,1.9
13,2,0.5818553,0,0.3,R,1.6
13,2,0.4409523,0,0.3,R,1.1
13,2,0.7484259,0,0.5,R,1.3
13,2,0.7238904,0,0.4,R,1.6
13,2,0.4845716,1,0.6,R,1.9
13,2,0.5127837,1,0.7,R,1.9
13,2,0.4256215,0,0.2,R,1.1
13,2,0.4769489,0,0.3,R,1.1
13,2,0.7200245,0,0.4,R,1.1
13,2,0.4010043,1,0.5,R,1.4
13,2,0.7161328,0,0.3,R,1.3
13,2,0.8531246,0,0.5,R,1.8
13,2,0.4850203,1,0.7,R,1.1
13,3,0.2489516,1,0.8,R,1.8
13,3,0.525207,1,0.6,R,2.3
13,3,0.501032,0,0.5,R,1.9
13,3,0.3089746,1,0.8,R,1.1
13,3,0.6808387,0,0.4,R,2.3
13,3,0.4419588,0,0.2,R,1.8
13,3,0.5378385,1,0.5,R,2.1
13,3,0.6369872,0,0.4,R,1.8
13,3,0.5565705,0,0.2,R,2.3
13,3,0.5647051,0,0.5,R,2.3
13,3,0.1515014,0,0.5,R,0.9
13,3,0.3569252,1,0.7,R,1.1
13,3,0.5608743,0,0.5,R,2.1
13,3,0.252862,1,0.8,R,1.4
13,3,0.4845171,0,0.2,R,1.6
13,3,0.4537099,1,0.8,R,1.4
13,3,0.7010496,0,0.5,R,1.3
13,3,0.2528525,1,0.8,R,1.3
13,3,0.5006537,0,0.2,R,1.3
13,3,0.2968003,1,0.5,R,1.4
13,3,0.3777173,1,0.8,R,1.3
13,3,0.3848637,1,0.7,R,1.6
13,3,0.4732628,1,0.7,R,1.6
13,3,0.420802,1,0.8,R,1.8
13,3,0.9446542,0,0.5,R,2.1
13,3,0.905031,0,0.4,R,1.4
13,3,0.5128276,0,0.3,R,2.1
13,3,0.3330793,1,0.4,R,2.1
13,3,0.7047427,0,0.4,R,0.9
13,3,0.4896915,0,0.2,R,1.3
13,3,0.5972868,0,0.5,R,1.4
13,3,0.4013536,1,0.6,R,1.9
13,3,0.4329663,1,0.6,R,1.8
13,3,0.4370437,1,0.8,R,1.1
13,3,0.4413832,1,0.8,R,1.3
13,3,0.4609747,0,0.3,R,1.9
13,3,0.4849054,0,0.3,R,1.3
13,3,0.409027,1,0.8,R,2.3
13,3,0.6048034,0,0.5,R,0.9
13,3,0.3318056,1,0.8,R,1.9
13,3,0.4485538,0,0.2,R,0.9
13,3,0.4251209,1,0.7,R,2.1
13,3,0.5807665,0,0.4,R,1.6
13,3,0.4848916,0,0.3,R,1.1
13,3,0.7489303,1,0.5,R,1.4
13,3,0.360582,1,0.6,R,1.8
13,3,0.2488978,1,0.7,R,1.9
13,3,0.21295,1,0.7,R,1.9
13,3,0.5528687,0,0.2,R,1.8
13,3,0.9687865,1,0.5,R,1.1
13,3,0.4311963,1,0.6,R,1.6
13,3,0.6208795,0,0.4,R,1.6
13,3,0.557072,0,0.4,R,2.3
13,3,0.6207814,0,0.3,R,1.1
13,3,0.5124617,0,0.4,R,1.6
13,3,0.284801,1,0.6,R,1.1
13,3,0.552874,0,0.4,R,1.8
13,3,0.432612,0,0.2,R,2.1
13,3,0.9487302,1,0.5,R,2.1
13,3,0.7168716,0,0.5,R,1.1
13,3,0.4765177,1,0.4,R,1.3
13,3,0.8531818,0,0.3,R,2.1
13,3,0.5209165,1,0.6,R,0.9
13,3,0.5046021,0,0.2,R,2.3
13,3,0.5488845,1,0.7,R,2.3
13,3,0.6647461,0,0.4,R,1.3
13,3,0.4847843,1,0.7,R,1.9
13,3,0.4372811,1,0.7,R,1.8
13,3,0.6049738,0,0.2,R,1.9
13,3,0.7412426,0,0.2,R,2.1
13,3,0.4249139,1,0.6,R,1.9
13,3,0.5528331,0,0.2,R,1.1
13,3,0.5809103,0,0.3,R,1.8
13,3,0.4889974,1,0.5,R,1.4
13,3,0.3521154,1,0.8,R,1.6
13,3,0.5287971,0,0.5,R,2.1
13,3,0.5011431,1,0.6,R,1.1
13,3,0.5059171,0,0.2,R,1.8
13,3,0.5367274,0,0.3,R,1.9
13,4,0.3330785,1,0.5,R,1.4
13,4,0.4810488,1,0.8,R,2.1
13,4,0.2646854,1,0.8,R,1.1
13,4,0.4809946,0,0.2,R,1.9
13,4,0.3567174,1,0.6,R,2.1
13,4,0.5819124,0,0.4,R,1.8
13,4,0.5099773,0,0.2,R,0.9
13,4,0.3585188,1,0.7,R,1.3
13,4,0.3287815,1,0.8,R,0.9
13,4,0.3448719,1,0.6,R,1.3
13,4,0.5807938,0,0.3,R,1.3
13,4,0.3050109,1,0.8,R,1.1
13,4,0.4326159,1,0.8,R,1.3
13,4,0.8487713,1,0.6,R,1.8
13,4,1.0769075,0,0.5,R,0.9
13,4,0.3130559,1,0.7,R,1.3
13,4,0.5168195,1,0.5,R,1.6
13,4,0.4210666,1,0.5,R,1.3
13,4,0.3248071,1,0.8,R,0.9
13,4,0.4767268,0,0.3,R,1.6
13,4,0.4169297,1,0.5,R,1.3
13,4,0.4639883,1,0.5,R,2.1
13,4,0.3129848,1,0.8,R,1.6
13,4,0.4127994,1,0.5,R,0.9
13,4,0.2809133,1,0.7,R,1.4
13,4,0.5130855,0,0.2,R,2.3
13,4,0.0650105999999999,1,0.8,R,1.8
13,4,0.6529398,0,0.5,R,1.9
13,4,0.5808653,0,0.3,R,1.9
13,4,0.4848469,1,0.5,R,1.1
13,4,0.5649166,0,0.2,R,1.8
13,4,0.3247954,1,0.6,R,1.4
13,4,0.5647736,0,0.4,R,1.1
13,4,0.6249128,0,0.2,R,2.1
13,4,0.5368772,0,0.2,R,0.9
13,4,0.7809907,1,0.5,R,2.1
13,4,0.4769368,0,0.3,R,1.8
13,4,0.3488635,1,0.7,R,1.8
13,4,0.6657999,0,0.4,R,1.8
13,4,0.5497557,0,0.3,R,2.3
13,4,0.4648863,1,0.6,R,2.1
13,4,0.4138209,0,0.2,R,1.8
13,4,0.4526838,1,0.6,R,1.9
13,4,0.4009563,1,0.6,R,1.1
13,4,0.5377777,0,0.4,R,1.8
13,4,0.5445764,0,0.3,R,2.3
13,4,0.3298968,1,0.8,R,2.1
13,4,0.6368833,0,0.5,R,2.3
13,4,0.462207,1,0.6,R,2.1
13,4,0.6207055,0,0.3,R,2.3
13,4,0.5689915,0,0.2,R,1.8
13,4,0.4348547,1,0.8,R,1.1
13,4,0.5122693,0,0.2,R,1.3
13,4,0.5820868,0,0.3,R,1.8
13,4,0.2968245,1,0.8,R,1.1
13,4,0.5248379,0,0.3,R,1.8
13,4,0.5301144,0,0.3,R,1.8
13,4,0.7407763,0,0.5,R,1.4
13,4,0.2571095,1,0.8,R,1.9
13,4,0.3729321,1,0.7,R,2.3
13,4,0.401103,1,0.6,R,0.9
13,4,0.5689645,0,0.5,R,1.4
13,4,0.2408608,1,0.8,R,1.3
13,4,0.7047932,1,0.6,R,2.1
13,4,0.4487887,1,0.6,R,1.9
13,4,0.6289461,0,0.5,R,0.9
13,4,0.3211811,1,0.7,R,2.3
13,4,0.2408308,1,0.8,R,1.4
13,4,0.2048455,1,0.8,R,1.3
13,4,0.4688741,0,0.2,R,0.9
13,4,0.2249593,1,0.8,R,2.3
13,4,0.3488511,1,0.6,R,1.9
13,4,0.2847563,1,0.6,R,0.9
13,4,0.6658442,0,0.4,R,1.3
14,1,1.059917,1,0.5,R,1.3
14,1,0.5734637,0,0.3,R,1.3
14,1,0.5671428,1,0.6,R,2.3
14,1,0.3303106,1,0.8,R,1.1
14,1,1.0190395,1,0.8,R,1.9
14,1,0.2980365,1,0.7,R,1.8
14,1,0.4009287,1,0.6,R,1.3
14,1,0.3944756,0,0.3,R,0.9
14,1,0.8728337,1,0.6,R,1.9
14,1,1.0713588,0,0.4,R,1.8
14,1,0.4579473,1,0.5,R,1.1
14,1,0.2987011,1,0.8,R,1.8
14,1,1.4280963,0,0.4,R,2.3
14,1,0.4210982,0,0.4,R,1.1
14,1,0.3483028,0,0.3,R,1.3
14,1,0.453906,0,0.3,R,1.4
14,1,0.4580701,1,0.5,R,1.9
14,1,0.4744348,0,0.2,R,1.6
14,1,0.4169281,1,0.5,R,1.4
14,1,0.3301461,1,0.7,R,1.4
14,1,0.2728374,1,0.6,R,1.4
14,1,0.4119784,0,0.4,R,1.9
14,1,0.5573807,1,0.5,R,2.3
14,1,0.5171275,0,0.2,R,1.3
14,1,1.3210251,0,0.2,R,1.4
14,1,0.2427195,1,0.7,R,2.1
14,1,0.6119687,1,0.7,R,2.3
14,1,0.5090776,1,0.8,R,2.3
14,1,0.5329149,0,0.4,R,0.9
14,1,0.3692162,1,0.4,R,1.6
14,1,0.2850175,1,0.8,R,2.1
14,1,0.7049249,0,0.4,R,0.9
14,1,0.4411998,0,0.2,R,1.1
14,1,0.2887589,1,0.8,R,2.1
14,1,0.411864,1,0.6,R,2.1
14,1,0.4579443,1,0.7,R,1.8
14,1,0.7700619,1,0.5,R,1.1
14,1,0.2859317,1,0.8,R,1.1
14,1,0.2007951,1,0.5,R,2.1
14,1,0.4684036,1,0.4,R,1.3
14,1,0.7127991,0,0.4,R,1.6
14,1,0.7338391,1,0.4,R,1.8
14,1,0.5249778,0,0.2,R,1.1
14,1,0.2778356,0,0.5,R,0.9
14,1,0.4817705,0,0.2,R,0.9
14,1,0.2961767,1,0.7,R,1.8
14,1,0.5568742,1,0.6,R,1.3
14,1,0.4090442,1,0.6,R,1.1
14,1,1.9020363,0,0.5,R,0.9
14,1,0.3401283,1,0.8,R,1.8
14,1,1.101486,0,0.6,R,1.9
14,1,1.1773195,0,0.8,R,1.6
14,1,0.4928333,1,0.6,R,0.9
14,1,1.1249002,1,0.7,R,1.1
14,1,0.2642259,1,0.8,R,2.3
14,1,0.6329324,1,0.8,R,1.9
14,1,0.5889998,1,0.7,R,1.3
14,1,0.692721,1,0.7,R,1.1
14,1,0.4689519,0,0.3,R,1.4
14,1,0.8608245,0,0.3,R,1.1
14,1,0.3136531,1,0.6,R,2.3
14,1,0.2250699,1,0.7,R,2.1
14,1,0.4089764,0,0.4,R,0.9
14,1,0.3805321,0,0.5,R,1.3
14,1,0.5862502,0,0.4,R,1.1
14,1,0.2890661,1,0.5,R,2.3
14,1,0.4051454,0,0.2,R,1.6
14,1,1.0088019,0,0.3,R,1.8
14,1,0.576714,1,0.5,R,2.1
14,1,0.3251039,1,0.8,R,2.3
14,1,0.3292162,1,0.8,R,1.6
14,1,0.4610849,0,0.4,R,1.9
14,1,0.3009928,1,0.7,R,2.1
14,1,0.5821571,0,0.5,R,2.1
14,1,0.3928909,1,0.5,R,1.6
14,1,0.456151,0,0.2,R,2.3
14,1,0.1173405,0,0.7,R,1.6
14,1,0.4610483,0,0.6,R,1.8
14,1,0.3179839,1,0.8,R,1.8
14,1,1.7727885,1,0.4,R,1.1
14,2,0.2368,1,0.7,R,1.6
14,2,0.5968588,0,0.2,R,2.3
14,2,0.5616557,0,0.2,R,1.8
14,2,0.404897,0,0.2,R,1.6
14,2,0.4371972,0,0.2,R,1.6
14,2,1.5051969,1,0.5,R,2.1
14,2,0.4516238,1,0.7,R,1.4
14,2,0.7648289,1,0.7,R,1.4
14,2,0.2387592,1,0.8,R,1.1
14,2,0.8689842,1,0.5,R,2.3
14,2,0.6488733,1,0.5,R,1.9
14,2,0.3446415,1,0.8,R,1.1
14,2,0.4528019,0,0.2,R,1.3
14,2,2.0527246,1,0.6,R,2.1
14,2,0.5127767,1,0.6,R,1.8
14,2,0.6369108,1,0.6,R,0.9
14,2,1.8738865,0,0.2,R,1.9
14,2,0.2572272,1,0.6,R,0.9
14,2,0.2612381,1,0.7,R,1.6
14,2,0.2732856,1,0.7,R,1.1
14,2,0.8137376,0,0.4,R,2.1
14,2,0.3287969,1,0.4,R,0.9
14,2,0.5618714,0,0.2,R,1.4
14,2,0.487261,1,0.7,R,1.4
14,2,0.548947,1,0.7,R,1.1
14,2,0.3359616,0,0.2,R,2.1
14,2,1.9878575,0,0.3,R,2.3
14,2,0.3488976,1,0.7,R,1.6
14,2,1.7889701,1,0.4,R,1.8
14,2,0.8248467,0,0.3,R,2.1
14,2,0.3969386,0,0.3,R,1.6
14,2,0.3328835,0,0.4,R,1.3
14,2,0.4812539,0,0.6,R,1.8
14,2,0.7529961,0,0.3,R,1.1
14,2,0.3484857,1,0.7,R,1.8
14,2,0.2691015,1,0.5,R,1.3
14,2,1.1809402,1,0.7,R,1.3
14,2,0.4149526,0,0.2,R,0.9
14,2,0.3210013,0,0.4,R,1.4
14,2,0.3007976,1,0.8,R,1.1
14,2,0.2726909,1,0.8,R,1.6
14,2,0.3797167,1,0.8,R,1.6
14,2,0.4248372,1,0.7,R,1.6
14,2,0.4891201,0,0.2,R,1.6
14,2,1.4500163,1,0.3,R,1.8
14,2,0.3562281,1,0.5,R,1.9
14,2,1.4218985,1,0.7,R,1.1
14,2,0.6048459,1,0.7,R,1.8
14,2,0.6928662,0,0.2,R,1.3
14,2,0.528886,1,0.8,R,2.1
14,2,0.2807388,1,0.6,R,1.8
14,2,0.6606996,1,0.6,R,1.3
14,2,1.1967567,1,0.5,R,1.9
14,2,0.329866,1,0.7,R,1.3
14,2,0.3048632,1,0.6,R,2.3
14,2,0.3851556,1,0.2,R,1.8
14,2,0.2570975,1,0.7,R,1.4
14,2,0.4258171,0,0.3,R,1.6
14,2,0.6198701,0,0.2,R,1.1
14,2,0.320801,1,0.8,R,1.6
14,2,2.4256523,0,0.3,R,1.9
14,2,0.6019605,1,0.5,R,1.6
14,2,0.9291111,0,0.4,R,1.3
14,2,0.3119024,1,0.8,R,1.8
14,2,0.4059133,1,0.4,R,2.1
14,2,0.9529561,1,0.4,R,1.9
14,2,1.46243,0,0.5,R,1.6
14,2,0.3888619,1,0.7,R,1.8
14,2,0.6886107,1,0.5,R,1.6
14,2,0.5896913,1,0.6,R,1.8
14,2,0.4061719,1,0.3,R,1.1
14,2,0.4341487,0,0.2,R,2.3
14,2,0.2487232,1,0.8,R,1.4
14,3,0.4380854,0,0.3,R,1.1
14,3,0.4125287,1,0.4,R,1.1
14,3,0.248087,1,0.8,R,1.8
14,3,0.323969,1,0.8,R,1.4
14,3,1.0530124,0,0.6,R,1.9
14,3,0.3511382,1,0.3,R,1.6
14,3,0.4852136,0,0.2,R,1.3
14,3,0.7571666,1,0.4,R,1.9
14,3,0.5134401,1,0.6,R,1.6
14,3,0.4044197,0,0.4,R,2.3
14,3,0.2169928,1,0.6,R,2.3
14,3,0.2407734,1,0.4,R,1.9
14,3,0.4850298,0,0.3,R,1.4
14,3,0.5700016,1,0.4,R,1.1
14,3,0.7368602,0,0.2,R,1.9
14,3,0.3212347,1,0.8,R,1.8
14,3,0.2568594,1,0.8,R,1.1
14,3,0.3208284,1,0.8,R,1.6
14,3,1.5051354,0,0.3,R,1.3
14,3,1.0979714,1,0.4,R,1.6
14,3,0.7050972,1,0.7,R,1.1
14,3,0.4852273,0,0.3,R,1.1
14,3,0.693519,0,0.2,R,1.6
14,3,0.5603033,1,0.5,R,1.6
14,3,0.3529075,1,0.6,R,1.9
14,3,0.5682778,1,0.6,R,1.6
14,3,1.0928667,1,0.6,R,1.6
14,3,0.2613989,1,0.8,R,2.1
14,3,0.3129198,1,0.4,R,1.6
14,3,0.3322409,1,0.3,R,1.1
14,3,1.4210865,0,0.3,R,2.1
14,3,1.1771698,0,0.4,R,2.1
14,3,0.4929803,0,0.3,R,1.3
14,3,0.7729817,0,0.3,R,1.9
14,3,0.4129121,1,0.5,R,2.1
14,3,0.4298368,0,0.2,R,1.3
14,3,0.2648938,1,0.8,R,1.6
14,3,0.4047503,0,0.2,R,1.9
14,3,0.4729849,0,0.2,R,2.3
14,3,0.2566419,1,0.8,R,2.3
14,3,0.3728291,1,0.5,R,1.8
14,3,0.9310528,1,0.4,R,2.3
14,3,0.4770313,1,0.5,R,1.9
14,3,0.2765557,1,0.5,R,1.1
14,3,0.3367301,1,0.4,R,2.1
14,3,0.4647511,0,0.3,R,2.1
14,3,0.2614658,1,0.7,R,1.4
14,3,0.1409106,1,0.4,R,1.9
14,3,0.5616107,1,0.4,R,0.9
14,3,0.479157,0,0.4,R,1.8
14,3,0.598059,1,0.5,R,0.9
14,3,0.2931213,1,0.8,R,1.6
14,3,0.3689534,0,0.3,R,1.4
14,3,0.5019332,0,0.2,R,1.4
14,3,0.4860913,1,0.4,R,1.1
14,3,0.5578024,1,0.7,R,1.6
14,3,0.4739519,1,0.5,R,1.6
14,3,0.3919258,1,0.5,R,1.3
14,3,0.5733683,1,0.6,R,2.1
14,3,2.2337137,0,0.6,R,1.4
14,3,0.3096909,1,0.8,R,1.4
14,3,0.3366761,1,0.8,R,1.3
14,3,0.5850397,1,0.6,R,1.3
14,3,0.2607483,1,0.7,R,2.1
14,3,0.2931008,1,0.7,R,1.1
14,3,0.2758309,1,0.8,R,1.4
14,3,0.2489017,1,0.6,R,1.8
14,3,0.2890048,1,0.7,R,1.4
14,4,0.3772631,0,0.3,R,2.3
14,4,0.3303065,1,0.8,R,1.9
14,4,0.3449186,0,0.3,R,1.1
14,4,0.5580751,0,0.4,R,2.3
14,4,0.4888863,0,0.4,R,1.1
14,4,0.3729814,0,0.5,R,1.3
14,4,0.405864,0,0.2,R,1.4
14,4,0.3022047,0,0.3,R,2.1
14,4,0.3088431,0,0.3,R,1.8
14,4,0.3089647,0,0.8,R,1.8
14,4,0.3092485,1,0.8,R,0.9
14,4,0.3219569,0,0.6,R,1.9
14,4,2.1771641,1,0.2,R,0.9
14,4,0.3138778,1,0.8,R,1.1
14,4,0.3550243,0,0.2,R,1.4
14,4,0.7142261,0,0.6,R,1.3
14,4,0.43796,0,0.5,R,2.3
14,4,0.8646121,1,0.4,R,1.3
14,4,0.3139916,0,0.4,R,2.3
14,4,0.2661176,0,0.6,R,1.1
14,4,0.2561681,0,0.6,R,2.1
14,4,0.3050654,0,0.4,R,1.4
14,4,0.4823162,0,0.7,R,1.1
14,4,0.3546022,0,0.8,R,2.3
14,4,0.3366001,0,0.6,R,1.4
14,4,1.4048126,0,0.6,R,2.3
14,4,0.2257971,1,0.8,R,1.9
14,4,0.4933498,0,0.3,R,1.9
14,4,0.3609239,0,0.4,R,0.9
14,4,0.3567998,0,0.3,R,1.4
14,4,0.3251468,0,0.8,R,1.9
14,4,0.6371407,1,0.7,R,1.9
14,4,1.2528481,1,0.7,R,2.1
14,4,0.6886902,1,0.6,R,1.8
14,4,0.5048472,0,0.5,R,1.1
14,4,0.5645952,1,0.5,R,2.1
14,4,0.3380717,1,0.7,R,1.9
14,4,0.4007846,1,0.4,R,2.1
14,4,0.3571363,0,0.2,R,0.9
14,4,0.4642359,0,0.2,R,1.9
14,4,0.8250288,1,0.5,R,1.4
14,4,0.2289257,1,0.7,R,2.1
14,4,0.3127646,1,0.4,R,1.9
14,4,0.2332246,1,0.6,R,1.3
14,4,0.4020213,1,0.8,R,2.3
14,4,0.3375643,0,0.4,R,1.6
14,4,0.3651164,0,0.2,R,2.3
14,4,0.2526474,1,0.7,R,1.1
14,4,0.3332894,0,0.2,R,2.1
14,4,0.245012,1,0.7,R,1.1
14,4,0.3087236,0,0.5,R,2.3
14,4,0.2691036,0,0.2,R,1.4
14,4,0.5189895,1,0.7,R,1.1
14,4,0.232946,1,0.8,R,1.1
14,4,0.3119957,1,0.8,R,2.1
14,4,0.3165182,0,0.3,R,1.6
14,4,0.4366639,0,0.2,R,0.9
14,4,0.4327677,1,0.8,R,1.1
14,4,0.5580807,0,0.5,R,0.9
14,4,0.6972339,0,0.7,R,2.3
14,4,0.3049191,0,0.2,R,1.1
14,4,0.3699885,0,0.8,R,1.9
14,4,0.2681067,0,0.3,R,0.9
14,4,0.66107,1,0.4,R,2.3
14,4,0.2463389,0,0.4,R,2.1
14,4,0.4369215,0,0.3,R,2.3
14,4,0.3020552,1,0.7,R,1.6
14,4,0.4660831,0,0.2,R,1.9
14,4,0.3149929,0,0.7,R,2.3
14,4,0.1608125,0,0.6,R,1.9
14,4,0.2647039,0,0.4,R,0.9
14,4,0.2690241,0,0.4,R,1.1
14,4,1.7766226,0,0.4,R,1.9
14,4,0.5408908,0,0.5,R,1.1
14,4,0.2578564,0,0.4,R,0.9
15,1,0.288321,1,0.3,R,1.4
15,1,0.5177299,1,0.5,R,0.9
15,1,0.4769404,0,0.3,R,2.1
15,1,0.1807315,1,0.5,R,1.4
15,1,0.2288676,1,0.7,R,2.1
15,1,0.2329241,1,0.6,R,1.3
15,1,0.5164713,0,0.3,R,1.9
15,1,0.1649187,1,0.5,R,1.1
15,1,0.4210678,0,0.3,R,1.8
15,1,0.188667,1,0.7,R,1.8
15,1,0.4206164,0,0.2,R,2.1
15,1,0.2807241,1,0.5,R,1.9
15,1,0.2878415,0,0.3,R,1.1
15,1,0.3416322,0,0.2,R,1.1
15,1,0.1813705,1,0.6,R,0.9
15,1,0.4503166,0,0.2,R,1.8
15,1,0.1496524,1,0.8,R,1.8
15,1,0.2850596,1,0.6,R,1.4
15,1,0.0810090999999997,1,0.8,R,1.8
15,1,0.2863167,0,0.2,R,2.1
15,1,0.2937856,0,0.3,R,1.4
15,1,0.2885921,0,0.3,R,2.3
15,1,0.3463863,0,0.2,R,1.3
15,1,0.2690654,1,0.5,R,2.1
15,1,0.4328529,0,0.2,R,1.9
15,1,0.4098037,1,0.6,R,1.1
15,1,0.6048856,0,0.5,R,1.6
15,1,0.4767725,0,0.4,R,0.9
15,1,0.3288245,0,0.2,R,1.3
15,1,0.2889809,0,0.4,R,0.9
15,1,0.2566568,0,0.2,R,2.1
15,1,0.3216815,0,0.4,R,1.9
15,1,0.2899119,0,0.2,R,1.8
15,1,0.4685074,0,0.5,R,1.4
15,1,0.1728063,1,0.5,R,1.6
15,1,0.4572677,0,0.2,R,2.1
15,1,0.2900923,0,0.2,R,1.3
15,1,0.3286156,0,0.2,R,1.3
15,1,0.3087933,0,0.2,R,1.8
15,1,0.2377419,1,0.6,R,1.1
15,1,0.4932577,0,0.5,R,1.3
15,1,0.2680807,0,0.3,R,1.4
15,1,0.225104,1,0.5,R,1.4
15,1,0.6612282,0,0.5,R,2.3
15,1,0.4049797,0,0.3,R,0.9
15,1,0.1888415,1,0.7,R,1.8
15,1,0.1618047,1,0.6,R,1.8
15,1,0.2260077,0,0.3,R,0.9
15,1,0.2086528,1,0.5,R,1.9
15,1,0.4243916,0,0.3,R,1.3
15,1,0.2208365,0,0.3,R,2.3
15,1,0.1006509,1,0.7,R,1.8
15,2,0.1980715,1,0.5,R,1.6
15,2,0.777829,0,0.4,R,2.1
15,2,0.5008722,1,0.5,R,1.3
15,2,0.0931209000000002,1,0.8,R,1.3
15,2,0.272844,1,0.6,R,1.6
15,2,0.4607138,0,0.2,R,1.3
15,2,0.5808648,0,0.4,R,1.9
15,2,0.54875,0,0.3,R,1.8
15,2,0.3209917,0,0.3,R,0.9
15,2,0.2217541,0,0.3,R,1.8
15,2,0.4539039,0,0.3,R,1.1
15,2,0.0570603999999999,0,0.4,R,1.9
15,2,0.2247505,0,0.4,R,1.8
15,2,0.1568312,1,0.5,R,1.4
15,2,0.2723056,1,0.3,R,1.3
15,2,0.2299008,0,0.5,R,1.6
15,2,0.1529774,1,0.6,R,1.4
15,2,0.2328063,0,0.2,R,1.1
15,2,0.0698894999999999,1,0.7,R,1.3
15,2,0.1209117,1,0.4,R,1.6
15,2,0.2809167,0,0.2,R,1.3
15,2,0.1136918,1,0.4,R,0.9
15,2,0.2349786,0,0.2,R,2.1
15,2,0.2098936,0,0.2,R,1.9
15,2,0.1209915,1,0.6,R,1.9
15,2,0.2419548,0,0.2,R,1.9
15,2,0.1618455,1,0.6,R,1.6
15,2,0.2530055,0,0.2,R,1.8
15,2,0.4805421,0,0.3,R,1.1
15,2,0.2337078,1,0.4,R,1.3
15,2,0.2130171,0,0.3,R,2.1
15,2,0.1926859,1,0.5,R,1.3
15,2,0.11616,1,0.6,R,1.1
15,2,0.2968346,0,0.2,R,1.6
15,3,0.1016925,0,0.3,R,2.1
15,3,0.1171691,0,0.2,R,0.9
15,3,0.2810327,1,0.2,R,1.8
15,3,0.1325248,1,0.8,R,1.6
15,3,0.4169318,0,0.4,R,1.1
15,3,0.2487873,0,0.6,R,0.9
15,3,0.2166922,0,0.6,R,1.3
15,3,0.2217848,0,0.2,R,2.3
15,3,0.1407707,1,0.6,R,2.3
15,3,0.240571,0,0.2,R,1.4
15,3,0.1934153,1,0.5,R,1.4
15,3,0.1846796,0,0.4,R,1.9
15,3,0.2326936,0,0.2,R,1.1
15,3,0.1647934,1,0.8,R,1.6
15,3,0.1931845,1,0.7,R,1.3
15,3,0.2657098,0,0.2,R,2.3
15,3,0.2489473,0,0.2,R,2.3
15,3,0.1901486,0,0.4,R,1.9
15,3,0.0527988000000001,1,0.7,R,0.9
15,3,0.2446999,1,0.7,R,1.9
15,3,0.3377417,0,0.2,R,1.8
15,3,0.2546352,0,0.2,R,1.4
15,3,0.3414232,0,0.2,R,1.1
15,3,0.181079,0,0.3,R,0.9
15,3,0.2341322,0,0.2,R,2.1
15,3,0.2736754,0,0.2,R,1.9
15,3,0.0652113000000001,1,0.6,R,1.8
15,3,0.2496119,0,0.4,R,1.3
15,3,0.1930359,0,0.4,R,1.6
15,3,0.3370046,0,0.4,R,1.3
15,3,0.2129196,1,0.3,R,1.8
15,3,0.2407268,0,0.4,R,1.9
15,3,0.1689844,1,0.6,R,1.3
15,3,0.2248416,0,0.2,R,0.9
15,3,0.2445327,0,0.2,R,1.9
15,3,0.3059575,0,0.4,R,2.3
15,3,0.2249208,0,0.4,R,2.1
15,3,0.2808606,0,0.2,R,1.9
15,3,0.3766377,1,0.8,R,1.9
15,3,0.1571934,0,0.3,R,1.4
15,3,0.0648352999999999,0,0.4,R,2.1
15,3,0.3004173,1,0.6,R,1.1
15,3,0.1058394,1,0.6,R,2.3
15,3,0.0850367999999997,1,0.6,R,0.9
15,4,0.1048186,0,0.2,R,1.3
15,4,0.1849261,0,0.2,R,1.6
15,4,0.1329201,1,0.6,R,1.6
15,4,0.2209262,0,0.4,R,1.1
15,4,0.168857,0,0.4,R,1.4
15,4,0.1771363,0,0.4,R,1.1
15,4,0.1807332,0,0.3,R,1.3
15,4,0.144753,0,0.3,R,1.1
15,4,0.121521,1,0.8,R,1.6
15,4,0.0775043000000002,1,0.8,R,1.4
15,4,0.1727109,0,0.5,R,0.9
15,4,0.4885867,0,0.4,R,1.3
15,4,0.4008705,1,0.4,R,1.4
15,4,0.1566838,1,0.8,R,0.9
15,4,0.2048324,0,0.3,R,1.8
15,4,0.1128601,1,0.6,R,1.9
15,4,0.2406068,1,0.4,R,0.9
15,4,0.2496938,0,0.2,R,2.1
15,4,0.2287083,0,0.3,R,2.3
15,4,0.2722173,0,0.2,R,2.3
15,4,0.0526955,1,0.7,R,1.8
15,4,0.1975058,1,0.5,R,2.3
15,4,0.2208223,1,0.5,R,1.8
15,4,0.1851552,0,0.3,R,1.6
15,4,0.2291127,0,0.3,R,2.3
15,4,0.2129486,0,0.3,R,0.9
15,4,0.1488519,1,0.6,R,2.3
15,4,0.2409213,0,0.3,R,1.3
15,4,0.2136841,0,0.3,R,1.6
15,4,0.0528815,0,0.2,R,1.6
15,4,0.0776007999999999,1,0.6,R,1.3
15,4,0.1358801,0,0.3,R,1.6
15,4,0.2127669,0,0.3,R,1.1
15,4,0.2408983,0,0.2,R,1.9
15,4,0.0521633000000001,1,0.7,R,1.1
15,4,0.3046426,0,0.2,R,1.9
15,4,0.1617441,1,0.5,R,1.1
16,1,0.2965442,1,0.6,R,1.9
16,1,0.2581183,1,0.8,R,1.6
16,1,0.3810646,1,0.5,R,0.9
16,1,0.3260317,1,0.6,R,1.3
16,1,0.3770015,1,0.8,R,1.1
16,1,0.4848871,1,0.5,R,2.1
16,1,0.3329079,1,0.8,R,1.6
16,1,1.0568928,0,0.5,R,1.8
16,1,0.4055513,1,0.8,R,0.9
16,1,0.2779428,1,0.6,R,2.3
16,1,0.3417094,1,0.5,R,0.9
16,1,0.4738355,0,0.2,R,0.9
16,1,0.2810907,1,0.6,R,1.4
16,1,0.2779141,1,0.5,R,1.4
16,1,0.4168842,0,0.3,R,1.8
16,1,0.4806866,0,0.6,R,0.9
16,1,0.3450589,1,0.6,R,1.9
16,1,0.3400449,1,0.7,R,0.9
16,1,0.5000747,0,0.3,R,1.1
16,1,0.7928324,0,0.4,R,2.1
16,1,0.3894927,1,0.7,R,1.1
16,1,0.9088151,1,0.7,R,1.3
16,1,0.4808898,0,0.2,R,1.1
16,1,0.5968808,0,0.5,R,2.3
16,1,0.37715,1,0.5,R,1.3
16,1,0.3042118,1,0.7,R,1.3
16,1,0.7408046,0,0.4,R,2.1
16,1,0.3169397,1,0.7,R,1.8
16,1,0.4849626,0,0.6,R,1.1
16,1,0.5046546,0,0.4,R,1.6
16,1,0.4099321,1,0.8,R,1.3
16,1,0.1850095,1,0.6,R,2.1
16,1,0.4568277,0,0.4,R,1.4
16,1,0.4325386,0,0.5,R,2.1
16,1,0.4518211,0,0.2,R,1.9
16,1,0.2892971,1,0.8,R,0.9
16,1,0.3177747,1,0.8,R,2.1
16,1,0.5379181,0,0.2,R,2.3
16,1,0.2447503,1,0.8,R,2.3
16,1,0.789396,0,0.5,R,0.9
16,1,0.4647824,0,0.5,R,1.1
16,1,0.4049325,0,0.3,R,1.1
16,1,0.4129549,0,0.3,R,1.8
16,1,0.505427,0,0.5,R,1.9
16,1,0.5009509,0,0.5,R,1.1
16,1,0.4968474,0,0.7,R,0.9
16,1,0.2761709,1,0.7,R,1.9
16,1,0.7337788,0,0.7,R,2.1
16,1,0.3776232,0,0.2,R,1.6
16,1,0.5127432,0,0.2,R,2.3
16,1,1.9692844,0,0.8,R,1.4
16,1,0.4050248,0,0.2,R,0.9
16,1,0.3442524,0,0.2,R,1.8
16,1,0.5051596,0,0.2,R,1.8
16,1,1.332839,0,0.2,R,0.9
16,1,0.2135855,1,0.8,R,2.3
16,1,1.0688094,1,0.5,R,1.9
16,1,0.1359289,1,0.7,R,1.4
16,1,0.4088069,0,0.3,R,1.1
16,1,0.3928678,0,0.4,R,1.8
16,1,0.3206043,1,0.7,R,2.1
16,1,0.608304,0,0.4,R,1.9
16,1,0.645794,0,0.3,R,1.6
16,1,0.5530403,1,0.8,R,1.6
16,1,0.2407765,1,0.5,R,1.8
16,1,0.6239061,0,0.4,R,1.3
16,1,0.5289663,0,0.4,R,0.9
16,1,0.0729777,1,0.8,R,1.3
16,2,0.8198812,1,0.6,R,1.4
16,2,0.3572389,1,0.6,R,1.3
16,2,0.5316321,0,0.3,R,2.3
16,2,0.6191839,0,0.5,R,0.9
16,2,0.3719745,1,0.8,R,0.9
16,2,0.2208477,1,0.8,R,0.9
16,2,0.4769359,0,0.3,R,1.9
16,2,1.3049481,1,0.8,R,1.8
16,2,0.3202513,1,0.6,R,1.4
16,2,0.4841263,0,0.3,R,1.8
16,2,0.4847664,0,0.2,R,1.8
16,2,0.2410104,1,0.8,R,0.9
16,2,0.4251836,0,0.2,R,1.6
16,2,0.3499326,1,0.6,R,2.3
16,2,1.4689452,0,0.5,R,2.1
16,2,0.4903411,0,0.4,R,1.3
16,2,0.4821036,0,0.2,R,2.3
16,2,1.1485817,0,0.5,R,1.4
16,2,0.3286588,1,0.5,R,1.9
16,2,0.5210571,0,0.3,R,1.1
16,2,0.3770441,0,0.2,R,0.9
16,2,0.8212138,0,0.5,R,1.4
16,2,0.4088408,1,0.6,R,1.4
16,2,0.3327568,1,0.8,R,1.6
16,2,0.4371571,1,0.6,R,2.3
16,2,0.2651542,1,0.8,R,1.4
16,2,0.5209428,0,0.3,R,1.6
16,2,0.2487927,1,0.6,R,1.3
16,2,0.5122772,0,0.2,R,1.8
16,2,0.5927525,0,0.4,R,0.9
16,2,0.5137691,0,0.2,R,0.9
16,2,0.3090275,1,0.7,R,1.6
16,2,0.7488777,1,0.6,R,0.9
16,2,0.6056864,0,0.3,R,1.6
16,2,0.424744,0,0.5,R,1.4
16,2,0.3848391,0,0.4,R,2.1
16,2,0.4614417,0,0.6,R,1.4
16,2,0.8377741,0,0.4,R,2.1
16,2,0.3450625,1,0.8,R,1.1
16,2,0.4609729,0,0.2,R,1.8
16,2,1.6409983,1,0.5,R,1.9
16,2,0.2689462,1,0.7,R,1.4
16,2,0.3610247,0,0.3,R,1.1
16,2,0.4890726,0,0.2,R,2.3
16,2,0.1532885,1,0.4,R,2.1
16,2,0.6526682,0,0.3,R,0.9
16,2,0.6887839,0,0.4,R,1.3
16,2,0.4101552,0,0.2,R,2.3
16,2,0.5817556,0,0.3,R,0.9
16,2,0.9559168,1,0.7,R,1.4
16,2,0.4118668,1,0.8,R,1.9
16,2,0.5157423,1,0.7,R,1.4
16,2,0.4332125,0,0.3,R,0.9
16,2,0.3486652,1,0.7,R,1.8
16,2,0.6368568,0,0.2,R,1.4
16,2,0.4246862,0,0.4,R,0.9
16,2,0.448884,1,0.6,R,1.6
16,2,0.5771707,0,0.3,R,1.8
16,2,0.4087917,1,0.8,R,0.9
16,2,0.8209431,0,0.5,R,1.6
16,2,0.2761276,1,0.7,R,1.9
16,2,0.2646467,1,0.8,R,1.8
16,2,0.2968544,1,0.5,R,1.1
16,2,0.1888457,1,0.8,R,2.1
16,2,0.412845,0,0.3,R,1.8
16,2,0.2532997,1,0.7,R,1.4
16,2,0.1369401,1,0.8,R,1.9
16,2,0.704631,0,0.4,R,1.3
16,2,0.4846791,0,0.7,R,2.3
16,2,1.2328529,1,0.8,R,1.1
16,2,2.2256213,1,0.6,R,1.1
16,2,0.3362181,1,0.4,R,2.3
16,3,0.4246278,0,0.2,R,0.9
16,3,0.315735,1,0.7,R,1.3
16,3,0.4368161,0,0.2,R,1.8
16,3,0.6083392,1,0.5,R,1.8
16,3,0.5889742,1,0.5,R,1.3
16,3,0.3743366,1,0.3,R,2.1
16,3,0.6848524,0,0.7,R,1.3
16,3,0.2251223,1,0.6,R,1.6
16,3,0.5646664,0,0.3,R,0.9
16,3,0.2290077,1,0.7,R,0.9
16,3,0.3250341,1,0.7,R,1.1
16,3,0.3247878,1,0.7,R,2.3
16,3,0.2648179,1,0.6,R,1.9
16,3,0.6176722,0,0.2,R,2.3
16,3,0.3538194,1,0.4,R,2.1
16,3,0.3807474,0,0.3,R,2.1
16,3,0.1855699,1,0.8,R,1.9
16,3,0.4612718,0,0.3,R,1.4
16,3,0.4518984,0,0.2,R,1.6
16,3,0.9768253,1,0.5,R,1.6
16,3,0.3498166,1,0.4,R,1.3
16,3,0.2689835,1,0.7,R,1.9
16,3,0.3810215,0,0.2,R,1.9
16,3,0.2290739,1,0.7,R,1.1
16,3,0.4968802,0,0.2,R,1.8
16,3,0.4166868,0,0.2,R,1.1
16,3,0.4175287,0,0.4,R,2.1
16,3,0.5649028,1,0.5,R,1.4
16,3,0.2858135,1,0.5,R,2.3
16,3,0.4650911,0,0.3,R,0.9
16,3,0.3377087,1,0.6,R,1.4
16,3,0.6840384,1,0.5,R,1.8
16,3,0.3326406,0,0.3,R,1.4
16,3,1.2285064,0,0.6,R,1.4
16,3,0.7809469,0,0.2,R,1.1
16,3,0.2640313,1,0.6,R,1.4
16,3,0.6726866,0,0.3,R,1.3
16,3,0.3889213,0,0.3,R,0.9
16,3,0.5288579,0,0.4,R,1.3
16,3,0.4371416,0,0.3,R,1.3
16,3,0.2655727,1,0.5,R,2.1
16,3,0.5717653,0,0.4,R,1.9
16,3,1.3968747,0,0.5,R,1.9
16,3,0.4179564,0,0.2,R,1.4
16,3,0.6187867,0,0.3,R,1.6
16,3,0.3247877,1,0.8,R,0.9
16,3,0.8647759,1,0.6,R,2.1
16,3,0.4326403,0,0.2,R,2.3
16,3,0.4010334,0,0.2,R,1.6
16,3,0.3645802,1,0.8,R,2.1
16,3,0.9363811,0,0.6,R,1.1
16,3,0.3171202,1,0.7,R,1.1
16,3,0.2733158,1,0.7,R,1.8
16,3,0.2568665,1,0.6,R,2.1
16,3,0.4287623,0,0.3,R,1.9
16,3,0.2729096,1,0.6,R,1.8
16,3,0.528833,0,0.3,R,1.8
16,3,0.5529713,1,0.7,R,2.1
16,3,0.3530427,1,0.6,R,1.9
16,3,0.3568585,1,0.5,R,1.8
16,3,0.2619231,1,0.7,R,1.1
16,3,0.3773964,1,0.7,R,1.6
16,3,0.6011054,0,0.2,R,0.9
16,4,0.3985449,1,0.7,R,1.6
16,4,0.4667741,1,0.5,R,0.9
16,4,0.6335753,1,0.4,R,1.6
16,4,0.366393,1,0.6,R,2.3
16,4,0.2832777,1,0.8,R,0.9
16,4,0.6427953,1,0.3,R,1.8
16,4,0.2894868,1,0.7,R,1.9
16,4,1.2114979,1,0.5,R,0.9
16,4,0.4409706,1,0.8,R,1.3
16,4,0.2961201,1,0.6,R,1.3
16,4,0.8281319,1,0.6,R,2.3
16,4,0.7363574,1,0.4,R,1.8
16,4,0.6209752,0,0.4,R,1.9
16,4,0.6438718,1,0.4,R,2.3
16,4,0.4145461,1,0.5,R,1.8
16,4,0.5994414,0,0.3,R,1.9
16,4,0.3529005,1,0.8,R,1.3
16,4,0.6558129,0,0.2,R,1.4
16,4,0.611385,0,0.2,R,1.6
16,4,0.637154,0,0.2,R,2.3
16,4,1.1610064,0,0.2,R,1.1
16,4,0.4971389,1,0.4,R,0.9
16,4,0.4810966,0,0.2,R,2.1
16,4,0.4780307,0,0.3,R,1.9
16,4,0.359765,1,0.8,R,1.8
16,4,0.3168702,1,0.8,R,1.9
16,4,0.5221422,0,0.4,R,2.1
16,4,0.4170029,1,0.6,R,2.1
16,4,0.5807784,1,0.8,R,2.3
16,4,0.9211531,1,0.3,R,2.3
16,4,0.8202722,1,0.4,R,1.8
16,4,0.5047122,1,0.8,R,2.3
16,4,0.4845447,1,0.5,R,1.6
16,4,1.7484073,0,0.2,R,0.9
16,4,0.3486237,1,0.4,R,0.9
16,4,0.4683993,0,0.2,R,1.1
16,4,0.2258964,1,0.6,R,1.3
16,4,0.6047232,1,0.8,R,1.1
16,4,0.5851303,0,0.2,R,1.8
16,4,0.3452499,1,0.5,R,0.9
16,4,0.2657431,1,0.7,R,2.3
16,4,0.6939997,1,0.5,R,1.3
16,4,0.3009121,1,0.6,R,1.9
16,4,0.6451559,1,0.4,R,0.9
16,4,0.7375006,1,0.4,R,1.4
16,4,0.4568968,1,0.8,R,2.3
16,4,0.7182403,1,0.3,R,1.8
16,4,0.8447365,0,0.2,R,0.9
16,4,0.4574987,1,0.6,R,1.1
16,4,0.7815077,0,0.6,R,2.1
16,4,0.5167786,0,0.3,R,1.8
16,4,0.5703567,0,0.3,R,1.3
16,4,0.4211787,0,0.2,R,1.6
16,4,0.5980834,1,0.6,R,0.9
16,4,0.3255886,1,0.3,R,2.1
16,4,0.6167708,1,0.8,R,1.4
16,4,0.5846764,0,0.3,R,1.1
16,4,0.9898089,1,0.7,R,1.6
16,4,0.5500481,0,0.2,R,1.3
16,4,0.4331268,1,0.7,R,1.3
16,4,0.4766191,1,0.7,R,1.1
16,4,0.9727396,0,0.3,R,1.4
16,4,0.5488319,0,0.3,R,1.1
16,4,0.6206852,0,0.5,R,1.8
16,4,0.8248426,0,0.4,R,1.8
16,4,0.3931373,1,0.4,R,1.1
16,4,0.2609197,1,0.7,R,1.9
16,4,0.1167802,1,0.7,R,0.9
16,4,0.2849629,1,0.7,R,1.8
16,4,0.7527815,1,0.5,R,2.3
16,4,0.3769417,1,0.5,R,2.1
16,4,0.3233723,1,0.8,R,2.3
16,4,0.2648039,1,0.8,R,1.6
16,4,0.3210314,1,0.5,R,1.6
16,4,0.1848965,1,0.8,R,1.4
16,4,0.536854,1,0.3,R,2.1
16,4,0.3250687,1,0.7,R,1.6
17,1,0.4150096,1,0.8,R,1.4
17,1,0.4458743,1,0.6,R,1.9
17,1,0.8529783,0,0.5,R,1.8
17,1,0.4209895,1,0.7,R,2.3
17,1,0.7287545,0,0.2,R,2.1
17,1,0.7438743,0,0.3,R,1.3
17,1,0.5651335,0,0.5,R,0.9
17,1,1.6848509,1,0.8,R,1.1
17,1,0.3549749,1,0.7,R,2.3
17,1,0.5824622,0,0.5,R,2.3
17,1,0.5618197,1,0.7,R,1.6
17,1,0.5568832,1,0.8,R,1.8
17,1,0.5929068,1,0.7,R,1.1
17,1,0.9207689,0,0.4,R,1.6
17,1,0.6330797,0,0.4,R,0.9
17,1,0.6610024,1,0.7,R,2.1
17,1,0.8449717,1,0.7,R,1.8
17,1,0.6008899,0,0.5,R,0.9
17,1,1.7330889,0,0.6,R,2.3
17,1,0.6607687,0,0.5,R,1.3
17,1,0.4856866,1,0.8,R,2.3
17,1,0.7728889,1,0.8,R,0.9
17,1,0.5849434,0,0.4,R,1.6
17,1,0.6369815,0,0.4,R,1.6
17,1,0.5688056,0,0.5,R,2.1
17,1,1.8769155,0,0.4,R,1.4
17,1,0.5535037,0,0.3,R,1.6
17,1,0.4125187,1,0.7,R,2.1
17,1,0.4890391,0,0.4,R,0.9
17,1,0.5527647,1,0.8,R,1.4
17,1,0.6572934,0,0.7,R,1.3
17,1,0.3727754,0,0.5,R,1.6
17,1,0.901496,0,0.3,R,1.6
17,1,0.3377644,1,0.6,R,1.8
17,1,0.8408838,0,0.6,R,1.8
17,1,1.3400421,0,0.2,R,1.8
17,1,1.1666488,0,0.6,R,1.1
17,1,0.9281385,0,0.2,R,1.6
17,1,0.6096586,0,0.5,R,1.8
17,1,1.6412064,1,0.6,R,1.4
17,1,0.4085379,0,0.3,R,2.1
17,1,0.4929089,0,0.3,R,1.6
17,1,0.4856265,0,0.4,R,1.8
17,1,0.5288991,1,0.7,R,1.6
17,1,0.5610094,0,0.6,R,2.1
17,1,0.9497334,1,0.7,R,2.1
17,1,0.477831,1,0.8,R,1.6
17,1,1.2215647,0,0.4,R,1.3
17,1,0.7366671,0,0.6,R,0.9
17,1,0.5322047,0,0.6,R,1.9
17,1,0.6210094,0,0.3,R,1.8
17,1,0.5448823,0,0.3,R,2.3
17,1,1.5051951,0,0.7,R,1.9
17,1,0.6450042,0,0.4,R,1.9
17,1,1.7528074,0,0.6,R,1.8
17,1,0.8406183,0,0.4,R,2.1
17,1,0.5292286,0,0.4,R,1.6
17,1,0.8526558,0,0.3,R,2.3
17,1,1.380887,1,0.8,R,1.4
17,1,0.625037,0,0.6,R,1.9
17,1,0.9898096,0,0.5,R,1.6
17,1,0.3360658,1,0.6,R,1.3
17,1,0.5570518,0,0.3,R,1.9
17,1,0.4770664,0,0.5,R,1.6
17,1,0.7278454,1,0.6,R,1.8
17,1,0.7369616,0,0.5,R,1.4
17,1,0.5879328,0,0.5,R,1.6
17,1,0.4159352,0,0.4,R,2.3
17,1,1.6931454,1,0.6,R,0.9
17,1,0.5450342,0,0.3,R,2.1
17,1,0.6567769,0,0.6,R,1.4
17,1,0.6411229,0,0.3,R,0.9
17,1,1.021349,1,0.5,R,0.9
17,1,1.2489733,0,0.6,R,2.1
17,1,0.5647602,0,0.3,R,1.4
17,1,0.376939,1,0.7,R,1.8
17,1,0.5569044,0,0.2,R,1.4
17,1,0.444854,0,0.3,R,1.3
17,2,0.5380803,0,0.5,R,2.1
17,2,0.4333599,1,0.7,R,1.6
17,2,0.3355192,1,0.7,R,1.3
17,2,0.4820942,1,0.5,R,1.6
17,2,0.367304,1,0.5,R,1.4
17,2,0.2943182,1,0.8,R,1.3
17,2,0.5471248,0,0.3,R,1.8
17,2,0.4363128,0,0.3,R,1.3
17,2,0.579189,0,0.2,R,2.1
17,2,0.3849723,1,0.7,R,1.3
17,2,1.0155212,0,0.2,R,1.1
17,2,1.1044242,1,0.5,R,1.4
17,2,0.4675621,1,0.6,R,1.9
17,2,0.5113438,0,0.2,R,1.1
17,2,0.4644034,0,0.4,R,2.1
17,2,0.9583551,1,0.5,R,1.4
17,2,0.341073,1,0.7,R,1.1
17,2,0.4419057,1,0.6,R,1.6
17,2,1.1648425,1,0.6,R,1.6
17,2,0.592726,1,0.6,R,2.3
17,2,0.6129948,0,0.5,R,2.1
17,2,0.9871241,0,0.4,R,2.1
17,2,0.5661503,0,0.5,R,1.8
17,2,0.2721416,1,0.6,R,0.9
17,2,1.1559968,0,0.5,R,1.3
17,2,0.5560556,0,0.4,R,0.9
17,2,0.3115061,1,0.8,R,1.9
17,2,1.2887659,1,0.7,R,2.3
17,2,1.9859691,0,0.2,R,1.9
17,2,0.2632021,1,0.8,R,2.1
17,2,0.3568663,1,0.8,R,1.6
17,2,0.4297482,0,0.3,R,0.9
17,2,1.0168513,1,0.6,R,0.9
17,2,0.5695769,0,0.6,R,1.6
17,2,0.8736615,0,0.5,R,1.1
17,2,0.4060774,0,0.4,R,1.1
17,2,0.5659272,0,0.4,R,0.9
17,2,0.2689163,1,0.8,R,1.3
17,2,0.5340951,0,0.5,R,2.1
17,2,0.6009556,0,0.3,R,1.1
17,2,2.16897,1,0.6,R,1.8
17,2,0.5322136,0,0.2,R,2.3
17,2,0.3406142,1,0.8,R,0.9
17,2,0.3928441,0,0.4,R,2.3
17,2,0.9050519,0,0.6,R,1.3
17,2,0.4129131,1,0.6,R,1.6
17,2,0.5534729,0,0.5,R,1.1
17,2,0.6526624,0,0.2,R,1.3
17,2,0.4485869,0,0.4,R,1.4
17,2,0.5737163,0,0.2,R,1.9
17,2,0.3208479,1,0.8,R,1.8
17,2,0.3407845,1,0.7,R,2.3
17,2,0.5091834,0,0.3,R,1.4
17,2,0.4086852,1,0.5,R,2.3
17,2,0.8249847,0,0.3,R,2.3
17,2,0.6337524,1,0.7,R,1.1
17,2,0.5486566,1,0.7,R,2.3
17,2,0.8180845,0,0.6,R,2.1
17,2,0.7327791,0,0.3,R,2.1
17,2,0.4288724,1,0.7,R,2.1
17,2,0.4286967,0,0.3,R,2.1
17,2,0.3138667,1,0.8,R,0.9
17,2,0.2968852,1,0.8,R,0.9
17,2,0.5243633,0,0.7,R,1.8
17,2,0.2688829,1,0.7,R,1.8
17,2,0.6657037,0,0.6,R,1.4
17,2,1.4688518,0,0.3,R,0.9
17,2,0.4847327,0,0.3,R,2.1
17,2,0.4139498,1,0.8,R,1.3
17,2,0.4848466,0,0.4,R,1.4
17,2,0.6009601,0,0.2,R,1.8
17,3,0.392858,0,0.4,R,1.1
17,3,0.4980536,0,0.4,R,2.1
17,3,0.3168999,1,0.8,R,1.1
17,3,0.4847957,1,0.5,R,0.9
17,3,0.3049289,1,0.8,R,0.9
17,3,0.5215806,1,0.5,R,2.1
17,3,0.3050836,1,0.7,R,2.3
17,3,0.4570812,0,0.2,R,1.3
17,3,0.1602993,1,0.8,R,1.9
17,3,0.9208993,0,0.2,R,1.6
17,3,0.4171075,1,0.8,R,0.9
17,3,0.4211454,0,0.3,R,1.9
17,3,0.4648455,1,0.5,R,1.4
17,3,0.2926212,1,0.7,R,1.6
17,3,0.4086951,0,0.3,R,0.9
17,3,0.2928559,1,0.7,R,1.8
17,3,0.4970317,0,0.3,R,0.9
17,3,0.1858491,1,0.7,R,1.9
17,3,0.1239415,1,0.7,R,0.9
17,3,0.5328614,0,0.3,R,1.1
17,3,0.4763531,0,0.2,R,1.9
17,3,0.2888479,1,0.4,R,2.3
17,3,0.277042,1,0.7,R,0.9
17,3,0.2983529,1,0.7,R,2.3
17,3,0.6775782,0,0.5,R,1.6
17,3,1.5731415,0,0.3,R,1.8
17,3,2.285814,0,0.5,R,1.3
17,3,0.5928075,0,0.5,R,1.3
17,3,0.9457361,0,0.2,R,2.3
17,3,1.2930671,0,0.3,R,0.9
17,3,0.8286761,1,0.7,R,1.6
17,3,0.3528773,1,0.7,R,1.3
17,3,0.5409357,0,0.5,R,1.3
17,3,0.4899253,0,0.5,R,0.9
17,3,1.1365546,0,0.5,R,2.1
17,3,0.4161353,0,0.5,R,1.9
17,3,0.3286757,1,0.8,R,1.8
17,3,0.7469254,1,0.7,R,1.9
17,3,0.5650517,0,0.3,R,0.9
17,3,1.1766765,1,0.4,R,1.1
17,3,0.2210262,1,0.5,R,1.3
17,3,0.41214,0,0.2,R,0.9
17,3,0.2167252,1,0.8,R,1.8
17,3,0.5687864,1,0.7,R,0.9
17,3,0.3607096,0,0.4,R,1.4
17,3,0.3569686,1,0.8,R,1.3
17,3,0.4816431,0,0.2,R,2.3
17,3,0.7046423,0,0.6,R,1.4
17,3,0.2047752,1,0.8,R,1.8
17,3,0.7133599,0,0.4,R,1.4
17,3,0.3538892,1,0.7,R,2.1
17,3,0.6607966,0,0.3,R,1.9
17,3,0.5687627,0,0.2,R,2.3
17,3,0.2527747,1,0.7,R,1.4
17,3,0.3488333,0,0.4,R,1.9
17,3,0.4689885,0,0.2,R,1.1
17,3,0.2447995,1,0.6,R,1.8
17,3,0.4670445,0,0.5,R,2.3
17,3,2.0688341,0,0.4,R,1.6
17,3,0.5177989,0,0.2,R,1.8
17,3,0.3649606,0,0.5,R,1.6
17,3,0.4359886,0,0.3,R,1.1
17,3,0.4941464,0,0.5,R,1.1
17,3,0.4286303,0,0.2,R,1.8
17,3,0.6457853,0,0.4,R,2.3
17,3,0.3668523,1,0.8,R,1.4
17,3,0.5771276,0,0.5,R,1.3
17,3,0.2159315,1,0.8,R,1.1
17,3,0.2329459,1,0.8,R,1.3
17,3,0.2854685,1,0.7,R,1.4
17,3,0.3679922,0,0.3,R,1.8
17,3,0.380883,0,0.3,R,1.1
17,3,0.5609067,0,0.4,R,1.3
17,3,0.4088549,0,0.4,R,2.3
17,3,0.4805685,0,0.4,R,2.1
17,4,0.5643019,1,0.7,R,1.3
17,4,0.4001013,1,0.8,R,2.1
17,4,0.6011964,0,0.4,R,1.4
17,4,0.5308459,1,0.6,R,2.1
17,4,0.3366087,1,0.6,R,1.9
17,4,0.4690058,0,0.3,R,2.1
17,4,0.6488804,0,0.2,R,1.9
17,4,0.6368034,1,0.7,R,1.4
17,4,0.5364316,0,0.3,R,1.9
17,4,0.376764,1,0.6,R,1.4
17,4,0.492791,0,0.3,R,1.8
17,4,0.7128355,0,0.3,R,1.1
17,4,0.3130538,1,0.8,R,1.6
17,4,0.7452328,1,0.5,R,2.3
17,4,0.434024,0,0.3,R,1.1
17,4,1.5329454,1,0.5,R,1.4
17,4,1.3008135,0,0.3,R,2.1
17,4,0.9488358,1,0.6,R,1.8
17,4,0.4809789,0,0.3,R,1.9
17,4,1.4411805,1,0.4,R,1.8
17,4,0.3448183,1,0.8,R,1.9
17,4,1.0689692,0,0.5,R,2.3
17,4,0.3286136,1,0.8,R,1.1
17,4,0.6250653,0,0.2,R,1.9
17,4,0.5090471,1,0.5,R,1.1
17,4,1.5571338,1,0.5,R,1.8
17,4,0.6958991,0,0.6,R,1.8
17,4,0.600392,0,0.4,R,1.1
17,4,0.7937058,0,0.4,R,2.3
17,4,0.309657,1,0.7,R,1.6
17,4,0.6059125,1,0.7,R,1.4
17,4,0.5293776,0,0.5,R,2.1
17,4,0.4927832,0,0.2,R,1.9
17,4,1.0367559,1,0.5,R,1.1
17,4,0.3968911,0,0.2,R,1.1
17,4,0.300832,1,0.8,R,2.3
17,4,0.5417705,0,0.7,R,1.6
17,4,0.7249065,0,0.5,R,1.3
17,4,0.3572323,1,0.8,R,2.3
17,4,0.4129631,0,0.4,R,1.8
17,4,0.4956133,0,0.5,R,0.9
17,4,0.5809275,0,0.4,R,1.1
17,4,0.4657829,1,0.8,R,1.6
17,4,0.7750736,1,0.6,R,2.3
17,4,0.5138946,0,0.4,R,1.1
17,4,0.5969194,0,0.5,R,1.9
17,4,0.5290953,0,0.3,R,0.9
17,4,0.5767848,1,0.7,R,1.6
17,4,1.7607522,0,0.4,R,1.6
17,4,0.4327005,0,0.3,R,1.9
17,4,0.1250328,1,0.7,R,1.8
17,4,0.5647388,0,0.5,R,1.6
17,4,0.5498825,0,0.3,R,2.1
17,4,0.4005187,0,0.2,R,0.9
17,4,0.3451155,1,0.8,R,2.3
17,4,0.6047762,0,0.3,R,1.8
17,4,1.1608625,1,0.7,R,1.6
17,4,0.3125091,1,0.6,R,1.1
17,4,0.5449435,0,0.3,R,1.8
17,4,0.6542278,0,0.6,R,1.3
17,4,0.4569097,0,0.2,R,2.1
17,4,0.2966886,1,0.8,R,2.3
17,4,0.3486677,1,0.7,R,2.3
17,4,0.7809427,1,0.7,R,0.9
17,4,0.5433759,0,0.4,R,2.1
17,4,1.6767002,1,0.7,R,1.6
17,4,0.5448081,0,0.4,R,1.9
17,4,0.1612244,1,0.8,R,1.3
17,4,0.3244814,0,0.4,R,0.9
17,4,0.5601331,0,0.2,R,1.1
17,4,0.3408982,1,0.7,R,1.9
17,4,0.6300963,0,0.4,R,1.3
17,4,1.0316386,0,0.6,R,1.8
17,4,0.3207,1,0.7,R,1.9
17,4,0.5208825,0,0.4,R,1.1
17,4,0.2571577,1,0.8,R,2.1
17,4,0.564696,1,0.6,R,0.9
17,4,0.6290083,0,0.3,R,2.1
17,4,0.3324649,1,0.7,R,0.9
17,4,0.4530383,0,0.4,R,1.6
17,4,0.4127951,0,0.2,R,2.1
18,1,0.0717840999999999,1,0.8,R,0.9
18,1,0.5092158,0,0.2,R,1.6
18,1,1.2208866,1,0.3,R,0.9
18,1,0.8453568,1,0.6,R,1.3
18,1,0.4245702,1,0.6,R,1.6
18,1,0.6355423,1,0.7,R,0.9
18,1,0.5184432,0,0.3,R,1.8
18,1,0.257998,1,0.8,R,1.6
18,1,1.3857206,0,0.4,R,2.1
18,1,0.5478539,0,0.2,R,0.9
18,1,0.6970958,0,0.6,R,1.1
18,1,0.2478515,1,0.8,R,1.4
18,1,1.6162062,1,0.7,R,1.6
18,1,0.6166928,1,0.5,R,2.3
18,1,0.808406,1,0.4,R,2.3
18,1,0.2982698,1,0.7,R,1.8
18,1,0.5565241,0,0.2,R,1.9
18,1,0.4408722,0,0.4,R,2.3
18,1,0.4894696,0,0.4,R,2.3
18,1,0.4819826,0,0.3,R,1.9
18,1,1.0868596,1,0.5,R,1.9
18,1,0.6606122,0,0.2,R,1.3
18,1,0.3055725,1,0.8,R,1.8
18,1,1.1651704,0,0.4,R,0.9
18,1,0.4990414,0,0.2,R,1.6
18,1,0.3049872,1,0.7,R,1.6
18,1,0.7819552,0,0.3,R,2.1
18,1,0.5678258,1,0.7,R,0.9
18,1,0.252828,1,0.7,R,1.3
18,1,0.5650368,0,0.3,R,1.3
18,1,0.2654569,1,0.6,R,2.3
18,1,0.2606678,1,0.7,R,1.1
18,1,0.3923146,1,0.7,R,1.3
18,1,0.493054,0,0.3,R,1.8
18,1,0.6043315,0,0.6,R,0.9
18,1,0.5088312,0,0.3,R,2.1
18,1,0.3608358,0,0.2,R,1.8
18,1,0.268079,1,0.6,R,1.6
18,1,0.3808094,0,0.3,R,1.4
18,1,0.2579514,1,0.7,R,1.3
18,1,0.3166615,1,0.7,R,1.8
18,1,0.3407817,1,0.8,R,1.1
18,1,0.4088049,0,0.3,R,2.3
18,2,0.2097374,1,0.8,R,1.3
18,2,0.8841431,0,0.4,R,2.1
18,2,0.2433723,1,0.6,R,1.1
18,2,0.2864587,1,0.6,R,1.9
18,2,0.6303539,1,0.6,R,2.1
18,2,0.2903117,1,0.5,R,1.3
18,2,0.4141515,0,0.5,R,1.4
18,2,0.4265562,0,0.4,R,1.4
18,2,0.6262855,0,0.4,R,1.1
18,2,0.118466,1,0.6,R,1.3
18,2,0.732882,1,0.6,R,1.6
18,2,0.4100022,0,0.4,R,1.9
18,2,0.5100036,0,0.4,R,0.9
18,2,0.2630806,1,0.8,R,1.1
18,2,0.6133561,0,0.5,R,1.3
18,2,0.4520791,0,0.4,R,2.3
18,2,0.6209744,0,0.5,R,0.9
18,2,0.670164,0,0.8,R,0.9
18,2,1.1713709,1,0.7,R,1.6
18,2,0.9289006,1,0.5,R,1.3
18,2,0.2919744,1,0.8,R,1.3
18,2,0.4249167,0,0.4,R,1.1
18,2,0.3259307,1,0.7,R,1.9
18,2,0.3931065,1,0.8,R,1.4
18,2,0.5297213,0,0.5,R,1.4
18,2,0.5399265,0,0.5,R,0.9
18,2,0.5642339,0,0.6,R,2.1
18,2,0.3170105,1,0.7,R,2.3
18,2,0.462633,0,0.2,R,1.8
18,2,0.3772379,0,0.2,R,2.1
18,2,0.4168112,0,0.2,R,1.9
18,2,0.192685,1,0.8,R,2.3
18,2,0.5077953,0,0.3,R,1.6
18,2,1.2295575,1,0.4,R,1.3
18,2,0.8647994,0,0.4,R,2.3
18,2,0.5423587,1,0.3,R,2.3
18,2,1.0648119,0,0.2,R,1.1
18,2,0.9889102,1,0.5,R,2.1
18,2,0.7497225,0,0.2,R,0.9
18,2,0.3338644,1,0.7,R,1.3
18,2,0.5569391,0,0.7,R,1.9
18,2,0.220967,1,0.7,R,2.3
18,2,0.4885344,0,0.2,R,1.3
18,2,0.8276681,1,0.5,R,1.8
18,2,0.3849855,0,0.2,R,1.3
18,2,0.4168265,0,0.3,R,1.9
18,2,0.4728121,1,0.8,R,2.1
18,2,0.7886972,1,0.7,R,1.6
18,2,0.4931049,0,0.2,R,1.9
18,2,0.2737825,1,0.6,R,0.9
18,2,0.3298519,1,0.6,R,2.1
18,2,0.7168127,0,0.3,R,1.8
18,2,1.0088674,0,0.3,R,1.3
18,2,0.489748,1,0.4,R,1.4
18,2,0.4326697,1,0.5,R,1.1
18,2,1.0142362,0,0.6,R,1.4
18,2,0.9733558,1,0.4,R,1.3
18,2,0.747682,1,0.5,R,1.6
18,2,0.6329105,1,0.8,R,0.9
18,2,0.3086681,1,0.7,R,1.3
18,2,1.5408628,0,0.3,R,2.3
18,2,0.6608232,1,0.5,R,2.3
18,2,1.1525831,1,0.5,R,1.8
18,2,0.3369078,1,0.6,R,1.9
18,2,0.2822418,1,0.8,R,1.6
18,2,1.0522509,0,0.4,R,2.1
18,2,0.4807792,0,0.2,R,0.9
18,2,0.4768176,0,0.3,R,1.4
18,2,0.4128758,0,0.4,R,1.6
18,2,0.5442975,1,0.8,R,1.6
18,2,0.9135032,0,0.3,R,2.3
18,2,0.6169469,1,0.6,R,1.8
18,2,1.3289693,0,0.6,R,1.9
18,2,0.7727534,1,0.5,R,1.6
18,2,0.5887426,0,0.3,R,1.9
18,2,1.0645737,0,0.4,R,1.6
18,2,1.333709,1,0.4,R,2.3
18,2,0.284747,1,0.8,R,1.6
18,2,0.252789,1,0.8,R,1.9
18,2,0.3728723,0,0.2,R,0.9
18,2,0.6138746,0,0.3,R,0.9
18,2,0.4006947,1,0.6,R,2.3
18,2,0.6005157,0,0.2,R,0.9
18,2,0.3567386,1,0.7,R,1.3
18,2,0.3611975,1,0.6,R,1.3
18,2,0.4807952,0,0.2,R,1.4
18,2,0.3568294,0,0.2,R,1.1
18,2,0.5769997,1,0.6,R,1.6
18,2,0.278242,1,0.7,R,2.3
18,2,1.0127285,1,0.6,R,2.1
18,2,0.337963,1,0.6,R,0.9
18,2,0.2407095,1,0.8,R,1.3
18,2,0.6965563,1,0.6,R,1.3
18,2,0.3327176,1,0.4,R,1.8
18,2,0.7808695,1,0.5,R,1.9
18,2,0.268792,1,0.7,R,1.9
18,2,0.2588707,1,0.8,R,2.1
18,2,0.2607191,1,0.7,R,1.4
18,2,0.5649626,0,0.2,R,2.3
18,3,0.8512378,0,0.4,R,1.8
18,3,0.2901019,1,0.8,R,1.1
18,3,0.4155264,0,0.4,R,0.9
18,3,0.8006154,1,0.6,R,1.3
18,3,0.2867807,1,0.7,R,0.9
18,3,0.2991828,1,0.5,R,2.3
18,3,0.5463847,0,0.2,R,0.9
18,3,0.318191,1,0.6,R,1.8
18,3,0.2565862,1,0.8,R,1.3
18,3,0.485948,0,0.4,R,1.6
18,3,0.3769971,0,0.4,R,0.9
18,3,0.3196879,0,0.2,R,2.1
18,3,0.4417232,1,0.4,R,0.9
18,3,0.7613688,1,0.4,R,1.4
18,3,0.4909742,0,0.2,R,2.3
18,3,0.2767828,1,0.6,R,1.3
18,3,0.3621118,0,0.2,R,1.4
18,3,0.5249593,1,0.6,R,0.9
18,3,0.716392,0,0.5,R,2.1
18,3,0.2618299,1,0.7,R,1.3
18,3,0.8529014,1,0.7,R,2.1
18,3,0.2804459,1,0.6,R,2.1
18,3,0.3688643,1,0.8,R,2.3
18,3,0.7651503,0,0.5,R,2.1
18,3,0.4409513,0,0.3,R,0.9
18,3,0.2846699,1,0.7,R,1.6
18,3,0.5170383,0,0.3,R,2.3
18,3,0.296939,1,0.6,R,1.6
18,3,0.9209179,0,0.4,R,1.6
18,3,0.2649615,1,0.8,R,1.8
18,3,0.5900044,0,0.4,R,1.3
18,3,0.4287315,0,0.4,R,1.6
18,3,0.4216686,0,0.5,R,1.1
18,3,0.4077041,0,0.3,R,2.1
18,3,1.0767007,1,0.5,R,0.9
18,3,0.4249307,0,0.3,R,1.9
18,3,0.8610335,1,0.7,R,1.1
18,3,1.2080619,1,0.6,R,2.1
18,3,0.8285592,1,0.5,R,1.8
18,3,0.4168439,1,0.6,R,2.3
18,3,0.5009477,0,0.2,R,2.1
18,3,0.288789,1,0.4,R,1.8
18,3,0.4528292,1,0.6,R,1.9
18,3,0.4806252,0,0.3,R,1.3
18,3,0.7287756,0,0.2,R,1.1
18,3,0.6088272,1,0.6,R,2.1
18,3,0.664669,0,0.4,R,1.8
18,3,0.9447854,1,0.5,R,1.3
18,3,0.5647555,1,0.7,R,1.8
18,3,0.6439718,1,0.3,R,2.1
18,3,0.5606842,1,0.8,R,2.1
18,3,0.4657027,1,0.6,R,1.1
18,3,0.396628,0,0.3,R,1.9
18,3,0.5485383,0,0.4,R,1.6
18,3,0.5526826,0,0.3,R,1.6
18,3,0.5529598,1,0.7,R,1.4
18,3,0.5243523,1,0.8,R,0.9
18,3,0.3945764,1,0.5,R,1.9
18,3,0.3847314,1,0.8,R,2.3
18,3,0.585012,1,0.2,R,1.1
18,3,0.3446195,0,0.2,R,1.9
18,3,0.3884416,1,0.5,R,1.9
18,3,0.4846099,0,0.4,R,1.1
18,3,1.0878992,1,0.6,R,0.9
18,3,0.3376239,1,0.7,R,1.9
18,3,0.5177661,1,0.8,R,1.9
18,4,0.2706212,1,0.6,R,2.1
18,4,0.3084543,1,0.8,R,0.9
18,4,0.4810167,0,0.3,R,0.9
18,4,0.4469013,0,0.3,R,1.1
18,4,0.8550074,0,0.2,R,1.4
18,4,0.5035554,0,0.4,R,1.1
18,4,0.6832023,0,0.3,R,1.1
18,4,0.457499,0,0.5,R,0.9
18,4,0.2677179,1,0.8,R,1.6
18,4,0.2490125,1,0.7,R,1.4
18,4,0.5023201,1,0.5,R,2.1
18,4,0.4831631,0,0.2,R,0.9
18,4,0.3422837,1,0.7,R,0.9
18,4,0.3429387,1,0.6,R,1.1
18,4,0.3398517,0,0.2,R,0.9
18,4,0.8821776,1,0.5,R,1.1
18,4,0.2840172,1,0.5,R,1.3
18,4,0.2867917,1,0.7,R,1.9
18,4,0.3058617,1,0.8,R,1.6
18,4,0.3049638,1,0.7,R,1.6
18,4,0.7562419,1,0.8,R,1.1
18,4,0.2960285,1,0.5,R,1.3
18,4,0.4288256,0,0.3,R,1.8
18,4,0.2608194,1,0.7,R,1.8
18,4,0.8981627,1,0.4,R,2.3
18,4,0.3087176,1,0.5,R,1.8
18,4,0.5101578,1,0.6,R,2.1
18,4,0.2645816,1,0.8,R,2.1
18,4,0.2767246,1,0.7,R,1.4
18,4,0.2609841,1,0.7,R,2.1
18,4,0.5087199,0,0.3,R,1.6
18,4,1.016644,1,0.5,R,1.3
18,4,0.6799482,1,0.7,R,1.6
18,4,0.4001106,1,0.8,R,1.1
18,4,0.5295503,0,0.2,R,1.1
18,4,0.5181599,1,0.7,R,1.8
18,4,0.8467948,1,0.6,R,1.6
18,4,0.5487509,0,0.4,R,2.1
18,4,0.6218067,0,0.4,R,2.3
18,4,0.9074798,1,0.8,R,2.1
18,4,0.9016139,1,0.5,R,2.3
18,4,0.8085615,1,0.5,R,1.6
18,4,0.419968,0,0.3,R,1.3
18,4,1.0408919,1,0.3,R,0.9
18,4,1.2279706,1,0.3,R,1.1
18,4,0.7839462,0,0.2,R,2.1
18,4,0.5057272,0,0.2,R,2.1
18,4,1.09902,1,0.5,R,1.1
18,4,0.8647654,1,0.8,R,1.8
18,4,0.4285654,1,0.4,R,2.3
18,4,0.3448128,1,0.8,R,2.1
18,4,0.481034,1,0.6,R,2.3
18,4,0.5084089,0,0.3,R,0.9
18,4,0.5008041,0,0.3,R,0.9
18,4,0.3209068,1,0.8,R,1.6
18,4,0.8186623,1,0.7,R,1.8
18,4,0.8967799,1,0.5,R,1.1
18,4,1.2127789,1,0.4,R,2.3
18,4,0.921271,0,0.2,R,1.6
18,4,0.3006892,1,0.6,R,1.1
18,4,0.503998,1,0.8,R,1.3
18,4,0.472574,0,0.4,R,1.4
18,4,0.9168217,1,0.4,R,1.8
18,4,0.3088822,1,0.8,R,1.9
18,4,0.9325827,1,0.5,R,1.6
18,4,0.9888836,1,0.5,R,1.8
18,4,0.5531263,1,0.8,R,1.9
18,4,0.5891768,0,0.2,R,2.3
18,4,0.536761,1,0.8,R,1.8
18,4,0.5807071,1,0.7,R,1.1
18,4,0.6768325,0,0.3,R,0.9
18,4,0.4207748,1,0.7,R,2.1
18,4,0.4454034,0,0.2,R,1.4
18,4,0.4246239,1,0.8,R,1.6
19,1,0.3513358,1,0.8,R,2.1
19,1,0.4883813,0,0.2,R,1.1
19,1,0.3490532,1,0.7,R,1.6
19,1,0.2731881,1,0.5,R,1.9
19,1,0.3373306,1,0.4,R,2.3
19,1,0.3922496,1,0.6,R,1.9
19,1,0.5503928,0,0.7,R,1.3
19,1,0.3172086,1,0.5,R,1.8
19,1,0.6452815,0,0.5,R,1.3
19,1,0.5241752,0,0.2,R,1.3
19,1,0.6411275,0,0.4,R,1.3
19,1,1.0010295,1,0.8,R,0.9
19,1,0.2405471,1,0.6,R,1.3
19,1,0.4975403,0,0.2,R,1.9
19,1,0.8064799,1,0.3,R,0.9
19,1,0.3290782,1,0.8,R,2.3
19,1,2.4170117,1,0.8,R,1.1
19,1,0.6902532,1,0.2,R,1.6
19,1,0.948557,1,0.8,R,1.8
19,1,0.8531661,1,0.6,R,1.9
19,1,0.8256806,1,0.8,R,1.1
19,1,0.4729911,0,0.4,R,1.4
19,1,0.4057229,1,0.4,R,2.1
19,1,0.5594402,1,0.4,R,0.9
19,1,0.6924129,0,0.5,R,1.9
19,1,0.9322552,0,0.6,R,1.6
19,1,0.37449,0,0.4,R,1.9
19,1,0.5728012,1,0.7,R,1.4
19,1,0.3169705,1,0.8,R,1.4
19,1,0.4564595,0,0.4,R,2.3
19,1,0.3166874,0,0.4,R,1.8
19,1,0.3371657,0,0.3,R,2.1
19,1,0.8886363,1,0.7,R,1.1
19,1,0.5620329,0,0.6,R,1.3
19,1,0.6694994,0,0.3,R,1.8
19,1,0.3650733,1,0.8,R,1.1
19,1,0.2880352,1,0.8,R,0.9
19,1,0.4729899,1,0.5,R,1.9
19,1,0.3810649,0,0.5,R,1.1
19,1,0.3682119,0,0.3,R,1.8
19,1,0.3331439,0,0.2,R,2.3
19,1,0.3860471,1,0.7,R,1.3
19,1,0.4256635,0,0.6,R,1.4
19,1,0.4181441,1,0.7,R,1.8
19,1,0.6173083,0,0.3,R,1.9
19,1,0.5809806,0,0.5,R,1.3
19,1,0.4519801,0,0.6,R,1.9
19,1,0.1252832,1,0.7,R,1.9
19,1,0.4849875,1,0.7,R,1.8
19,1,0.422304,1,0.8,R,1.1
19,1,0.3811473,1,0.5,R,1.4
19,1,0.6371254,1,0.5,R,1.9
19,1,0.3862443,0,0.7,R,1.3
19,1,0.2583369,1,0.8,R,1.1
19,1,0.5782753,0,0.8,R,1.3
19,1,0.5364464,1,0.7,R,1.4
19,1,0.337322,1,0.8,R,1.3
19,1,0.5375253,0,0.6,R,1.8
19,1,0.5334047,1,0.8,R,1.1
19,1,0.4368244,1,0.5,R,1.6
19,1,0.3932657,0,0.8,R,1.9
19,1,0.7851432,0,0.8,R,1.6
19,1,0.3140571,1,0.3,R,1.1
19,1,0.8922306,1,0.7,R,1.8
19,1,0.6072599,0,0.5,R,1.9
19,1,0.3163481,1,0.6,R,1.8
19,1,0.3689676,1,0.8,R,1.3
19,1,0.6041738,0,0.4,R,1.9
19,1,0.4372073,0,0.5,R,1.3
19,1,0.3969554,1,0.7,R,1.1
19,1,0.3094663,0,0.5,R,1.8
19,1,0.3278137,0,0.2,R,1.9
19,1,0.3169524,0,0.7,R,1.8
19,2,0.3515027,0,0.4,R,2.3
19,2,0.539839,1,0.5,R,1.9
19,2,0.324442,1,0.7,R,0.9
19,2,0.3672639,1,0.6,R,1.9
19,2,0.367123,1,0.6,R,1.1
19,2,0.6233722,0,0.3,R,0.9
19,2,0.5741645,1,0.6,R,2.3
19,2,0.2467742,1,0.8,R,1.9
19,2,0.6574894,0,0.6,R,1.6
19,2,0.5389676,0,0.2,R,1.4
19,2,0.4298005,1,0.6,R,0.9
19,2,0.2108559,0,0.7,R,1.4
19,2,0.5341402,0,0.4,R,1.6
19,2,0.4439845,0,0.3,R,0.9
19,2,0.3760764,0,0.4,R,1.6
19,2,0.4250666,0,0.4,R,1.1
19,2,0.4890186,0,0.4,R,1.9
19,2,0.7844976,1,0.8,R,1.3
19,2,0.6549294,0,0.2,R,1.4
19,2,0.5436348,0,0.5,R,1.9
19,2,0.3481944,1,0.7,R,1.8
19,2,0.5375586,0,0.2,R,1.8
19,2,0.3091961,1,0.8,R,2.3
19,2,0.4490812,0,0.4,R,2.1
19,2,0.2623371,1,0.7,R,1.4
19,2,0.4612588,1,0.4,R,2.3
19,2,0.6003735,1,0.7,R,1.3
19,2,0.4091104,1,0.8,R,1.8
19,2,0.4772013,1,0.8,R,1.9
19,2,0.5251126,0,0.5,R,1.9
19,2,0.1843769,1,0.7,R,1.8
19,2,0.233077,0,0.5,R,1.1
19,2,0.3771664,0,0.2,R,1.3
19,2,0.1221155,0,0.4,R,2.1
19,2,0.4163736,0,0.2,R,1.6
19,2,0.4431597,0,0.8,R,2.3
19,2,0.3461868,1,0.7,R,1.8
19,2,0.4048655,1,0.2,R,2.1
19,2,0.5611307,0,0.2,R,0.9
19,2,0.7765033,0,0.4,R,0.9
19,2,0.4011834,1,0.8,R,1.6
19,2,1.1327698,1,0.6,R,2.1
19,2,0.5333793,0,0.3,R,1.6
19,2,0.4599027,1,0.6,R,1.6
19,2,0.42526,1,0.7,R,2.3
19,2,0.5749021,0,0.5,R,1.3
19,2,0.3041852,0,0.5,R,1.4
19,2,0.5092396,0,0.4,R,1.8
19,2,0.3330863,0,0.2,R,1.1
19,2,0.50308,0,0.5,R,0.9
19,2,0.316324,0,0.4,R,0.9
19,2,0.5530415,0,0.6,R,1.1
19,2,0.5291625,1,0.2,R,0.9
19,2,0.504707,0,0.2,R,1.4
19,2,0.2631453,1,0.8,R,1.3
19,2,0.592229,0,0.4,R,1.6
19,2,0.4370008,0,0.2,R,1.4
19,2,0.3889899,0,0.2,R,1.9
19,2,0.2252476,1,0.8,R,2.1
19,2,0.4800099,0,0.6,R,1.9
19,2,0.5095577,1,0.6,R,1.9
19,2,0.4290331,0,0.2,R,0.9
19,2,0.6411417,1,0.6,R,1.8
19,2,0.3490493,1,0.6,R,0.9
19,2,0.5418133,1,0.7,R,1.1
19,2,0.5176358,0,0.3,R,1.1
19,2,0.4974881,0,0.4,R,0.9
19,2,0.3131583,1,0.8,R,1.6
19,2,1.3691081,0,0.5,R,1.6
19,2,0.4642423,0,0.2,R,2.3
19,3,0.6547523,0,0.3,R,1.6
19,3,0.3270542,1,0.8,R,1.8
19,3,0.7437342,1,0.4,R,1.6
19,3,0.9733297,1,0.4,R,1.6
19,3,0.210114,0,0.4,R,2.1
19,3,0.4172487,0,0.4,R,1.1
19,3,0.2637534,0,0.2,R,1.9
19,3,0.4565438,0,0.2,R,1.9
19,3,0.395004,1,0.6,R,0.9
19,3,0.2570348,0,0.2,R,2.3
19,3,0.4102633,0,0.4,R,1.1
19,3,0.3654002,0,0.3,R,1.4
19,3,0.2574576,1,0.7,R,1.8
19,3,0.4375358,1,0.7,R,2.1
19,3,0.5373261,1,0.8,R,1.4
19,3,0.4328359,0,0.5,R,1.1
19,3,0.4279403,1,0.7,R,1.9
19,3,0.332972,1,0.3,R,0.9
19,3,0.2728671,1,0.8,R,2.3
19,3,0.4945268,0,0.6,R,1.4
19,3,0.3287849,0,0.6,R,1.6
19,3,0.3291481,0,0.5,R,2.1
19,3,0.2802144,0,0.5,R,1.6
19,3,0.420196,1,0.7,R,0.9
19,3,0.3902353,1,0.4,R,1.1
19,3,0.960109,0,0.6,R,1.6
19,3,0.3378202,0,0.7,R,1.8
19,3,0.305137,0,0.3,R,1.1
19,3,0.4162905,0,0.5,R,0.9
19,3,0.2716479,0,0.5,R,1.8
19,3,0.4294031,1,0.7,R,1.6
19,3,0.3039817,1,0.8,R,0.9
19,3,0.5004549,0,0.5,R,1.1
19,3,0.244107,1,0.8,R,1.3
19,3,0.2454138,1,0.7,R,1.8
19,3,0.4811406,0,0.2,R,2.3
19,3,0.2053905,1,0.7,R,1.9
19,3,0.3022861,0,0.2,R,1.3
19,3,0.2764728,1,0.7,R,1.8
19,3,0.3179246,0,0.7,R,1.8
19,3,0.3364145,1,0.8,R,1.4
19,3,0.712961,0,0.5,R,2.3
19,3,0.2839233,1,0.8,R,1.1
19,3,0.2693252,0,0.5,R,0.9
19,3,0.36604,0,0.3,R,1.1
19,3,0.9893231,1,0.4,R,1.6
19,3,0.4817272,1,0.5,R,1.8
19,3,0.4926266,0,0.3,R,1.6
19,3,0.293081,0,0.2,R,1.3
19,3,0.3442957,1,0.6,R,0.9
19,3,0.676345,1,0.7,R,1.4
19,3,0.4845676,0,0.5,R,1.3
19,3,0.5405915,0,0.5,R,1.4
19,3,0.243684,1,0.7,R,1.3
19,3,0.3730528,1,0.6,R,1.4
19,3,0.3251587,0,0.2,R,0.9
19,3,0.2768658,1,0.6,R,1.6
19,3,0.2894408,0,0.3,R,1.8
19,3,0.4323926,0,0.7,R,1.4
19,3,0.2682727,1,0.7,R,1.4
19,3,0.476276,0,0.4,R,2.3
19,3,0.3523845,0,0.2,R,2.3
19,3,0.2523278,0,0.3,R,1.6
19,3,0.7214769,0,0.5,R,1.1
19,3,0.260576,0,0.4,R,2.1
19,3,0.5052807,0,0.4,R,1.1
19,3,0.5889592,0,0.3,R,1.3
19,3,0.28828,1,0.8,R,1.6
19,3,0.3003019,0,0.3,R,1.4
19,3,0.3133178,1,0.7,R,1.4
19,3,0.5170639,0,0.2,R,1.4
19,3,0.6048424,1,0.6,R,2.3
19,4,0.3041736,1,0.6,R,2.1
19,4,0.328261,0,0.7,R,0.9
19,4,0.1764929,1,0.8,R,1.1
19,4,0.3731394,0,0.2,R,0.9
19,4,0.2888474,1,0.4,R,1.3
19,4,0.2973788,1,0.4,R,1.4
19,4,0.2551439,0,0.4,R,2.3
19,4,0.3535444,1,0.2,R,1.3
19,4,0.5842426,0,0.6,R,1.1
19,4,0.3481176,0,0.3,R,2.3
19,4,0.2729392,0,0.6,R,0.9
19,4,0.3012125,0,0.4,R,1.3
19,4,0.3620441,0,0.2,R,1.6
19,4,0.4125693,0,0.4,R,2.3
19,4,0.2440367,1,0.7,R,1.1
19,4,0.3045146,0,0.2,R,1.9
19,4,0.297209,1,0.5,R,1.3
19,4,0.2295237,0,0.2,R,1.6
19,4,0.105426,0,0.5,R,1.1
19,4,0.2481361,1,0.4,R,1.4
19,4,0.1282593,1,0.6,R,1.4
19,4,0.3573834,1,0.4,R,1.8
19,4,0.2490217,1,0.5,R,1.3
19,4,0.2169088,1,0.8,R,2.3
19,4,0.4960677,0,0.4,R,1.4
19,4,0.2651518,0,0.3,R,1.1
19,4,0.2843634,0,0.5,R,2.3
19,4,0.2643967,1,0.6,R,0.9
19,4,0.2164441,1,0.8,R,1.6
19,4,0.3525903,0,0.2,R,1.4
19,4,0.4205932,0,0.2,R,1.8
19,4,0.2571992,1,0.3,R,2.1
19,4,0.4291491,0,0.3,R,2.3
19,4,0.3293376,0,0.3,R,1.3
19,4,0.3132392,0,0.2,R,1.9
19,4,0.324648,1,0.7,R,0.9
19,4,0.4573398,0,0.4,R,2.1
19,4,0.299355,1,0.7,R,2.3
19,4,0.261442,0,0.4,R,1.6
19,4,0.2649985,0,0.5,R,0.9
19,4,0.4001586,1,0.7,R,0.9
19,4,0.409169,0,0.3,R,1.8
19,4,0.9853041,0,0.4,R,1.1
19,4,0.5307408,1,0.8,R,1.4
19,4,0.2899174,1,0.6,R,2.3
19,4,0.3490277,1,0.5,R,0.9
19,4,0.284981,1,0.4,R,2.3
19,4,0.2223213,1,0.7,R,1.6
19,4,0.3129916,0,0.3,R,1.3
19,4,0.2611188,1,0.8,R,1.3
19,4,0.272354,1,0.7,R,1.3
19,4,0.3090275,0,0.3,R,1.1
19,4,0.2329558,1,0.8,R,2.1
19,4,0.4264759,0,0.2,R,2.1
19,4,0.3213601,0,0.2,R,1.3
19,4,0.320132,0,0.3,R,2.1
19,4,0.3051154,1,0.6,R,1.4
19,4,0.4449587,1,0.5,R,1.6
19,4,0.2929903,1,0.5,R,2.1
19,4,0.2720748,0,0.3,R,0.9
19,4,0.4330662,1,0.6,R,1.3
19,4,0.6368189,0,0.6,R,1.4
19,4,0.5289808,0,0.3,R,1.8
19,4,0.3925468,0,0.4,R,1.8
19,4,0.3167789,0,0.3,R,1.1
19,4,0.3645884,0,0.5,R,2.3
19,4,0.3560702,1,0.6,R,1.9
19,4,0.3444213,0,0.4,R,1.3
19,4,0.341398,1,0.6,R,0.9
19,4,0.3531625,1,0.8,R,1.3
19,4,0.3842549,1,0.8,R,1.8
20,1,0.2289527,1,0.8,R,1.3
20,1,0.1854918,1,0.6,R,1.8
20,1,0.2327479,0,0.3,R,1.1
20,1,0.1490806,1,0.7,R,1.1
20,1,0.2539913,1,0.4,R,1.9
20,1,0.1730139,1,0.7,R,1.9
20,1,0.5609895,0,0.4,R,2.1
20,1,0.2373146,1,0.5,R,1.4
20,1,0.4729168,0,0.3,R,1.8
20,1,0.0860553999999998,1,0.6,R,2.3
20,1,0.060927,1,0.8,R,2.1
20,1,0.2131383,1,0.7,R,1.6
20,1,0.1130813,1,0.7,R,2.1
20,1,0.2131366,1,0.5,R,1.1
20,1,0.1325883,1,0.7,R,0.9
20,1,0.4935726,0,0.3,R,0.9
20,1,0.1132032,1,0.8,R,2.1
20,1,0.4154281,1,0.3,R,0.9
20,1,0.4170606,0,0.2,R,1.6
20,1,0.4457833,0,0.2,R,1.8
20,1,0.2201163,1,0.4,R,1.9
20,1,0.2016399,1,0.5,R,1.4
20,1,0.1650753,1,0.5,R,1.4
20,1,0.2208173,1,0.7,R,1.9
20,1,0.4611796,0,0.3,R,1.4
20,1,0.209471,1,0.6,R,0.9
20,1,0.1530027,1,0.7,R,1.1
20,1,0.1527524,1,0.6,R,0.9
20,1,0.4649156,0,0.3,R,0.9
20,1,1.5882561,1,0.7,R,0.9
20,1,0.12509,1,0.8,R,1.1
20,1,0.2530508,0,0.3,R,2.1
20,1,0.3770242,1,0.4,R,2.1
20,1,0.4320841,0,0.2,R,1.1
20,1,0.2051039,0,0.3,R,1.9
20,1,0.1733033,1,0.6,R,1.8
20,1,0.3729358,1,0.4,R,1.3
20,1,0.2248215,1,0.6,R,1.3
20,1,0.4282262,0,0.3,R,0.9
20,1,0.344802,0,0.3,R,1.4
20,1,0.1931974,1,0.8,R,1.6
20,1,0.453095,0,0.2,R,0.9
20,1,0.3016574,1,0.4,R,1.6
20,1,0.5168933,0,0.5,R,1.4
20,1,0.373153,0,0.2,R,2.1
20,1,0.0622157000000003,1,0.7,R,1.1
20,1,0.2363641,1,0.5,R,1.1
20,1,0.4451492,0,0.3,R,1.6
20,1,0.301899,1,0.4,R,1.9
20,1,0.1959467,1,0.7,R,1.9
20,1,0.3850269,0,0.5,R,0.9
20,1,0.3495687,0,0.3,R,1.9
20,1,0.2488313,1,0.6,R,2.1
20,1,0.3049359,1,0.6,R,1.1
20,1,0.0691297999999998,1,0.7,R,2.1
20,1,0.4010865,0,0.2,R,2.1
20,2,0.5193973,0,0.6,R,1.6
20,2,0.4437717,0,0.2,R,1.4
20,2,0.3773534,1,0.7,R,1.4
20,2,0.6923958,0,0.5,R,2.3
20,2,0.3962729,0,0.4,R,2.3
20,2,0.422112,0,0.4,R,1.1
20,2,0.2802679,1,0.8,R,2.3
20,2,0.4838393,0,0.5,R,1.8
20,2,0.4169595,0,0.3,R,1.9
20,2,0.4340643,0,0.4,R,2.1
20,2,1.107373,0,0.7,R,1.4
20,2,0.4531226,1,0.4,R,2.3
20,2,0.6663243,0,0.4,R,1.8
20,2,0.5333747,0,0.5,R,1.3
20,2,0.3217907,1,0.6,R,1.4
20,2,0.4693567,0,0.2,R,1.3
20,2,0.2822512,1,0.6,R,1.3
20,2,0.5371968,0,0.2,R,2.1
20,2,0.5159794,0,0.2,R,1.3
20,2,0.3997352,1,0.7,R,1.8
20,2,0.5622291,0,0.5,R,1.1
20,2,0.2976578,1,0.7,R,2.1
20,2,0.5494455,0,0.5,R,2.3
20,2,0.4369914,0,0.2,R,1.6
20,2,0.7213042,1,0.5,R,1.6
20,2,0.2248768,1,0.7,R,1.8
20,2,0.2418428,1,0.8,R,1.6
20,2,2.4998059,1,0.4,R,1.6
20,2,0.901622,1,0.6,R,2.1
20,2,0.2329792,1,0.8,R,1.3
20,2,0.273364,1,0.8,R,1.4
20,2,0.528863,0,0.5,R,1.1
20,2,0.4408302,0,0.2,R,2.3
20,2,0.5402117,0,0.2,R,1.8
20,2,0.5692443,0,0.5,R,0.9
20,2,0.4688614,0,0.4,R,0.9
20,2,0.4838129,0,0.6,R,1.1
20,2,0.4525757,0,0.2,R,1.8
20,2,0.3958747,0,0.3,R,0.9
20,2,0.2372428,1,0.8,R,1.3
20,2,0.5974916,0,0.6,R,1.3
20,2,0.4896546,0,0.4,R,1.1
20,2,0.3200651,0,0.3,R,1.9
20,2,0.5449131,0,0.6,R,1.1
20,2,0.3256307,1,0.6,R,1.9
20,2,0.3450957,0,0.2,R,1.8
20,2,0.421971,1,0.6,R,2.1
20,2,0.7971389,1,0.6,R,0.9
20,2,0.4848751,1,0.6,R,1.1
20,2,0.2248564,1,0.8,R,2.3
20,2,0.6177851,0,0.3,R,1.1
20,2,0.3850522,0,0.2,R,2.1
20,2,0.3333139,1,0.5,R,2.1
20,2,0.2088959,1,0.7,R,1.3
20,2,0.324888,0,0.3,R,1.8
20,2,0.2891083,1,0.7,R,2.1
20,2,0.344926,0,0.5,R,1.9
20,2,0.3251344,0,0.2,R,1.1
20,2,0.2290204,1,0.8,R,1.3
20,2,0.249078,1,0.8,R,1.1
20,2,0.4570455,0,0.4,R,1.1
20,2,0.5967104,1,0.7,R,1.8
20,2,0.4978278,0,0.5,R,2.3
20,2,0.4214832,0,0.4,R,1.9
20,2,0.4855108,1,0.7,R,2.1
20,2,0.4518508,0,0.5,R,2.1
20,2,1.8249955,1,0.5,R,1.6
20,2,0.4645229,0,0.2,R,2.3
20,2,0.4932758,0,0.5,R,0.9
20,2,0.2999784,0,0.6,R,1.1
20,2,0.4530876,0,0.3,R,0.9
20,2,0.125081,1,0.7,R,1.6
20,2,0.1972029,1,0.8,R,2.1
20,2,0.2372164,1,0.8,R,1.8
20,2,0.1973628,1,0.8,R,1.4
20,2,2.0568695,1,0.7,R,1.9
20,2,0.4527556,0,0.5,R,1.3
20,2,0.6241432,0,0.5,R,1.9
20,3,0.4218163,1,0.5,R,1.9
20,3,0.6052827,0,0.4,R,0.9
20,3,0.2101611,1,0.6,R,1.4
20,3,0.2609403,1,0.8,R,1.1
20,3,0.4530097,0,0.5,R,2.3
20,3,0.2449494,1,0.7,R,1.9
20,3,0.4809388,0,0.4,R,1.3
20,3,0.4732304,1,0.6,R,1.9
20,3,0.4806139,0,0.2,R,0.9
20,3,0.5656555,0,0.3,R,0.9
20,3,0.3238962,1,0.4,R,1.1
20,3,0.1758245,1,0.8,R,2.3
20,3,0.193223,1,0.8,R,0.9
20,3,0.2321539,1,0.6,R,0.9
20,3,1.1018797,1,0.4,R,2.1
20,3,0.6019009,0,0.4,R,0.9
20,3,0.5450211,0,0.5,R,1.9
20,3,0.2283876,1,0.6,R,1.6
20,3,0.5017116,0,0.4,R,1.9
20,3,0.1365649,1,0.8,R,0.9
20,3,0.4020118,0,0.6,R,1.3
20,3,0.436738,0,0.3,R,1.8
20,3,0.2891848,0,0.3,R,1.1
20,3,0.3885685,1,0.7,R,1.8
20,3,0.220958,1,0.6,R,0.9
20,3,0.4370955,0,0.5,R,1.3
20,3,0.3367694,1,0.7,R,2.3
20,3,0.3898223,0,0.3,R,1.9
20,3,0.2931347,1,0.7,R,1.3
20,3,0.3366925,0,0.2,R,0.9
20,3,0.269119,1,0.6,R,1.6
20,3,0.4328321,0,0.5,R,1.8
20,3,0.4689237,0,0.3,R,1.1
20,3,0.1691561,1,0.8,R,0.9
20,3,0.9931455,0,0.5,R,1.9
20,3,0.2454838,1,0.7,R,0.9
20,3,0.4614857,0,0.5,R,1.1
20,3,0.4651863,0,0.3,R,1.9
20,3,0.2849792,1,0.5,R,1.3
20,3,0.3492231,1,0.4,R,0.9
20,3,0.2298644,1,0.7,R,1.8
20,3,0.1728321,1,0.8,R,1.1
20,3,0.5576608,0,0.5,R,1.4
20,3,0.5015292,0,0.4,R,1.6
20,3,0.2859117,0,0.2,R,1.9
20,3,0.4649155,0,0.4,R,1.9
20,3,0.5251255,0,0.3,R,1.6
20,3,0.1324651,1,0.8,R,2.1
20,3,0.3805914,0,0.2,R,0.9
20,3,0.173136,1,0.8,R,1.6
20,3,0.5209807,0,0.5,R,1.3
20,3,0.3480093,1,0.6,R,0.9
20,3,0.2887504,1,0.6,R,1.8
20,3,0.7447063,1,0.6,R,1.8
20,3,0.6879786,1,0.5,R,1.6
20,3,0.5568999,0,0.5,R,1.9
20,3,0.2130753,1,0.8,R,1.1
20,3,0.2401549,1,0.8,R,1.8
20,3,0.3170873,0,0.4,R,2.1
20,3,0.2649808,1,0.8,R,1.9
20,3,0.4318803,1,0.8,R,1.6
20,3,0.4688382,0,0.4,R,1.4
20,3,0.3249782,0,0.2,R,1.1
20,3,0.3368896,0,0.4,R,1.4
20,3,0.3330367,1,0.6,R,0.9
20,3,0.4170945,0,0.2,R,1.6
20,3,0.1977178,1,0.8,R,1.9
20,3,0.4250718,1,0.8,R,1.3
20,3,1.740862,1,0.4,R,1.9
20,3,0.8161451,0,0.2,R,2.3
20,3,0.5169889,0,0.5,R,1.8
20,3,0.4410523,0,0.2,R,1.9
20,3,0.6127781,0,0.5,R,1.6
20,3,1.001085,0,0.5,R,0.9
20,4,0.7460311,0,0.4,R,0.9
20,4,0.1754152,1,0.8,R,1.6
20,4,0.4166511,0,0.2,R,1.8
20,4,0.1168515,1,0.8,R,1.6
20,4,0.2396466,1,0.6,R,2.3
20,4,0.2359557,1,0.5,R,2.3
20,4,0.2984967,1,0.4,R,1.9
20,4,0.0734097,1,0.8,R,1.6
20,4,0.4810086,0,0.2,R,1.9
20,4,0.2364795,1,0.5,R,0.9
20,4,0.461197,0,0.2,R,1.3
20,4,0.2936497,0,0.3,R,1.6
20,4,0.2169538,1,0.6,R,1.9
20,4,0.1293204,1,0.8,R,2.3
20,4,0.2182247,1,0.6,R,1.6
20,4,0.1933684,1,0.8,R,1.4
20,4,0.476795,0,0.4,R,1.3
20,4,0.2048574,1,0.7,R,1.9
20,4,0.2095116,1,0.6,R,2.1
20,4,0.2844766,0,0.3,R,0.9
20,4,0.2738443,0,0.3,R,1.4
20,4,0.2560116,1,0.7,R,1.4
20,4,0.6969679,1,0.5,R,2.1
20,4,0.5251715,0,0.3,R,1.8
20,4,0.5130022,0,0.3,R,1.4
20,4,0.3451513,0,0.3,R,0.9
20,4,0.2855544,0,0.3,R,1.9
20,4,0.3411811,0,0.3,R,1.9
20,4,0.361043,0,0.2,R,1.3
20,4,0.2579529,0,0.4,R,0.9
20,4,0.2005761,1,0.6,R,1.1
20,4,0.1777176,1,0.8,R,1.9
20,4,0.4412128,0,0.4,R,1.8
20,4,0.1814448,1,0.6,R,1.6
20,4,0.3249653,1,0.5,R,2.3
20,4,0.4041497,0,0.2,R,2.3
20,4,0.2251291,1,0.6,R,1.1
20,4,0.4128268,1,0.5,R,0.9
20,4,0.2811945,0,0.3,R,1.9
20,4,0.3530943,0,0.2,R,2.1
20,4,0.1812961,1,0.5,R,1.1
20,4,0.2442547,1,0.6,R,1.3
20,4,0.4781712,0,0.3,R,2.3
20,4,0.1695089,1,0.8,R,2.3
20,4,0.4009993,0,0.2,R,1.6
20,4,0.1251559,1,0.6,R,2.3
20,4,0.2248461,1,0.7,R,2.1
20,4,0.1850951,1,0.6,R,1.8
20,4,0.2691992,1,0.6,R,0.9
20,4,0.2170423,1,0.6,R,1.8
20,4,1.5743148,1,0.8,R,1.1
20,4,0.2047964,1,0.7,R,1.4
20,4,0.4211792,0,0.2,R,1.6
20,4,0.1067735,1,0.7,R,0.9
20,4,0.3567832,0,0.2,R,1.3
20,4,0.2610645,1,0.6,R,1.9
20,4,0.2970906,1,0.6,R,0.9
20,4,0.2009069,1,0.8,R,1.3
20,4,0.5059037,0,0.4,R,1.9
20,4,0.2659137,1,0.4,R,1.9
20,4,0.1529732,1,0.7,R,1.8
20,4,0.280899,1,0.7,R,2.1
20,4,0.4169021,0,0.4,R,1.1
20,4,0.4969262,0,0.4,R,1.6
20,4,0.1094401,1,0.8,R,2.3
20,4,0.3930182,0,0.2,R,1.1
20,4,0.3960311,0,0.3,R,1.6
20,4,0.3528431,1,0.5,R,1.3
21,1,0.4447708,0,0.4,R,1.1
21,1,0.4318881,1,0.4,R,1.9
21,1,0.285369,1,0.5,R,1.9
21,1,0.3330575,1,0.6,R,1.3
21,1,0.5809776,0,0.2,R,1.3
21,1,0.5441855,0,0.2,R,1.6
21,1,0.2451585,1,0.7,R,1.6
21,1,0.5929379,1,0.6,R,1.1
21,1,0.7848133,1,0.4,R,1.3
21,1,1.1447676,1,0.4,R,1.6
21,1,0.5248819,0,0.2,R,1.9
21,1,0.7971008,1,0.7,R,1.6
21,1,0.7806689,0,0.4,R,1.9
21,1,0.7728446,1,0.4,R,1.1
21,1,0.7381448,0,0.2,R,1.9
21,1,0.5295008,1,0.8,R,1.8
21,1,0.5095585,1,0.6,R,1.8
21,1,0.2807857,1,0.8,R,1.6
21,1,0.6134764,0,0.2,R,1.9
21,1,0.7040751,1,0.6,R,2.1
21,1,0.5447604,0,0.2,R,1.3
21,1,0.6336734,0,0.3,R,1.3
21,1,0.6926648,1,0.5,R,2.1
21,1,0.1829818,1,0.7,R,0.9
21,1,0.7367539,0,0.3,R,2.1
21,1,0.6578192,0,0.2,R,2.1
21,1,0.5607212,0,0.2,R,1.1
21,1,0.580907,0,0.3,R,0.9
21,1,1.3058689,0,0.4,R,1.3
21,1,1.1055525,1,0.4,R,0.9
21,1,0.9122079,0,0.4,R,1.9
21,1,0.8364204,1,0.5,R,1.8
21,1,0.8971118,0,0.4,R,1.6
21,1,0.4930672,0,0.4,R,1.1
21,1,0.7218588,0,0.4,R,1.8
21,1,0.4729909,1,0.7,R,2.1
21,1,0.652656,1,0.6,R,1.1
21,1,0.8333682,1,0.6,R,0.9
21,1,0.9929133,0,0.2,R,1.1
21,1,0.3166082,1,0.7,R,1.9
21,1,0.7719919,0,0.4,R,1.3
21,1,0.2657278,1,0.7,R,1.1
21,1,1.3938129,1,0.6,R,1.9
21,1,1.2371927,0,0.3,R,0.9
21,1,0.3766628,1,0.5,R,2.3
21,1,0.1811478,1,0.8,R,1.4
21,1,0.0768724999999999,1,0.8,R,2.3
21,1,0.1409614,1,0.7,R,1.9
21,1,0.5140182,1,0.4,R,1.3
21,1,0.5847031,1,0.5,R,1.1
21,1,0.6527179,1,0.8,R,1.3
21,1,1.2327872,1,0.6,R,2.1
21,1,0.6209975,0,0.3,R,1.3
21,1,0.8046443,0,0.7,R,1.3
21,1,0.848313,0,0.4,R,1.4
21,1,0.6651493,1,0.7,R,0.9
21,1,0.4207453,1,0.7,R,0.9
21,1,0.5407947,1,0.5,R,1.4
21,1,0.3890138,1,0.7,R,1.9
21,1,0.2488492,1,0.8,R,0.9
21,1,0.8048393,0,0.5,R,1.4
21,1,0.2287943,1,0.7,R,1.3
21,1,0.3998452,1,0.6,R,1.4
21,1,0.8128722,0,0.2,R,1.8
21,1,0.6608501,0,0.3,R,1.9
21,1,0.3525396,1,0.7,R,2.1
21,1,0.4771503,1,0.5,R,1.3
21,1,1.2451592,1,0.4,R,1.9
21,1,0.6050112,0,0.3,R,1.6
21,1,0.6207379,0,0.2,R,1.6
21,1,0.4612033,1,0.6,R,1.1
21,1,0.7366766,1,0.6,R,2.3
21,1,0.4370355,1,0.7,R,2.3
21,1,0.328749,1,0.6,R,1.4
21,1,0.4340962,1,0.7,R,1.8
21,1,0.6498053,1,0.5,R,1.8
21,2,0.7837148,0,0.6,R,1.1
21,2,0.8568415,0,0.3,R,0.9
21,2,0.3969808,1,0.5,R,1.8
21,2,0.5851589,0,0.2,R,2.1
21,2,0.9808199,1,0.5,R,0.9
21,2,0.5086566,1,0.7,R,1.8
21,2,0.5394662,1,0.6,R,2.3
21,2,0.7212159,1,0.2,R,1.8
21,2,0.6774982,1,0.8,R,0.9
21,2,0.6527941,1,0.5,R,2.3
21,2,0.9478131,1,0.4,R,2.3
21,2,0.6937124,1,0.6,R,0.9
21,2,0.3968291,0,0.3,R,1.1
21,2,0.5847635,0,0.2,R,2.1
21,2,1.1461328,1,0.8,R,1.9
21,2,0.4128759,0,0.3,R,0.9
21,2,0.3328426,1,0.8,R,1.8
21,2,1.4409555,0,0.5,R,1.9
21,2,0.3441149,1,0.7,R,0.9
21,2,0.2727318,1,0.8,R,1.8
21,2,0.2447231,1,0.8,R,1.6
21,2,0.3000141,1,0.8,R,1.1
21,2,0.7251707,0,0.3,R,1.6
21,2,0.5211576,1,0.7,R,0.9
21,2,0.4087723,1,0.6,R,1.3
21,2,0.6490548,0,0.2,R,2.1
21,2,0.6542085,0,0.5,R,1.6
21,2,0.464004,0,0.4,R,1.8
21,2,0.649652,0,0.2,R,1.3
21,2,0.3449336,1,0.8,R,1.6
21,2,0.6134174,0,0.4,R,2.3
21,2,1.3688832,1,0.7,R,1.6
21,2,0.9289197,1,0.7,R,1.1
21,2,0.4808067,0,0.2,R,2.1
21,2,0.4968005,0,0.4,R,2.3
21,2,1.0219315,0,0.5,R,0.9
21,2,0.788868,1,0.7,R,1.1
21,2,1.3447959,0,0.6,R,1.4
21,2,0.5240566,1,0.7,R,2.1
21,2,0.5177713,1,0.5,R,2.3
21,2,0.831738,0,0.3,R,1.6
21,2,0.4809111,0,0.3,R,2.3
21,2,0.4330471,0,0.2,R,0.9
21,2,0.5684021,0,0.6,R,1.8
21,2,0.5567292,1,0.5,R,1.3
21,2,0.5165628,1,0.8,R,1.4
21,2,0.6729186,1,0.7,R,1.1
21,2,0.3761249,0,0.4,R,1.9
21,2,0.1850007,0,0.6,R,1.1
21,2,0.4415968,0,0.6,R,1.6
21,2,0.4928558,0,0.5,R,2.1
21,2,0.8018193,1,0.7,R,1.6
21,2,0.5256998,1,0.8,R,1.3
21,2,0.2088186,1,0.8,R,1.8
21,2,0.6289216,1,0.5,R,2.1
21,2,0.3967813,0,0.5,R,1.1
21,2,0.5604523,1,0.5,R,1.4
21,2,0.397181,0,0.8,R,1.9
21,2,0.7088156,0,0.7,R,2.1
21,2,0.8641047,0,0.2,R,2.1
21,2,0.6773443,1,0.5,R,1.9
21,2,0.4169298,1,0.5,R,1.6
21,2,1.8496144,0,0.6,R,2.1
21,2,0.3566881,1,0.5,R,2.3
21,2,0.5407171,1,0.7,R,1.6
21,2,0.8139814,0,0.5,R,1.9
21,3,0.3120981,1,0.8,R,1.9
21,3,0.6698982,0,0.3,R,1.9
21,3,0.2286343,1,0.7,R,1.9
21,3,0.6376162,0,0.3,R,1.1
21,3,0.6978246,0,0.4,R,1.3
21,3,0.5736186,0,0.4,R,1.4
21,3,0.493565,1,0.8,R,1.4
21,3,0.6727913,0,0.3,R,1.8
21,3,0.566075,0,0.2,R,1.4
21,3,0.5250886,1,0.5,R,2.1
21,3,0.6408834,1,0.5,R,1.8
21,3,0.6090584,1,0.6,R,2.3
21,3,0.5811715,0,0.2,R,1.1
21,3,0.3728194,1,0.5,R,1.1
21,3,0.6297869,1,0.6,R,1.9
21,3,0.6298645,0,0.3,R,0.9
21,3,0.8488122,1,0.5,R,1.4
21,3,0.5849597,1,0.5,R,1.4
21,3,0.7010588,0,0.3,R,1.1
21,3,0.6363123,0,0.3,R,1.6
21,3,0.6369602,0,0.2,R,2.1
21,3,0.7540368,1,0.7,R,1.1
21,3,0.7048146,1,0.8,R,1.8
21,3,0.465442,1,0.7,R,1.3
21,3,0.8530588,0,0.5,R,1.3
21,3,0.4050576,0,0.6,R,1.1
21,3,1.1689411,1,0.5,R,1.4
21,3,0.7771308,1,0.4,R,1.8
21,3,0.5811464,0,0.3,R,0.9
21,3,0.5320741,0,0.2,R,0.9
21,3,0.5910354,0,0.2,R,1.1
21,3,0.0967872999999999,1,0.8,R,1.8
21,3,0.380661,1,0.6,R,2.1
21,3,0.2847629,1,0.5,R,1.4
21,3,0.4769188,1,0.3,R,1.8
21,3,0.5929873,0,0.3,R,2.1
21,3,0.5971294,0,0.3,R,1.6
21,3,0.5025673,0,0.4,R,1.8
21,3,0.4971281,0,0.3,R,1.4
21,3,0.5369918,0,0.5,R,2.3
21,3,0.3456629,1,0.7,R,1.8
21,3,0.2287132,0,0.5,R,1.9
21,3,0.1331262,0,0.6,R,2.1
21,3,0.5208294,0,0.2,R,2.1
21,3,0.504967,0,0.2,R,1.8
21,3,0.0968897000000002,1,0.7,R,1.9
21,3,0.4693542,0,0.2,R,1.9
21,3,0.2936808,1,0.7,R,1.4
21,3,0.4409285,0,0.3,R,2.1
21,3,0.5258944,1,0.5,R,1.6
21,3,0.2972745,1,0.8,R,1.9
21,3,0.2328929,1,0.7,R,1.9
21,3,0.3050224,1,0.6,R,1.6
21,3,0.716003,0,0.4,R,0.9
21,3,0.2683923,1,0.7,R,1.3
21,3,0.248792,1,0.8,R,1.4
21,3,0.192824,1,0.7,R,2.1
21,3,0.5859892,0,0.2,R,2.1
21,3,0.2251151,1,0.6,R,0.9
21,3,0.645798,0,0.3,R,1.3
21,3,0.4449195,0,0.2,R,1.4
21,3,0.2557349,1,0.7,R,2.3
21,3,0.9647178,0,0.4,R,1.1
21,3,0.3929649,1,0.8,R,1.9
21,3,0.3126694,1,0.8,R,1.1
21,3,0.6089241,0,0.2,R,2.1
21,3,0.2807879,1,0.6,R,1.1
21,3,0.9082945,0,0.7,R,1.6
21,4,0.5047911,1,0.6,R,1.1
21,4,0.7048315,0,0.4,R,1.1
21,4,0.9610393,0,0.4,R,1.1
21,4,0.4408178,1,0.6,R,0.9
21,4,0.5169877,1,0.5,R,1.1
21,4,0.1890505,1,0.8,R,1.6
21,4,0.2371666,0,0.8,R,1.6
21,4,0.6531355,0,0.4,R,0.9
21,4,0.6133114,0,0.5,R,1.4
21,4,0.6447183,0,0.5,R,0.9
21,4,0.2980295,1,0.8,R,1.3
21,4,0.3721812,1,0.7,R,1.3
21,4,0.1503477,0,0.5,R,2.3
21,4,0.5969215,0,0.2,R,1.8
21,4,0.1967812,1,0.8,R,1.1
21,4,0.6126711,0,0.3,R,1.3
21,4,0.4778111,0,0.4,R,1.8
21,4,0.5930459,0,0.3,R,1.9
21,4,0.5048175,0,0.3,R,1.9
21,4,0.1771316,1,0.6,R,1.4
21,4,0.3409325,0,0.8,R,2.1
21,4,0.3924466,0,0.3,R,2.1
21,4,0.220836,0,0.7,R,1.9
21,4,0.5366945,0,0.2,R,1.4
21,4,0.7327323,0,0.4,R,0.9
21,4,0.6528607,1,0.5,R,0.9
21,4,0.2716725,0,0.7,R,1.3
21,4,0.1036918,1,0.6,R,1.9
21,4,0.104405,1,0.6,R,1.9
21,4,0.3894746,0,0.3,R,2.3
21,4,0.5937584,1,0.8,R,0.9
21,4,0.5569002,1,0.7,R,1.1
21,4,0.4687597,0,0.5,R,1.6
21,4,0.4729151,0,0.2,R,0.9
21,4,0.5358197,0,0.4,R,2.3
21,4,0.53683,0,0.5,R,1.3
21,4,0.5621333,0,0.2,R,1.9
21,4,0.4490096,0,0.2,R,1.1
21,4,0.4969655,1,0.6,R,1.3
21,4,0.4931837,0,0.5,R,1.9
21,4,0.5415648,0,0.3,R,1.3
21,4,0.1928891,1,0.6,R,2.3
21,4,0.7091515,0,0.5,R,1.4
21,4,0.0688436000000001,1,0.8,R,1.9
21,4,0.4648206,0,0.2,R,2.1
21,4,0.4808768,0,0.2,R,1.8
21,4,0.6160633,0,0.8,R,2.1
21,4,0.3408578,1,0.7,R,1.3
21,4,0.5772049,0,0.2,R,1.3
21,4,0.2931821,1,0.7,R,1.1
21,4,0.4482074,0,0.6,R,0.9
21,4,0.4543091,0,0.3,R,1.9
21,4,0.5420777,0,0.3,R,0.9
21,4,0.2327841,0,0.8,R,1.9
21,4,0.4648837,1,0.4,R,0.9
21,4,0.0848752999999998,1,0.7,R,2.3
21,4,0.7134534,0,0.3,R,1.8
21,4,0.3819833,1,0.6,R,1.8
21,4,0.5606624,0,0.5,R,1.6
21,4,0.4648691,0,0.2,R,1.4
21,4,0.4850109,0,0.2,R,1.9
21,4,0.5092437,0,0.2,R,1.1
21,4,0.2446656,1,0.5,R,1.4
21,4,0.584816,0,0.6,R,1.9
21,4,0.0889723,1,0.8,R,1.9
21,4,0.545816,0,0.2,R,1.6
21,4,0.57298,0,0.5,R,2.3
21,4,0.592925,0,0.5,R,1.8
21,4,0.2410611,1,0.4,R,2.1
21,4,0.1738718,1,0.5,R,1.8
21,4,0.3931379,1,0.8,R,1.9
21,4,0.528708,0,0.2,R,1.9
21,4,0.6127714,1,0.4,R,0.9
21,4,0.8328764,1,0.4,R,1.9
22,1,0.2980992,1,0.5,R,2.1
22,1,0.2172332,1,0.7,R,1.6
22,1,0.1738974,1,0.7,R,1.3
22,1,0.3641154,1,0.5,R,1.6
22,1,0.2947471,1,0.5,R,1.4
22,1,0.2218674,1,0.8,R,1.3
22,1,0.459445,0,0.3,R,1.8
22,1,0.3869819,1,0.3,R,1.3
22,1,0.6038664,0,0.2,R,2.1
22,1,0.2264046,1,0.7,R,1.3
22,1,0.400202,0,0.2,R,1.1
22,1,0.2097176,1,0.5,R,1.4
22,1,0.4976548,1,0.6,R,1.9
22,1,0.3677246,0,0.2,R,1.1
22,1,0.6146375,1,0.4,R,2.1
22,1,0.3482219,1,0.5,R,1.4
22,1,0.2444031,1,0.7,R,1.1
22,1,0.2830244,1,0.6,R,1.6
22,1,0.1895591,1,0.6,R,1.6
22,1,0.2722956,1,0.6,R,2.3
22,1,0.3160488,1,0.5,R,2.1
22,1,0.2840112,1,0.4,R,2.1
22,1,1.1102718,1,0.5,R,1.8
22,1,0.4244318,1,0.6,R,0.9
22,1,0.2685866,1,0.5,R,1.3
22,1,0.348347,0,0.4,R,0.9
22,1,0.3182451,1,0.8,R,1.9
22,1,0.3453518,1,0.7,R,2.3
22,1,0.3063227,0,0.2,R,1.9
22,1,0.3268758,1,0.8,R,2.1
22,1,0.2772696,1,0.8,R,1.6
22,1,0.3731029,0,0.3,R,0.9
22,1,0.370175,1,0.6,R,0.9
22,1,0.2891315,1,0.6,R,1.6
22,1,0.3212463,1,0.5,R,1.1
22,1,0.3254325,0,0.4,R,1.1
22,1,0.6053892,0,0.4,R,0.9
22,1,0.2695819,1,0.8,R,1.3
22,1,0.4295265,0,0.5,R,2.1
22,1,0.5215925,0,0.3,R,1.1
22,1,0.6091027,1,0.6,R,1.8
22,1,0.3333907,0,0.2,R,2.3
22,1,0.2605118,1,0.8,R,0.9
22,1,0.5215054,0,0.4,R,2.3
22,1,0.4413645,1,0.6,R,1.3
22,1,0.2535645,1,0.6,R,1.6
22,1,0.3832331,1,0.5,R,1.1
22,1,0.4923543,0,0.2,R,1.3
22,1,0.5683673,0,0.4,R,1.4
22,1,0.4362233,0,0.2,R,1.9
22,1,0.2561037,1,0.8,R,1.8
22,1,0.2525989,1,0.7,R,2.3
22,1,0.5180322,0,0.3,R,1.4
22,1,0.6730008,1,0.5,R,2.3
22,1,0.4004501,0,0.3,R,2.3
22,1,0.2404319,1,0.7,R,1.1
22,1,0.2931766,1,0.7,R,2.3
22,1,0.2502135,1,0.6,R,2.1
22,1,0.2766509,0,0.3,R,2.1
22,1,0.126331,1,0.7,R,2.1
22,1,0.5572861,0,0.3,R,2.1
22,1,0.1455648,1,0.8,R,0.9
22,1,0.2249341,1,0.8,R,0.9
22,1,0.2444005,1,0.7,R,1.8
22,1,0.3013148,1,0.7,R,1.8
22,1,0.2880627,1,0.6,R,1.4
22,1,0.405459,0,0.3,R,0.9
22,1,0.3410019,0,0.3,R,2.1
22,1,0.2775059,1,0.8,R,1.3
22,1,2.1089897,0,0.4,R,1.4
22,1,0.5060556,0,0.2,R,1.8
22,2,0.4123823,1,0.7,R,2.1
22,2,0.4707152,0,0.2,R,1.3
22,2,0.3750884,1,0.8,R,2.3
22,2,0.5115868,0,0.4,R,1.4
22,2,0.3386351,0,0.2,R,2.1
22,2,0.4859527,1,0.7,R,1.6
22,2,0.2904043,0,0.2,R,1.6
22,2,0.5256092,0,0.2,R,2.3
22,2,0.4322906,0,0.2,R,1.4
22,2,0.3012045,1,0.8,R,0.9
22,2,0.3755197,0,0.4,R,1.4
22,2,0.9138152,1,0.5,R,1.9
22,2,0.4582569,0,0.2,R,1.1
22,2,0.5595639,0,0.6,R,1.4
22,2,0.5014264,1,0.5,R,2.1
22,2,0.4131073,1,0.5,R,1.1
22,2,0.55362,0,0.4,R,1.8
22,2,0.2880562,1,0.8,R,0.9
22,2,0.2777539,0,0.7,R,1.4
22,2,0.6494556,1,0.4,R,0.9
22,2,0.4677559,0,0.3,R,1.9
22,2,0.1496539,0,0.5,R,1.3
22,2,0.1243083,0,0.2,R,1.9
22,2,0.2916165,1,0.6,R,1.4
22,2,0.2969139,1,0.8,R,1.8
22,2,0.3923539,0,0.5,R,1.4
22,2,0.400095,1,0.5,R,2.3
22,2,0.3212591,1,0.5,R,1.4
22,2,0.2493737,1,0.6,R,1.8
22,2,0.2734173,1,0.6,R,1.8
22,2,0.4773963,0,0.2,R,1.1
22,2,0.1726551,0,0.3,R,2.1
22,2,0.4410112,0,0.2,R,1.6
22,2,0.2333349,1,0.6,R,1.6
22,2,0.4250283,0,0.3,R,1.1
22,2,0.6624641,0,0.5,R,1.8
22,2,0.1939157,1,0.7,R,1.9
22,2,0.1842559,1,0.8,R,1.1
22,2,0.517224,0,0.2,R,2.3
22,2,0.2691003,1,0.7,R,1.6
22,2,0.3134,1,0.7,R,1.6
22,2,0.5399467,0,0.3,R,2.3
22,2,0.3639781,0,0.3,R,0.9
22,2,0.285975,1,0.8,R,1.3
22,2,0.4092503,0,0.2,R,2.1
22,2,0.272401,1,0.6,R,1.3
22,2,0.2333736,1,0.8,R,1.8
22,2,0.3484994,1,0.3,R,2.3
22,2,0.4501776,0,0.2,R,1.6
22,2,0.4843311,1,0.6,R,2.1
22,2,0.4731086,1,0.6,R,1.1
22,2,1.0893186,0,0.4,R,2.3
22,2,0.5371256,0,0.2,R,0.9
22,2,0.5930498,0,0.4,R,0.9
22,2,0.476954,0,0.3,R,1.9
22,2,0.4341669,0,0.2,R,1.8
22,2,1.385072,0,0.5,R,1.1
22,2,0.4611145,0,0.3,R,0.9
22,2,0.4371251,0,0.3,R,0.9
22,2,0.3292131,1,0.8,R,2.1
22,2,0.8933481,1,0.5,R,1.4
22,2,0.4694536,0,0.3,R,1.1
22,2,0.3653116,0,0.3,R,1.1
22,2,0.4281246,0,0.5,R,2.3
22,2,0.5006435,0,0.2,R,2.3
22,2,0.4489664,1,0.6,R,1.8
22,2,0.3692322,1,0.7,R,0.9
22,2,0.354403,1,0.8,R,2.1
22,2,0.9690846,0,0.4,R,1.6
22,3,0.3290716,1,0.6,R,1.8
22,3,0.4494034,0,0.3,R,1.8
22,3,0.4133056,1,0.4,R,1.4
22,3,0.5095037,1,0.5,R,2.3
22,3,0.4406067,0,0.4,R,1.9
22,3,0.5281934,0,0.3,R,2.3
22,3,0.6416809,1,0.6,R,2.3
22,3,0.3361577,1,0.8,R,2.3
22,3,0.2893063,1,0.6,R,1.9
22,3,0.3484553,1,0.7,R,2.3
22,3,0.4093445,1,0.5,R,1.8
22,3,0.3372979,0,0.4,R,1.9
22,3,0.277293,1,0.7,R,2.1
22,3,0.2803603,1,0.7,R,1.4
22,3,0.744933,1,0.5,R,1.8
22,3,0.6240771,0,0.2,R,0.9
22,3,0.4044473,0,0.3,R,2.1
22,3,0.4773958,0,0.4,R,1.8
22,3,0.4614207,1,0.8,R,1.1
22,3,0.405168,0,0.3,R,0.9
22,3,0.2723802,0,0.2,R,1.6
22,3,0.3018883,1,0.7,R,1.4
22,3,0.5332544,1,0.7,R,2.3
22,3,0.4460136,0,0.3,R,2.1
22,3,0.3061427,1,0.7,R,1.4
22,3,0.5089877,1,0.8,R,2.3
22,3,0.3934223,0,0.2,R,1.6
22,3,0.6894459,0,0.4,R,2.1
22,3,0.3208972,1,0.8,R,2.1
22,3,0.3883155,1,0.5,R,1.6
22,3,0.3092324,1,0.7,R,2.1
22,3,0.3095391,1,0.7,R,0.9
22,3,0.4923466,1,0.7,R,2.1
22,3,0.4093248,0,0.4,R,2.1
22,3,0.3003463,1,0.6,R,1.9
22,3,0.234468,1,0.8,R,1.6
22,3,0.2401537,1,0.8,R,1.9
22,3,0.3701968,0,0.3,R,1.3
22,3,0.4174852,0,0.4,R,2.1
22,3,0.6570383,0,0.4,R,1.9
22,3,0.3134284,0,0.2,R,2.1
22,3,0.3133179,0,0.2,R,2.1
22,3,0.3009381,0,0.3,R,0.9
22,3,0.2451023,0,0.3,R,1.4
22,3,0.2653658,0,0.3,R,0.9
22,3,0.2931563,1,0.7,R,1.3
22,3,0.2810599,1,0.7,R,1.8
22,3,0.3731526,0,0.2,R,2.1
22,3,0.3733818,0,0.2,R,2.3
22,3,0.6212696,0,0.5,R,1.6
22,3,0.4212233,1,0.7,R,1.4
22,3,0.4261904,1,0.5,R,2.3
22,3,0.3960972,1,0.8,R,0.9
22,3,0.5840963,0,0.4,R,1.9
22,3,0.3210369,1,0.8,R,1.3
22,3,0.3933002,0,0.4,R,2.3
22,3,0.5808883,0,0.5,R,1.9
22,3,0.3442368,0,0.3,R,1.9
22,3,0.6004456,1,0.6,R,0.9
22,3,0.5769505,0,0.5,R,2.3
22,3,0.3966648,1,0.2,R,0.9
22,3,0.3733092,0,0.2,R,2.3
22,3,0.3493865,1,0.7,R,1.9
22,3,0.4095079,0,0.2,R,1.8
22,4,0.3039276,1,0.5,R,2.1
22,4,0.2480196,1,0.7,R,1.6
22,4,0.3594085,1,0.7,R,1.3
22,4,0.6344825,0,0.5,R,1.6
22,4,0.5761866,1,0.5,R,1.4
22,4,0.2221657,1,0.8,R,1.3
22,4,0.5068871,0,0.3,R,1.8
22,4,0.4915548,0,0.3,R,1.3
22,4,0.4424722,0,0.2,R,2.1
22,4,0.2983489,1,0.7,R,1.3
22,4,0.3989314,0,0.2,R,1.1
22,4,0.5899246,0,0.5,R,1.4
22,4,0.2427368,1,0.6,R,1.9
22,4,0.3440518,0,0.2,R,1.1
22,4,0.2865394,0,0.4,R,2.1
22,4,0.4375498,0,0.5,R,1.4
22,4,0.5003533,1,0.7,R,1.1
22,4,0.4095497,1,0.6,R,1.6
22,4,0.3812254,1,0.6,R,1.6
22,4,0.2071268,1,0.6,R,2.3
22,4,0.319816,1,0.5,R,2.1
22,4,0.2199374,1,0.4,R,2.1
22,4,0.3095361,1,0.5,R,1.8
22,4,0.4241844,1,0.6,R,0.9
22,4,0.4684548,0,0.5,R,1.3
22,4,0.4214509,0,0.4,R,0.9
22,4,0.2323569,1,0.8,R,1.9
22,4,0.7052311,1,0.7,R,2.3
22,4,0.2584454,0,0.2,R,1.9
22,4,0.3971938,1,0.8,R,1.6
22,4,0.4285287,0,0.3,R,0.9
22,4,0.4332137,1,0.6,R,0.9
22,4,0.3209909,1,0.6,R,1.6
22,4,0.4569971,1,0.5,R,1.1
22,4,0.5890879,0,0.4,R,1.1
22,4,0.4612088,0,0.4,R,0.9
22,4,0.3019754,1,0.8,R,1.3
22,4,0.3024616,1,0.5,R,2.1
22,4,0.369408,0,0.3,R,1.1
22,4,0.3694208,0,0.6,R,1.8
22,4,0.3653511,0,0.2,R,2.3
22,4,0.597309,1,0.8,R,0.9
22,4,0.4733558,0,0.4,R,2.3
22,4,0.3390618,1,0.6,R,1.3
22,4,0.3252844,1,0.6,R,1.6
22,4,0.3041363,1,0.5,R,1.1
22,4,0.3962194,0,0.2,R,1.3
22,4,0.3366115,0,0.4,R,1.4
22,4,0.3801846,0,0.2,R,1.9
22,4,0.3216324,1,0.8,R,1.8
22,4,0.3172377,1,0.7,R,2.3
22,4,0.5970994,0,0.3,R,1.4
22,4,0.6812585,0,0.5,R,2.3
22,4,0.3852544,0,0.3,R,2.3
22,4,0.2812594,1,0.7,R,1.1
22,4,0.3644362,1,0.7,R,2.3
22,4,0.5855826,1,0.6,R,2.1
22,4,0.3093934,0,0.3,R,2.1
22,4,0.3332468,1,0.7,R,2.1
22,4,0.4142808,0,0.3,R,2.1
22,4,0.361291,1,0.8,R,0.9
22,4,0.24881,1,0.8,R,0.9
22,4,0.3163622,1,0.7,R,1.8
22,4,0.3581176,1,0.7,R,1.8
22,4,0.336488,1,0.6,R,1.4
22,4,0.4372634,0,0.3,R,0.9
22,4,0.2851465,0,0.3,R,2.1
22,4,0.2775482,1,0.8,R,1.3
22,4,0.2854971,1,0.4,R,1.4
22,4,0.4252956,0,0.2,R,1.8
23,1,0.7525432,1,0.6,R,2.1
23,1,0.344453,0,0.4,R,1.4
23,1,0.237365,1,0.8,R,1.1
23,1,0.2812325,1,0.8,R,1.6
23,1,0.3943545,0,0.5,R,1.9
23,1,0.2430047,1,0.6,R,1.6
23,1,0.5129524,0,0.5,R,2.1
23,1,0.2420903,1,0.7,R,1.6
23,1,0.5687807,0,0.8,R,0.9
23,1,0.4081458,1,0.6,R,2.3
23,1,0.4892205,0,0.2,R,1.8
23,1,0.4729266,1,0.5,R,1.9
23,1,0.8686727,1,0.6,R,1.6
23,1,0.5528052,0,0.5,R,0.9
23,1,0.4920226,1,0.8,R,1.1
23,1,0.2890554,0,0.3,R,1.8
23,1,0.5413085,0,0.2,R,2.3
23,1,0.4400506,1,0.7,R,1.4
23,1,0.2410948,1,0.7,R,1.8
23,1,0.4883392,0,0.2,R,2.3
23,1,0.2728004,1,0.6,R,1.4
23,1,0.4940061,0,0.2,R,1.4
23,1,0.5082688,0,0.3,R,1.6
23,1,0.2773709,1,0.8,R,1.1
23,1,0.4048334,0,0.5,R,1.9
23,1,0.3480467,0,0.4,R,1.6
23,1,0.3419838,0,0.2,R,1.9
23,1,0.364603,0,0.4,R,1.6
23,1,0.3521956,0,0.2,R,1.8
23,1,0.1931953,1,0.7,R,1.4
23,1,0.4969873,0,0.3,R,1.6
23,1,0.2813444,1,0.8,R,1.6
23,1,0.2891131,1,0.8,R,1.6
23,1,0.4244801,0,0.2,R,1.9
23,1,0.458007,1,0.8,R,2.3
23,1,0.2560581,1,0.8,R,1.9
23,1,0.2349659,1,0.8,R,1.6
23,1,0.4822821,0,0.3,R,1.1
23,1,0.3242563,1,0.7,R,1.8
23,1,0.3221581,0,0.6,R,1.4
23,1,0.3245418,0,0.4,R,1.4
23,1,0.2692742,0,0.2,R,1.1
23,1,0.3342071,0,0.6,R,1.8
23,1,0.41373,0,0.5,R,1.9
23,1,0.73743,0,0.5,R,1.9
23,1,0.568964,0,0.4,R,2.1
23,1,0.4118605,1,0.4,R,1.9
23,1,1.3212277,0,0.3,R,1.4
23,1,0.4089644,1,0.6,R,2.1
23,1,0.5781293,0,0.4,R,1.9
23,1,0.7482179,0,0.3,R,2.1
23,1,0.4164575,0,0.6,R,1.6
23,1,0.2262917,1,0.7,R,1.3
23,1,0.5701769,0,0.2,R,1.4
23,1,0.4201132,1,0.6,R,1.3
23,1,0.6732141,1,0.2,R,1.4
23,1,0.2657813,1,0.5,R,1.9
23,1,0.3572143,1,0.4,R,1.4
23,1,0.2328528,1,0.7,R,1.8
23,1,0.2282996,1,0.8,R,2.1
23,1,0.2249815,1,0.8,R,1.8
23,1,0.4490628,0,0.5,R,2.3
23,1,0.4939638,0,0.5,R,2.1
23,1,0.4252373,0,0.3,R,1.9
23,1,0.2651892,1,0.8,R,1.3
23,1,0.7251887,0,0.5,R,1.8
23,1,0.6690708,1,0.7,R,2.1
23,1,0.5380148,0,0.2,R,1.8
23,2,0.5216971,0,0.2,R,1.8
23,2,0.1618765,0,0.5,R,1.8
23,2,0.2559364,1,0.4,R,0.9
23,2,0.2390626,1,0.8,R,1.3
23,2,0.1848396,1,0.8,R,1.3
23,2,0.2063165,1,0.8,R,0.9
23,2,0.1226395,1,0.7,R,1.4
23,2,0.21194,0,0.6,R,1.8
23,2,0.0561224,0,0.3,R,1.8
23,2,0.3347929,0,0.2,R,2.3
23,2,0.3578909,0,0.3,R,1.3
23,2,0.2774845,1,0.6,R,1.6
23,2,0.1084154,0,0.6,R,2.3
23,2,0.3825335,0,0.2,R,1.1
23,2,0.1010548,1,0.8,R,1.6
23,2,0.3050781,1,0.3,R,1.6
23,2,0.4669243,0,0.2,R,2.1
23,2,0.2583084,0,0.6,R,1.3
23,2,0.2703493,0,0.4,R,1.3
23,2,0.2558562,0,0.5,R,2.1
23,2,0.3406517,0,0.3,R,1.4
23,2,0.5239061,0,0.7,R,2.1
23,2,0.6141004,0,0.5,R,1.8
23,2,0.3290296,0,0.3,R,1.4
23,2,0.2083219,0,0.4,R,1.1
23,2,0.3881896,0,0.3,R,2.3
23,2,0.2801843,0,0.2,R,1.6
23,2,0.2534882,0,0.4,R,2.3
23,2,0.268432,0,0.3,R,1.6
23,2,0.2172034,0,0.4,R,1.3
23,2,0.3202562,0,0.3,R,1.1
23,2,0.4366746,0,0.3,R,1.8
23,2,0.3799955,0,0.2,R,1.9
23,2,0.5449489,0,0.2,R,1.1
23,2,0.2612883,1,0.5,R,1.4
23,2,0.2253226,1,0.6,R,1.8
23,2,0.2615666,1,0.4,R,1.6
23,2,0.2388082,1,0.6,R,2.3
23,2,0.0813209000000001,1,0.8,R,2.3
23,2,0.2651039,0,0.3,R,1.1
23,2,0.3289265,0,0.4,R,2.3
23,2,0.2370086,1,0.8,R,1.8
23,2,0.5289631,0,0.3,R,1.9
23,2,0.5376508,0,0.4,R,1.3
23,2,0.3884187,0,0.4,R,1.8
23,2,0.265608,1,0.8,R,1.4
23,2,0.4247715,0,0.3,R,1.8
23,2,0.4495469,0,0.5,R,1.8
23,2,0.2492085,1,0.8,R,2.1
23,2,0.4693712,0,0.3,R,0.9
23,2,0.4061406,0,0.5,R,1.3
23,2,0.412856,0,0.6,R,2.3
23,2,0.2318862,1,0.6,R,1.3
23,2,0.3188647,1,0.3,R,0.9
23,2,0.5954901,0,0.5,R,1.6
23,2,0.4688637,1,0.5,R,1.6
23,2,0.2675235,1,0.7,R,2.1
23,2,0.2250121,0,0.5,R,1.8
23,2,1.0642746,0,0.2,R,2.3
23,2,0.2286519,1,0.7,R,1.6
23,2,0.3262189,0,0.4,R,1.3
23,2,0.3690994,0,0.6,R,1.1
23,2,0.3183458,1,0.4,R,2.3
23,2,0.4453058,0,0.3,R,1.4
23,2,0.3022812,1,0.5,R,2.3
23,2,0.668993,0,0.2,R,1.3
23,2,0.4339198,0,0.6,R,1.8
23,2,0.4453022,0,0.2,R,1.6
23,2,0.35315,0,0.3,R,1.6
23,2,0.3168779,0,0.6,R,1.4
23,2,0.4492653,0,0.2,R,1.1
23,2,0.2764321,0,0.5,R,1.1
23,2,0.4173668,0,0.4,R,0.9
23,3,0.2080557,0,0.2,R,1.6
23,3,0.4924669,0,0.7,R,1.3
23,3,0.2453355,1,0.7,R,1.6
23,3,0.3122464,0,0.4,R,1.9
23,3,0.2376741,1,0.7,R,1.9
23,3,0.3895141,0,0.3,R,2.3
23,3,0.2491087,1,0.6,R,1.6
23,3,0.3460534,0,0.5,R,1.3
23,3,0.2413427,0,0.5,R,2.3
23,3,0.2252814,1,0.6,R,1.4
23,3,0.2204172,0,0.3,R,1.1
23,3,1.3926919,0,0.6,R,1.8
23,3,0.4102196,0,0.7,R,2.1
23,3,0.2482842,0,0.6,R,2.1
23,3,0.3969636,0,0.7,R,1.8
23,3,0.4119912,0,0.2,R,1.9
23,3,0.3102252,0,0.3,R,2.1
23,3,0.4607786,1,0.7,R,1.9
23,3,0.2211264,1,0.7,R,1.4
23,3,0.4490312,0,0.3,R,1.1
23,3,0.2579957,0,0.4,R,1.8
23,3,0.3601254,0,0.2,R,1.3
23,3,0.5171625,0,0.6,R,1.9
23,3,0.8941682,0,0.7,R,1.9
23,3,0.3612962,0,0.2,R,1.8
23,3,0.2610359,0,0.4,R,1.3
23,3,0.3090479,0,0.5,R,2.1
23,3,0.4251956,0,0.2,R,1.3
23,3,0.4481533,0,0.2,R,1.3
23,3,0.4718738,0,0.4,R,0.9
23,3,0.3608617,0,0.3,R,1.3
23,3,0.4238807,1,0.6,R,1.6
23,3,0.2182246,1,0.8,R,2.1
23,3,0.2610681,1,0.8,R,2.3
23,3,0.3573625,0,0.4,R,2.3
23,3,0.2174239,0,0.4,R,0.9
23,3,0.2579905,1,0.8,R,1.6
23,3,0.409045,0,0.7,R,2.1
23,3,0.264916,0,0.4,R,1.1
23,3,0.2610238,0,0.5,R,0.9
23,3,0.2490084,1,0.8,R,1.6
23,3,0.4131837,0,0.2,R,0.9
23,3,0.3768898,0,0.4,R,1.6
23,3,0.2460998,0,0.3,R,2.3
23,3,0.1941414,1,0.7,R,1.4
23,3,0.4708916,0,0.8,R,0.9
23,3,0.5162895,0,0.5,R,1.1
23,3,0.4525285,0,0.2,R,1.4
23,3,0.3731023,0,0.4,R,2.3
23,3,0.2412508,0,0.4,R,1.6
23,3,0.3332696,0,0.2,R,2.3
23,3,0.2208282,0,0.3,R,1.1
23,3,0.2572898,0,0.6,R,1.3
23,3,1.3929833,0,0.6,R,1.3
23,3,0.4094198,0,0.2,R,1.9
23,3,0.27776,1,0.5,R,1.9
23,3,0.3808044,1,0.5,R,1.6
23,3,0.3421037,0,0.3,R,1.9
23,3,0.4011079,0,0.5,R,1.6
23,3,0.3047399,0,0.4,R,1.9
23,3,0.7443802,0,0.4,R,0.9
23,3,0.2773192,1,0.6,R,1.8
23,3,0.2812923,1,0.7,R,2.3
23,3,0.4573972,0,0.2,R,1.3
23,3,0.3410502,0,0.3,R,1.4
23,3,0.3300909,1,0.7,R,1.9
23,3,1.0120846,1,0.5,R,0.9
23,3,0.4894453,0,0.5,R,1.8
23,3,0.8004519,0,0.2,R,1.4
23,3,0.2453658,1,0.6,R,1.1
23,3,0.4491356,0,0.4,R,1.6
23,4,0.3138784,1,0.6,R,1.1
23,4,0.2733522,1,0.5,R,1.3
23,4,0.4301251,1,0.3,R,2.3
23,4,0.370369,1,0.6,R,1.4
23,4,0.9122735,1,0.4,R,0.9
23,4,0.4894211,0,0.2,R,1.1
23,4,0.7807253,0,0.4,R,1.6
23,4,0.508308,1,0.6,R,2.1
23,4,0.3679516,1,0.5,R,1.1
23,4,0.6380202,1,0.6,R,1.6
23,4,0.258119,1,0.7,R,1.8
23,4,0.3739878,0,0.2,R,1.1
23,4,0.4690043,1,0.6,R,0.9
23,4,0.7407746,0,0.7,R,1.6
23,4,0.3233841,1,0.8,R,1.1
23,4,0.4739037,0,0.2,R,1.8
23,4,0.5662776,1,0.4,R,0.9
23,4,0.410143,0,0.3,R,0.9
23,4,0.37599,0,0.2,R,0.9
23,4,0.3611714,0,0.2,R,1.4
23,4,0.3658369,1,0.8,R,1.3
23,4,0.3526156,1,0.8,R,2.1
23,4,0.48896,1,0.6,R,1.9
23,4,0.3811863,1,0.5,R,1.1
23,4,0.4725416,0,0.3,R,1.8
23,4,0.7446024,0,0.5,R,1.9
23,4,0.4280959,1,0.4,R,0.9
23,4,0.5761939,0,0.3,R,0.9
23,4,1.1980272,0,0.6,R,1.9
23,4,0.4725583,0,0.2,R,1.8
23,4,0.7164387,1,0.6,R,2.1
23,4,0.8693071,1,0.6,R,0.9
23,4,0.4769457,0,0.6,R,1.1
23,4,0.2800795,1,0.8,R,2.3
23,4,0.3424576,1,0.5,R,2.1
23,4,0.3040209,1,0.7,R,1.3
23,4,0.340924,1,0.7,R,1.1
23,4,0.4772836,0,0.3,R,1.4
23,4,0.3894466,1,0.6,R,1.3
23,4,0.2810099,1,0.7,R,2.1
23,4,1.0341612,0,0.4,R,0.9
23,4,0.308477,1,0.5,R,1.3
23,4,0.4001129,1,0.5,R,1.9
23,4,0.4204613,1,0.2,R,1.1
23,4,0.7722201,0,0.2,R,1.6
23,4,0.4569194,1,0.3,R,1.8
23,4,0.6373469,1,0.2,R,2.3
23,4,0.3010592,1,0.8,R,1.4
23,4,0.6213382,0,0.2,R,0.9
23,4,0.3899403,1,0.5,R,1.1
23,4,0.421493,1,0.5,R,1.3
23,4,0.3768748,1,0.8,R,1.3
23,4,0.8329915,0,0.2,R,1.4
23,4,0.292816,1,0.7,R,1.1
23,4,0.2733933,1,0.7,R,1.4
23,4,0.2334135,1,0.7,R,1.3
23,4,0.5012316,1,0.5,R,2.3
23,4,0.6081596,0,0.4,R,1.3
23,4,0.2531401,0,0.5,R,0.9
23,4,0.3323217,1,0.6,R,2.3
23,4,0.6940213,1,0.6,R,2.3
23,4,0.3251338,1,0.8,R,1.6
23,4,0.5283674,1,0.8,R,1.6
23,4,0.1962692,1,0.5,R,2.1
23,4,0.2854489,1,0.7,R,1.6
23,4,0.5740756,0,0.2,R,2.3
23,4,1.0490804,0,0.2,R,1.8
23,4,0.3085252,1,0.6,R,2.1
24,1,0.5366092,0,0.2,R,2.1
24,1,0.3048223,1,0.5,R,1.4
24,1,0.4734205,0,0.4,R,2.1
24,1,0.2830217,1,0.8,R,1.9
24,1,0.3213012,1,0.8,R,1.1
24,1,0.3906971,1,0.7,R,1.1
24,1,0.3681917,1,0.7,R,1.8
24,1,0.4446491,0,0.5,R,1.4
24,1,0.3533973,1,0.6,R,1.1
24,1,0.3889032,0,0.2,R,1.8
24,1,0.4567907,0,0.4,R,1.4
24,1,0.4077922,1,0.5,R,2.3
24,1,0.4693641,0,0.5,R,0.9
24,1,0.2864104,1,0.7,R,1.4
24,1,0.5526151,1,0.5,R,1.8
24,1,0.4865017,0,0.4,R,1.8
24,1,0.3365044,1,0.8,R,2.3
24,1,0.3886954,1,0.5,R,1.9
24,1,0.3065529,0,0.2,R,1.9
24,1,0.3147568,1,0.8,R,1.4
24,1,0.3614941,1,0.7,R,2.3
24,1,0.2572042,1,0.8,R,1.4
24,1,0.4657014,0,0.4,R,1.4
24,1,0.4895397,1,0.7,R,1.9
24,1,0.3985344,0,0.3,R,2.1
24,1,0.4292149,0,0.5,R,1.4
24,1,0.4004543,1,0.8,R,2.1
24,1,0.3743451,1,0.8,R,2.3
24,1,0.465764,0,0.2,R,1.6
24,1,0.3608798,0,0.3,R,0.9
24,1,0.4378997,0,0.5,R,1.6
24,1,0.4208125,1,0.7,R,2.1
24,1,0.5062545,0,0.6,R,2.1
24,1,0.278713,1,0.7,R,1.1
24,1,0.2844642,0,0.3,R,1.6
24,1,0.4414535,0,0.3,R,1.3
24,1,0.329667,0,0.4,R,2.3
24,1,0.4564109,1,0.6,R,2.3
24,1,0.4814594,0,0.6,R,2.1
24,1,0.369686,1,0.8,R,2.1
24,1,0.4005972,0,0.6,R,2.1
24,1,0.5537511,0,0.6,R,1.3
24,1,0.3462593,0,0.2,R,2.1
24,1,0.3576278,1,0.7,R,1.3
24,1,0.3697032,0,0.4,R,1.6
24,1,0.2926488,0,0.3,R,1.6
24,1,0.4055606,1,0.5,R,1.6
24,1,0.4336679,0,0.3,R,1.8
24,1,0.3934077,0,0.3,R,1.9
24,1,0.3485167,1,0.7,R,1.3
24,1,0.3660244,1,0.7,R,1.8
24,1,0.3977329,0,0.4,R,2.1
24,1,0.3982048,1,0.5,R,1.8
24,1,0.6013407,0,0.6,R,0.9
24,1,0.3496145,0,0.3,R,0.9
24,1,0.2656319,1,0.8,R,1.4
24,1,0.3825127,0,0.2,R,1.9
24,1,0.3122993,1,0.6,R,1.4
24,1,0.2736753,1,0.7,R,1.4
24,1,0.4937254,0,0.2,R,0.9
24,1,0.3206434,0,0.2,R,1.3
24,1,0.2885104,0,0.4,R,1.1
24,1,0.4815229,0,0.3,R,1.6
24,1,0.4976783,1,0.5,R,2.3
24,1,0.6456759,1,0.7,R,2.1
24,1,0.3576561,1,0.5,R,1.6
24,1,0.3379185,0,0.4,R,2.3
24,1,0.3766188,0,0.2,R,1.9
24,1,0.3217814,1,0.6,R,1.9
24,1,0.3656132,1,0.4,R,1.9
24,1,0.545264,0,0.4,R,1.4
24,1,0.38566,0,0.3,R,1.1
24,2,0.3604508,1,0.7,R,1.9
24,2,0.2415682,1,0.8,R,1.4
24,2,0.3379378,1,0.6,R,1.6
24,2,0.40156,0,0.5,R,0.9
24,2,0.3244277,1,0.8,R,1.6
24,2,0.2617071,1,0.8,R,1.9
24,2,0.3098842,0,0.3,R,2.1
24,2,0.2723931,1,0.6,R,2.1
24,2,0.6087086,0,0.5,R,1.1
24,2,0.29765,1,0.6,R,1.6
24,2,0.3375128,0,0.3,R,1.3
24,2,0.2892369,0,0.3,R,1.8
24,2,0.3819269,0,0.2,R,2.3
24,2,0.3255861,1,0.5,R,1.9
24,2,0.3403501,1,0.5,R,1.9
24,2,0.3125055,1,0.5,R,1.4
24,2,0.3137792,0,0.2,R,0.9
24,2,0.367971,0,0.5,R,1.4
24,2,0.3364398,0,0.2,R,1.9
24,2,0.3855521,1,0.6,R,1.8
24,2,0.3616922,0,0.4,R,0.9
24,2,0.460591,1,0.5,R,1.3
24,2,0.2633639,1,0.8,R,0.9
24,2,0.3484411,1,0.7,R,2.1
24,2,0.3697627,0,0.2,R,2.3
24,2,0.5143947,0,0.4,R,2.3
24,2,0.3371196,0,0.4,R,1.3
24,2,0.3056711,0,0.2,R,1.1
24,2,0.3255013,0,0.3,R,1.1
24,2,0.3458339,0,0.3,R,1.3
24,2,0.4366297,1,0.7,R,1.6
24,2,0.3175222,0,0.3,R,1.9
24,2,0.5096509,0,0.5,R,2.3
24,2,0.4645739,1,0.7,R,1.1
24,2,0.5725296,0,0.5,R,1.4
24,2,0.3973846,0,0.5,R,1.8
24,2,0.3723964,0,0.2,R,2.3
24,2,0.6248929,0,0.4,R,1.6
24,2,0.3328062,0,0.4,R,0.9
24,2,0.388251,1,0.7,R,1.3
24,2,0.3336306,1,0.7,R,2.1
24,2,0.4501217,0,0.2,R,1.8
24,2,0.3618565,0,0.3,R,1.4
24,2,0.3326188,0,0.2,R,2.3
24,2,0.452526,0,0.4,R,1.8
24,2,0.9563815,1,0.4,R,1.4
24,2,0.6375051,1,0.6,R,1.4
24,2,0.4091026,1,0.7,R,2.1
24,2,0.3895626,1,0.7,R,1.8
24,2,0.421783,1,0.6,R,1.1
24,2,0.4416422,0,0.6,R,0.9
24,2,0.3900029,0,0.3,R,1.3
24,2,0.4055728,1,0.8,R,1.6
24,2,0.3215196,0,0.2,R,1.4
24,2,0.3815434,1,0.6,R,2.1
24,2,0.2906847,1,0.6,R,1.9
24,2,0.453624,0,0.3,R,1.6
24,2,0.3615882,0,0.3,R,1.1
24,2,0.4938009,0,0.5,R,1.3
24,2,0.3562725,0,0.4,R,1.6
24,2,0.3098925,1,0.6,R,1.9
24,2,0.3246546,1,0.7,R,1.9
24,2,0.3505876,1,0.7,R,1.1
24,2,0.3255384,1,0.7,R,2.1
24,2,0.3016973,0,0.3,R,1.6
24,2,0.38919,1,0.6,R,1.8
24,2,0.3365448,0,0.4,R,1.1
24,2,0.2933007,0,0.3,R,1.1
24,2,0.4364353,0,0.3,R,2.1
24,2,0.317925,0,0.3,R,2.3
24,2,0.3258238,1,0.7,R,1.9
24,2,0.4004131,0,0.4,R,1.4
24,2,0.3416039,1,0.5,R,1.3
24,2,0.2905168,0,0.2,R,1.6
24,2,0.4056398,0,0.3,R,2.3
24,2,0.48964,1,0.8,R,2.1
24,2,0.3777286,0,0.2,R,1.6
24,2,0.3695551,0,0.2,R,1.1
24,2,0.4217611,0,0.5,R,0.9
24,2,0.2735931,1,0.7,R,1.6
24,3,0.5495121,0,0.3,R,1.6
24,3,0.397829,0,0.2,R,2.1
24,3,0.2724642,1,0.6,R,2.3
24,3,0.2737596,1,0.4,R,1.3
24,3,0.4022861,0,0.2,R,1.1
24,3,0.3207975,0,0.2,R,0.9
24,3,0.300392,1,0.7,R,1.4
24,3,0.4857597,1,0.4,R,1.9
24,3,0.4084817,0,0.2,R,1.3
24,3,0.3184385,1,0.5,R,0.9
24,3,0.2736366,1,0.5,R,0.9
24,3,0.2205746,1,0.6,R,1.9
24,3,0.3498007,0,0.2,R,1.4
24,3,0.2613383,1,0.8,R,1.3
24,3,0.2764357,1,0.7,R,1.3
24,3,0.3846718,0,0.4,R,1.3
24,3,0.3417576,1,0.8,R,1.4
24,3,0.2489532,1,0.8,R,1.8
24,3,0.2335054,1,0.6,R,1.6
24,3,0.253345,1,0.7,R,2.3
24,3,0.5082158,0,0.3,R,1.8
24,3,0.3816723,1,0.3,R,1.1
24,3,0.504553,1,0.8,R,1.4
24,3,0.2727523,1,0.7,R,1.4
24,3,0.3563432,0,0.5,R,0.9
24,3,0.3176583,0,0.3,R,1.9
24,3,0.2767246,1,0.5,R,1.6
24,3,0.2488027,1,0.8,R,1.9
24,3,0.2847198,1,0.7,R,1.6
24,3,0.3767346,0,0.3,R,2.3
24,3,0.3448316,0,0.2,R,2.1
24,3,0.2488336,1,0.8,R,1.9
24,3,0.2698353,1,0.8,R,1.4
24,3,0.2005769,1,0.8,R,2.1
24,3,0.2189406,1,0.6,R,1.4
24,3,0.2285433,1,0.6,R,1.3
24,3,0.4646372,0,0.4,R,1.9
24,3,0.2697418,1,0.6,R,1.1
24,3,0.2498534,1,0.4,R,1.8
24,3,0.3625918,0,0.2,R,1.4
24,3,0.2564632,1,0.7,R,1.1
24,3,0.2426096,1,0.8,R,1.1
24,3,0.2819066,1,0.4,R,1.8
24,3,0.2682755,0,0.2,R,1.4
24,3,0.3880498,0,0.3,R,2.3
24,3,0.3217959,0,0.2,R,0.9
24,3,0.225904,1,0.8,R,2.1
24,3,0.2443469,1,0.7,R,0.9
24,3,0.3850347,0,0.4,R,1.6
24,3,0.2735056,1,0.5,R,1.4
24,3,0.4246569,0,0.4,R,1.1
24,3,0.284785,0,0.3,R,1.6
24,3,0.4017201,0,0.2,R,1.1
24,3,0.4246745,0,0.4,R,2.3
24,3,0.2605725,1,0.7,R,1.6
24,3,0.2822353,1,0.6,R,2.1
24,3,0.5084666,0,0.3,R,2.3
24,3,0.5165179,0,0.5,R,1.4
24,3,0.2645808,1,0.5,R,1.4
24,3,0.3212135,0,0.2,R,1.6
24,3,0.2495557,1,0.5,R,1.4
24,3,0.3127343,1,0.5,R,1.8
24,3,0.383932,0,0.2,R,1.1
24,3,0.412772,0,0.4,R,1.3
24,3,0.3604671,0,0.4,R,1.8
24,3,0.2613908,1,0.7,R,1.1
24,3,0.2625729,1,0.8,R,2.1
24,3,0.3042711,1,0.6,R,1.8
24,3,0.2856605,1,0.8,R,0.9
24,3,0.4168374,0,0.4,R,2.1
24,3,0.4365835,0,0.3,R,0.9
24,3,0.2979297,1,0.6,R,1.6
24,3,0.448506,0,0.3,R,1.1
24,3,0.3897455,0,0.2,R,1.9
24,4,0.2766402,0,0.3,R,1.4
24,4,0.348693,1,0.4,R,2.3
24,4,0.3485058,1,0.7,R,2.3
24,4,0.2967735,1,0.4,R,2.3
24,4,0.284911,1,0.7,R,1.8
24,4,0.3534688,1,0.5,R,2.1
24,4,0.2607625,1,0.6,R,2.3
24,4,0.2727831,1,0.8,R,0.9
24,4,0.2885237,1,0.6,R,0.9
24,4,0.2766469,1,0.6,R,1.9
24,4,0.2296137,1,0.7,R,1.9
24,4,0.2895453,1,0.6,R,1.1
24,4,0.5132558,0,0.4,R,1.9
24,4,0.2723476,1,0.8,R,0.9
24,4,0.4967537,0,0.2,R,1.1
24,4,0.4535946,0,0.4,R,0.9
24,4,0.2125649,1,0.7,R,1.9
24,4,0.269709,1,0.8,R,2.1
24,4,0.3006606,0,0.2,R,1.3
24,4,0.3685916,1,0.6,R,1.4
24,4,0.2618158,1,0.8,R,1.6
24,4,0.2764983,1,0.8,R,0.9
24,4,0.3845929,0,0.4,R,1.1
24,4,0.3053602,0,0.2,R,1.9
24,4,0.4406251,0,0.4,R,1.1
24,4,0.5526505,0,0.4,R,2.3
24,4,0.3085134,1,0.5,R,0.9
24,4,0.4206295,0,0.4,R,1.8
24,4,0.3284462,1,0.5,R,1.1
24,4,0.3216888,1,0.8,R,2.1
24,4,0.4085012,0,0.4,R,1.8
24,4,0.2844947,1,0.8,R,1.8
24,4,0.2367178,1,0.8,R,1.9
24,4,0.2855377,1,0.6,R,1.4
24,4,0.2608139,1,0.7,R,2.1
24,4,0.3654369,0,0.3,R,0.9
24,4,0.3567039,1,0.5,R,1.1
24,4,0.245342,1,0.8,R,1.8
24,4,0.3604775,0,0.3,R,2.1
24,4,0.3167442,1,0.5,R,1.9
24,4,0.2485268,1,0.7,R,1.8
24,4,0.3696498,0,0.3,R,1.1
24,4,0.2775878,0,0.3,R,2.1
24,4,0.2733303,0,0.2,R,0.9
24,4,0.452656,0,0.8,R,1.4
24,4,0.3246944,0,0.2,R,1.8
24,4,0.4218771,0,0.4,R,1.4
24,4,0.3617504,1,0.5,R,1.3
24,4,0.3007396,0,0.2,R,1.4
24,4,0.2898266,1,0.7,R,1.3
24,4,0.3497887,0,0.4,R,1.6
24,4,0.3777244,0,0.3,R,1.9
24,4,0.3806446,0,0.3,R,1.9
24,4,0.2686115,0,0.3,R,1.9
24,4,0.3041635,1,0.6,R,1.6
24,4,0.2884512,1,0.7,R,1.9
24,4,0.3339302,0,0.3,R,1.6
24,4,0.3165049,0,0.2,R,2.3
24,4,0.3408452,1,0.7,R,1.3
24,4,0.3497565,1,0.7,R,2.1
24,4,0.3087896,1,0.7,R,0.9
24,4,0.3087034,1,0.7,R,2.1
24,4,0.4017705,0,0.2,R,2.3
24,4,0.486527,1,0.4,R,1.6
24,4,0.3585129,1,0.8,R,1.1
24,4,0.3446847,0,0.4,R,1.9
24,4,0.3808954,1,0.6,R,0.9
24,4,0.3619379,1,0.8,R,2.1
24,4,0.2772314,1,0.7,R,1.9
24,4,0.3927456,1,0.6,R,1.6
24,4,0.4287566,0,0.2,R,2.1
24,4,0.3265828,1,0.5,R,2.3
24,4,0.3277869,1,0.3,R,1.8
24,4,0.3535048,0,0.3,R,1.4
24,4,0.2886912,1,0.7,R,1.6
24,4,0.3736688,0,0.4,R,2.1
24,4,0.3208338,1,0.6,R,1.1
24,4,0.2446654,1,0.7,R,1.8
25,1,0.3825117,1,0.6,R,1.1
25,1,0.7104698,1,0.4,R,1.8
25,1,0.3776111,1,0.8,R,1.9
25,1,0.5537288,0,0.6,R,1.6
25,1,0.7644365,0,0.4,R,1.1
25,1,0.3614562,1,0.8,R,1.3
25,1,0.7251287,0,0.7,R,2.1
25,1,0.4416898,0,0.3,R,1.1
25,1,0.4856659,0,0.3,R,2.3
25,1,0.5207452,0,0.4,R,2.3
25,1,0.321983,1,0.7,R,2.3
25,1,0.310509,1,0.8,R,1.4
25,1,0.373264,1,0.8,R,1.4
25,1,0.4016635,1,0.8,R,1.6
25,1,0.4943472,0,0.4,R,1.4
25,1,0.3563819,1,0.8,R,1.3
25,1,0.3457052,1,0.8,R,1.1
25,1,0.3768348,0,0.4,R,2.1
25,1,0.3687479,1,0.8,R,1.3
25,1,0.4256697,0,0.2,R,1.1
25,1,0.4383608,0,0.3,R,1.3
25,1,0.4524955,0,0.4,R,1.1
25,1,0.5176987,1,0.8,R,1.6
25,1,0.438408,1,0.5,R,1.8
25,1,0.4203976,1,0.4,R,1.1
25,1,1.051301,1,0.6,R,1.8
25,1,1.2377202,1,0.7,R,1.3
25,1,0.4891527,0,0.2,R,1.8
25,1,0.5175441,0,0.4,R,1.1
25,1,0.7208803,1,0.6,R,2.1
25,1,0.5688474,0,0.4,R,0.9
25,1,0.5817717,0,0.3,R,0.9
25,1,0.4576167,0,0.2,R,2.1
25,1,0.4261376,0,0.8,R,1.6
25,1,0.7047313,1,0.8,R,1.6
25,1,0.4008737,1,0.7,R,2.1
25,1,0.5857133,0,0.2,R,0.9
25,1,0.4664965,1,0.7,R,1.6
25,1,0.8179579,1,0.5,R,2.3
25,1,0.8322043,0,0.5,R,2.3
25,1,0.4924223,1,0.8,R,0.9
25,1,0.4657139,0,0.2,R,1.9
25,1,0.5582193,1,0.7,R,1.3
25,1,0.7415088,0,0.3,R,1.6
25,1,0.4704447,1,0.6,R,2.3
25,1,0.4216363,0,0.3,R,0.9
25,1,0.5775444,0,0.2,R,2.3
25,1,0.5384872,0,0.6,R,1.9
25,1,0.6117422,0,0.7,R,1.8
25,1,0.5978236,0,0.2,R,1.3
25,1,0.4736505,0,0.2,R,2.3
25,1,0.4971448,0,0.2,R,1.8
25,1,0.5526616,0,0.5,R,0.9
25,1,0.7415068,0,0.8,R,1.9
25,1,0.494453,1,0.8,R,1.4
25,1,1.2059053,0,0.8,R,0.9
25,1,0.7216859,0,0.5,R,1.6
25,1,0.3772325,0,0.4,R,1.4
25,1,0.6346399,0,0.4,R,1.4
25,1,0.5367253,0,0.5,R,1.8
25,1,0.4976223,1,0.8,R,1.8
25,1,0.5179225,0,0.6,R,1.3
25,1,0.5977325,0,0.2,R,1.8
25,1,0.5456695,0,0.3,R,1.6
25,1,0.5736434,0,0.6,R,1.9
25,1,0.7337482,0,0.5,R,1.1
25,1,0.6576213,0,0.7,R,1.9
25,1,0.4976275,0,0.2,R,1.4
25,1,0.7016663,0,0.5,R,1.6
25,1,0.4876873,0,0.2,R,1.9
25,1,0.7174893,0,0.5,R,1.1
25,1,0.4239916,1,0.7,R,2.3
25,1,0.3777403,1,0.8,R,2.1
25,1,0.4864078,0,0.3,R,1.9
25,1,0.5405274,0,0.4,R,1.4
25,1,0.5977734,0,0.2,R,0.9
25,1,0.4207277,1,0.7,R,2.3
25,1,0.4814626,1,0.8,R,2.3
25,1,0.3696162,1,0.8,R,1.4
25,1,0.6181769,0,0.2,R,1.4
25,1,0.4537125,0,0.4,R,2.1
25,1,0.544573,0,0.2,R,1.8
25,1,0.5300943,0,0.3,R,1.6
25,2,0.5542304,0,0.2,R,1.1
25,2,0.7917782,1,0.4,R,1.6
25,2,0.4690141,0,0.4,R,2.1
25,2,0.6606361,1,0.5,R,0.9
25,2,0.4096151,0,0.2,R,0.9
25,2,0.3438677,1,0.6,R,1.6
25,2,0.5206375,0,0.5,R,0.9
25,2,0.444248,1,0.6,R,1.4
25,2,0.3098835,1,0.6,R,1.1
25,2,0.3736043,1,0.7,R,0.9
25,2,0.4012536,0,0.2,R,1.3
25,2,0.4211985,0,0.3,R,1.9
25,2,0.5820646,0,0.7,R,2.3
25,2,0.4283122,1,0.7,R,2.3
25,2,0.4456426,1,0.7,R,1.1
25,2,0.4244465,1,0.8,R,1.4
25,2,0.6775567,0,0.6,R,1.8
25,2,0.5124823,0,0.5,R,2.3
25,2,0.4285036,0,0.2,R,1.1
25,2,0.5617251,0,0.4,R,1.8
25,2,0.525649,0,0.4,R,0.9
25,2,0.4483781,1,0.8,R,1.9
25,2,0.3923109,1,0.8,R,2.1
25,2,0.3367886,1,0.8,R,1.9
25,2,0.3846232,0,0.6,R,1.4
25,2,0.4857314,0,0.4,R,1.6
25,2,0.409525,1,0.7,R,2.3
25,2,0.4374299,0,0.3,R,1.6
25,2,0.434792,0,0.3,R,1.8
25,2,0.6176496,0,0.3,R,1.8
25,2,0.5097044,0,0.4,R,1.6
25,2,0.5176177,0,0.4,R,1.4
25,2,0.5244891,0,0.2,R,1.4
25,2,0.8132103,1,0.6,R,1.4
25,2,0.750579,0,0.4,R,0.9
25,2,0.5897416,1,0.6,R,2.1
25,2,0.5585882,1,0.6,R,2.1
25,2,0.6364661,0,0.3,R,1.3
25,2,0.4017305,0,0.6,R,1.4
25,2,0.5086232,1,0.6,R,1.1
25,2,0.362678,1,0.8,R,1.8
25,2,0.7244227,0,0.3,R,1.6
25,2,0.534684,0,0.8,R,1.6
25,2,0.4555394,0,0.3,R,1.8
25,2,0.4577278,1,0.7,R,1.3
25,2,0.2518408,1,0.8,R,1.4
25,2,0.2897954,1,0.7,R,0.9
25,2,0.5375684,0,0.3,R,2.1
25,2,0.409191,1,0.6,R,1.4
25,2,0.23359,1,0.7,R,1.8
25,2,0.3726703,1,0.7,R,2.1
25,2,0.7136514,0,0.5,R,1.6
25,2,0.4656201,1,0.7,R,1.1
25,2,0.5256033,0,0.3,R,1.9
25,2,0.4973923,0,0.2,R,1.8
25,2,0.5924007,1,0.7,R,1.9
25,2,0.3136869,1,0.8,R,1.1
25,2,0.4777924,0,0.3,R,1.6
25,2,0.4216879,0,0.4,R,2.3
25,2,0.3616878,1,0.8,R,1.3
25,2,0.3054434,1,0.6,R,1.4
25,2,0.5938196,0,0.5,R,1.6
25,2,0.4604021,0,0.3,R,1.4
25,2,0.3916959,1,0.5,R,1.8
25,2,0.4773539,0,0.2,R,2.1
25,2,0.8096949,1,0.5,R,0.9
25,2,0.5378502,0,0.2,R,1.8
25,2,0.2162797,1,0.8,R,1.4
25,2,0.5250948,0,0.4,R,1.9
25,2,0.6016554,0,0.4,R,1.8
25,2,0.4296925,0,0.3,R,2.3
25,2,0.4336379,0,0.2,R,1.9
25,2,0.277336,1,0.8,R,2.3
25,2,0.4496026,0,0.4,R,1.6
25,2,0.5053863,0,0.5,R,1.6
25,3,0.5576589,0,0.2,R,2.3
25,3,0.5547021,1,0.6,R,2.3
25,3,0.3137586,1,0.8,R,0.9
25,3,0.3766429,1,0.7,R,0.9
25,3,0.380359,1,0.7,R,1.6
25,3,0.1605821,1,0.7,R,1.9
25,3,0.3574797,1,0.5,R,1.4
25,3,0.3404176,1,0.7,R,1.9
25,3,0.380576,1,0.8,R,1.8
25,3,1.1265306,1,0.4,R,0.9
25,3,0.4332849,1,0.8,R,1.3
25,3,0.5298645,1,0.8,R,2.3
25,3,0.5168734,0,0.3,R,2.3
25,3,0.533575,1,0.8,R,1.6
25,3,0.4685117,0,0.4,R,1.1
25,3,0.4857663,0,0.4,R,1.3
25,3,0.7938321,1,0.6,R,1.6
25,3,0.5005794,0,0.2,R,1.6
25,3,0.6824758,0,0.2,R,1.1
25,3,1.233342,1,0.5,R,2.3
25,3,0.6044698,0,0.2,R,1.6
25,3,0.4503719,1,0.6,R,1.6
25,3,1.2004479,1,0.5,R,1.4
25,3,0.9736485,1,0.5,R,1.1
25,3,0.6446081,1,0.6,R,1.3
25,3,0.3687681,1,0.8,R,1.1
25,3,0.521761,0,0.2,R,2.1
25,3,0.6016848,0,0.4,R,1.8
25,3,0.4855248,1,0.8,R,1.3
25,3,0.6378518,0,0.3,R,1.8
25,3,0.3964252,1,0.6,R,1.8
25,3,0.4690285,0,0.2,R,2.1
25,3,0.4645429,0,0.4,R,1.6
25,3,0.3855716,1,0.7,R,2.1
25,3,0.5735669,0,0.3,R,1.4
25,3,0.3406307,1,0.8,R,0.9
25,3,0.5298419,0,0.3,R,1.3
25,3,0.5925684,0,0.4,R,0.9
25,3,0.5138019,1,0.8,R,1.4
25,3,0.5407798,0,0.2,R,1.8
25,3,0.4537916,0,0.5,R,1.6
25,3,0.8575788,0,0.3,R,1.3
25,3,0.5975539,0,0.3,R,1.6
25,3,0.5254001,1,0.8,R,1.6
25,3,0.840348,0,0.8,R,1.1
25,3,0.4167683,1,0.8,R,2.1
25,3,0.6851432,1,0.7,R,1.4
25,3,0.5298637,0,0.3,R,1.8
25,3,0.5218407,0,0.2,R,1.6
25,3,0.4737628,0,0.3,R,1.9
25,3,0.4372443,0,0.3,R,1.8
25,3,0.6819771,0,0.6,R,1.9
25,3,0.6406243,0,0.4,R,1.6
25,3,0.5817237,0,0.2,R,1.9
25,3,0.5847566,0,0.8,R,2.1
25,3,0.5085661,0,0.5,R,1.4
25,3,0.5047647,0,0.2,R,1.9
25,3,0.5096679,0,0.6,R,2.1
25,3,0.4774705,0,0.3,R,1.6
25,3,0.4167466,0,0.2,R,1.3
25,3,0.6038731,0,0.2,R,1.4
25,3,0.7256791,0,0.6,R,1.1
25,3,0.4924224,0,0.5,R,1.1
25,3,0.4443357,0,0.6,R,1.1
25,3,0.4384284,0,0.7,R,1.9
25,3,0.5090887,1,0.6,R,0.9
25,3,0.6977104,0,0.8,R,2.3
25,3,0.5289782,0,0.2,R,1.1
25,4,0.4692832,1,0.7,R,1.1
25,4,0.4177876,0,0.2,R,2.1
25,4,0.3428066,1,0.7,R,1.4
25,4,0.4463284,0,0.2,R,1.4
25,4,0.5014493,0,0.2,R,1.6
25,4,0.3527064,1,0.7,R,1.6
25,4,0.3496103,1,0.8,R,1.6
25,4,0.4246172,0,0.3,R,1.6
25,4,0.5467764,1,0.6,R,1.3
25,4,0.6284848,0,0.2,R,1.1
25,4,0.3976032,1,0.8,R,2.3
25,4,0.4776283,0,0.3,R,2.3
25,4,0.4886843,1,0.6,R,1.1
25,4,0.4340542,0,0.6,R,1.6
25,4,0.4696466,1,0.5,R,0.9
25,4,0.6975644,0,0.4,R,1.8
25,4,0.7335345,1,0.7,R,1.8
25,4,1.256541,1,0.8,R,1.6
25,4,0.513718,0,0.6,R,1.4
25,4,0.6207041,1,0.8,R,1.9
25,4,0.4926313,1,0.7,R,1.1
25,4,0.4649397,0,0.2,R,1.4
25,4,0.5085099,0,0.2,R,1.9
25,4,0.4372715,1,0.7,R,0.9
25,4,0.3366023,1,0.7,R,0.9
25,4,0.5203247,0,0.4,R,1.3
25,4,0.4444166,0,0.3,R,1.1
25,4,0.5424535,0,0.3,R,1.3
25,4,0.4538554,1,0.7,R,2.1
25,4,0.4484166,1,0.8,R,1.3
25,4,0.4803045,0,0.2,R,1.3
25,4,0.4045327,1,0.7,R,2.1
25,4,0.6297763,0,0.3,R,0.9
25,4,0.5683663,0,0.2,R,1.3
25,4,0.4337986,0,0.2,R,1.8
25,4,0.4003682,0,0.4,R,0.9
25,4,0.5703545,0,0.4,R,2.3
25,4,0.5384307,1,0.8,R,1.4
25,4,0.4362456,1,0.8,R,1.4
25,4,0.4457918,0,0.2,R,2.3
25,4,0.6897855,0,0.6,R,1.4
25,4,0.321718,1,0.8,R,1.1
25,4,0.3281942,1,0.8,R,1.3
25,4,0.5178173,0,0.5,R,1.6
25,4,0.3085959,1,0.7,R,1.8
25,4,0.5447218,1,0.5,R,0.9
25,4,0.6364125,1,0.8,R,1.4
25,4,0.5128737,0,0.4,R,1.4
25,4,0.5688537,0,0.4,R,2.3
25,4,0.5005124,0,0.5,R,1.1
25,4,0.7965442,1,0.8,R,0.9
25,4,0.3767408,0,0.2,R,1.3
25,4,0.4466098,0,0.2,R,2.3
25,4,0.3927643,1,0.6,R,1.8
25,4,0.5165747,1,0.8,R,1.3
25,4,0.3894662,1,0.7,R,1.9
25,4,0.4007937,1,0.6,R,1.8
25,4,0.6777023,0,0.4,R,1.4
25,4,0.5005759,1,0.7,R,0.9
25,4,0.5704285,0,0.6,R,2.1
25,4,0.3737251,1,0.5,R,1.8
25,4,0.4257025,0,0.5,R,0.9
25,4,0.3488028,1,0.6,R,1.8
25,4,0.3772164,1,0.8,R,0.9
25,4,0.5384399,0,0.8,R,1.8
25,4,0.5177231,1,0.8,R,0.9
25,4,0.4903871,0,0.4,R,1.6
25,4,0.3414569,1,0.6,R,0.9
25,4,0.8936921,0,0.3,R,1.9
25,4,0.2536692,1,0.7,R,1.6
25,4,0.8455911,0,0.5,R,0.9
25,4,1.032395,0,0.4,R,1.4
25,4,0.3895709,1,0.7,R,1.3
25,4,0.3599226,1,0.8,R,0.9
25,4,0.3698067,0,0.2,R,1.4
26,1,0.2953262,1,0.5,R,1.8
26,1,0.783764,1,0.6,R,2.3
26,1,0.5453062,0,0.5,R,2.3
26,1,1.1200609,1,0.6,R,2.1
26,1,0.9186814,1,0.6,R,1.3
26,1,0.3476159,1,0.8,R,2.3
26,1,0.4995029,0,0.5,R,1.3
26,1,0.7697851,1,0.7,R,2.3
26,1,0.520551,0,0.4,R,1.6
26,1,0.4211666,0,0.4,R,1.6
26,1,0.579582,0,0.2,R,2.1
26,1,1.1681244,1,0.6,R,1.3
26,1,0.3556181,0,0.3,R,0.9
26,1,0.3251467,1,0.7,R,1.6
26,1,0.4592355,1,0.8,R,1.1
26,1,0.4624028,1,0.2,R,1.8
26,1,0.4373974,1,0.5,R,1.3
26,1,0.3932363,0,0.5,R,1.4
26,1,0.5088692,0,0.2,R,1.8
26,1,0.4501252,0,0.2,R,1.4
26,1,1.0529117,1,0.6,R,1.9
26,1,0.3691684,1,0.6,R,1.3
26,1,0.4290454,0,0.2,R,0.9
26,1,0.4852243,0,0.2,R,1.1
26,1,0.7614825,0,0.3,R,1.8
26,1,0.6577889,0,0.3,R,1.3
26,1,0.4230351,1,0.8,R,1.6
26,1,0.8173383,0,0.3,R,1.4
26,1,0.3211478,1,0.8,R,1.9
26,1,0.3570793,0,0.3,R,1.4
26,1,0.7100157,1,0.6,R,1.3
26,1,0.4777674,1,0.7,R,1.9
26,1,0.6249718,1,0.6,R,0.9
26,1,0.5089575,0,0.3,R,1.8
26,1,0.3092571,1,0.7,R,0.9
26,1,0.4289782,0,0.2,R,2.3
26,1,0.5809531,1,0.5,R,1.3
26,1,0.5761371,0,0.5,R,2.1
26,1,0.3800585,1,0.8,R,2.3
26,1,0.4518723,0,0.2,R,0.9
26,1,0.3482065,1,0.6,R,1.1
26,1,0.5124973,0,0.2,R,1.1
26,1,0.5570316,0,0.5,R,1.3
26,1,0.424169,0,0.5,R,1.9
26,1,0.4012297,1,0.8,R,1.3
26,1,0.3945597,0,0.6,R,1.9
26,1,0.5930728,1,0.8,R,1.1
26,1,0.528938,0,0.4,R,1.8
26,1,0.4410401,1,0.8,R,1.8
26,1,0.7927564,0,0.4,R,1.9
26,1,0.3969489,1,0.7,R,1.9
26,1,0.2728756,1,0.7,R,2.3
26,1,0.484172,0,0.5,R,0.9
26,1,0.7723294,0,0.6,R,2.3
26,1,0.4688004,1,0.8,R,1.8
26,1,0.4848071,0,0.4,R,1.6
26,1,0.5371096,1,0.7,R,1.3
26,1,0.5281734,0,0.2,R,1.8
26,1,0.2979346,1,0.7,R,1.8
26,1,1.4211575,1,0.5,R,1.9
26,1,0.6282136,0,0.2,R,1.1
26,1,0.5772083,0,0.4,R,1.1
26,1,0.4732601,1,0.6,R,2.3
26,1,0.4078266,0,0.4,R,1.4
26,1,0.4050841,0,0.5,R,1.4
26,1,0.4611351,1,0.8,R,1.8
26,1,0.5206756,1,0.7,R,2.1
26,1,0.4368692,0,0.3,R,1.9
26,1,0.465713,0,0.2,R,1.1
26,1,0.4287822,1,0.5,R,2.1
26,1,0.5642019,1,0.6,R,1.4
26,1,0.4528725,1,0.8,R,0.9
26,1,0.4479259,0,0.2,R,0.9
26,1,0.6649341,1,0.6,R,0.9
26,2,0.4213628,1,0.4,R,1.3
26,2,0.3129467,1,0.6,R,1.8
26,2,0.3330645,1,0.6,R,2.1
26,2,0.312868,1,0.7,R,1.6
26,2,0.4806746,1,0.8,R,0.9
26,2,0.4452578,0,0.2,R,2.3
26,2,0.3823502,1,0.7,R,1.9
26,2,1.4770348,0,0.5,R,1.3
26,2,0.3962065,1,0.6,R,1.9
26,2,0.6369338,1,0.7,R,1.9
26,2,0.2662497,1,0.6,R,1.6
26,2,0.3848136,1,0.7,R,1.9
26,2,0.2101814,1,0.6,R,1.4
26,2,0.4373671,0,0.2,R,1.4
26,2,0.6609789,0,0.4,R,0.9
26,2,0.3680531,0,0.4,R,1.9
26,2,0.3809454,0,0.5,R,1.4
26,2,0.3572697,1,0.5,R,1.9
26,2,0.6519046,0,0.4,R,1.6
26,2,0.6892659,1,0.7,R,1.3
26,2,0.3211481,1,0.7,R,1.4
26,2,0.79378,0,0.3,R,1.6
26,2,0.2292671,1,0.8,R,1.6
26,2,0.9611987,1,0.6,R,1.8
26,2,0.5419114,0,0.5,R,1.9
26,2,0.668048,1,0.8,R,1.1
26,2,1.3053566,1,0.4,R,1.9
26,2,0.4291191,1,0.5,R,1.6
26,2,0.4001671,1,0.8,R,1.9
26,2,0.6448346,0,0.4,R,1.4
26,2,0.4368839,0,0.2,R,1.1
26,2,0.4090911,0,0.4,R,1.4
26,2,0.2936361,0,0.3,R,1.9
26,2,0.6968725,0,0.5,R,1.9
26,2,0.3048522,0,0.4,R,2.1
26,2,0.4731845,0,0.2,R,2.3
26,2,0.3561366,0,0.4,R,1.9
26,2,0.2370599,1,0.7,R,1.4
26,2,0.4288575,0,0.2,R,1.9
26,2,0.4723504,0,0.2,R,1.1
26,2,0.3649184,0,0.4,R,1.3
26,2,0.3410005,0,0.2,R,2.3
26,2,0.4732228,1,0.4,R,2.3
26,2,0.9092464,0,0.3,R,2.3
26,2,0.3963788,0,0.3,R,0.9
26,2,0.4081578,1,0.5,R,1.1
26,2,0.2848793,1,0.8,R,1.1
26,2,0.357652,1,0.8,R,1.9
26,2,1.1500516,1,0.6,R,1.9
26,2,0.3769124,0,0.2,R,1.8
26,2,0.9450593,0,0.5,R,1.9
26,2,0.3961123,0,0.4,R,1.4
26,2,0.4409545,1,0.7,R,1.8
26,2,0.6299283,0,0.5,R,1.1
26,2,1.1650705,1,0.5,R,2.1
26,2,0.6430744,0,0.6,R,1.9
26,2,0.5912909,0,0.4,R,1.4
26,2,0.4088388,0,0.5,R,1.3
26,2,0.3971596,1,0.6,R,1.6
26,2,0.5128782,1,0.7,R,1.4
26,2,0.4492929,1,0.7,R,1.8
26,2,0.3287917,1,0.8,R,1.3
26,2,0.6040348,0,0.3,R,1.8
26,3,0.2479483,1,0.6,R,0.9
26,3,0.36387,0,0.3,R,2.1
26,3,0.2681554,1,0.8,R,1.9
26,3,0.2990015,0,0.3,R,1.4
26,3,0.3009958,1,0.5,R,1.4
26,3,1.0320172,1,0.6,R,1.9
26,3,0.213037,1,0.7,R,1.9
26,3,0.1448252,1,0.7,R,2.3
26,3,0.2820125,1,0.8,R,1.1
26,3,0.2972731,0,0.6,R,1.6
26,3,0.2571462,1,0.7,R,1.6
26,3,0.4134757,0,0.4,R,0.9
26,3,0.3321527,0,0.3,R,1.9
26,3,0.269908,1,0.6,R,1.3
26,3,0.3771031,0,0.2,R,1.6
26,3,0.2339477,1,0.8,R,1.9
26,3,0.2092355,1,0.8,R,1.1
26,3,0.1899963,1,0.5,R,2.1
26,3,0.4368909,0,0.2,R,1.4
26,3,0.2367399,1,0.8,R,2.1
26,3,0.224954,1,0.8,R,2.3
26,3,0.4321252,0,0.2,R,1.1
26,3,0.2323536,1,0.6,R,2.3
26,3,0.4095971,0,0.2,R,1.6
26,3,0.8734251,0,0.5,R,0.9
26,3,0.4762283,0,0.4,R,2.1
26,3,0.2730663,1,0.6,R,1.1
26,3,0.2408703,1,0.8,R,0.9
26,3,0.304948,0,0.4,R,1.8
26,3,0.4934122,0,0.4,R,1.9
26,3,0.4171864,0,0.4,R,1.4
26,3,0.2638696,1,0.8,R,2.3
26,3,0.3572219,0,0.3,R,2.1
26,3,0.2492485,1,0.7,R,1.8
26,3,0.2339804,1,0.8,R,1.3
26,3,0.4449487,1,0.5,R,2.1
26,3,0.3651878,0,0.4,R,2.1
26,3,0.4929171,1,0.7,R,2.1
26,3,0.2881561,1,0.6,R,2.3
26,3,0.5320145,0,0.5,R,1.6
26,3,0.2241295,1,0.8,R,1.3
26,3,0.380921,0,0.3,R,2.1
26,3,0.5732231,0,0.3,R,2.3
26,3,0.349197,1,0.5,R,2.1
26,3,0.5085763,0,0.4,R,1.9
26,3,0.561233,0,0.4,R,2.1
26,3,0.4332429,0,0.3,R,1.9
26,3,0.8772405,1,0.5,R,1.8
26,3,0.2642733,1,0.8,R,0.9
26,3,0.404082,0,0.2,R,1.1
26,3,1.0620886,1,0.5,R,1.6
26,3,1.6002644,0,0.4,R,1.1
26,3,0.3410787,1,0.7,R,1.9
26,3,0.3900793,1,0.7,R,1.4
26,3,0.4620755,1,0.6,R,1.6
26,3,0.3900543,0,0.2,R,1.4
26,3,0.3893232,0,0.2,R,1.9
26,3,0.2340042,1,0.6,R,0.9
26,3,0.404946,0,0.3,R,1.8
26,3,0.4890533,0,0.2,R,1.3
26,3,0.4456797,0,0.3,R,2.3
26,3,0.1762205,1,0.8,R,1.3
26,3,0.2972084,0,0.5,R,1.3
26,3,0.352122,0,0.5,R,1.9
26,3,0.4811937,0,0.3,R,1.3
26,3,0.2580184,1,0.6,R,1.6
26,3,0.2971542,1,0.7,R,1.1
26,3,0.3321329,0,0.3,R,2.1
26,3,0.2845991,1,0.7,R,1.9
26,3,0.2369687,1,0.6,R,1.9
26,3,0.3682822,0,0.2,R,1.6
26,3,0.4411303,0,0.2,R,1.8
26,3,0.5690902,1,0.5,R,1.6
26,4,0.2250817,1,0.7,R,1.1
26,4,0.2179569,1,0.7,R,0.9
26,4,0.1971771,1,0.7,R,1.9
26,4,0.4291102,0,0.3,R,1.3
26,4,0.3689056,1,0.4,R,1.1
26,4,0.440064,0,0.2,R,1.8
26,4,0.2219454,1,0.6,R,1.8
26,4,0.2049049,1,0.8,R,1.1
26,4,1.0368194,1,0.4,R,1.9
26,4,0.3159292,1,0.6,R,2.1
26,4,0.3128607,1,0.6,R,2.1
26,4,0.2567839,1,0.6,R,1.8
26,4,0.2771099,1,0.6,R,1.1
26,4,0.6579277,1,0.3,R,1.4
26,4,0.3281185,1,0.8,R,1.3
26,4,0.2879436,0,0.4,R,1.1
26,4,0.233123,1,0.8,R,1.8
26,4,0.4879376,0,0.6,R,2.3
26,4,0.1850095,1,0.8,R,1.1
26,4,0.33212,0,0.3,R,0.9
26,4,1.0408711,0,0.4,R,0.9
26,4,0.3241902,0,0.4,R,1.9
26,4,0.3010202,1,0.5,R,1.9
26,4,0.4852807,0,0.4,R,2.1
26,4,0.3608764,1,0.4,R,2.1
26,4,0.2051088,1,0.7,R,1.4
26,4,0.5765845,0,0.5,R,1.3
26,4,0.5968963,1,0.8,R,2.1
26,4,0.2451099,1,0.8,R,1.3
26,4,0.4562715,0,0.2,R,2.3
26,4,0.2808746,1,0.4,R,1.1
26,4,0.4681996,1,0.5,R,1.6
26,4,0.2039366,1,0.7,R,1.4
26,4,0.2797735,1,0.8,R,1.8
26,4,0.2126626,1,0.8,R,1.4
26,4,0.2611167,0,0.4,R,1.4
26,4,0.5400705,0,0.4,R,1.3
26,4,0.0910280000000001,1,0.8,R,2.3
26,4,0.7093128,0,0.7,R,0.9
26,4,0.2698357,1,0.6,R,1.9
26,4,0.2367886,1,0.7,R,0.9
26,4,0.4602165,0,0.3,R,2.1
26,4,0.7444423,0,0.4,R,2.3
26,4,0.3689052,0,0.4,R,1.6
26,4,0.4647556,1,0.7,R,1.4
26,4,0.464832,0,0.3,R,1.6
26,4,0.5690948,0,0.5,R,1.3
26,4,1.2123674,0,0.3,R,1.3
26,4,0.3921583,0,0.2,R,1.1
26,4,0.5410407,0,0.5,R,1.6
26,4,0.2340371,1,0.8,R,1.6
26,4,1.0997322,1,0.5,R,0.9
26,4,0.3653321,1,0.7,R,0.9
26,4,0.2521142,0,0.3,R,1.4
26,4,0.2576769,0,0.4,R,1.9
26,4,0.3559325,0,0.2,R,1.4
26,4,0.2407537,1,0.5,R,2.3
26,4,0.3212131,0,0.3,R,1.3
26,4,0.3041351,0,0.3,R,1.4
26,4,0.3087016,1,0.5,R,1.9
26,4,0.3929801,0,0.5,R,2.3
26,4,0.257299,1,0.8,R,1.4
26,4,0.125168,1,0.8,R,1.3
26,4,0.3166104,1,0.7,R,1.6
26,4,0.3571792,0,0.2,R,1.1
26,4,0.6131596,1,0.7,R,1.6
27,1,0.6058276,0,0.3,R,1.4
27,1,0.5238208,0,0.2,R,1.8
27,1,0.5134159,0,0.4,R,1.4
27,1,0.4484855,0,0.7,R,0.9
27,1,0.4854013,0,0.6,R,2.1
27,1,0.5619202,0,0.4,R,2.3
27,1,0.5329409,0,0.5,R,1.8
27,1,0.9090769,1,0.7,R,1.6
27,1,0.5023183,0,0.2,R,1.1
27,1,0.7531166,1,0.7,R,1.9
27,1,0.897316,0,0.2,R,1.3
27,1,0.4241104,1,0.6,R,0.9
27,1,0.8167996,1,0.8,R,1.8
27,1,0.4890662,0,0.3,R,2.3
27,1,0.6735062,1,0.2,R,2.3
27,1,0.5777598,0,0.6,R,1.8
27,1,0.4131359,0,0.3,R,1.4
27,1,0.4560475,1,0.6,R,2.3
27,1,0.4402031,0,0.4,R,1.3
27,1,0.4267483,0,0.5,R,2.1
27,1,0.4623211,1,0.5,R,2.3
27,1,0.6678673,0,0.4,R,1.8
27,1,1.2140387,1,0.6,R,2.1
27,1,0.6242252,0,0.2,R,2.3
27,1,0.5691757,0,0.4,R,1.9
27,1,0.6489566,0,0.2,R,1.8
27,1,0.3928567,1,0.7,R,0.9
27,1,0.3849021,1,0.8,R,1.8
27,1,0.6541185,0,0.2,R,1.8
27,1,0.5133601,1,0.4,R,1.8
27,1,1.049066,1,0.5,R,2.3
27,1,0.6045343,0,0.2,R,1.4
27,1,0.4607636,1,0.8,R,2.1
27,1,0.5654176,0,0.5,R,1.1
27,1,0.541057,0,0.4,R,1.3
27,1,0.2738339,1,0.4,R,0.9
27,1,0.6000296,0,0.2,R,1.1
27,1,0.1063183,1,0.8,R,1.4
27,1,0.6129002,0,0.5,R,0.9
27,1,0.5602802,0,0.3,R,1.6
27,1,0.6571472,0,0.2,R,1.3
27,1,0.3687263,0,0.3,R,2.1
27,1,0.3371569,1,0.8,R,1.1
27,1,0.4091211,1,0.6,R,1.1
27,1,0.2768774,1,0.7,R,2.1
27,1,0.1463112,1,0.8,R,2.3
27,1,0.2449159,1,0.7,R,1.8
27,1,0.7365794,0,0.6,R,0.9
27,1,0.5822447,1,0.7,R,2.3
27,1,0.3932807,1,0.6,R,2.1
27,1,0.4489109,0,0.4,R,1.1
27,1,0.4410383,0,0.2,R,1.3
27,1,0.3332663,0,0.5,R,1.8
27,1,0.4130724,1,0.7,R,1.1
27,1,0.3450638,1,0.8,R,1.1
27,1,0.5130873,0,0.2,R,1.9
27,1,0.4449569,0,0.3,R,0.9
27,1,0.6940869,0,0.2,R,1.1
27,1,0.5450666,0,0.3,R,1.3
27,1,0.4080957,0,0.2,R,1.3
27,1,0.2932286,0,0.3,R,1.6
27,1,0.3375304,1,0.5,R,1.8
27,1,0.4043224,1,0.7,R,1.4
27,1,1.3853414,0,0.2,R,2.1
27,1,1.4531064,1,0.7,R,1.4
27,1,0.64861,0,0.4,R,1.8
27,1,0.3047582,1,0.6,R,1.1
27,1,0.3618182,1,0.6,R,1.4
27,1,0.4412833,1,0.5,R,2.3
27,1,0.6887412,0,0.5,R,1.9
27,1,0.3565462,0,0.3,R,2.1
27,2,0.3603684,1,0.6,R,1.9
27,2,0.4941979,0,0.3,R,2.3
27,2,1.0543014,0,0.2,R,2.3
27,2,0.7890036,0,0.3,R,1.9
27,2,0.462205,1,0.2,R,1.1
27,2,0.629096,0,0.4,R,1.9
27,2,0.0946066000000001,1,0.7,R,0.9
27,2,0.1890174,1,0.8,R,1.6
27,2,0.2799719,1,0.7,R,1.1
27,2,0.2570489,1,0.6,R,1.8
27,2,0.4410976,0,0.3,R,1.9
27,2,0.2289636,1,0.8,R,1.9
27,2,1.5008014,1,0.7,R,0.9
27,2,0.6851913,0,0.5,R,1.8
27,2,0.2376444,1,0.6,R,1.3
27,2,0.536816,0,0.2,R,2.1
27,2,1.0789649,1,0.5,R,1.6
27,2,1.0403546,0,0.4,R,1.3
27,2,0.745016,0,0.2,R,2.1
27,2,0.1613673,1,0.8,R,1.9
27,2,0.6537945,0,0.5,R,1.3
27,2,0.1852231,1,0.7,R,1.9
27,2,0.8441177,0,0.2,R,1.4
27,2,0.4770608,0,0.3,R,2.1
27,2,0.532997,0,0.5,R,1.8
27,2,0.2726644,1,0.6,R,1.3
27,2,0.3121993,1,0.8,R,1.3
27,2,0.6327711,0,0.6,R,1.9
27,2,0.4339326,0,0.2,R,1.4
27,2,0.4256497,0,0.5,R,1.1
27,2,0.3325245,1,0.8,R,2.3
27,2,0.4807939,0,0.4,R,0.9
27,2,0.4727331,0,0.6,R,1.1
27,2,0.4288907,1,0.7,R,2.3
27,2,0.3049846,1,0.6,R,1.9
27,2,0.3372633,1,0.4,R,0.9
27,2,0.2891537,1,0.8,R,0.9
27,2,0.4410105,0,0.5,R,0.9
27,2,0.3578655,0,0.6,R,2.3
27,2,0.2651788,1,0.6,R,1.8
27,2,0.5618658,0,0.5,R,2.3
27,2,0.1735082,1,0.8,R,1.8
27,2,0.4617708,0,0.2,R,2.3
27,2,0.4020455,1,0.4,R,0.9
27,2,0.609972,0,0.4,R,1.6
27,2,0.5170179,0,0.4,R,1.6
27,2,0.5699216,1,0.5,R,2.1
27,2,0.629178,0,0.4,R,1.4
27,2,0.6170098,0,0.3,R,1.6
27,2,0.4859086,0,0.2,R,1.8
27,2,0.4329301,0,0.2,R,2.3
27,2,0.3010846,1,0.7,R,1.3
27,2,0.524829,0,0.5,R,1.6
27,2,0.2852062,1,0.8,R,1.8
27,2,0.4572413,1,0.7,R,0.9
27,2,0.460219,0,0.5,R,1.4
27,2,0.5455105,0,0.5,R,1.9
27,2,0.608956,0,0.5,R,0.9
27,2,0.3861537,0,0.5,R,1.8
27,2,0.37743,0,0.2,R,0.9
27,2,0.1571921,1,0.7,R,1.3
27,2,0.4082371,0,0.6,R,1.8
27,2,0.3410951,1,0.8,R,2.3
27,2,0.6132584,0,0.3,R,2.1
27,2,0.4841063,1,0.6,R,1.3
27,2,0.413342,0,0.2,R,0.9
27,2,0.3019393,0,0.3,R,1.4
27,2,0.3013227,1,0.7,R,2.1
27,2,0.5459563,0,0.2,R,1.9
27,2,0.5651212,0,0.3,R,1.8
27,2,0.4408981,0,0.2,R,1.8
27,2,0.3780169,0,0.3,R,1.9
27,3,0.6284849,0,0.6,R,1.8
27,3,0.3625531,0,0.2,R,1.8
27,3,0.3003761,0,0.2,R,1.8
27,3,0.2394153,1,0.7,R,2.3
27,3,0.3771287,0,0.2,R,1.3
27,3,0.4748781,1,0.4,R,2.1
27,3,0.4830455,1,0.5,R,0.9
27,3,0.4356981,0,0.4,R,1.8
27,3,0.6357196,1,0.6,R,1.9
27,3,0.7461647,0,0.3,R,1.9
27,3,0.4842163,1,0.6,R,1.4
27,3,0.5490452,1,0.7,R,1.8
27,3,1.292932,1,0.4,R,1.3
27,3,0.3898786,1,0.7,R,1.8
27,3,0.2283712,1,0.7,R,2.3
27,3,0.6368286,1,0.3,R,2.1
27,3,0.7447834,0,0.2,R,1.1
27,3,0.4290197,1,0.7,R,2.1
27,3,0.4929939,1,0.7,R,2.3
27,3,0.850867,1,0.4,R,2.3
27,3,0.5532981,0,0.2,R,1.8
27,3,0.2799426,1,0.8,R,1.4
27,3,0.2703767,1,0.8,R,1.3
27,3,0.4541942,0,0.3,R,1.4
27,3,0.3930164,0,0.3,R,1.9
27,3,0.2261675,1,0.8,R,2.1
27,3,0.4682561,1,0.5,R,2.1
27,3,0.5173168,0,0.4,R,2.1
27,3,1.3288289,0,0.4,R,1.9
27,3,0.6059685,1,0.5,R,2.3
27,3,0.4213797,0,0.2,R,2.1
27,3,0.3730637,0,0.3,R,1.3
27,3,0.3018692,0,0.3,R,1.4
27,3,0.3932755,1,0.6,R,2.1
27,3,0.5211045,0,0.2,R,2.1
27,3,0.3700908,0,0.4,R,2.3
27,3,0.3769438,1,0.8,R,2.1
27,3,0.2851008,1,0.8,R,1.1
27,3,0.288449,1,0.8,R,1.6
27,3,0.2733343,1,0.7,R,1.1
27,3,0.5014945,0,0.2,R,0.9
27,3,0.1828096,1,0.7,R,0.9
27,3,0.261029,1,0.8,R,1.6
27,3,0.5058798,0,0.3,R,1.6
27,3,0.4047728,0,0.2,R,2.1
27,3,0.4184954,0,0.4,R,1.1
27,3,0.3931546,1,0.7,R,1.8
27,3,0.3412399,1,0.8,R,1.6
27,3,0.9621771,0,0.5,R,1.1
27,3,0.4122569,1,0.6,R,1.6
27,3,0.481146,0,0.2,R,1.8
27,3,0.4774261,0,0.2,R,1.3
27,3,0.3240692,1,0.7,R,0.9
27,3,0.5774073,0,0.6,R,1.6
27,3,0.2969692,1,0.7,R,1.1
27,3,0.4242204,0,0.3,R,2.1
27,3,0.4532429,0,0.3,R,2.3
27,3,0.6260774,0,0.7,R,1.6
27,3,0.3219517,1,0.5,R,1.1
27,3,0.3090686,1,0.6,R,1.8
27,3,0.4568631,1,0.7,R,2.1
27,3,0.5851785,0,0.4,R,1.1
27,3,1.2369052,0,0.4,R,2.1
27,3,0.2692476,1,0.7,R,2.3
27,3,0.297017,1,0.8,R,0.9
27,3,0.3178854,1,0.7,R,1.9
27,3,0.3167837,1,0.8,R,1.4
27,3,0.2497374,1,0.7,R,2.3
27,3,0.2720322,0,0.7,R,2.1
27,3,0.4131715,0,0.5,R,1.9
27,3,0.2052464,0,0.5,R,1.3
27,3,0.4454005,1,0.5,R,1.8
27,3,0.5282642,0,0.2,R,2.1
27,3,0.4170656,1,0.6,R,1.3
27,3,0.4853992,0,0.3,R,1.6
27,3,0.2804989,1,0.8,R,2.1
27,3,1.2499413,0,0.4,R,1.6
27,3,0.2850394,1,0.5,R,2.1
27,3,0.5301877,0,0.3,R,1.6
27,3,0.3291214,0,0.3,R,2.1
27,3,0.2407726,1,0.8,R,2.1
27,3,0.4811717,0,0.2,R,1.6
27,3,0.7450226,0,0.7,R,1.4
27,3,0.4855444,0,0.2,R,2.3
27,3,0.2813052,1,0.8,R,1.9
27,4,0.6576766,0,0.2,R,1.3
27,4,0.5129214,0,0.2,R,2.3
27,4,0.4171964,0,0.2,R,1.8
27,4,0.4238849,0,0.3,R,1.1
27,4,0.4573384,0,0.2,R,1.3
27,4,0.4189909,0,0.2,R,1.8
27,4,0.3568183,0,0.2,R,1.1
27,4,0.2720409,1,0.6,R,2.1
27,4,0.2329029,1,0.6,R,2.3
27,4,0.4451327,0,0.3,R,1.3
27,4,0.6852351,1,0.8,R,1.3
27,4,0.4650485,1,0.6,R,1.1
27,4,0.2687507,1,0.7,R,1.1
27,4,0.2033364,1,0.8,R,1.9
27,4,0.5930436,0,0.2,R,1.1
27,4,0.4092462,0,0.2,R,1.4
27,4,0.4214303,0,0.5,R,1.9
27,4,0.4533072,0,0.2,R,2.1
27,4,0.430237,1,0.5,R,2.3
27,4,0.8330247,0,0.3,R,1.9
27,4,0.3167333,0,0.3,R,2.3
27,4,0.6410026,1,0.5,R,2.3
27,4,0.4242723,0,0.7,R,0.9
27,4,0.187849,1,0.7,R,0.9
27,4,0.3609017,1,0.4,R,1.8
27,4,0.3967112,0,0.3,R,1.1
27,4,0.2296136,0,0.3,R,2.1
27,4,0.4320743,0,0.4,R,1.9
27,4,0.336478,0,0.2,R,1.3
27,4,0.6134397,0,0.4,R,1.9
27,4,0.7489172,0,0.5,R,1.4
27,4,0.7039455,1,0.4,R,1.3
27,4,0.4330583,1,0.8,R,1.1
27,4,0.6452063,0,0.3,R,1.3
27,4,0.4900222,0,0.2,R,1.9
27,4,0.2969505,1,0.7,R,0.9
27,4,0.1492652,1,0.8,R,1.1
27,4,0.3330865,0,0.3,R,2.3
27,4,0.3639992,0,0.2,R,1.9
27,4,0.380064,1,0.6,R,1.3
27,4,0.4087815,0,0.4,R,1.6
27,4,0.2091327,1,0.7,R,1.1
27,4,0.2980402,1,0.8,R,1.4
27,4,0.4658419,0,0.4,R,1.1
27,4,0.2180749,1,0.8,R,2.1
27,4,0.4286058,0,0.5,R,1.3
27,4,0.2972376,0,0.5,R,1.3
27,4,0.4249141,0,0.4,R,1.1
27,4,0.4729797,0,0.4,R,2.3
27,4,0.4491905,0,0.6,R,0.9
27,4,0.3382297,0,0.3,R,1.6
27,4,1.8789679,0,0.5,R,2.3
27,4,0.5732705,0,0.6,R,2.1
27,4,0.3411671,0,0.3,R,1.8
27,4,0.5051438,0,0.7,R,1.9
27,4,0.4772205,0,0.3,R,1.3
27,4,0.3488538,1,0.7,R,2.3
27,4,0.4532064,0,0.3,R,1.6
27,4,0.4931177,0,0.2,R,1.4
27,4,0.3456126,1,0.2,R,1.9
27,4,0.2523726,1,0.7,R,0.9
27,4,0.3411454,0,0.3,R,1.8
27,4,0.3011907,0,0.3,R,1.8
27,4,1.5132017,0,0.2,R,2.3
27,4,0.5251542,0,0.5,R,0.9
27,4,0.2648448,1,0.6,R,2.1
27,4,0.5533029,0,0.2,R,1.4
27,4,0.3532497,1,0.6,R,1.6
27,4,0.249348,1,0.8,R,1.6
27,4,0.4250903,0,0.3,R,1.6
28,1,0.747696,1,0.8,R,0.9
28,1,0.7156112,1,0.5,R,1.6
28,1,0.5057686,1,0.7,R,1.3
28,1,0.5396882,1,0.6,R,1.4
28,1,1.4881921,1,0.6,R,2.1
28,1,0.6620204,0,0.3,R,1.8
28,1,0.7432847,1,0.5,R,1.4
28,1,1.0641987,1,0.5,R,1.4
28,1,0.5906939,1,0.6,R,1.4
28,1,0.7811533,0,0.6,R,2.1
28,1,0.9070359,1,0.4,R,1.1
28,1,0.6178618,1,0.8,R,0.9
28,1,0.5066015,1,0.5,R,1.6
28,1,0.7369629,0,0.2,R,0.9
28,1,0.9810052,1,0.5,R,1.6
28,1,0.6218773,1,0.3,R,1.1
28,1,0.5727647,1,0.5,R,1.4
28,1,0.5178364,1,0.7,R,0.9
28,1,0.8528832,1,0.6,R,1.9
28,1,0.7527626,0,0.2,R,1.8
28,1,1.9531945,0,0.7,R,0.9
28,1,1.3840126,1,0.6,R,1.6
28,1,0.99293,0,0.3,R,1.9
28,1,1.4209353,1,0.8,R,2.3
28,1,2.0411325,1,0.2,R,1.6
28,1,0.6168599,1,0.7,R,1.3
28,1,2.3970511,1,0.7,R,1.9
28,1,0.584588,1,0.5,R,1.8
28,1,0.8888353,1,0.6,R,1.8
28,1,0.8660409,0,0.3,R,1.3
28,1,0.6318972,1,0.6,R,1.3
28,1,0.4810764,1,0.8,R,1.1
28,1,1.2007968,0,0.2,R,1.3
28,1,0.9441338,1,0.4,R,1.1
28,1,0.7807053,0,0.3,R,1.1
28,1,0.7845548,0,0.2,R,1.3
28,1,1.6395872,1,0.6,R,1.3
28,1,0.4682477,1,0.8,R,1.6
28,1,0.7206636,1,0.6,R,1.4
28,1,1.7967391,0,0.3,R,1.1
28,1,0.6240571,1,0.6,R,2.3
28,1,0.8099282,0,0.4,R,0.9
28,1,0.5027727,1,0.7,R,1.6
28,1,1.2089866,0,0.2,R,2.3
28,1,1.3527904,0,0.2,R,1.4
28,1,2.4008997,1,0.5,R,1.4
28,1,0.5087824,1,0.5,R,0.9
28,1,1.4687396,1,0.4,R,0.9
28,1,0.5977291,1,0.7,R,1.8
28,1,1.5409289,1,0.7,R,0.9
28,1,1.3046951,1,0.4,R,1.3
28,1,0.5890074,1,0.7,R,2.1
28,1,1.7545909,1,0.6,R,1.1
28,1,0.7093413,0,0.5,R,1.9
28,1,1.3566456,1,0.5,R,1.1
28,1,0.6966939,1,0.6,R,1.4
28,1,0.5677188,1,0.7,R,1.8
28,1,0.5327629,1,0.6,R,1.8
28,1,0.4765538,1,0.8,R,1.8
28,1,0.8495519,0,0.3,R,2.3
28,1,1.864547,1,0.7,R,1.6
28,1,1.6658082,1,0.6,R,0.9
28,1,0.0899782,1,0.8,R,1.6
28,2,1.1091087,0,0.3,R,2.3
28,2,1.0125076,0,0.2,R,1.3
28,2,1.0887061,1,0.6,R,0.9
28,2,0.3169057,1,0.7,R,0.9
28,2,1.5417097,0,0.4,R,1.1
28,2,2.2210844,1,0.5,R,1.8
28,2,1.3197093,0,0.2,R,1.9
28,2,2.0376557,1,0.6,R,0.9
28,2,0.5009003,0,0.3,R,1.3
28,2,0.4096684,1,0.6,R,1.3
28,2,0.6526557,1,0.7,R,1.1
28,2,1.5052916,0,0.4,R,1.3
28,2,0.3207902,1,0.7,R,1.8
28,2,0.345086,1,0.7,R,1.6
28,2,0.6488188,0,0.3,R,1.9
28,2,0.3607641,1,0.8,R,1.1
28,2,1.6416444,0,0.6,R,1.1
28,2,0.996917,1,0.5,R,2.3
28,2,0.6074331,0,0.3,R,1.8
28,2,0.9051553,0,0.3,R,1.8
28,2,0.3598464,1,0.6,R,2.1
28,2,2.3416274,1,0.7,R,1.1
28,2,0.2851644,1,0.7,R,1.3
28,2,0.8568312,1,0.6,R,1.4
28,2,0.6384441,0,0.8,R,1.8
28,2,0.6371372,0,0.2,R,1.8
28,2,0.9324894,0,0.4,R,2.1
28,2,1.0696735,0,0.4,R,1.1
28,2,1.3498236,0,0.5,R,2.1
28,2,1.210632,1,0.6,R,1.4
28,2,0.574055,0,0.2,R,1.4
28,2,1.2254438,0,0.3,R,2.3
28,2,0.3644557,1,0.8,R,1.6
28,2,0.4175909,0,0.5,R,2.1
28,2,0.3978245,1,0.7,R,2.1
28,2,1.3366935,0,0.5,R,2.3
28,2,2.08578,1,0.5,R,1.9
28,2,0.8451524,1,0.8,R,1.9
28,2,0.3727193,1,0.5,R,1.3
28,2,1.200701,0,0.8,R,2.1
28,2,1.4016878,0,0.8,R,1.8
28,2,0.3007759,1,0.5,R,1.3
28,2,0.6335206,0,0.4,R,2.3
28,2,0.2769412,1,0.5,R,0.9
28,2,0.5654934,0,0.2,R,2.3
28,2,0.2247786,1,0.8,R,2.3
28,2,0.5728755,0,0.3,R,2.3
28,2,0.55292,0,0.4,R,2.3
28,2,0.3207919,1,0.8,R,1.9
28,2,0.5444646,0,0.4,R,1.4
28,2,1.9767045,0,0.5,R,2.1
28,2,0.2087327,1,0.7,R,1.3
28,2,0.400976,1,0.8,R,1.4
28,2,0.2890702,1,0.7,R,1.4
28,2,0.3378674,1,0.6,R,1.6
28,2,0.656849,0,0.3,R,0.9
28,2,0.574355,0,0.2,R,0.9
28,2,1.5818707,0,0.8,R,2.3
28,2,1.276595,0,0.3,R,2.3
28,2,0.3689859,1,0.4,R,1.6
28,2,0.9964839,0,0.2,R,1.9
28,2,0.4705941,1,0.7,R,1.9
28,2,0.4700206,0,0.5,R,0.9
28,2,0.4929095,0,0.4,R,1.3
28,2,0.5126239,0,0.6,R,1.1
28,2,0.5369854,0,0.2,R,1.6
28,2,1.3181486,0,0.2,R,2.3
28,3,1.0030084,0,0.2,R,1.9
28,3,0.8737935,0,0.3,R,1.8
28,3,0.4533713,1,0.6,R,1.8
28,3,0.5727364,1,0.8,R,1.8
28,3,0.8459205,0,0.8,R,0.9
28,3,0.6950433,0,0.2,R,1.1
28,3,1.4126692,1,0.7,R,1.9
28,3,1.9209818,0,0.4,R,2.3
28,3,0.5007414,1,0.8,R,2.1
28,3,1.7168696,0,0.2,R,2.3
28,3,0.380746,1,0.7,R,1.3
28,3,1.0846462,1,0.5,R,0.9
28,3,0.5729718,0,0.7,R,1.9
28,3,0.252934,1,0.7,R,2.1
28,3,0.4615476,1,0.5,R,2.1
28,3,0.7338703,0,0.4,R,1.8
28,3,0.3498114,1,0.6,R,1.1
28,3,0.608929,0,0.4,R,1.4
28,3,0.3925444,1,0.7,R,1.9
28,3,0.5678632,0,0.4,R,2.1
28,3,0.6939142,1,0.5,R,1.9
28,3,0.5366336,0,0.3,R,2.3
28,3,0.3648924,1,0.8,R,1.6
28,3,1.9370131,0,0.5,R,2.1
28,3,0.4607242,1,0.4,R,1.6
28,3,0.9606687,0,0.5,R,2.3
28,3,0.5609193,0,0.3,R,2.1
28,3,0.6489798,1,0.6,R,1.4
28,3,0.4442403,1,0.8,R,1.8
28,3,0.5860788,0,0.5,R,1.3
28,3,0.9727809,0,0.8,R,1.9
28,3,1.3460567,0,0.3,R,1.3
28,3,0.5006586,1,0.7,R,1.3
28,3,0.4166267,1,0.8,R,1.3
28,3,0.5486105,1,0.7,R,1.8
28,3,0.6261094,0,0.6,R,1.1
28,3,0.6858839,0,0.7,R,1.6
28,3,0.3484799,1,0.8,R,1.8
28,3,0.5810925,0,0.3,R,2.3
28,3,0.4646833,1,0.6,R,1.3
28,3,0.5529228,1,0.8,R,1.1
28,3,0.7858943,0,0.6,R,0.9
28,3,0.4290241,1,0.7,R,1.4
28,3,0.4417082,0,0.4,R,1.3
28,3,1.3407996,1,0.5,R,1.8
28,3,0.6126844,0,0.3,R,1.3
28,3,0.5657468,0,0.7,R,1.4
28,3,0.6407498,0,0.4,R,2.1
28,3,0.7997309,0,0.5,R,1.3
28,3,0.4698815,0,0.4,R,0.9
28,3,0.6889669,0,0.2,R,1.3
28,3,0.3125724,1,0.8,R,1.8
28,3,0.3806984,1,0.6,R,1.6
28,3,0.3325403,1,0.8,R,1.6
28,3,0.5585247,0,0.2,R,1.8
28,3,0.3546694,1,0.8,R,1.4
28,3,0.8019287,1,0.5,R,1.8
28,3,0.7726939,0,0.5,R,1.9
28,3,0.3298357,1,0.6,R,1.3
28,3,0.4088307,1,0.8,R,1.1
28,3,0.5763482,0,0.6,R,1.6
28,3,0.5455872,0,0.3,R,2.1
28,3,0.7817526,1,0.3,R,1.8
28,3,0.6327552,0,0.3,R,1.3
28,3,0.5888001,0,0.5,R,1.1
28,3,1.3493972,0,0.5,R,1.1
28,3,0.3849197,1,0.7,R,1.9
28,3,0.4337914,1,0.6,R,1.9
28,3,0.5446548,0,0.2,R,2.1
28,3,0.4527262,0,0.3,R,1.9
28,3,0.4567316,0,0.3,R,1.9
28,3,0.581771,0,0.2,R,0.9
28,3,0.328522,1,0.6,R,1.6
28,3,0.332703,1,0.7,R,1.1
28,3,0.7127081,0,0.6,R,1.8
28,3,0.5128845,0,0.8,R,2.1
28,4,0.9587537,0,0.8,R,1.8
28,4,0.3886927,1,0.7,R,1.8
28,4,0.3886839,1,0.6,R,1.8
28,4,0.0738597999999997,1,0.7,R,1.8
28,4,0.4163815,1,0.6,R,1.3
28,4,0.5417769,0,0.3,R,2.1
28,4,0.4846691,1,0.5,R,1.9
28,4,0.5330796,0,0.2,R,2.1
28,4,0.5920149,0,0.2,R,1.8
28,4,0.6415817,0,0.3,R,1.1
28,4,0.336951,1,0.8,R,1.8
28,4,0.5092019,0,0.4,R,1.3
28,4,0.5551501,0,0.2,R,2.3
28,4,0.5210714,0,0.4,R,1.8
28,4,0.3165512,1,0.8,R,2.3
28,4,0.4899005,1,0.8,R,1.4
28,4,1.1047278,1,0.6,R,1.6
28,4,0.6730147,1,0.3,R,1.1
28,4,0.3326647,1,0.7,R,1.9
28,4,0.3926082,1,0.8,R,1.6
28,4,0.5246747,0,0.4,R,1.8
28,4,0.4768544,0,0.2,R,1.6
28,4,0.5723533,0,0.4,R,1.4
28,4,0.5028439,0,0.2,R,2.3
28,4,0.5127822,0,0.2,R,1.8
28,4,0.4858717,1,0.7,R,0.9
28,4,1.1608156,0,0.2,R,1.4
28,4,0.6248497,1,0.8,R,1.4
28,4,0.5730387,0,0.4,R,1.1
28,4,0.4927158,0,0.3,R,1.6
28,4,0.6369089,0,0.2,R,0.9
28,4,0.4208327,0,0.3,R,0.9
28,4,0.6848871,0,0.3,R,2.3
28,4,0.3850599,1,0.6,R,0.9
28,4,0.46469,0,0.3,R,1.3
28,4,0.4380294,1,0.5,R,2.1
28,4,0.593379,0,0.2,R,0.9
28,4,0.4166134,0,0.3,R,1.3
28,4,0.5937938,0,0.4,R,2.3
28,4,1.5646602,1,0.5,R,1.8
28,4,0.4449011,1,0.6,R,1.6
28,4,0.6764492,0,0.6,R,1.8
28,4,0.3087387,1,0.7,R,1.1
28,4,0.6660182,0,0.6,R,2.1
28,4,0.5087847,1,0.7,R,1.9
28,4,0.4045736,1,0.5,R,2.1
28,4,0.6046761,1,0.4,R,1.8
28,4,1.4336178,1,0.7,R,1.4
28,4,0.5246325,0,0.2,R,1.6
28,4,1.1388468,0,0.5,R,1.4
28,4,0.5017227,0,0.3,R,1.3
28,4,0.4447802,1,0.7,R,2.3
28,4,1.289644,0,0.4,R,0.9
28,4,0.345223,1,0.8,R,1.4
28,4,0.309349,1,0.8,R,1.3
28,4,0.5488152,0,0.5,R,1.3
28,4,0.5417224,1,0.8,R,1.9
28,4,0.6135995,0,0.3,R,2.1
28,4,0.4098838,1,0.6,R,1.3
28,4,0.5404945,1,0.7,R,1.3
28,4,0.4408389,0,0.2,R,1.6
28,4,0.7974987,0,0.6,R,1.3
28,4,0.272901,1,0.8,R,1.3
28,4,0.3704358,1,0.8,R,0.9
28,4,0.6923012,0,0.2,R,1.4
28,4,1.5087688,0,0.5,R,1.6
28,4,0.7338095,0,0.3,R,2.3
28,4,0.3805149,1,0.8,R,1.1
28,4,0.2818983,1,0.8,R,1.6
28,4,0.4447268,0,0.2,R,1.6
28,4,0.351878,1,0.7,R,2.1
28,4,0.6050011,0,0.5,R,1.4
28,4,0.6087952,0,0.2,R,1.1
28,4,0.7005114,0,0.2,R,1.8
28,4,0.5053076,1,0.8,R,1.8
29,1,0.4720242,1,0.4,R,1.1
29,1,0.5677253,0,0.3,R,1.9
29,1,0.5609299,0,0.3,R,1.4
29,1,0.5477779,0,0.2,R,1.8
29,1,1.2714165,1,0.6,R,1.1
29,1,0.6476765,0,0.6,R,1.4
29,1,0.4068674,1,0.7,R,1.3
29,1,0.5181991,0,0.2,R,2.3
29,1,0.2957338,1,0.6,R,1.4
29,1,0.7925388,1,0.5,R,1.8
29,1,0.4419703,0,0.4,R,1.8
29,1,0.3729018,1,0.5,R,2.3
29,1,0.5580715,0,0.2,R,1.3
29,1,1.3015096,0,0.3,R,1.9
29,1,0.3370858,1,0.8,R,1.8
29,1,0.3315711,1,0.8,R,1.9
29,1,0.5439897,0,0.5,R,1.8
29,1,0.6719884,0,0.2,R,1.4
29,1,0.4299998,1,0.7,R,2.1
29,1,0.5832342,0,0.2,R,1.3
29,1,0.3689633,1,0.5,R,1.6
29,1,0.3803145,1,0.7,R,2.3
29,1,0.5383159,1,0.6,R,2.1
29,1,0.5520726,1,0.7,R,1.8
29,1,0.6881379,0,0.6,R,1.4
29,1,0.4488275,1,0.5,R,1.6
29,1,0.9922306,0,0.4,R,1.6
29,1,0.4008954,1,0.8,R,1.6
29,1,0.8609415,1,0.5,R,1.9
29,1,0.6219008,0,0.6,R,0.9
29,1,0.6341539,1,0.6,R,1.3
29,1,0.5449345,1,0.5,R,0.9
29,1,0.6972086,1,0.7,R,2.3
29,1,0.7092891,0,0.5,R,1.3
29,1,0.5763783,0,0.5,R,1.4
29,1,0.7203066,1,0.5,R,2.1
29,1,0.4562158,1,0.3,R,1.6
29,1,0.8681106,1,0.5,R,0.9
29,1,0.4969236,0,0.2,R,1.8
29,1,0.6300037,0,0.6,R,1.9
29,1,0.3528691,1,0.6,R,1.8
29,1,0.8093393,0,0.3,R,1.4
29,1,0.3979232,0,0.3,R,2.1
29,1,0.8410531,1,0.8,R,1.4
29,1,0.5779748,0,0.3,R,1.1
29,1,0.8480342,1,0.7,R,1.3
29,1,0.749153,1,0.6,R,1.3
29,1,0.5179958,1,0.7,R,1.9
29,1,0.7892292,0,0.3,R,1.1
29,1,0.5821231,0,0.3,R,1.8
29,1,0.4250596,1,0.7,R,2.1
29,1,0.6004481,0,0.4,R,0.9
29,1,0.5449722,0,0.4,R,1.1
29,1,0.6847124,0,0.7,R,1.9
29,1,1.0664268,0,0.5,R,2.3
29,1,0.5870064,0,0.2,R,1.6
29,1,0.6090443,0,0.3,R,1.8
29,1,0.5331693,0,0.2,R,2.3
29,1,0.4701922,0,0.4,R,1.9
29,1,0.3480459,0,0.2,R,0.9
29,1,0.6970342,0,0.3,R,2.1
29,1,0.437182,1,0.7,R,1.6
29,1,0.5490895,1,0.8,R,2.1
29,1,0.3180456,1,0.7,R,2.1
29,1,0.7212987,1,0.4,R,1.6
29,1,0.4641958,0,0.2,R,1.4
29,1,0.2779199,1,0.8,R,1.4
29,1,0.5570501,0,0.2,R,0.9
29,1,0.7700012,0,0.2,R,1.1
29,1,0.4128493,1,0.5,R,1.3
29,1,1.0650987,0,0.4,R,1.1
29,1,0.4253554,1,0.8,R,1.3
29,1,0.4575039,0,0.6,R,1.9
29,1,0.2893778,1,0.8,R,1.1
29,1,0.5688707,0,0.4,R,1.8
29,1,1.0414406,0,0.7,R,1.4
29,1,0.5934253,0,0.4,R,1.3
29,1,0.6202245,0,0.3,R,1.3
29,1,0.5525119,0,0.3,R,1.1
29,1,0.5529752,0,0.4,R,1.9
29,1,0.6122643,0,0.6,R,2.3
29,1,0.6508493,0,0.8,R,1.8
29,2,0.3522743,1,0.5,R,2.1
29,2,0.3482419,1,0.6,R,1.8
29,2,0.4008855,0,0.2,R,1.8
29,2,0.534065,0,0.3,R,1.9
29,2,0.5005707,0,0.6,R,1.9
29,2,0.544819,0,0.4,R,2.3
29,2,0.4499255,0,0.4,R,1.3
29,2,0.6532635,0,0.3,R,1.4
29,2,0.4250988,1,0.7,R,1.9
29,2,0.4649993,0,0.4,R,1.3
29,2,0.3203782,1,0.8,R,0.9
29,2,0.4005598,1,0.8,R,1.4
29,2,0.6770455,1,0.6,R,2.1
29,2,0.7810069,1,0.5,R,0.9
29,2,0.5209636,1,0.8,R,1.9
29,2,0.8487863,1,0.6,R,1.8
29,2,0.7492117,1,0.6,R,0.9
29,2,0.4511344,0,0.8,R,0.9
29,2,0.4891019,0,0.6,R,0.9
29,2,0.4089207,1,0.8,R,1.1
29,2,0.4410104,0,0.4,R,1.4
29,2,0.3891282,0,0.4,R,2.1
29,2,0.5534183,0,0.4,R,0.9
29,2,0.5539256,0,0.2,R,1.4
29,2,0.5450774,0,0.3,R,0.9
29,2,0.5971475,0,0.5,R,1.9
29,2,0.3730872,1,0.5,R,1.4
29,2,0.4011308,1,0.7,R,1.6
29,2,0.5610602,1,0.7,R,1.3
29,2,0.7250248,1,0.4,R,1.3
29,2,0.4989481,0,0.4,R,2.3
29,2,0.9735017,1,0.4,R,1.3
29,2,0.600627,1,0.6,R,1.8
29,2,0.4010105,0,0.3,R,1.1
29,2,0.3254675,1,0.7,R,1.8
29,2,0.7971174,1,0.6,R,0.9
29,2,0.4651643,1,0.8,R,1.6
29,2,0.4256316,1,0.5,R,1.9
29,2,0.4361831,0,0.3,R,1.1
29,2,0.3763185,0,0.2,R,1.8
29,2,0.5051012,0,0.5,R,0.9
29,2,0.6052308,0,0.2,R,2.3
29,2,0.2927253,1,0.7,R,1.9
29,2,0.4129626,0,0.5,R,1.9
29,2,0.5201404,1,0.7,R,1.8
29,2,0.8817733,1,0.3,R,1.9
29,2,0.40603,1,0.7,R,1.1
29,2,0.4083177,0,0.2,R,2.3
29,2,0.5890706,1,0.7,R,1.9
29,2,0.7620716,1,0.6,R,1.6
29,2,0.3852375,1,0.7,R,1.9
29,2,0.3570991,0,0.4,R,0.9
29,2,0.3576483,0,0.4,R,1.8
29,2,0.4650575,1,0.8,R,2.1
29,2,0.5168959,0,0.5,R,0.9
29,2,0.3638573,1,0.6,R,1.3
29,2,0.5771395,1,0.8,R,1.3
29,2,0.4204822,0,0.5,R,1.9
29,2,0.3719585,0,0.4,R,1.6
29,2,0.3824066,0,0.2,R,1.9
29,2,0.4322154,0,0.4,R,0.9
29,2,0.4960652,1,0.5,R,1.6
29,2,0.4089809,1,0.8,R,1.8
29,2,0.3521607,1,0.8,R,1.9
29,2,0.3765726,1,0.8,R,1.6
29,2,0.5290822,0,0.3,R,1.1
29,2,0.4770923,0,0.7,R,1.8
29,2,0.792845,1,0.5,R,1.8
29,2,0.4040254,1,0.6,R,1.8
29,2,0.3529631,1,0.5,R,0.9
29,2,0.5130933,1,0.6,R,2.1
29,2,0.785997,0,0.8,R,1.9
29,2,0.9760952,0,0.3,R,1.6
29,2,0.4970566,0,0.2,R,2.3
29,2,0.4079621,0,0.2,R,1.9
29,2,0.5300445,0,0.4,R,1.4
29,2,0.489422,1,0.7,R,1.4
29,2,0.5340362,0,0.2,R,1.9
29,3,0.4880759,0,0.4,R,2.3
29,3,0.3809682,1,0.7,R,2.3
29,3,0.3691652,0,0.4,R,1.4
29,3,0.325317,0,0.4,R,2.3
29,3,0.4490717,0,0.2,R,1.3
29,3,0.4001073,0,0.8,R,2.1
29,3,0.2933198,1,0.7,R,1.1
29,3,0.4539961,0,0.3,R,1.8
29,3,0.317655,0,0.3,R,1.6
29,3,0.4244185,1,0.5,R,1.9
29,3,0.3492083,0,0.4,R,2.3
29,3,0.5129903,1,0.4,R,1.6
29,3,0.4172517,1,0.7,R,1.9
29,3,0.276644,1,0.8,R,0.9
29,3,0.3931115,0,0.2,R,0.9
29,3,0.4810736,0,0.3,R,1.3
29,3,0.3365766,1,0.5,R,1.1
29,3,0.5885709,0,0.4,R,1.9
29,3,0.3172025,0,0.2,R,1.3
29,3,0.5890778,1,0.4,R,1.8
29,3,0.6018177,0,0.5,R,1.3
29,3,0.4485169,0,0.3,R,2.3
29,3,0.8570915,1,0.4,R,1.4
29,3,0.3532548,0,0.3,R,1.1
29,3,0.3765481,1,0.8,R,1.1
29,3,0.5482525,0,0.2,R,1.4
29,3,0.3050308,1,0.8,R,1.6
29,3,0.2452137,1,0.8,R,0.9
29,3,0.4123541,1,0.8,R,2.1
29,3,0.617112,0,0.3,R,2.1
29,3,0.341408,1,0.7,R,0.9
29,3,0.3970507,1,0.7,R,1.8
29,3,0.4540686,1,0.7,R,0.9
29,3,0.4409959,0,0.4,R,2.1
29,3,0.5370387,0,0.6,R,1.9
29,3,0.6050556,0,0.3,R,1.8
29,3,0.4930351,0,0.2,R,1.1
29,3,0.4163919,1,0.7,R,0.9
29,3,0.5365496,0,0.2,R,1.3
29,3,0.440923,0,0.4,R,1.9
29,3,0.4532125,1,0.8,R,1.3
29,3,0.5002239,0,0.2,R,1.3
29,3,0.4689954,0,0.2,R,1.9
29,3,0.9250307,0,0.6,R,2.1
29,3,0.6004313,0,0.5,R,2.3
29,3,0.4612159,1,0.7,R,1.6
29,3,0.368605,1,0.5,R,1.8
29,3,0.2484929,1,0.8,R,0.9
29,3,0.4732003,0,0.2,R,0.9
29,3,0.5221178,0,0.3,R,1.8
29,3,0.2894464,1,0.6,R,1.6
29,3,0.4252756,0,0.4,R,0.9
29,3,0.3683164,1,0.8,R,1.8
29,3,0.4732398,0,0.3,R,2.1
29,3,0.576981,0,0.5,R,1.8
29,3,0.7721809,1,0.7,R,1.4
29,3,0.2852167,1,0.8,R,1.8
29,3,0.7043198,0,0.2,R,1.6
29,3,0.4782608,0,0.6,R,2.1
29,3,0.357422,1,0.8,R,1.1
29,3,0.5451491,0,0.2,R,1.8
29,3,0.4563303,0,0.2,R,1.1
29,3,0.4251488,0,0.3,R,0.9
29,3,0.6451471,0,0.3,R,2.1
29,3,0.3500158,0,0.3,R,1.4
29,3,0.4089039,0,0.3,R,0.9
29,3,0.6482622,1,0.8,R,1.8
29,3,0.3251985,0,0.4,R,1.4
29,3,0.2931336,1,0.8,R,1.1
29,4,0.2828396,1,0.8,R,1.1
29,4,0.2652739,1,0.8,R,2.3
29,4,0.3371737,1,0.8,R,2.1
29,4,0.3879325,0,0.5,R,1.3
29,4,0.3278763,0,0.3,R,2.1
29,4,0.3773124,0,0.4,R,1.8
29,4,0.3610377,1,0.8,R,1.9
29,4,0.3211729,0,0.5,R,1.3
29,4,0.2839339,0,0.8,R,1.4
29,4,0.3499222,0,0.2,R,1.4
29,4,0.3651874,0,0.2,R,2.1
29,4,0.2965614,1,0.8,R,0.9
29,4,0.4998659,0,0.2,R,2.1
29,4,0.2927636,0,0.6,R,1.4
29,4,0.3641762,0,0.5,R,2.1
29,4,0.5164012,1,0.5,R,1.4
29,4,0.6039934,1,0.7,R,0.9
29,4,0.6650601,1,0.6,R,1.6
29,4,0.477098,0,0.2,R,0.9
29,4,0.3571059,0,0.7,R,2.3
29,4,0.3302808,0,0.2,R,1.3
29,4,0.2771074,0,0.7,R,2.3
29,4,0.3329575,0,0.4,R,2.1
29,4,0.7129758,1,0.8,R,1.4
29,4,0.3279471,0,0.4,R,2.1
29,4,0.4050271,1,0.5,R,0.9
29,4,0.3729861,0,0.8,R,1.6
29,4,0.3531934,0,0.2,R,1.9
29,4,0.4059619,0,0.7,R,1.1
29,4,0.3649778,0,0.3,R,1.3
29,4,0.4644721,0,0.2,R,2.3
29,4,0.5658872,0,0.3,R,0.9
29,4,0.3451108,0,0.6,R,2.1
29,4,0.3690207,0,0.4,R,1.9
29,4,0.780924,1,0.5,R,1.6
29,4,0.2843359,1,0.5,R,1.4
29,4,0.5500433,1,0.6,R,1.3
29,4,0.2933267,1,0.8,R,0.9
29,4,0.3442284,0,0.4,R,1.1
29,4,0.4005294,0,0.6,R,1.4
29,4,0.4370233,1,0.5,R,1.1
29,4,0.4610397,1,0.8,R,2.1
29,4,0.4929362,0,0.2,R,2.3
29,4,0.4556231,1,0.6,R,1.1
29,4,0.5284426,0,0.6,R,1.9
29,4,0.4969416,1,0.6,R,1.4
29,4,0.3561277,1,0.7,R,1.3
29,4,0.560182,0,0.3,R,1.1
29,4,0.4962763,0,0.6,R,1.4
29,4,0.4969859,0,0.3,R,1.3
29,4,0.6807772,0,0.2,R,1.1
29,4,0.3144071,1,0.8,R,1.9
29,4,0.4010201,0,0.4,R,1.4
29,4,0.3178098,1,0.8,R,1.9
29,4,0.5404101,1,0.8,R,1.1
29,4,0.3323172,1,0.7,R,0.9
29,4,0.3648748,1,0.7,R,1.8
29,4,0.7921172,0,0.6,R,2.1
29,4,0.5448193,0,0.6,R,2.3
29,4,0.4852863,0,0.3,R,1.1
29,4,0.70906,0,0.7,R,1.9
29,4,0.2250331,1,0.8,R,1.4
29,4,0.5851474,1,0.8,R,2.3
29,4,0.4003207,0,0.2,R,1.1
29,4,0.5610004,1,0.7,R,2.1
29,4,0.4940667,1,0.5,R,1.1
29,4,0.4369551,0,0.2,R,1.9
29,4,0.4564595,0,0.3,R,0.9
29,4,0.336192,1,0.8,R,1.4
29,4,0.3342473,1,0.8,R,1.9
29,4,0.4769342,0,0.3,R,1.1
29,4,0.7781006,1,0.6,R,2.3
29,4,0.3299292,1,0.8,R,1.1
29,4,0.4012654,0,0.6,R,1.9
29,4,0.3611849,1,0.8,R,1.1
30,1,1.6269229,1,0.4,R,1.1
30,1,1.0942419,1,0.4,R,1.6
30,1,0.3753604,1,0.6,R,1.1
30,1,0.8035587,1,0.5,R,2.3
30,1,0.4310386,1,0.7,R,1.9
30,1,0.3585037,1,0.8,R,1.9
30,1,0.3934843,0,0.5,R,1.1
30,1,0.3579633,0,0.3,R,1.3
30,1,0.8651061,1,0.6,R,1.6
30,1,0.5867849,0,0.2,R,1.4
30,1,0.4729166,0,0.7,R,1.4
30,1,0.5277118,1,0.7,R,1.8
30,1,0.4773199,0,0.4,R,1.6
30,1,0.2781048,1,0.8,R,1.9
30,1,0.4361091,1,0.7,R,1.8
30,1,0.7141187,0,0.4,R,2.1
30,1,0.289595,1,0.5,R,1.1
30,1,0.405268,1,0.8,R,1.8
30,1,0.4090425,1,0.6,R,1.3
30,1,0.9134424,0,0.8,R,2.3
30,1,0.6003457,0,0.3,R,1.4
30,1,0.417692,0,0.5,R,1.9
30,1,0.6026067,0,0.2,R,1.8
30,1,0.3013071,1,0.7,R,1.4
30,1,0.9169597,0,0.4,R,2.3
30,1,0.4579445,0,0.4,R,1.8
30,1,0.3612015,0,0.5,R,1.3
30,1,0.8682217,0,0.4,R,2.1
30,1,0.3170382,1,0.5,R,2.1
30,1,0.2970087,1,0.5,R,1.8
30,1,0.6953945,0,0.5,R,1.8
30,1,0.3741079,0,0.2,R,1.4
30,1,0.2961144,0,0.7,R,2.1
30,1,0.50495,1,0.6,R,2.3
30,1,1.1811119,0,0.5,R,2.3
30,1,0.4093348,0,0.2,R,1.6
30,1,0.7879641,0,0.5,R,1.1
30,1,0.2767554,1,0.8,R,2.3
30,1,0.5732811,0,0.4,R,0.9
30,1,0.2415188,0,0.3,R,1.4
30,1,0.6291155,1,0.7,R,1.1
30,1,0.476991,0,0.4,R,1.6
30,1,0.2920738,1,0.6,R,2.1
30,1,0.712828,0,0.5,R,1.1
30,1,0.3242331,0,0.6,R,1.6
30,1,0.3331126,1,0.5,R,2.3
30,1,0.5088973,0,0.2,R,1.1
30,1,0.6164791,0,0.2,R,1.8
30,1,0.3050813,0,0.3,R,2.1
30,1,0.6371096,0,0.5,R,2.1
30,1,0.3658639,0,0.2,R,1.1
30,1,0.629091,0,0.5,R,0.9
30,1,0.9004649,1,0.4,R,0.9
30,1,0.3124199,1,0.6,R,1.1
30,1,0.6492346,0,0.2,R,1.8
30,1,0.6251372,0,0.3,R,0.9
30,1,0.3569452,1,0.8,R,1.3
30,1,0.465697,1,0.4,R,1.6
30,1,0.5794039,0,0.2,R,1.4
30,1,0.5570617,0,0.2,R,1.9
30,1,0.4100504,1,0.8,R,2.1
30,1,1.4741184,0,0.6,R,1.9
30,1,0.9240334,0,0.5,R,1.1
30,1,0.9600945,0,0.3,R,1.8
30,1,0.4693948,1,0.5,R,2.3
30,1,0.6304562,0,0.4,R,1.6
30,1,0.6090877,0,0.7,R,1.8
30,1,2.2124441,0,0.5,R,1.1
30,1,0.3483165,1,0.6,R,1.1
30,1,0.6741184,0,0.8,R,2.3
30,1,0.2890768,1,0.6,R,0.9
30,1,2.1761853,1,0.5,R,1.9
30,1,0.764769,1,0.5,R,2.3
30,1,0.5172976,0,0.3,R,0.9
30,2,0.5349813,1,0.6,R,1.8
30,2,0.3073434,1,0.8,R,1.1
30,2,1.5795766,0,0.2,R,2.3
30,2,0.2683207,0,0.3,R,1.6
30,2,0.2609138,1,0.4,R,1.6
30,2,0.549529,0,0.4,R,1.9
30,2,0.2720103,1,0.4,R,1.3
30,2,0.2569829,1,0.6,R,1.4
30,2,0.2544052,1,0.2,R,1.6
30,2,0.8655316,1,0.3,R,1.4
30,2,0.3091341,0,0.2,R,1.4
30,2,0.2733152,1,0.4,R,2.3
30,2,0.2772136,1,0.3,R,1.4
30,2,0.417393,0,0.5,R,1.9
30,2,0.3682157,1,0.5,R,2.1
30,2,0.2821641,0,0.2,R,1.9
30,2,0.3261038,1,0.5,R,2.1
30,2,0.1683089,1,0.7,R,1.6
30,2,0.5581191,1,0.6,R,2.1
30,2,0.9091852,1,0.5,R,2.3
30,2,0.2758256,0,0.4,R,1.1
30,2,0.25691,0,0.4,R,0.9
30,2,0.2575681,0,0.6,R,2.1
30,2,0.7654181,0,0.5,R,1.4
30,2,0.2720294,0,0.2,R,1.6
30,2,0.3569589,1,0.4,R,1.9
30,2,0.4088139,1,0.8,R,1.6
30,2,0.2895896,0,0.2,R,1.9
30,2,0.4451305,0,0.3,R,1.4
30,2,0.2809865,1,0.8,R,1.8
30,2,0.4049588,1,0.8,R,1.3
30,2,0.2483344,0,0.4,R,1.6
30,2,0.3290389,1,0.6,R,2.1
30,2,0.290034,1,0.7,R,2.3
30,2,0.3410832,1,0.5,R,1.3
30,2,0.2972904,1,0.6,R,1.9
30,2,0.6131616,0,0.4,R,1.3
30,2,0.3090049,0,0.7,R,2.3
30,2,0.4011852,0,0.2,R,1.9
30,2,0.5009842,0,0.5,R,1.8
30,2,1.1449902,1,0.7,R,2.3
30,2,0.3012207,1,0.7,R,1.8
30,2,0.5090121,0,0.4,R,1.8
30,2,0.3169097,1,0.8,R,1.8
30,2,0.5129568,0,0.4,R,1.8
30,2,0.3290896,1,0.8,R,1.8
30,2,1.5646837,0,0.5,R,2.3
30,2,0.4407936,0,0.5,R,2.3
30,2,0.6250954,0,0.4,R,1.8
30,2,0.6489404,0,0.7,R,2.1
30,2,1.5251926,0,0.7,R,1.8
30,2,0.3051026,1,0.8,R,1.1
30,2,0.2810762,1,0.8,R,2.1
30,2,0.2331191,0,0.4,R,1.4
30,2,0.1583374,0,0.3,R,1.3
30,2,0.2682274,0,0.2,R,1.4
30,2,0.268968,1,0.6,R,1.6
30,2,0.4298766,1,0.7,R,1.8
30,2,0.321022,1,0.8,R,0.9
30,2,0.5412137,0,0.7,R,2.1
30,2,0.5770637,0,0.4,R,2.3
30,2,0.3050626,0,0.4,R,1.4
30,2,0.3056844,0,0.3,R,1.8
30,2,0.3092866,0,0.2,R,1.6
30,2,0.8288567,0,0.8,R,1.6
30,2,0.6320638,0,0.7,R,2.3
30,2,1.7291321,0,0.4,R,2.3
30,2,0.312147,0,0.5,R,2.3
30,2,0.3722892,0,0.2,R,1.4
30,2,0.2962084,1,0.8,R,2.1
30,2,0.2529777,1,0.5,R,1.1
30,2,0.3979218,1,0.5,R,1.4
30,2,0.9850008,1,0.8,R,1.4
30,2,0.3129489,1,0.5,R,1.1
30,2,0.3332851,1,0.6,R,1.4
30,2,0.3569659,1,0.8,R,1.3
30,2,0.5129657,1,0.8,R,1.1
30,2,0.5654608,0,0.3,R,1.3
30,2,0.3490426,1,0.6,R,1.1
30,3,1.1603617,0,0.3,R,2.1
30,3,0.2802188,1,0.8,R,2.3
30,3,0.3174013,1,0.7,R,1.9
30,3,1.9933942,1,0.4,R,2.1
30,3,0.8008432,0,0.7,R,1.8
30,3,0.5896859,0,0.2,R,1.6
30,3,0.4535023,0,0.4,R,0.9
30,3,0.3970062,0,0.5,R,1.1
30,3,0.6769255,1,0.5,R,1.9
30,3,0.3000556,1,0.6,R,1.3
30,3,0.2322905,1,0.6,R,0.9
30,3,1.2677424,0,0.5,R,2.3
30,3,0.3373353,0,0.2,R,1.1
30,3,0.2644599,1,0.6,R,1.1
30,3,0.2583288,1,0.5,R,0.9
30,3,0.3009925,1,0.6,R,1.9
30,3,0.3012155,1,0.8,R,1.8
30,3,0.5292943,0,0.3,R,1.9
30,3,0.4641293,1,0.5,R,1.4
30,3,0.2861364,1,0.4,R,1.9
30,3,0.5242094,0,0.3,R,1.9
30,3,0.4934027,0,0.3,R,1.9
30,3,0.3692047,0,0.2,R,1.1
30,3,0.301267,1,0.5,R,1.4
30,3,0.2524649,1,0.7,R,1.6
30,3,0.2001829,1,0.7,R,1.6
30,3,0.3884766,0,0.3,R,1.3
30,3,0.3011063,0,0.3,R,1.8
30,3,0.2732724,0,0.4,R,1.8
30,3,1.0687409,1,0.5,R,1.8
30,3,0.8599714,0,0.3,R,1.6
30,3,0.256957,1,0.7,R,1.9
30,3,0.2705348,1,0.5,R,1.9
30,3,0.1772892,1,0.8,R,1.9
30,3,1.434321,0,0.6,R,2.1
30,3,0.3168012,0,0.6,R,1.6
30,3,0.3209098,1,0.7,R,1.9
30,3,0.5452706,0,0.3,R,1.1
30,3,0.2965422,0,0.2,R,2.1
30,3,0.5249493,1,0.8,R,1.8
30,3,0.2699548,0,0.3,R,1.8
30,3,0.3338294,0,0.2,R,1.9
30,3,0.5810434,1,0.7,R,1.9
30,3,0.5292505,0,0.2,R,1.6
30,3,0.604389,0,0.4,R,1.4
30,3,0.4804447,0,0.2,R,1.8
30,3,0.3176265,0,0.2,R,2.3
30,3,0.5569815,0,0.3,R,1.9
30,3,0.2766122,1,0.5,R,0.9
30,3,0.6652077,0,0.3,R,1.1
30,3,1.0493196,0,0.4,R,1.3
30,3,0.3936131,1,0.8,R,1.4
30,3,0.546116,1,0.7,R,1.1
30,3,0.6323773,0,0.4,R,2.3
30,3,0.5300803,0,0.4,R,2.1
30,3,0.3331979,0,0.5,R,1.3
30,3,0.2530528,1,0.8,R,0.9
30,3,0.2242574,1,0.8,R,2.3
30,3,0.320802,0,0.2,R,1.6
30,3,0.3421425,0,0.2,R,2.3
30,3,0.6340457,1,0.6,R,2.3
30,3,0.2570743,0,0.2,R,1.9
30,3,0.2569518,1,0.8,R,2.3
30,3,0.2453598,1,0.6,R,1.3
30,3,0.5365456,0,0.4,R,2.1
30,3,0.1421681,1,0.7,R,1.1
30,3,0.2294478,1,0.6,R,1.4
30,3,0.4971213,0,0.4,R,0.9
30,3,0.3049262,0,0.2,R,1.4
30,3,0.4204547,0,0.5,R,1.1
30,3,0.1581766,1,0.8,R,1.6
30,4,0.2904279,1,0.5,R,2.1
30,4,1.9721173,0,0.7,R,1.3
30,4,0.2799784,1,0.8,R,1.9
30,4,0.4525312,0,0.2,R,0.9
30,4,0.2449767,1,0.8,R,1.3
30,4,0.4171684,0,0.2,R,1.9
30,4,0.1578326,1,0.7,R,1.6
30,4,0.5601299,0,0.8,R,0.9
30,4,0.4484479,0,0.4,R,1.3
30,4,2.4571351,1,0.5,R,2.3
30,4,1.0773097,1,0.2,R,0.9
30,4,0.5249844,0,0.5,R,1.1
30,4,0.9218268,0,0.4,R,2.3
30,4,0.4218437,1,0.7,R,2.3
30,4,0.3329948,1,0.5,R,1.6
30,4,1.1690478,1,0.8,R,2.1
30,4,0.3050468,1,0.6,R,1.3
30,4,0.2480207,1,0.7,R,1.1
30,4,0.4001971,1,0.6,R,1.3
30,4,0.5919753,0,0.8,R,1.3
30,4,0.3202834,0,0.6,R,1.6
30,4,0.6090856,1,0.4,R,1.4
30,4,0.5411263,0,0.3,R,1.4
30,4,0.2409443,0,0.5,R,2.3
30,4,0.8488653,1,0.8,R,1.4
30,4,0.8091084,0,0.5,R,1.6
30,4,0.7883612,1,0.7,R,2.3
30,4,1.0290953,0,0.6,R,1.4
30,4,0.6179948,0,0.2,R,1.1
30,4,0.3849859,0,0.6,R,1.9
30,4,0.1374354,1,0.6,R,1.6
30,4,0.4334519,0,0.3,R,0.9
30,4,0.2730994,1,0.3,R,0.9
30,4,0.5702736,0,0.2,R,0.9
30,4,0.8408026,1,0.8,R,1.1
30,4,0.6936464,0,0.5,R,1.4
30,4,0.8569904,0,0.6,R,0.9
30,4,0.4889334,0,0.4,R,2.1
30,4,0.633836,0,0.2,R,1.1
30,4,0.5127099,0,0.2,R,0.9
30,4,0.3090141,0,0.3,R,1.1
30,4,0.52846,0,0.2,R,1.1
30,4,0.0885758999999999,1,0.8,R,0.9
30,4,0.2062814,0,0.2,R,1.1
30,4,0.4015423,0,0.2,R,1.3
30,4,0.917129,1,0.2,R,1.1
30,4,1.3205943,0,0.6,R,1.3
30,4,0.5367121,0,0.2,R,1.3
30,4,0.2732573,0,0.4,R,1.9
30,4,0.3844999,1,0.7,R,1.9
30,4,0.9053532,1,0.6,R,2.3
30,4,0.5724753,0,0.3,R,1.3
30,4,0.1012268,1,0.7,R,2.1
30,4,0.4968758,0,0.2,R,1.8
30,4,0.3010272,0,0.6,R,1.4
30,4,0.2331328,1,0.6,R,1.4
30,4,0.4852455,0,0.2,R,1.6
30,4,0.3700045,1,0.7,R,0.9
30,4,0.4771381,0,0.3,R,1.6
30,4,1.1415531,1,0.8,R,1.1
30,4,0.2729318,1,0.6,R,2.3
30,4,0.2774201,1,0.7,R,2.1
30,4,0.4050394,0,0.3,R,2.3
30,4,0.6863603,0,0.3,R,1.1
30,4,0.4567583,0,0.8,R,2.1
30,4,0.526027,0,0.5,R,1.1
30,4,0.3241705,1,0.8,R,1.1
30,4,0.2569012,0,0.4,R,0.9
30,4,0.3008428,1,0.8,R,0.9
30,4,0.452627,0,0.3,R,2.3
30,4,2.4702132,0,0.3,R,1.3
31,1,0.5967135,0,0.3,R,1.1
31,1,0.4209039,1,0.7,R,2.1
31,1,0.5897021,1,0.5,R,0.9
31,1,0.4446903,0,0.2,R,0.9
31,1,1.4488357,0,0.5,R,1.8
31,1,1.2406545,1,0.5,R,1.6
31,1,0.5608526,0,0.2,R,1.9
31,1,0.364972,1,0.8,R,1.8
31,1,0.3775214,1,0.5,R,1.8
31,1,0.4527043,0,0.3,R,1.9
31,1,0.9567483,1,0.5,R,2.3
31,1,0.4084617,1,0.5,R,1.1
31,1,0.4486741,1,0.6,R,1.6
31,1,0.4250652,0,0.3,R,0.9
31,1,0.8854494,0,0.5,R,1.1
31,1,0.3326698,1,0.7,R,1.8
31,1,0.6701176,0,0.3,R,1.8
31,1,0.429823,1,0.8,R,1.6
31,1,0.3528467,1,0.7,R,2.1
31,1,0.5294028,0,0.2,R,2.1
31,1,0.8697728,0,0.5,R,0.9
31,1,0.3766368,1,0.7,R,1.1
31,1,2.1448225,0,0.6,R,1.8
31,1,0.4877705,0,0.3,R,1.9
31,1,0.8204029,1,0.8,R,1.9
31,1,0.5369388,0,0.2,R,1.6
31,1,0.4496704,1,0.5,R,1.4
31,1,1.0371232,0,0.7,R,0.9
31,1,0.8176181,0,0.4,R,1.3
31,1,0.472892,0,0.2,R,2.1
31,1,0.733147,0,0.7,R,0.9
31,1,0.3766092,1,0.8,R,1.9
31,1,0.3568392,1,0.7,R,1.4
31,1,0.5890831,1,0.8,R,2.3
31,1,0.8847108,1,0.7,R,2.3
31,1,0.4447676,0,0.5,R,2.3
31,1,0.4475006,0,0.2,R,2.1
31,1,0.9929645,0,0.4,R,1.1
31,1,0.432874,1,0.6,R,2.1
31,1,0.5289546,0,0.4,R,0.9
31,1,0.360679,0,0.4,R,1.3
31,1,0.5969058,1,0.7,R,1.4
31,1,0.5098197,1,0.6,R,2.3
31,1,0.426398,1,0.8,R,1.3
31,1,0.6707867,0,0.5,R,0.9
31,1,0.3717215,1,0.8,R,1.1
31,1,2.3524401,0,0.4,R,1.6
31,1,0.6049495,1,0.8,R,1.1
31,1,0.6249506,0,0.3,R,1.6
31,1,0.4537824,0,0.4,R,1.1
31,1,0.9403547,0,0.5,R,1.8
31,1,0.5768656,0,0.4,R,0.9
31,1,0.1646166,1,0.7,R,1.4
31,1,0.4206476,1,0.8,R,2.3
31,1,0.396696,1,0.7,R,1.6
31,1,0.430558,1,0.8,R,1.8
31,1,0.4330388,1,0.4,R,0.9
31,1,0.3368039,1,0.8,R,1.8
31,1,0.3698506,1,0.5,R,1.4
31,1,0.6216905,0,0.3,R,1.8
31,1,0.3497286,1,0.8,R,1.6
31,1,0.5816407,0,0.4,R,1.1
31,1,0.5049367,0,0.4,R,1.3
31,1,1.1568901,0,0.7,R,2.1
31,1,0.6807287,0,0.3,R,1.8
31,1,0.5488222,1,0.8,R,0.9
31,1,0.6259582,0,0.2,R,1.6
31,1,0.3218092,1,0.5,R,1.8
31,1,0.5889525,0,0.3,R,2.1
31,1,0.4928466,0,0.3,R,1.4
31,1,0.4207429,1,0.6,R,1.8
31,1,0.4924168,1,0.6,R,1.3
31,1,1.2566829,1,0.8,R,2.3
31,1,1.9490458,0,0.4,R,1.8
31,1,0.3044281,1,0.6,R,2.1
31,1,0.8445,0,0.5,R,0.9
31,1,0.3887953,0,0.4,R,1.3
31,2,0.4681138,1,0.6,R,0.9
31,2,0.555528,0,0.3,R,1.8
31,2,0.6460284,0,0.3,R,1.6
31,2,0.3725231,1,0.5,R,2.3
31,2,0.3599127,1,0.8,R,2.3
31,2,0.3407166,1,0.5,R,1.6
31,2,0.2644924,1,0.8,R,1.4
31,2,0.3007699,1,0.8,R,2.3
31,2,0.19384,1,0.8,R,1.1
31,2,0.389645,1,0.8,R,1.4
31,2,0.3488363,1,0.8,R,1.8
31,2,0.3417354,0,0.2,R,0.9
31,2,0.4241692,0,0.4,R,1.1
31,2,0.5044167,0,0.6,R,1.6
31,2,0.3517629,1,0.8,R,2.1
31,2,0.3207035,1,0.7,R,1.3
31,2,0.3642346,1,0.3,R,1.6
31,2,0.7047335,0,0.3,R,1.3
31,2,0.5447526,0,0.2,R,1.8
31,2,0.3327658,0,0.2,R,2.1
31,2,0.5208651,1,0.6,R,0.9
31,2,0.3607877,1,0.8,R,2.1
31,2,0.5926799,0,0.3,R,1.4
31,2,0.5649799,0,0.5,R,0.9
31,2,0.3687133,0,0.4,R,1.8
31,2,0.6498684,0,0.3,R,1.9
31,2,0.4609094,0,0.2,R,1.4
31,2,0.373276,0,0.3,R,1.3
31,2,0.4165035,0,0.2,R,1.6
31,2,0.6448807,0,0.4,R,1.9
31,2,0.7448605,1,0.8,R,2.3
31,2,0.3609597,0,0.4,R,1.3
31,2,0.5888512,0,0.5,R,1.3
31,2,1.4807634,0,0.5,R,1.6
31,2,0.3448691,1,0.6,R,1.4
31,2,1.8008547,1,0.5,R,1.4
31,2,0.5088418,0,0.3,R,1.4
31,2,0.3208782,1,0.7,R,2.1
31,2,0.6772328,1,0.3,R,1.9
31,2,0.2999891,1,0.7,R,1.1
31,2,0.2818163,1,0.7,R,1.4
31,2,0.6617884,0,0.3,R,1.3
31,2,0.3526793,1,0.8,R,0.9
31,2,0.356701,1,0.7,R,1.4
31,2,0.5184477,0,0.2,R,2.3
31,2,0.6017733,0,0.8,R,0.9
31,2,0.4155786,0,0.2,R,0.9
31,2,0.3905056,1,0.8,R,1.8
31,2,1.2727088,0,0.5,R,1.4
31,2,0.6167514,0,0.3,R,1.6
31,2,0.3658915,1,0.6,R,1.3
31,2,0.7928718,1,0.8,R,1.8
31,2,0.5248476,0,0.4,R,1.1
31,2,0.5317744,0,0.2,R,2.1
31,2,0.7288095,0,0.5,R,2.3
31,2,0.4607828,0,0.2,R,1.4
31,2,0.3648641,1,0.6,R,2.3
31,2,0.5965721,0,0.3,R,1.3
31,2,0.537358,0,0.2,R,0.9
31,2,0.4848571,1,0.7,R,1.8
31,2,0.6846413,1,0.6,R,1.8
31,2,1.2127372,0,0.6,R,1.4
31,2,0.4370318,1,0.5,R,1.6
31,2,0.7895722,1,0.7,R,1.9
31,2,0.4577946,1,0.8,R,2.1
31,2,0.6725911,0,0.6,R,0.9
31,2,0.8728799,0,0.6,R,0.9
31,2,0.4767967,0,0.5,R,2.3
31,2,0.5730087,0,0.2,R,1.4
31,2,0.5045917,0,0.3,R,2.3
31,2,0.5135818,0,0.2,R,1.4
31,2,0.829866,0,0.4,R,2.1
31,2,0.504663,1,0.8,R,1.6
31,2,0.7316716,0,0.6,R,2.3
31,2,0.464648,0,0.2,R,1.3
31,3,0.6448717,0,0.3,R,1.3
31,3,0.4006761,0,0.2,R,1.4
31,3,0.3407524,1,0.8,R,1.9
31,3,0.5286151,0,0.4,R,1.4
31,3,0.5769386,1,0.5,R,2.1
31,3,0.4278767,0,0.3,R,2.1
31,3,0.9448918,0,0.4,R,1.8
31,3,1.252742,1,0.4,R,1.1
31,3,0.2724985,1,0.8,R,1.8
31,3,1.04473,1,0.5,R,2.3
31,3,0.3526238,1,0.7,R,1.4
31,3,0.3489888,1,0.7,R,2.1
31,3,0.4567782,1,0.8,R,1.3
31,3,0.5648293,0,0.3,R,1.6
31,3,0.4486759,0,0.5,R,1.6
31,3,0.5448321,0,0.2,R,0.9
31,3,1.1960665,0,0.5,R,0.9
31,3,0.3330051,1,0.6,R,2.1
31,3,0.7286564,0,0.4,R,1.4
31,3,0.7299054,0,0.5,R,1.3
31,3,0.6045807,0,0.4,R,1.4
31,3,0.3407974,0,0.5,R,1.8
31,3,0.2007344,0,0.4,R,2.1
31,3,0.6567585,1,0.7,R,1.4
31,3,0.8565462,0,0.3,R,1.9
31,3,1.7287017,1,0.8,R,1.6
31,3,0.3247359,1,0.7,R,1.8
31,3,0.5859001,1,0.8,R,1.4
31,3,0.4487849,1,0.8,R,2.3
31,3,0.4008156,0,0.4,R,1.9
31,3,0.3329536,0,0.5,R,2.3
31,3,0.6688002,0,0.3,R,1.4
31,3,0.2208441,0,0.6,R,1.9
31,3,0.1857881,0,0.8,R,0.9
31,3,0.4485773,0,0.2,R,1.4
31,3,0.5487233,0,0.5,R,1.3
31,3,0.2931482,0,0.6,R,1.3
31,3,0.4179857,0,0.2,R,2.3
31,3,0.3215844,0,0.5,R,1.3
31,3,0.6436797,0,0.8,R,1.9
31,3,0.6449649,0,0.6,R,1.9
31,3,0.344801,0,0.8,R,1.6
31,3,0.4405126,0,0.2,R,0.9
31,3,0.4009507,1,0.8,R,1.9
31,3,0.464667,1,0.6,R,2.1
31,3,0.6887891,0,0.6,R,1.8
31,3,0.3088101,0,0.4,R,1.6
31,3,0.2568852,0,0.4,R,1.4
31,3,0.5525892,1,0.8,R,1.8
31,3,0.3608967,1,0.5,R,1.1
31,3,0.3718866,1,0.7,R,0.9
31,3,0.4007521,1,0.7,R,1.8
31,3,0.6370016,0,0.2,R,1.8
31,3,0.4047505,1,0.8,R,2.3
31,3,0.396775,0,0.4,R,1.9
31,3,0.3088825,0,0.3,R,2.1
31,3,0.4885794,0,0.4,R,1.3
31,3,1.6287489,1,0.7,R,1.9
31,3,0.632783,1,0.7,R,1.1
31,3,1.2729126,0,0.7,R,1.9
31,3,0.3649842,0,0.3,R,0.9
31,3,0.4213294,1,0.7,R,2.3
31,3,0.8938584,0,0.3,R,1.6
31,3,1.7576265,0,0.8,R,1.8
31,3,0.4079662,1,0.8,R,1.1
31,3,0.5168251,1,0.8,R,1.8
31,3,0.3688399,1,0.7,R,2.1
31,3,0.3858587,1,0.8,R,1.8
31,3,1.0734724,1,0.7,R,1.4
31,3,0.4448718,1,0.8,R,1.4
31,3,0.3491292,0,0.4,R,1.3
31,3,0.5167625,1,0.7,R,1.8
31,3,0.3607963,0,0.5,R,1.6
31,4,1.1403487,0,0.3,R,0.9
31,4,0.2886755,1,0.8,R,1.3
31,4,0.9220788,0,0.6,R,2.3
31,4,0.9608288,0,0.4,R,2.1
31,4,1.0248207,0,0.5,R,1.6
31,4,0.9328264,0,0.4,R,2.1
31,4,0.436924,0,0.5,R,1.8
31,4,0.3088387,1,0.8,R,0.9
31,4,0.3537976,1,0.8,R,1.4
31,4,0.6604031,1,0.4,R,1.3
31,4,0.2689069,0,0.3,R,1.6
31,4,0.396773,0,0.5,R,1.6
31,4,0.3725014,0,0.4,R,1.6
31,4,0.2648265,0,0.7,R,0.9
31,4,0.4817403,1,0.8,R,1.9
31,4,1.4805307,0,0.8,R,1.1
31,4,0.4796888,0,0.2,R,1.6
31,4,0.4100133,0,0.2,R,1.8
31,4,0.340714,0,0.6,R,2.1
31,4,0.3927959,0,0.2,R,2.1
31,4,0.3527536,0,0.2,R,2.3
31,4,0.632644,0,0.3,R,1.8
31,4,0.8879171,0,0.4,R,2.3
31,4,0.3558322,0,0.3,R,0.9
31,4,0.3450069,1,0.7,R,1.3
31,4,0.6926629,1,0.7,R,1.1
31,4,0.3608109,0,0.3,R,1.4
31,4,0.3247625,0,0.2,R,1.3
31,4,0.312822,0,0.4,R,0.9
31,4,0.4018995,0,0.2,R,1.6
31,4,0.3605312,0,0.2,R,1.6
31,4,1.34366,0,0.8,R,1.9
31,4,0.612834,1,0.7,R,1.8
31,4,0.2289098,1,0.8,R,1.8
31,4,0.3527723,0,0.5,R,1.1
31,4,0.1210658,0,0.5,R,1.3
31,4,0.3078745,0,0.5,R,1.3
31,4,0.6686476,0,0.5,R,1.1
31,4,0.3449276,0,0.8,R,1.4
31,4,0.2861584,0,0.4,R,1.8
31,4,0.4455051,1,0.7,R,0.9
31,4,0.4328214,1,0.8,R,1.3
31,4,0.4618575,1,0.7,R,1.3
31,4,0.6449536,1,0.7,R,2.1
31,4,0.3960737,0,0.3,R,1.8
31,4,0.3258629,0,0.6,R,1.6
31,4,0.4448506,0,0.3,R,0.9
31,4,0.3558626,0,0.3,R,2.3
31,4,0.3848626,0,0.2,R,1.1
31,4,0.8850719,0,0.7,R,1.8
31,4,1.1970892,1,0.8,R,1.8
31,4,0.5567288,0,0.2,R,1.4
31,4,1.3655668,0,0.6,R,1.9
31,4,0.325637,1,0.6,R,0.9
31,4,0.504864,1,0.7,R,1.4
31,4,1.1616186,0,0.5,R,2.1
31,4,0.4409638,0,0.2,R,1.1
31,4,1.0009602,1,0.8,R,1.4
31,4,0.4019654,1,0.8,R,1.4
31,4,0.7487702,1,0.6,R,1.9
31,4,0.3368342,1,0.7,R,1.9
31,4,0.4100294,0,0.2,R,2.3
31,4,0.6727172,1,0.5,R,1.3
31,4,0.5214524,0,0.3,R,0.9
31,4,0.4998173,0,0.5,R,1.6
31,4,0.5291337,0,0.2,R,1.6
31,4,0.7175863,0,0.5,R,1.3
32,1,0.2165368,1,0.7,R,1.6
32,1,0.3749965,0,0.2,R,1.3
32,1,0.2645516,1,0.6,R,0.9
32,1,0.2889269,1,0.8,R,1.8
32,1,0.5444766,0,0.5,R,1.4
32,1,0.324828,0,0.3,R,1.6
32,1,0.3331208,0,0.4,R,2.3
32,1,0.3606187,0,0.2,R,1.4
32,1,0.6814512,0,0.2,R,1.3
32,1,0.3770574,0,0.7,R,1.9
32,1,0.5606304,1,0.6,R,1.1
32,1,0.937949,0,0.4,R,1.1
32,1,0.5406183,0,0.7,R,1.3
32,1,0.2087444,1,0.8,R,2.3
32,1,0.2926098,1,0.5,R,1.4
32,1,0.5927345,0,0.4,R,0.9
32,1,0.3598166,0,0.4,R,2.1
32,1,0.3615346,0,0.4,R,0.9
32,1,0.180457,1,0.7,R,1.6
32,1,0.2896862,1,0.6,R,1.1
32,1,0.5608567,1,0.4,R,2.3
32,1,0.4776419,0,0.7,R,1.3
32,1,0.2659779,0,0.8,R,1.9
32,1,0.4494823,1,0.6,R,1.6
32,1,0.3127763,0,0.5,R,1.9
32,1,0.204952,1,0.8,R,1.4
32,1,0.6636001,0,0.6,R,1.6
32,1,0.3856501,0,0.5,R,1.6
32,1,0.6088817,0,0.4,R,1.4
32,1,0.3447289,1,0.3,R,1.3
32,1,0.4966321,1,0.6,R,1.8
32,1,0.5185952,0,0.2,R,2.3
32,1,0.4166722,0,0.4,R,0.9
32,1,0.240427,0,0.4,R,0.9
32,1,0.4683789,0,0.5,R,1.9
32,1,0.4688153,0,0.2,R,1.8
32,1,0.3329928,0,0.2,R,2.1
32,1,0.604487,0,0.3,R,1.8
32,1,0.5407175,0,0.3,R,1.3
32,1,0.3771763,0,0.4,R,0.9
32,1,0.5127131,0,0.3,R,1.4
32,1,0.2096383,1,0.7,R,2.3
32,1,0.2856709,1,0.5,R,1.4
32,1,0.3570465,0,0.3,R,1.1
32,1,0.4648052,0,0.3,R,1.4
32,1,0.5330822,1,0.5,R,2.1
32,1,0.1967536,0,0.3,R,1.3
32,1,0.1047398,1,0.7,R,1.9
32,1,1.3922498,1,0.6,R,1.9
32,1,0.6528499,1,0.5,R,1.3
32,1,0.5247411,1,0.6,R,2.3
32,1,0.4485189,0,0.2,R,1.3
32,1,0.704667,1,0.8,R,1.4
32,1,0.5330158,0,0.3,R,1.6
32,1,0.8173988,0,0.5,R,2.1
32,1,0.4285527,1,0.8,R,1.4
32,1,0.2847531,0,0.6,R,1.3
32,1,0.4048705,1,0.5,R,0.9
32,1,0.5371027,0,0.3,R,2.1
32,1,0.1977661,0,0.8,R,1.3
32,1,0.4180833,0,0.2,R,1.9
32,1,0.5365439,0,0.2,R,0.9
32,1,0.3286643,0,0.4,R,1.9
32,1,0.273637,1,0.5,R,1.3
32,1,0.4803248,0,0.5,R,1.8
32,1,0.1450419,1,0.6,R,2.1
32,1,2.2201007,0,0.5,R,1.4
32,2,0.2646537,1,0.6,R,1.1
32,2,0.1816098,1,0.7,R,1.1
32,2,0.5395948,0,0.2,R,1.4
32,2,0.4377458,0,0.2,R,1.9
32,2,0.4809359,0,0.4,R,1.4
32,2,0.7047953,0,0.3,R,1.8
32,2,0.3208042,0,0.3,R,1.8
32,2,0.3408238,0,0.4,R,1.3
32,2,0.5368484,1,0.5,R,1.8
32,2,0.3141463,1,0.6,R,2.1
32,2,0.5487152,0,0.3,R,2.3
32,2,0.3207197,1,0.8,R,1.3
32,2,0.7408176,0,0.3,R,1.1
32,2,0.5206803,0,0.2,R,1.4
32,2,0.4046611,1,0.8,R,1.6
32,2,0.6613889,0,0.4,R,1.8
32,2,1.2765098,1,0.6,R,1.8
32,2,0.5566433,0,0.4,R,0.9
32,2,0.3850183,1,0.6,R,1.3
32,2,0.6364884,1,0.6,R,1.1
32,2,0.6761769,0,0.3,R,1.9
32,2,0.256918,1,0.8,R,1.3
32,2,0.1167737,1,0.7,R,1.3
32,2,0.5607642,0,0.4,R,1.1
32,2,0.3328801,1,0.7,R,1.3
32,2,0.6135906,0,0.5,R,1.4
32,2,0.4086461,0,0.4,R,1.6
32,2,0.461578,0,0.3,R,1.4
32,2,0.2080775,0,0.8,R,1.4
32,2,0.7006252,1,0.5,R,1.6
32,2,0.5738123,1,0.7,R,1.9
32,2,0.4045966,1,0.7,R,1.4
32,2,0.8329343,1,0.4,R,1.9
32,2,0.6259309,0,0.6,R,2.3
32,2,0.4647796,0,0.4,R,1.9
32,2,0.816627,0,0.4,R,2.1
32,2,0.273646,1,0.6,R,1.6
32,2,1.2608121,1,0.6,R,1.9
32,2,0.3006554,1,0.7,R,1.1
32,2,0.424798,0,0.2,R,0.9
32,2,0.396726,1,0.6,R,1.9
32,2,0.5327215,0,0.2,R,2.1
32,2,0.5566389,0,0.6,R,1.1
32,2,0.3565686,0,0.2,R,1.9
32,2,0.4367502,0,0.3,R,1.8
32,2,0.3888168,0,0.6,R,2.3
32,2,0.4014823,1,0.8,R,1.3
32,2,0.387987,0,0.2,R,1.6
32,2,0.8247324,0,0.4,R,1.6
32,2,0.5649901,0,0.2,R,2.3
32,2,0.4765719,1,0.7,R,0.9
32,2,0.4808057,0,0.2,R,1.6
32,2,0.4168639,0,0.5,R,2.3
32,2,0.4689451,1,0.5,R,0.9
32,2,0.5286508,0,0.3,R,2.3
32,2,0.0690538999999997,1,0.7,R,1.4
32,2,0.4049349,0,0.2,R,1.8
32,2,0.1646621,0,0.4,R,1.4
32,2,0.4648056,0,0.2,R,2.3
32,2,0.5688238,1,0.6,R,2.3
32,2,0.2858611,1,0.7,R,0.9
32,2,0.3360718,1,0.7,R,1.8
32,2,0.3686923,0,0.5,R,1.8
32,2,0.8049202,0,0.5,R,2.1
32,2,0.4486474,0,0.3,R,1.3
32,2,0.3806935,0,0.7,R,1.8
32,3,0.3488369,0,0.4,R,1.1
32,3,0.3508038,0,0.2,R,1.4
32,3,0.6995477,0,0.8,R,2.3
32,3,0.5855295,0,0.4,R,1.3
32,3,0.2409959,0,0.4,R,1.3
32,3,0.2975365,0,0.6,R,1.1
32,3,1.0036898,0,0.3,R,1.4
32,3,0.4403714,0,0.5,R,1.4
32,3,0.3082467,1,0.8,R,2.3
32,3,0.4885049,0,0.2,R,0.9
32,3,0.3136106,0,0.2,R,0.9
32,3,0.3049737,0,0.2,R,1.4
32,3,0.3008609,1,0.6,R,1.4
32,3,0.6846742,1,0.6,R,1.4
32,3,0.4008297,0,0.2,R,1.3
32,3,0.5777269,0,0.6,R,1.4
32,3,0.3010404,0,0.2,R,1.9
32,3,0.1973125,1,0.7,R,2.1
32,3,0.4327438,1,0.6,R,1.4
32,3,0.6085774,1,0.7,R,1.8
32,3,0.465673,1,0.6,R,1.1
32,3,0.3689194,0,0.4,R,1.9
32,3,0.4006228,1,0.6,R,1.4
32,3,0.6383944,1,0.4,R,0.9
32,3,0.4010036,0,0.4,R,1.9
32,3,0.637992,1,0.5,R,1.8
32,3,0.4340796,0,0.2,R,1.3
32,3,0.6619298,0,0.2,R,1.9
32,3,0.3650845,0,0.3,R,1.6
32,3,0.7731479,1,0.8,R,1.1
32,3,0.2447963,0,0.7,R,1.6
32,3,0.4530889,0,0.2,R,1.8
32,3,0.3048788,0,0.7,R,1.8
32,3,0.7208914,0,0.3,R,1.1
32,3,0.3966332,1,0.5,R,1.8
32,3,0.7419172,0,0.5,R,1.3
32,3,0.0767237000000001,1,0.8,R,1.9
32,3,0.216883,0,0.6,R,1.9
32,3,0.2247104,1,0.5,R,2.3
32,3,0.6246805,0,0.2,R,1.8
32,3,0.4103714,0,0.2,R,1.3
32,3,0.3809833,1,0.7,R,0.9
32,3,0.3886457,1,0.5,R,1.9
32,3,0.4284817,1,0.7,R,0.9
32,3,0.4566777,0,0.6,R,1.9
32,3,0.416142,0,0.2,R,1.4
32,3,0.2214987,0,0.4,R,1.8
32,3,0.1496713,1,0.8,R,0.9
32,3,0.8007861,0,0.4,R,2.3
32,3,0.3970123,1,0.7,R,1.3
32,3,0.3405633,0,0.3,R,0.9
32,3,0.1841805,1,0.5,R,1.1
32,3,0.1566108,1,0.4,R,1.3
32,3,0.0701315999999998,0,0.2,R,1.1
32,3,0.6695872,0,0.5,R,2.3
32,3,0.3565066,0,0.2,R,0.9
32,3,0.6167498,0,0.8,R,1.1
32,3,0.2697713,1,0.7,R,1.8
32,3,0.6007972,0,0.5,R,1.1
32,3,0.2248402,0,0.3,R,0.9
32,3,0.2337727,0,0.2,R,2.3
32,4,0.8653503,0,0.5,R,2.1
32,4,0.1943416,1,0.7,R,1.6
32,4,0.1679253,1,0.7,R,1.3
32,4,0.4288431,0,0.5,R,1.6
32,4,0.5195901,0,0.5,R,1.4
32,4,0.3816752,1,0.8,R,1.3
32,4,0.6040899,0,0.3,R,1.8
32,4,0.5475324,0,0.3,R,1.3
32,4,0.5090241,0,0.2,R,2.1
32,4,0.5017042,1,0.7,R,1.3
32,4,1.0721518,0,0.2,R,1.1
32,4,0.6736326,0,0.5,R,1.4
32,4,0.404804,0,0.6,R,1.9
32,4,0.3766569,0,0.2,R,1.1
32,4,0.4480585,0,0.4,R,2.1
32,4,0.7654504,1,0.5,R,1.4
32,4,0.41343,1,0.7,R,1.1
32,4,0.4651288,1,0.6,R,1.6
32,4,1.0610796,1,0.6,R,1.6
32,4,0.7059061,1,0.6,R,2.3
32,4,0.5887697,1,0.5,R,2.1
32,4,0.5396571,0,0.4,R,2.1
32,4,0.3894293,0,0.5,R,1.8
32,4,0.4416721,0,0.6,R,0.9
32,4,0.3558603,0,0.5,R,1.3
32,4,0.2847444,0,0.4,R,0.9
32,4,0.2886322,1,0.8,R,1.9
32,4,0.4487638,1,0.7,R,2.3
32,4,0.4427342,0,0.2,R,1.9
32,4,0.486205,1,0.8,R,2.1
32,4,0.5169462,1,0.8,R,1.6
32,4,0.4128066,0,0.3,R,0.9
32,4,0.11387,0,0.5,R,1.1
32,4,0.438835,0,0.4,R,1.1
32,4,0.0783020000000001,1,0.4,R,0.9
32,4,0.3369656,0,0.6,R,1.8
32,4,0.3258737,0,0.2,R,2.3
32,4,0.3374761,1,0.4,R,2.3
32,4,0.985539,0,0.6,R,1.3
32,4,0.1826987,0,0.6,R,1.6
32,4,0.9205241,0,0.5,R,1.1
32,4,0.3889706,0,0.2,R,1.3
32,4,0.472651,0,0.4,R,1.4
32,4,0.3898217,0,0.2,R,1.9
32,4,0.2600541,1,0.7,R,2.3
32,4,0.3808687,0,0.3,R,1.4
32,4,0.0751724,0,0.5,R,2.3
32,4,0.4497774,0,0.3,R,2.3
32,4,0.1529422,1,0.7,R,1.1
32,4,0.3816791,0,0.3,R,2.1
32,4,0.1897701,1,0.7,R,2.1
32,4,0.4930386,0,0.3,R,2.1
32,4,0.7222735,0,0.8,R,0.9
32,4,0.3290366,1,0.8,R,0.9
32,4,0.5608761,1,0.6,R,1.4
32,4,0.5088825,0,0.4,R,1.4
32,4,0.9047936,0,0.2,R,1.8
33,1,0.3506539,1,0.5,R,1.1
33,1,0.304615,1,0.8,R,2.3
33,1,0.4789349,1,0.5,R,1.9
33,1,0.7312511,0,0.4,R,1.8
33,1,0.5017507,1,0.5,R,1.3
33,1,0.6205037,0,0.4,R,2.3
33,1,0.3527248,1,0.8,R,1.3
33,1,0.4627,1,0.6,R,1.1
33,1,0.3816665,1,0.6,R,1.4
33,1,0.4288061,1,0.6,R,1.1
33,1,0.6354296,0,0.2,R,1.3
33,1,0.4322463,1,0.6,R,1.3
33,1,0.5835645,0,0.2,R,1.1
33,1,0.584724,0,0.4,R,0.9
33,1,0.5268486,0,0.2,R,2.1
33,1,0.5932469,0,0.2,R,1.3
33,1,0.4687399,0,0.3,R,1.9
33,1,0.3445655,1,0.8,R,1.8
33,1,0.318901,1,0.7,R,2.1
33,1,0.632774,0,0.2,R,1.3
33,1,0.3373806,1,0.6,R,2.3
33,1,0.5841601,0,0.2,R,1.6
33,1,0.3482571,1,0.8,R,2.3
33,1,0.5816287,0,0.4,R,0.9
33,1,0.3881754,1,0.8,R,2.3
33,1,0.6890331,1,0.6,R,1.4
33,1,0.3408742,1,0.7,R,1.1
33,1,0.6015727,0,0.2,R,1.1
33,1,0.4054324,1,0.7,R,2.3
33,1,0.5354558,0,0.4,R,1.4
33,1,0.3282623,1,0.6,R,1.3
33,1,0.5005445,0,0.3,R,0.9
33,1,0.2928826,1,0.7,R,1.6
33,1,0.5731684,1,0.5,R,1.3
33,1,0.7292052,0,0.5,R,1.4
33,1,0.5601872,1,0.5,R,2.1
33,1,0.5042019,0,0.3,R,1.6
33,1,0.3361934,0,0.2,R,1.4
33,1,0.2324747,1,0.8,R,2.1
33,1,0.4495674,0,0.4,R,1.4
33,1,0.4886655,0,0.2,R,1.8
33,1,0.3894556,1,0.6,R,2.1
33,1,0.8696545,0,0.2,R,1.6
33,1,0.3494789,1,0.6,R,0.9
33,1,0.277339,1,0.7,R,1.1
33,1,0.3662205,1,0.7,R,1.3
33,1,0.2450515,1,0.7,R,1.6
33,1,0.5175593,0,0.2,R,1.3
33,1,0.4735168,0,0.2,R,2.1
33,1,0.262386,1,0.7,R,1.1
33,1,0.4134249,0,0.3,R,1.4
33,1,0.3324006,1,0.6,R,1.3
33,1,0.4136183,1,0.5,R,1.3
33,1,0.8482657,1,0.5,R,1.9
33,1,0.6655465,0,0.4,R,1.8
33,1,0.5575002,1,0.8,R,1.3
33,1,0.3047366,1,0.8,R,1.1
33,1,0.4881499,0,0.4,R,1.1
33,1,0.5402642,0,0.2,R,1.6
33,1,0.6095468,0,0.3,R,1.8
33,1,0.3361772,1,0.5,R,2.1
33,1,0.3925452,1,0.5,R,1.6
33,1,0.5609048,0,0.2,R,2.3
33,1,0.5415475,0,0.3,R,0.9
33,1,0.3223574,1,0.8,R,1.4
33,1,0.2845453,1,0.8,R,2.1
33,1,0.27758,1,0.7,R,2.1
33,1,0.561658,0,0.4,R,1.6
33,1,0.7420031,0,0.6,R,1.8
33,1,0.5164253,0,0.3,R,2.3
33,1,0.7735165,0,0.5,R,2.1
33,1,0.5276201,0,0.3,R,1.6
33,1,0.5098265,1,0.4,R,2.1
33,1,0.2326619,1,0.8,R,1.3
33,1,0.4413032,0,0.2,R,1.4
33,1,0.5814457,0,0.4,R,1.9
33,1,0.528401,0,0.4,R,1.1
33,1,0.3295142,1,0.8,R,1.1
33,1,0.3202702,1,0.7,R,1.3
33,1,0.6722376,1,0.4,R,1.6
33,2,0.3553057,1,0.5,R,1.9
33,2,0.7897547,0,0.2,R,1.4
33,2,0.4875047,0,0.3,R,1.4
33,2,0.583715,0,0.2,R,1.1
33,2,0.4563584,0,0.2,R,1.8
33,2,0.324377,1,0.7,R,0.9
33,2,0.3195904,1,0.6,R,1.1
33,2,0.6403358,0,0.4,R,1.1
33,2,0.4932261,1,0.7,R,0.9
33,2,0.5412537,0,0.4,R,1.8
33,2,0.400547,0,0.4,R,1.4
33,2,0.6124078,0,0.4,R,1.4
33,2,0.3612247,1,0.7,R,2.3
33,2,0.5133562,0,0.4,R,1.4
33,2,0.7501375,1,0.8,R,1.9
33,2,0.5504792,0,0.3,R,1.6
33,2,0.5660128,0,0.4,R,1.8
33,2,0.4143658,1,0.8,R,1.4
33,2,0.4850632,0,0.3,R,2.3
33,2,1.0054585,1,0.7,R,2.1
33,2,0.5736033,0,0.3,R,2.3
33,2,0.6692896,0,0.3,R,2.1
33,2,0.5210897,1,0.8,R,1.3
33,2,0.8852762,1,0.7,R,1.9
33,2,0.8325284,0,0.4,R,2.3
33,2,0.4973319,1,0.6,R,0.9
33,2,0.4853776,0,0.3,R,2.1
33,2,0.4254477,1,0.6,R,2.1
33,2,1.5774392,1,0.6,R,1.6
33,2,0.5573962,0,0.2,R,0.9
33,2,0.4494669,1,0.8,R,2.1
33,2,1.257702,1,0.6,R,2.1
33,2,0.6254861,1,0.6,R,1.3
33,2,1.2522227,1,0.5,R,0.9
33,2,0.4734282,0,0.3,R,0.9
33,2,0.7773041,1,0.8,R,1.3
33,2,0.5570783,0,0.5,R,1.3
33,2,0.5135667,0,0.3,R,1.3
33,2,0.5135274,0,0.3,R,2.1
33,2,0.4811888,1,0.7,R,1.4
33,2,0.5278944,1,0.7,R,2.3
33,2,0.6095234,1,0.6,R,2.1
33,2,0.6334097,0,0.4,R,1.6
33,2,0.4494134,1,0.7,R,1.3
33,2,1.1445213,1,0.6,R,1.3
33,2,0.5973002,0,0.2,R,2.1
33,2,0.7057031,0,0.6,R,2.1
33,2,0.6565726,0,0.4,R,0.9
33,2,0.529166,0,0.4,R,0.9
33,2,0.4723575,1,0.8,R,1.4
33,2,0.5294197,0,0.3,R,1.3
33,2,0.6284542,0,0.3,R,1.8
33,2,0.517447,0,0.4,R,1.9
33,2,0.4744754,1,0.8,R,1.9
33,2,0.445518,0,0.3,R,1.6
33,2,1.1533512,0,0.5,R,2.1
33,2,0.4933024,0,0.3,R,1.8
33,2,0.5734995,0,0.4,R,0.9
33,2,0.4923035,0,0.3,R,1.6
33,2,0.6577865,1,0.7,R,2.1
33,2,0.9803262,0,0.5,R,1.9
33,2,0.5932972,0,0.4,R,2.1
33,2,0.5933402,1,0.6,R,1.9
33,2,1.0222665,1,0.6,R,1.4
33,2,1.3614756,1,0.5,R,1.6
33,2,0.432155,1,0.6,R,1.8
33,2,0.5962583,1,0.6,R,1.8
33,2,0.3483234,1,0.7,R,1.3
33,2,0.4962741,0,0.4,R,0.9
33,2,1.1214626,0,0.6,R,1.6
33,2,0.4456572,0,0.4,R,1.6
33,2,1.3613699,0,0.5,R,2.1
33,2,0.549134,0,0.5,R,1.3
33,2,0.5364498,0,0.3,R,2.3
33,2,0.4921697,1,0.7,R,0.9
33,2,0.4664034,0,0.2,R,1.6
33,2,1.0441838,0,0.4,R,0.9
33,2,0.5202895,0,0.2,R,1.1
33,2,0.5968378,1,0.7,R,1.6
33,2,0.5215401,0,0.3,R,1.1
33,2,0.4686266,0,0.3,R,0.9
33,3,0.5524456,0,0.4,R,1.9
33,3,0.387482,1,0.8,R,1.1
33,3,0.4564044,0,0.4,R,1.9
33,3,0.9603489,0,0.5,R,1.8
33,3,0.5522567,1,0.8,R,2.1
33,3,0.5534501,0,0.4,R,1.1
33,3,0.537449,0,0.2,R,1.9
33,3,1.2644749,0,0.4,R,2.3
33,3,0.5097143,1,0.7,R,0.9
33,3,1.0535826,0,0.6,R,1.6
33,3,0.5295735,0,0.2,R,1.8
33,3,0.4683901,1,0.8,R,1.9
33,3,0.4926326,0,0.3,R,2.1
33,3,1.3691718,1,0.6,R,1.1
33,3,0.4325543,0,0.2,R,2.1
33,3,0.5451167,0,0.2,R,2.3
33,3,1.0453899,1,0.5,R,1.3
33,3,0.6242358,0,0.5,R,2.3
33,3,0.4813511,1,0.7,R,1.3
33,3,0.514442,0,0.4,R,1.3
33,3,0.6605581,0,0.3,R,1.6
33,3,0.4244116,1,0.8,R,2.3
33,3,0.4295696,1,0.7,R,1.6
33,3,0.4597177,0,0.2,R,0.9
33,3,0.4902477,0,0.3,R,0.9
33,3,0.724314,0,0.5,R,1.6
33,3,0.604641,0,0.4,R,1.8
33,3,0.4961621,0,0.3,R,1.4
33,3,0.3816792,1,0.7,R,1.8
33,3,0.453483,0,0.4,R,0.9
33,3,0.4403516,0,0.2,R,1.3
33,3,0.4575778,1,0.8,R,2.1
33,3,0.5214332,0,0.2,R,1.3
33,3,0.6052787,0,0.4,R,1.3
33,3,0.9486242,0,0.5,R,1.8
33,3,0.5962233,0,0.5,R,1.1
33,3,0.3244424,1,0.8,R,1.3
33,3,0.3279782,1,0.8,R,1.9
33,3,0.3854515,1,0.8,R,1.8
33,3,0.5095074,0,0.2,R,0.9
33,3,0.4243037,0,0.4,R,0.9
33,3,1.0853712,0,0.5,R,1.1
33,3,0.4502856,0,0.4,R,2.1
33,3,0.4453788,0,0.5,R,1.3
33,3,0.4762461,0,0.2,R,1.6
33,3,0.5054311,1,0.7,R,1.3
33,3,0.5682838,0,0.4,R,1.6
33,3,0.4282891,1,0.8,R,1.6
33,3,0.4454746,1,0.8,R,2.3
33,3,0.4373631,1,0.7,R,2.3
33,3,0.5214326,0,0.4,R,2.3
33,3,0.4841212,1,0.7,R,2.1
33,3,0.4293782,1,0.7,R,1.8
33,3,0.5374372,0,0.3,R,2.1
33,3,0.9282453,0,0.4,R,1.4
33,3,0.4054379,0,0.5,R,1.6
33,3,0.4323527,0,0.2,R,1.4
33,3,0.902558,1,0.6,R,1.4
33,3,0.3254833,0,0.6,R,1.3
33,3,0.6044022,0,0.5,R,0.9
33,3,0.5724427,0,0.2,R,1.8
33,3,0.476217,1,0.6,R,1.4
33,3,0.4321987,0,0.5,R,1.4
33,3,0.6524666,0,0.7,R,1.6
33,3,0.4484566,0,0.2,R,1.9
33,3,0.4563196,1,0.8,R,1.4
33,3,0.5095783,0,0.2,R,1.1
33,3,0.4243093,1,0.8,R,2.1
33,3,0.4083913,1,0.6,R,1.4
33,3,0.4010734,1,0.7,R,2.1
33,3,0.3844558,0,0.2,R,1.4
33,3,0.488489,1,0.7,R,1.8
33,4,0.7052199,0,0.6,R,0.9
33,4,0.492447,1,0.5,R,2.3
33,4,0.7416538,1,0.6,R,1.3
33,4,1.1604092,0,0.4,R,1.4
33,4,0.4331501,1,0.8,R,1.3
33,4,0.4290395,1,0.8,R,1.9
33,4,0.7534998,1,0.8,R,1.8
33,4,0.4563422,0,0.3,R,1.8
33,4,0.4818173,0,0.3,R,1.3
33,4,0.4639053,1,0.8,R,1.4
33,4,0.6696421,0,0.6,R,1.3
33,4,0.9331264,1,0.8,R,1.4
33,4,0.3934113,0,0.4,R,0.9
33,4,0.5563049,1,0.7,R,1.1
33,4,0.5176673,0,0.8,R,1.8
33,4,0.5042008,0,0.3,R,2.3
33,4,1.1054941,1,0.5,R,1.6
33,4,0.3762172,1,0.6,R,2.3
33,4,0.3933006,1,0.6,R,1.4
33,4,0.5011465,1,0.6,R,2.1
33,4,0.6092398,0,0.5,R,1.8
33,4,0.4723289,0,0.2,R,1.6
33,4,0.7851604,0,0.6,R,1.6
33,4,0.8055559,1,0.8,R,1.6
33,4,0.5894569,1,0.6,R,1.6
33,4,0.661358,1,0.8,R,1.9
33,4,0.6453116,0,0.7,R,1.3
33,4,0.6214263,0,0.5,R,1.1
33,4,0.3941247,1,0.7,R,0.9
33,4,0.4486066,0,0.4,R,1.4
33,4,0.4324825,0,0.6,R,1.9
33,4,0.5415689,1,0.7,R,2.3
33,4,0.4454623,0,0.7,R,1.9
33,4,0.5123256,0,0.2,R,2.1
33,4,0.4334882,0,0.2,R,1.9
33,4,0.4653442,1,0.6,R,2.1
33,4,0.3723813,0,0.4,R,2.1
33,4,0.468216,1,0.6,R,1.4
33,4,0.834178,1,0.5,R,1.3
33,4,1.0521646,1,0.8,R,2.1
33,4,0.5655232,0,0.5,R,1.1
33,4,0.4822241,0,0.4,R,1.3
33,4,0.708348,0,0.7,R,0.9
33,4,0.4924239,0,0.4,R,1.3
33,4,0.5136509,1,0.6,R,1.4
33,4,0.3975141,0,0.2,R,1.9
33,4,0.3452372,1,0.8,R,1.3
33,4,0.5364032,0,0.5,R,2.1
33,4,0.6681868,1,0.6,R,2.3
33,4,0.590367,0,0.3,R,1.4
33,4,0.8495572,1,0.5,R,2.1
33,4,0.7648403,1,0.6,R,1.4
33,4,0.4500605,1,0.8,R,2.1
33,4,0.4383502,0,0.3,R,2.3
33,4,0.4412551,0,0.4,R,2.3
33,4,0.3444978,1,0.8,R,2.1
33,4,0.7105703,0,0.5,R,1.4
33,4,0.4552606,0,0.5,R,1.4
33,4,0.4414377,0,0.2,R,1.4
33,4,0.397358,0,0.2,R,2.1
33,4,0.4175254,0,0.4,R,1.3
33,4,0.5205405,0,0.2,R,2.3
33,4,0.3285773,0,0.4,R,2.3
33,4,0.4174711,0,0.2,R,1.9
33,4,0.4655257,0,0.4,R,2.1
33,4,0.4533231,0,0.5,R,1.1
33,4,0.4163681,0,0.5,R,1.1
33,4,0.5003949,0,0.2,R,1.9
33,4,0.332351,0,0.3,R,1.9
33,4,0.7563841,1,0.5,R,1.9
33,4,0.3853588,1,0.6,R,1.8
33,4,0.3363835,1,0.7,R,1.9
33,4,0.4324389,0,0.2,R,1.9
33,4,0.3446995,1,0.7,R,1.9
34,1,0.2494669,1,0.6,R,1.3
34,1,0.4706531,0,0.4,R,1.1
34,1,0.4115927,1,0.6,R,2.3
34,1,0.5118965,1,0.6,R,1.8
34,1,0.2772514,1,0.6,R,1.4
34,1,0.5116664,0,0.5,R,0.9
34,1,0.3033811,1,0.7,R,1.3
34,1,0.5231306,0,0.3,R,1.8
34,1,0.4997915,0,0.4,R,1.8
34,1,0.2663368,1,0.8,R,2.1
34,1,0.5425476,0,0.4,R,1.8
34,1,0.1599283,1,0.8,R,1.3
34,1,0.7448142,0,0.4,R,1.9
34,1,0.2010427,1,0.6,R,1.3
34,1,0.3693231,0,0.4,R,1.8
34,1,0.9732302,1,0.5,R,1.3
34,1,0.6759457,0,0.3,R,2.3
34,1,0.4767452,1,0.5,R,1.1
34,1,0.9793293,0,0.5,R,1.1
34,1,0.4984501,1,0.5,R,1.3
34,1,0.4434777,1,0.8,R,1.6
34,1,0.5700203,1,0.4,R,1.6
34,1,0.8855912,1,0.4,R,1.3
34,1,0.3982045,0,0.2,R,1.6
34,1,0.2620538,1,0.8,R,2.1
34,1,0.4415056,1,0.8,R,1.6
34,1,0.6542329,0,0.4,R,2.1
34,1,0.6189907,0,0.4,R,1.3
34,1,0.5125043,1,0.5,R,1.8
34,1,0.5120011,0,0.2,R,1.1
34,1,0.5082827,0,0.3,R,1.1
34,1,0.3803379,1,0.6,R,2.3
34,1,0.4372299,1,0.4,R,1.6
34,1,0.4922487,0,0.4,R,1.9
34,1,0.5515391,0,0.3,R,1.8
34,1,0.5559747,0,0.5,R,0.9
34,1,0.5278542,0,0.5,R,1.6
34,1,0.3174909,1,0.7,R,1.1
34,1,0.3173171,1,0.5,R,2.3
34,1,0.5008507,0,0.2,R,1.3
34,1,1.5220567,1,0.6,R,1.3
34,1,0.497438,0,0.3,R,2.3
34,1,0.3810482,0,0.3,R,1.6
34,1,0.3778009,0,0.6,R,2.1
34,1,0.8020532,0,0.2,R,1.8
34,1,0.6818615,1,0.4,R,2.3
34,1,0.4061874,0,0.3,R,1.6
34,1,0.7183285,1,0.5,R,0.9
34,1,0.481116,0,0.5,R,1.6
34,1,0.3903475,0,0.4,R,2.3
34,1,0.8941327,0,0.5,R,2.3
34,1,0.6493559,0,0.5,R,2.3
34,1,0.5647681,0,0.2,R,2.3
34,1,0.1731053,1,0.6,R,1.1
34,1,0.3855967,1,0.7,R,1.8
34,1,0.9740691,1,0.4,R,2.3
34,1,0.5578139,1,0.7,R,1.4
34,1,0.5460923,1,0.7,R,2.1
34,1,0.4731585,1,0.7,R,2.3
34,1,0.429106,0,0.3,R,0.9
34,1,0.5581382,0,0.2,R,1.3
34,1,0.413223,0,0.3,R,1.4
34,1,0.4947099,0,0.3,R,2.3
34,1,0.5945119,1,0.6,R,1.8
34,1,0.6261178,0,0.4,R,2.1
34,1,0.717152,0,0.5,R,1.4
34,1,0.5811923,0,0.3,R,1.6
34,1,0.550118,0,0.2,R,1.9
34,1,0.2895021,1,0.8,R,0.9
34,2,0.3343548,1,0.6,R,1.9
34,2,0.5312633,0,0.3,R,1.1
34,2,0.3564673,0,0.3,R,1.3
34,2,0.3276388,1,0.8,R,1.9
34,2,1.2524513,1,0.4,R,2.3
34,2,0.6814101,0,0.4,R,2.3
34,2,0.505644,1,0.6,R,1.4
34,2,0.6938998,0,0.4,R,1.1
34,2,0.537618,1,0.6,R,1.6
34,2,0.3976577,1,0.6,R,0.9
34,2,0.5376066,0,0.2,R,1.8
34,2,0.5136627,1,0.6,R,0.9
34,2,0.5175161,0,0.3,R,1.1
34,2,0.4463884,0,0.3,R,0.9
34,2,0.4657525,1,0.6,R,1.9
34,2,0.8660729,0,0.2,R,1.6
34,2,0.5413814,1,0.7,R,0.9
34,2,0.5206291,1,0.6,R,1.6
34,2,0.4413659,1,0.8,R,2.1
34,2,0.5140294,0,0.2,R,1.3
34,2,0.5451531,1,0.8,R,1.1
34,2,0.6375494,0,0.3,R,0.9
34,2,0.4186426,0,0.6,R,0.9
34,2,0.5212664,0,0.2,R,2.3
34,2,0.4301301,0,0.3,R,2.1
34,2,0.3541028,1,0.6,R,1.6
34,2,0.5340928,1,0.8,R,1.6
34,2,1.2786255,1,0.6,R,2.1
34,2,0.6171538,0,0.4,R,1.4
34,2,0.5013139,1,0.6,R,1.6
34,2,0.7931956,1,0.6,R,0.9
34,2,0.530062,0,0.2,R,1.9
34,2,0.7421559,0,0.2,R,1.8
34,2,0.5899763,1,0.6,R,1.6
34,2,1.0561844,0,0.4,R,2.1
34,2,0.3735656,1,0.8,R,2.3
34,2,0.8180091,0,0.4,R,1.9
34,2,0.7414326,1,0.3,R,1.8
34,2,0.6043913,0,0.2,R,1.8
34,2,0.5617152,0,0.3,R,2.1
34,2,0.7456621,0,0.2,R,1.1
34,2,0.5532637,1,0.6,R,2.1
34,2,0.8607617,1,0.5,R,1.8
34,2,0.4173836,1,0.8,R,0.9
34,2,0.5621437,0,0.4,R,1.3
34,2,0.5493066,1,0.5,R,0.9
34,2,0.652616,1,0.4,R,1.1
34,2,0.4137613,0,0.3,R,1.6
34,2,0.6857053,0,0.3,R,2.1
34,2,0.4981237,1,0.8,R,1.8
34,2,0.6336832,1,0.4,R,2.1
34,2,0.597287,1,0.5,R,2.3
34,2,0.6928892,0,0.2,R,2.1
34,2,0.5181181,1,0.7,R,1.9
34,2,0.6131837,1,0.5,R,2.3
34,2,0.5333148,1,0.8,R,1.1
34,2,0.4492377,1,0.7,R,2.3
34,2,0.4285305,1,0.5,R,1.8
34,2,0.265139,1,0.8,R,1.4
34,2,0.5772992,1,0.7,R,2.1
34,2,0.7615564,0,0.2,R,1.3
34,2,0.4212769,1,0.8,R,1.4
34,2,0.4981863,0,0.3,R,1.9
34,2,0.9975324,1,0.7,R,1.1
34,2,0.5013151,0,0.2,R,1.9
34,2,0.6300905,1,0.5,R,1.6
34,2,0.5731638,0,0.3,R,1.4
34,2,0.5136842,0,0.3,R,1.3
34,2,0.9571899,1,0.7,R,1.8
34,2,0.6372948,1,0.6,R,2.1
34,2,0.4183036,1,0.6,R,1.9
34,2,0.9980921,0,0.3,R,1.1
34,2,0.5571402,0,0.3,R,1.3
34,2,0.2329563,1,0.8,R,1.6
34,3,0.436146,0,0.3,R,2.1
34,3,0.3656559,1,0.5,R,2.3
34,3,0.6062498,0,0.3,R,1.3
34,3,0.4856932,1,0.8,R,1.3
34,3,1.0206344,0,0.2,R,1.9
34,3,0.6006663,1,0.6,R,2.1
34,3,0.3569132,1,0.7,R,1.3
34,3,0.3889402,1,0.6,R,1.6
34,3,0.4698807,1,0.4,R,2.1
34,3,0.4018365,1,0.6,R,2.1
34,3,0.4622641,1,0.5,R,1.6
34,3,0.3934429,1,0.8,R,1.1
34,3,1.4454792,0,0.3,R,1.4
34,3,0.5345879,1,0.3,R,2.3
34,3,0.3846828,1,0.4,R,2.1
34,3,0.6462167,0,0.3,R,1.3
34,3,0.4209394,0,0.3,R,1.1
34,3,0.4013498,1,0.6,R,1.1
34,3,0.4342629,0,0.2,R,1.1
34,3,0.3851616,1,0.8,R,1.9
34,3,0.3291694,1,0.8,R,1.9
34,3,0.5650523,0,0.2,R,1.9
34,3,0.461735,1,0.5,R,1.9
34,3,0.5411185,1,0.5,R,1.3
34,3,0.4252694,1,0.6,R,1.9
34,3,0.4265274,1,0.5,R,1.1
34,3,0.7409323,0,0.4,R,1.6
34,3,0.4533125,1,0.7,R,2.1
34,3,0.55365,1,0.4,R,2.1
34,3,0.3808357,1,0.5,R,2.1
34,3,0.2409976,1,0.7,R,2.3
34,3,0.4380676,1,0.7,R,2.3
34,3,0.433729,1,0.6,R,1.9
34,3,0.6577464,0,0.4,R,1.4
34,3,0.5016419,1,0.8,R,1.3
34,3,0.6168004,0,0.4,R,1.6
34,3,0.3840586,1,0.7,R,1.1
34,3,0.4371328,1,0.5,R,1.8
34,3,0.4331839,1,0.6,R,1.3
34,3,0.4573248,0,0.4,R,1.1
34,3,0.3928835,1,0.6,R,1.4
34,3,0.3053413,1,0.7,R,1.9
34,3,0.4252697,1,0.6,R,1.6
34,3,0.2417945,1,0.7,R,1.8
34,3,0.2130545,1,0.8,R,1.3
34,3,0.5536745,1,0.6,R,0.9
34,3,0.4927582,1,0.8,R,0.9
34,3,0.348928,0,0.5,R,0.9
34,3,0.5016029,0,0.4,R,1.6
34,3,0.5328922,0,0.4,R,1.8
34,3,0.6097664,0,0.4,R,1.8
34,3,0.557875,0,0.4,R,1.8
34,3,0.2745566,1,0.7,R,2.1
34,3,0.3690377,1,0.8,R,1.6
34,3,0.4451568,1,0.8,R,1.4
34,3,0.7410547,0,0.4,R,1.3
34,3,0.4212257,0,0.5,R,1.8
34,3,0.3895424,1,0.6,R,1.1
34,3,0.5890613,0,0.3,R,0.9
34,3,0.3168768,1,0.7,R,1.8
34,3,0.4062403,1,0.8,R,1.9
34,3,0.6022483,0,0.2,R,1.6
34,3,0.5850249,0,0.3,R,1.1
34,3,1.1499647,0,0.7,R,2.1
34,3,0.5542565,0,0.2,R,1.3
34,3,0.5689632,0,0.6,R,2.3
34,3,0.525121,0,0.3,R,2.3
34,3,0.4454423,1,0.6,R,1.4
34,3,0.4456852,1,0.4,R,1.4
34,4,0.4077044,1,0.6,R,1.8
34,4,0.6518298,1,0.4,R,2.3
34,4,0.4712197,1,0.4,R,0.9
34,4,0.3783849,0,0.5,R,2.3
34,4,0.5653777,0,0.3,R,1.1
34,4,0.4191929,1,0.6,R,2.3
34,4,0.5033351,0,0.3,R,1.9
34,4,0.572511,1,0.7,R,0.9
34,4,0.4675491,0,0.5,R,0.9
34,4,0.3601412,1,0.8,R,2.3
34,4,0.4409122,1,0.5,R,1.4
34,4,1.2164278,1,0.8,R,1.3
34,4,0.5462937,0,0.3,R,2.1
34,4,0.4058211,1,0.5,R,1.4
34,4,1.6118425,1,0.3,R,1.3
34,4,0.4925263,1,0.5,R,0.9
34,4,0.6442818,0,0.4,R,1.1
34,4,0.869811,0,0.3,R,2.1
34,4,0.9875472,1,0.4,R,1.8
34,4,0.3409731,1,0.4,R,1.8
34,4,0.3831225,1,0.7,R,2.1
34,4,0.4421864,1,0.6,R,2.3
34,4,0.3983798,1,0.7,R,1.6
34,4,0.7212514,1,0.3,R,2.1
34,4,0.4503135,1,0.7,R,1.6
34,4,0.450163,0,0.3,R,1.8
34,4,0.5202533,0,0.2,R,1.4
34,4,0.3585158,1,0.5,R,1.4
34,4,0.5217865,1,0.8,R,2.3
34,4,0.5698722,1,0.4,R,0.9
34,4,0.7482447,0,0.3,R,1.1
34,4,0.5525097,0,0.2,R,2.1
34,4,0.6023012,1,0.6,R,1.1
34,4,0.4130288,1,0.5,R,1.1
34,4,0.3745611,1,0.5,R,2.1
34,4,1.4091541,1,0.8,R,2.3
34,4,0.4982311,1,0.6,R,1.1
34,4,0.4496494,1,0.5,R,0.9
34,4,0.6209869,0,0.2,R,1.4
34,4,0.70923,0,0.3,R,2.1
34,4,0.5058458,0,0.2,R,0.9
34,4,0.6889457,1,0.8,R,2.1
34,4,0.2460369,1,0.5,R,1.9
34,4,0.6214143,1,0.8,R,1.3
34,4,0.4966508,1,0.6,R,2.3
34,4,1.9968861,1,0.5,R,1.6
34,4,0.5382792,0,0.2,R,1.8
34,4,0.4977227,0,0.2,R,1.8
34,4,0.5053206,0,0.3,R,1.8
34,4,0.5900114,0,0.4,R,1.1
34,4,0.0778257,1,0.8,R,1.6
34,4,0.413074,1,0.4,R,1.4
34,4,0.4416154,1,0.7,R,1.8
34,4,0.2656479,1,0.5,R,1.4
34,4,0.0810494000000002,1,0.6,R,1.6
34,4,0.5661875,0,0.2,R,1.8
34,4,0.5499769,0,0.2,R,1.8
34,4,0.4106698,1,0.7,R,2.3
34,4,0.6412582,1,0.7,R,1.6
34,4,0.3131715,1,0.6,R,1.8
34,4,0.4224667,0,0.4,R,1.4
34,4,0.3249248,1,0.8,R,0.9
34,4,0.6259383,0,0.4,R,1.8
34,4,0.5291019,0,0.2,R,1.9
34,4,0.6220484,0,0.2,R,2.3
34,4,0.4927302,1,0.4,R,0.9
34,4,0.4371541,1,0.7,R,1.8
34,4,0.5582261,0,0.4,R,2.3
34,4,0.3570267,0,0.5,R,1.9
35,1,0.3506539,1,0.5,R,1.1
35,1,0.304615,1,0.8,R,2.3
35,1,0.4789349,1,0.5,R,1.9
35,1,0.7312511,0,0.4,R,1.8
35,1,0.5017507,1,0.5,R,1.3
35,1,0.6205037,0,0.4,R,2.3
35,1,0.3527248,1,0.8,R,1.3
35,1,0.4627,1,0.6,R,1.1
35,1,0.3816665,1,0.6,R,1.4
35,1,0.4288061,1,0.6,R,1.1
35,1,0.6354296,0,0.2,R,1.3
35,1,0.4322463,1,0.6,R,1.3
35,1,0.5835645,0,0.2,R,1.1
35,1,0.584724,0,0.4,R,0.9
35,1,0.5268486,0,0.2,R,2.1
35,1,0.5932469,0,0.2,R,1.3
35,1,0.4687399,0,0.3,R,1.9
35,1,0.3445655,1,0.8,R,1.8
35,1,0.318901,1,0.7,R,2.1
35,1,0.632774,0,0.2,R,1.3
35,1,0.3373806,1,0.6,R,2.3
35,1,0.5841601,0,0.2,R,1.6
35,1,0.3482571,1,0.8,R,2.3
35,1,0.5816287,0,0.4,R,0.9
35,1,0.3881754,1,0.8,R,2.3
35,1,0.6890331,1,0.6,R,1.4
35,1,0.3408742,1,0.7,R,1.1
35,1,0.6015727,0,0.2,R,1.1
35,1,0.4054324,1,0.7,R,2.3
35,1,0.5354558,0,0.4,R,1.4
35,1,0.3282623,1,0.6,R,1.3
35,1,0.5005445,0,0.3,R,0.9
35,1,0.2928826,1,0.7,R,1.6
35,1,0.5731684,1,0.5,R,1.3
35,1,0.7292052,0,0.5,R,1.4
35,1,0.5601872,1,0.5,R,2.1
35,1,0.5042019,0,0.3,R,1.6
35,1,0.3361934,0,0.2,R,1.4
35,1,0.2324747,1,0.8,R,2.1
35,1,0.4495674,0,0.4,R,1.4
35,1,0.4886655,0,0.2,R,1.8
35,1,0.3894556,1,0.6,R,2.1
35,1,0.8696545,0,0.2,R,1.6
35,1,0.3494789,1,0.6,R,0.9
35,1,0.277339,1,0.7,R,1.1
35,1,0.3662205,1,0.7,R,1.3
35,1,0.2450515,1,0.7,R,1.6
35,1,0.5175593,0,0.2,R,1.3
35,1,0.4735168,0,0.2,R,2.1
35,1,0.262386,1,0.7,R,1.1
35,1,0.4134249,0,0.3,R,1.4
35,1,0.3324006,1,0.6,R,1.3
35,1,0.4136183,1,0.5,R,1.3
35,1,0.8482657,1,0.5,R,1.9
35,1,0.6655465,0,0.4,R,1.8
35,1,0.5575002,1,0.8,R,1.3
35,1,0.3047366,1,0.8,R,1.1
35,1,0.4881499,0,0.4,R,1.1
35,1,0.5402642,0,0.2,R,1.6
35,1,0.6095468,0,0.3,R,1.8
35,1,0.3361772,1,0.5,R,2.1
35,1,0.3925452,1,0.5,R,1.6
35,1,0.5609048,0,0.2,R,2.3
35,1,0.5415475,0,0.3,R,0.9
35,1,0.3223574,1,0.8,R,1.4
35,1,0.2845453,1,0.8,R,2.1
35,1,0.27758,1,0.7,R,2.1
35,1,0.561658,0,0.4,R,1.6
35,1,0.7420031,0,0.6,R,1.8
35,1,0.5164253,0,0.3,R,2.3
35,1,0.7735165,0,0.5,R,2.1
35,1,0.5276201,0,0.3,R,1.6
35,1,0.5098265,1,0.4,R,2.1
35,1,0.2326619,1,0.8,R,1.3
35,1,0.4413032,0,0.2,R,1.4
35,1,0.5814457,0,0.4,R,1.9
35,1,0.528401,0,0.4,R,1.1
35,1,0.3295142,1,0.8,R,1.1
35,1,0.3202702,1,0.7,R,1.3
35,1,0.6722376,1,0.4,R,1.6
35,2,0.3553057,1,0.5,R,1.9
35,2,0.7897547,0,0.2,R,1.4
35,2,0.4875047,0,0.3,R,1.4
35,2,0.583715,0,0.2,R,1.1
35,2,0.4563584,0,0.2,R,1.8
35,2,0.324377,1,0.7,R,0.9
35,2,0.3195904,1,0.6,R,1.1
35,2,0.6403358,0,0.4,R,1.1
35,2,0.4932261,1,0.7,R,0.9
35,2,0.5412537,0,0.4,R,1.8
35,2,0.400547,0,0.4,R,1.4
35,2,0.6124078,0,0.4,R,1.4
35,2,0.3612247,1,0.7,R,2.3
35,2,0.5133562,0,0.4,R,1.4
35,2,0.7501375,1,0.8,R,1.9
35,2,0.5504792,0,0.3,R,1.6
35,2,0.5660128,0,0.4,R,1.8
35,2,0.4143658,1,0.8,R,1.4
35,2,0.4850632,0,0.3,R,2.3
35,2,1.0054585,1,0.7,R,2.1
35,2,0.5736033,0,0.3,R,2.3
35,2,0.6692896,0,0.3,R,2.1
35,2,0.5210897,1,0.8,R,1.3
35,2,0.8852762,1,0.7,R,1.9
35,2,0.8325284,0,0.4,R,2.3
35,2,0.4973319,1,0.6,R,0.9
35,2,0.4853776,0,0.3,R,2.1
35,2,0.4254477,1,0.6,R,2.1
35,2,1.5774392,1,0.6,R,1.6
35,2,0.5573962,0,0.2,R,0.9
35,2,0.4494669,1,0.8,R,2.1
35,2,1.257702,1,0.6,R,2.1
35,2,0.6254861,1,0.6,R,1.3
35,2,1.2522227,1,0.5,R,0.9
35,2,0.4734282,0,0.3,R,0.9
35,2,0.7773041,1,0.8,R,1.3
35,2,0.5570783,0,0.5,R,1.3
35,2,0.5135667,0,0.3,R,1.3
35,2,0.5135274,0,0.3,R,2.1
35,2,0.4811888,1,0.7,R,1.4
35,2,0.5278944,1,0.7,R,2.3
35,2,0.6095234,1,0.6,R,2.1
35,2,0.6334097,0,0.4,R,1.6
35,2,0.4494134,1,0.7,R,1.3
35,2,1.1445213,1,0.6,R,1.3
35,2,0.5973002,0,0.2,R,2.1
35,2,0.7057031,0,0.6,R,2.1
35,2,0.6565726,0,0.4,R,0.9
35,2,0.529166,0,0.4,R,0.9
35,2,0.4723575,1,0.8,R,1.4
35,2,0.5294197,0,0.3,R,1.3
35,2,0.6284542,0,0.3,R,1.8
35,2,0.517447,0,0.4,R,1.9
35,2,0.4744754,1,0.8,R,1.9
35,2,0.445518,0,0.3,R,1.6
35,2,1.1533512,0,0.5,R,2.1
35,2,0.4933024,0,0.3,R,1.8
35,2,0.5734995,0,0.4,R,0.9
35,2,0.4923035,0,0.3,R,1.6
35,2,0.6577865,1,0.7,R,2.1
35,2,0.9803262,0,0.5,R,1.9
35,2,0.5932972,0,0.4,R,2.1
35,2,0.5933402,1,0.6,R,1.9
35,2,1.0222665,1,0.6,R,1.4
35,2,1.3614756,1,0.5,R,1.6
35,2,0.432155,1,0.6,R,1.8
35,2,0.5962583,1,0.6,R,1.8
35,2,0.3483234,1,0.7,R,1.3
35,2,0.4962741,0,0.4,R,0.9
35,2,1.1214626,0,0.6,R,1.6
35,2,0.4456572,0,0.4,R,1.6
35,2,1.3613699,0,0.5,R,2.1
35,2,0.549134,0,0.5,R,1.3
35,2,0.5364498,0,0.3,R,2.3
35,2,0.4921697,1,0.7,R,0.9
35,2,0.4664034,0,0.2,R,1.6
35,2,1.0441838,0,0.4,R,0.9
35,2,0.5202895,0,0.2,R,1.1
35,2,0.5968378,1,0.7,R,1.6
35,2,0.5215401,0,0.3,R,1.1
35,2,0.4686266,0,0.3,R,0.9
35,3,0.5524456,0,0.4,R,1.9
35,3,0.387482,1,0.8,R,1.1
35,3,0.4564044,0,0.4,R,1.9
35,3,0.9603489,0,0.5,R,1.8
35,3,0.5522567,1,0.8,R,2.1
35,3,0.5534501,0,0.4,R,1.1
35,3,0.537449,0,0.2,R,1.9
35,3,1.2644749,0,0.4,R,2.3
35,3,0.5097143,1,0.7,R,0.9
35,3,1.0535826,0,0.6,R,1.6
35,3,0.5295735,0,0.2,R,1.8
35,3,0.4683901,1,0.8,R,1.9
35,3,0.4926326,0,0.3,R,2.1
35,3,1.3691718,1,0.6,R,1.1
35,3,0.4325543,0,0.2,R,2.1
35,3,0.5451167,0,0.2,R,2.3
35,3,1.0453899,1,0.5,R,1.3
35,3,0.6242358,0,0.5,R,2.3
35,3,0.4813511,1,0.7,R,1.3
35,3,0.514442,0,0.4,R,1.3
35,3,0.6605581,0,0.3,R,1.6
35,3,0.4244116,1,0.8,R,2.3
35,3,0.4295696,1,0.7,R,1.6
35,3,0.4597177,0,0.2,R,0.9
35,3,0.4902477,0,0.3,R,0.9
35,3,0.724314,0,0.5,R,1.6
35,3,0.604641,0,0.4,R,1.8
35,3,0.4961621,0,0.3,R,1.4
35,3,0.3816792,1,0.7,R,1.8
35,3,0.453483,0,0.4,R,0.9
35,3,0.4403516,0,0.2,R,1.3
35,3,0.4575778,1,0.8,R,2.1
35,3,0.5214332,0,0.2,R,1.3
35,3,0.6052787,0,0.4,R,1.3
35,3,0.9486242,0,0.5,R,1.8
35,3,0.5962233,0,0.5,R,1.1
35,3,0.3244424,1,0.8,R,1.3
35,3,0.3279782,1,0.8,R,1.9
35,3,0.3854515,1,0.8,R,1.8
35,3,0.5095074,0,0.2,R,0.9
35,3,0.4243037,0,0.4,R,0.9
35,3,1.0853712,0,0.5,R,1.1
35,3,0.4502856,0,0.4,R,2.1
35,3,0.4453788,0,0.5,R,1.3
35,3,0.4762461,0,0.2,R,1.6
35,3,0.5054311,1,0.7,R,1.3
35,3,0.5682838,0,0.4,R,1.6
35,3,0.4282891,1,0.8,R,1.6
35,3,0.4454746,1,0.8,R,2.3
35,3,0.4373631,1,0.7,R,2.3
35,3,0.5214326,0,0.4,R,2.3
35,3,0.4841212,1,0.7,R,2.1
35,3,0.4293782,1,0.7,R,1.8
35,3,0.5374372,0,0.3,R,2.1
35,3,0.9282453,0,0.4,R,1.4
35,3,0.4054379,0,0.5,R,1.6
35,3,0.4323527,0,0.2,R,1.4
35,3,0.902558,1,0.6,R,1.4
35,3,0.3254833,0,0.6,R,1.3
35,3,0.6044022,0,0.5,R,0.9
35,3,0.5724427,0,0.2,R,1.8
35,3,0.476217,1,0.6,R,1.4
35,3,0.4321987,0,0.5,R,1.4
35,3,0.6524666,0,0.7,R,1.6
35,3,0.4484566,0,0.2,R,1.9
35,3,0.4563196,1,0.8,R,1.4
35,3,0.5095783,0,0.2,R,1.1
35,3,0.4243093,1,0.8,R,2.1
35,3,0.4083913,1,0.6,R,1.4
35,3,0.4010734,1,0.7,R,2.1
35,3,0.3844558,0,0.2,R,1.4
35,3,0.488489,1,0.7,R,1.8
35,4,0.7052199,0,0.6,R,0.9
35,4,0.492447,1,0.5,R,2.3
35,4,0.7416538,1,0.6,R,1.3
35,4,1.1604092,0,0.4,R,1.4
35,4,0.4331501,1,0.8,R,1.3
35,4,0.4290395,1,0.8,R,1.9
35,4,0.7534998,1,0.8,R,1.8
35,4,0.4563422,0,0.3,R,1.8
35,4,0.4818173,0,0.3,R,1.3
35,4,0.4639053,1,0.8,R,1.4
35,4,0.6696421,0,0.6,R,1.3
35,4,0.9331264,1,0.8,R,1.4
35,4,0.3934113,0,0.4,R,0.9
35,4,0.5563049,1,0.7,R,1.1
35,4,0.5176673,0,0.8,R,1.8
35,4,0.5042008,0,0.3,R,2.3
35,4,1.1054941,1,0.5,R,1.6
35,4,0.3762172,1,0.6,R,2.3
35,4,0.3933006,1,0.6,R,1.4
35,4,0.5011465,1,0.6,R,2.1
35,4,0.6092398,0,0.5,R,1.8
35,4,0.4723289,0,0.2,R,1.6
35,4,0.7851604,0,0.6,R,1.6
35,4,0.8055559,1,0.8,R,1.6
35,4,0.5894569,1,0.6,R,1.6
35,4,0.661358,1,0.8,R,1.9
35,4,0.6453116,0,0.7,R,1.3
35,4,0.6214263,0,0.5,R,1.1
35,4,0.3941247,1,0.7,R,0.9
35,4,0.4486066,0,0.4,R,1.4
35,4,0.4324825,0,0.6,R,1.9
35,4,0.5415689,1,0.7,R,2.3
35,4,0.4454623,0,0.7,R,1.9
35,4,0.5123256,0,0.2,R,2.1
35,4,0.4334882,0,0.2,R,1.9
35,4,0.4653442,1,0.6,R,2.1
35,4,0.3723813,0,0.4,R,2.1
35,4,0.468216,1,0.6,R,1.4
35,4,0.834178,1,0.5,R,1.3
35,4,1.0521646,1,0.8,R,2.1
35,4,0.5655232,0,0.5,R,1.1
35,4,0.4822241,0,0.4,R,1.3
35,4,0.708348,0,0.7,R,0.9
35,4,0.4924239,0,0.4,R,1.3
35,4,0.5136509,1,0.6,R,1.4
35,4,0.3975141,0,0.2,R,1.9
35,4,0.3452372,1,0.8,R,1.3
35,4,0.5364032,0,0.5,R,2.1
35,4,0.6681868,1,0.6,R,2.3
35,4,0.590367,0,0.3,R,1.4
35,4,0.8495572,1,0.5,R,2.1
35,4,0.7648403,1,0.6,R,1.4
35,4,0.4500605,1,0.8,R,2.1
35,4,0.4383502,0,0.3,R,2.3
35,4,0.4412551,0,0.4,R,2.3
35,4,0.3444978,1,0.8,R,2.1
35,4,0.7105703,0,0.5,R,1.4
35,4,0.4552606,0,0.5,R,1.4
35,4,0.4414377,0,0.2,R,1.4
35,4,0.397358,0,0.2,R,2.1
35,4,0.4175254,0,0.4,R,1.3
35,4,0.5205405,0,0.2,R,2.3
35,4,0.3285773,0,0.4,R,2.3
35,4,0.4174711,0,0.2,R,1.9
35,4,0.4655257,0,0.4,R,2.1
35,4,0.4533231,0,0.5,R,1.1
35,4,0.4163681,0,0.5,R,1.1
35,4,0.5003949,0,0.2,R,1.9
35,4,0.332351,0,0.3,R,1.9
35,4,0.7563841,1,0.5,R,1.9
35,4,0.3853588,1,0.6,R,1.8
35,4,0.3363835,1,0.7,R,1.9
35,4,0.4324389,0,0.2,R,1.9
35,4,0.3446995,1,0.7,R,1.9
1,1,0.4563042,0,0.2,S,1.1
1,1,0.2464048,1,0.8,S,1.4
1,1,0.3578599,1,0.5,S,2.3
1,1,0.4328405,1,0.5,S,2.3
1,1,0.3342213,1,0.6,S,2.1
1,1,0.5154009,0,0.2,S,0.9
1,1,0.5962211,0,0.5,S,1.4
1,1,0.2878393,1,0.7,S,1.6
1,1,0.2233204,1,0.8,S,1.3
1,1,0.6447461,0,0.3,S,1.6
1,1,0.3460042,1,0.8,S,2.3
1,1,0.7569455,0,0.5,S,2.1
1,1,0.5478991,0,0.3,S,1.9
1,1,0.2961431,1,0.8,S,1.6
1,1,0.6396804,0,0.4,S,2.1
1,1,0.7900968,0,0.2,S,1.1
1,1,0.2742024,1,0.6,S,1.9
1,1,0.6170018,0,0.4,S,1.4
1,1,0.2529113,1,0.7,S,1.3
1,1,0.2640457,1,0.5,S,2.3
1,1,0.1847543,1,0.7,S,1.6
1,1,0.5830961,0,0.3,S,2.3
1,1,0.236052,1,0.8,S,2.1
1,1,0.299922,1,0.6,S,2.1
1,1,0.3477937,1,0.7,S,1.3
1,1,0.5102624,0,0.3,S,0.9
1,1,0.2810482,1,0.7,S,1.9
1,1,0.4709312,0,0.2,S,1.9
1,1,0.2711089,1,0.8,S,1.9
1,1,1.2349363,0,0.4,S,1.9
1,1,0.5971482,0,0.5,S,1.8
1,1,0.1080644,1,0.7,S,1.1
1,1,0.2540942,1,0.7,S,2.3
1,1,0.5685875,0,0.4,S,1.6
1,1,0.2987808,1,0.5,S,2.1
1,1,0.1402864,0,0.3,S,1.4
1,1,0.6140377,0,0.2,S,1.8
1,1,0.5000757,0,0.3,S,1.4
1,1,0.3158242,1,0.6,S,1.3
1,1,0.5706197,0,0.5,S,2.1
1,1,0.2338482,1,0.8,S,1.3
1,1,0.5520842,0,0.6,S,1.9
1,1,0.2981118,1,0.6,S,1.9
1,1,0.50715,0,0.4,S,0.9
1,1,0.2941137,1,0.7,S,1.8
1,1,0.4600397,0,0.3,S,1.8
1,1,0.4724087,0,0.3,S,2.1
1,1,0.458072,0,0.4,S,2.1
1,1,0.1261844,1,0.8,S,1.3
1,1,0.5718522,0,0.2,S,1.8
1,1,0.6168617,0,0.2,S,0.9
1,1,0.5329238,0,0.3,S,0.9
1,1,0.8109993,0,0.7,S,1.8
1,1,0.625118,0,0.4,S,1.6
1,1,0.4948972,0,0.2,S,1.8
1,1,0.4741407,0,0.2,S,2.3
1,1,0.1991976,1,0.8,S,1.1
1,1,0.5089444,0,0.2,S,1.9
1,1,0.7368698,0,0.5,S,1.3
1,1,0.429635,0,0.3,S,1.6
1,1,0.4281377,1,0.8,S,2.3
1,1,0.7427883,1,0.5,S,2.1
1,1,0.4901892,0,0.3,S,2.3
1,1,0.4178941,0,0.2,S,1.8
1,1,0.4996614,0,0.4,S,1.6
1,1,0.3270574,1,0.7,S,2.1
1,1,0.4849473,0,0.4,S,1.8
1,1,0.484122,0,0.4,S,1.3
1,1,0.7139859,1,0.5,S,1.8
1,1,0.4131563,1,0.8,S,1.3
1,1,0.5421801,1,0.8,S,2.1
1,1,0.2992835,1,0.7,S,1.3
1,1,0.3369184,1,0.6,S,2.1
1,1,0.4469095,1,0.5,S,1.4
1,2,0.2530614,1,0.6,S,1.9
1,2,0.2939728,1,0.5,S,0.9
1,2,0.438343,0,0.3,S,1.6
1,2,0.7607224,0,0.5,S,1.4
1,2,0.3462304,1,0.5,S,1.9
1,2,0.3927539,1,0.5,S,2.3
1,2,0.5227512,0,0.2,S,1.9
1,2,0.3960663,0,0.2,S,1.4
1,2,0.4768231,1,0.8,S,0.9
1,2,0.2417505,1,0.5,S,1.4
1,2,0.3834684,1,0.6,S,1.3
1,2,0.275031,1,0.8,S,0.9
1,2,0.4489247,0,0.3,S,2.3
1,2,0.4541944,0,0.2,S,1.1
1,2,0.4480823,0,0.4,S,1.4
1,2,0.6990752,0,0.6,S,1.4
1,2,0.5279055,1,0.5,S,1.1
1,2,0.3288865,0,0.5,S,1.8
1,2,0.3167015,0,0.4,S,1.1
1,2,0.2025952,1,0.5,S,1.1
1,2,0.0506530000000001,1,0.8,S,1.3
1,2,0.3048105,1,0.7,S,1.6
1,2,0.5308332,0,0.3,S,0.9
1,2,0.5407937,0,0.5,S,1.8
1,2,0.462192,0,0.2,S,1.4
1,2,0.4077561,1,0.6,S,1.8
1,2,0.3006718,1,0.6,S,1.6
1,2,0.2382653,1,0.6,S,0.9
1,2,0.3503889,1,0.2,S,1.6
1,2,0.1352266,1,0.8,S,1.4
1,2,0.3940263,0,0.4,S,1.1
1,2,0.3938676,1,0.7,S,1.4
1,2,0.2550316,1,0.8,S,1.4
1,2,0.3782185,0,0.3,S,1.6
1,2,0.9377828,1,0.4,S,1.6
1,2,0.154068,1,0.8,S,1.4
1,2,0.2310508,0,0.3,S,2.3
1,2,0.3822697,0,0.2,S,1.6
1,2,0.2312194,1,0.7,S,1.6
1,2,0.220303,1,0.6,S,1.8
1,2,0.2999191,1,0.5,S,1.9
1,2,0.3036737,1,0.4,S,1.6
1,2,0.2982251,1,0.5,S,1.9
1,2,0.3378398,1,0.5,S,1.3
1,2,0.0542627999999996,1,0.7,S,1.1
1,2,0.2261015,1,0.7,S,1.9
1,2,0.6691166,0,0.7,S,1.9
1,2,0.3910033,0,0.4,S,1.6
1,2,0.4578354,0,0.3,S,1.8
1,2,0.547125,0,0.5,S,1.9
1,2,0.5130086,0,0.2,S,1.9
1,2,0.3308802,1,0.5,S,1.1
1,2,0.3401303,1,0.5,S,1.9
1,2,0.649474,0,0.5,S,2.1
1,2,0.2330182,0,0.8,S,1.3
1,2,0.355729,1,0.7,S,2.3
1,2,0.4636538,0,0.3,S,1.3
1,2,0.2657412,1,0.7,S,1.9
1,2,0.6349152,0,0.2,S,1.3
1,2,0.6526692,0,0.5,S,2.3
1,2,0.3049742,0,0.5,S,1.6
1,2,0.3262157,0,0.5,S,1.8
1,2,0.2826979,1,0.8,S,2.1
1,2,0.3880882,1,0.2,S,2.1
1,2,0.5041834,1,0.6,S,1.4
1,2,0.4410559,0,0.2,S,1.6
1,2,0.4110078,1,0.5,S,1.4
1,2,0.3060429,1,0.6,S,2.1
1,2,0.5999052,1,0.5,S,1.6
1,2,0.3110343,1,0.5,S,2.1
1,2,0.236004,1,0.7,S,1.3
1,2,0.2499649,1,0.7,S,0.9
1,2,0.2853466,1,0.4,S,1.8
1,3,0.1439698,0,0.2,S,2.1
1,3,0.0931065000000002,1,0.6,S,2.3
1,3,0.2719138,1,0.4,S,2.1
1,3,0.3570697,1,0.5,S,1.6
1,3,0.3965092,0,0.3,S,2.3
1,3,0.8509859,0,0.5,S,1.1
1,3,0.6077797,0,0.3,S,1.6
1,3,0.6581049,0,0.5,S,1.9
1,3,0.2691901,1,0.5,S,2.1
1,3,0.4353029,1,0.6,S,2.1
1,3,0.4391867,0,0.4,S,2.3
1,3,0.4840068,0,0.4,S,1.3
1,3,0.4009455,1,0.5,S,2.1
1,3,0.4030975,0,0.6,S,2.1
1,3,0.2610765,1,0.8,S,1.9
1,3,0.5658505,1,0.6,S,2.3
1,3,0.2439686,1,0.8,S,1.1
1,3,0.2681299,1,0.6,S,1.8
1,3,0.5840881,0,0.4,S,2.3
1,3,0.1910994,1,0.6,S,1.9
1,3,0.2612301,1,0.3,S,1.9
1,3,0.2696113,1,0.7,S,1.6
1,3,0.2883825,1,0.7,S,2.1
1,3,0.4248982,0,0.4,S,1.4
1,3,0.2429697,0,0.7,S,1.4
1,3,0.2010383,1,0.8,S,0.9
1,3,0.7654483,0,0.4,S,2.3
1,3,0.4832003,0,0.2,S,1.4
1,3,0.2720601,1,0.8,S,1.4
1,3,0.2539528,1,0.7,S,1.4
1,3,0.2860952,0,0.3,S,0.9
1,3,0.2861714,0,0.4,S,1.8
1,3,0.3092032,1,0.6,S,1.6
1,3,0.4369877,0,0.4,S,1.8
1,3,0.4289872,0,0.3,S,2.3
1,3,0.2889455,1,0.7,S,1.9
1,3,0.2739029,1,0.4,S,1.9
1,3,0.3248999,1,0.3,S,1.3
1,3,0.346953,0,0.2,S,1.3
1,3,0.4199001,1,0.6,S,1.8
1,3,0.6330272,1,0.6,S,1.4
1,3,0.84481,0,0.4,S,1.9
1,3,0.1789252,1,0.8,S,1.1
1,3,0.5199952,0,0.3,S,2.3
1,3,0.6398825,1,0.4,S,0.9
1,3,0.304032,1,0.5,S,1.9
1,3,0.4346785,0,0.5,S,1.4
1,3,0.5500351,0,0.4,S,1.1
1,3,1.0062029,1,0.7,S,1.4
1,3,0.8511118,1,0.4,S,1.3
1,3,0.3903293,1,0.7,S,1.9
1,3,0.2669428,1,0.7,S,1.9
1,3,0.7036685,0,0.5,S,1.8
1,3,0.4047217,1,0.7,S,1.4
1,3,0.3361843,1,0.5,S,1.8
1,3,0.567054,0,0.3,S,2.1
1,3,0.4330862,0,0.5,S,0.9
1,3,0.4999084,0,0.3,S,0.9
1,3,0.5742431,0,0.4,S,2.3
1,3,0.4040432,0,0.5,S,2.1
1,3,0.4078995,1,0.5,S,1.9
1,3,0.3450611,1,0.7,S,2.1
1,3,0.400066,1,0.6,S,1.3
1,3,0.3547681,0,0.3,S,1.4
1,3,0.2741166,1,0.6,S,2.1
1,3,0.2529141,1,0.7,S,0.9
1,3,0.1761882,1,0.8,S,0.9
1,3,0.1261499,0,0.3,S,1.3
1,3,0.4612557,0,0.2,S,1.1
1,3,0.3856889,0,0.3,S,1.4
1,3,0.3052971,0,0.3,S,1.1
1,3,0.1989796,1,0.8,S,1.3
1,3,0.469061,1,0.6,S,1.1
1,3,0.0919008999999997,1,0.8,S,1.1
1,3,0.1289292,1,0.8,S,1.4
1,3,0.1918529,1,0.6,S,1.3
1,3,0.2487809,1,0.6,S,1.8
1,3,0.2227586,1,0.5,S,2.3
1,4,0.1960438,1,0.7,S,1.6
1,4,0.5481872,0,0.2,S,1.1
1,4,0.2962363,1,0.5,S,2.1
1,4,0.5639838,1,0.6,S,2.3
1,4,0.5451189,1,0.5,S,1.6
1,4,0.2937402,1,0.5,S,0.9
1,4,0.7973202,0,0.4,S,1.6
1,4,0.5107431,0,0.3,S,1.8
1,4,0.4979887,0,0.2,S,1.8
1,4,0.4237848,1,0.5,S,1.1
1,4,0.3989966,0,0.4,S,1.3
1,4,0.2721053,1,0.8,S,1.1
1,4,0.560432,0,0.5,S,1.9
1,4,0.2637552,0,0.6,S,0.9
1,4,0.2181595,1,0.7,S,1.3
1,4,0.5370503,0,0.2,S,2.3
1,4,0.311036,1,0.7,S,1.9
1,4,0.2440096,1,0.7,S,1.3
1,4,0.5005427,0,0.2,S,1.1
1,4,0.2717746,1,0.8,S,1.1
1,4,0.3469288,1,0.7,S,2.1
1,4,0.4007849,1,0.8,S,1.9
1,4,0.6590321,0,0.4,S,2.3
1,4,0.2278191,1,0.7,S,2.1
1,4,0.7198922,0,0.2,S,1.9
1,4,0.8971732,0,0.3,S,2.1
1,4,0.3821544,0,0.5,S,2.3
1,4,0.3500217,0,0.5,S,1.3
1,4,0.4092387,0,0.2,S,0.9
1,4,0.3997044,1,0.7,S,1.4
1,4,0.4365382,0,0.4,S,1.1
1,4,0.3712132,0,0.2,S,1.9
1,4,0.317535,1,0.5,S,1.3
1,4,0.3699528,1,0.6,S,2.1
1,4,0.5410031,0,0.2,S,1.1
1,4,0.3068872,1,0.6,S,1.8
1,4,0.4247999,0,0.5,S,2.3
1,4,0.5854603,0,0.2,S,2.3
1,4,0.5252011,0,0.2,S,1.9
1,4,0.4357406,0,0.3,S,1.1
1,4,0.5098422,0,0.3,S,1.6
1,4,0.2821495,1,0.7,S,1.3
1,4,0.3631386,0,0.3,S,2.3
1,4,0.3091559,0,0.4,S,2.3
1,4,0.3341557,1,0.6,S,0.9
1,4,0.3640468,0,0.5,S,1.8
1,4,0.7540655,1,0.6,S,1.4
1,4,0.3977893,0,0.4,S,2.1
1,4,0.4480635,0,0.3,S,1.1
1,4,0.3832424,0,0.3,S,0.9
1,4,0.3640363,0,0.4,S,2.3
1,4,0.3212238,0,0.3,S,1.1
1,4,0.5451906,1,0.5,S,2.3
1,4,0.3301891,0,0.3,S,1.1
1,4,0.3740793,1,0.3,S,1.3
1,4,0.3708864,0,0.2,S,1.8
1,4,0.2930816,1,0.5,S,2.3
1,4,0.5698597,0,0.2,S,1.6
1,4,0.4152252,0,0.2,S,2.1
1,4,0.1499369,1,0.7,S,1.3
1,4,0.4381203,0,0.2,S,1.8
1,4,0.2531147,1,0.7,S,1.6
1,4,0.2524999,1,0.7,S,1.1
1,4,0.3687264,0,0.2,S,1.4
1,4,0.3659896,1,0.7,S,2.3
1,4,0.1959338,1,0.8,S,2.3
1,4,0.5426039,1,0.3,S,2.1
1,4,0.237966,1,0.7,S,1.8
1,4,0.200905,1,0.7,S,2.1
1,4,0.3089184,1,0.8,S,1.9
1,4,0.2128411,0,0.8,S,1.4
1,4,0.6141177,0,0.4,S,1.1
2,1,0.7001128,1,0.5,S,2.3
2,1,0.475224,1,0.4,S,1.6
2,1,0.5746534,1,0.6,S,2.3
2,1,0.4055045,1,0.4,S,1.6
2,1,0.56208,0,0.2,S,1.4
2,1,0.4551252,1,0.8,S,0.9
2,1,1.2019739,1,0.6,S,1.6
2,1,0.3791663,1,0.6,S,1.3
2,1,1.2204793,1,0.6,S,1.9
2,1,1.1976104,1,0.4,S,1.6
2,1,0.7243421,1,0.8,S,1.8
2,1,1.2413007,1,0.5,S,1.8
2,1,0.6775951,1,0.5,S,1.9
2,1,0.762116,1,0.5,S,1.9
2,1,1.552384,0,0.4,S,2.3
2,1,0.5471927,1,0.5,S,2.1
2,1,0.6561019,0,0.2,S,2.3
2,1,0.6832059,1,0.5,S,1.8
2,1,0.541154,1,0.6,S,1.4
2,1,0.5013067,0,0.2,S,1.1
2,1,0.899533,1,0.8,S,1.4
2,1,0.9182217,1,0.5,S,2.3
2,1,0.6312308,1,0.5,S,1.9
2,1,0.6351915,1,0.5,S,1.8
2,1,0.553076,1,0.7,S,2.1
2,1,0.9664399,1,0.6,S,1.3
2,1,0.6201058,1,0.8,S,2.3
2,1,0.689162,1,0.6,S,1.1
2,1,0.2320798,1,0.7,S,2.3
2,1,0.5783553,1,0.7,S,1.8
2,1,0.8544941,0,0.3,S,1.4
2,1,1.0196373,1,0.4,S,1.6
2,1,0.4743021,0,0.2,S,0.9
2,1,0.4364428,1,0.8,S,1.6
2,1,0.335103,1,0.6,S,2.1
2,1,0.8051061,1,0.5,S,1.1
2,1,0.6024494,1,0.7,S,1.8
2,1,0.9302732,1,0.5,S,2.3
2,1,0.6224574,0,0.2,S,1.1
2,1,1.4001943,1,0.6,S,0.9
2,1,0.6774352,1,0.7,S,1.6
2,1,0.6992713,1,0.7,S,2.3
2,1,0.4425936,0,0.3,S,2.1
2,1,0.4415329,1,0.5,S,2.1
2,1,0.8863516,1,0.4,S,1.3
2,1,1.0263081,1,0.4,S,1.8
2,1,0.4624587,0,0.2,S,0.9
2,1,0.6267275,0,0.4,S,1.6
2,1,0.5362771,0,0.2,S,1.9
2,1,1.222774,1,0.6,S,1.9
2,1,0.6052278,0,0.3,S,0.9
2,1,1.0993295,1,0.6,S,1.8
2,1,0.471513,1,0.7,S,1.8
2,1,0.7421627,1,0.6,S,1.1
2,1,1.1381988,0,0.3,S,1.8
2,1,0.4590618,1,0.8,S,1.6
2,1,0.710213,1,0.6,S,0.9
2,1,0.6833018,1,0.8,S,2.3
2,1,0.6803563,1,0.7,S,1.3
2,1,0.6330242,1,0.7,S,1.1
2,1,0.6742279,0,0.3,S,1.1
2,1,0.4102759,1,0.7,S,2.1
2,1,1.1191753,0,0.4,S,1.1
2,1,0.5000775,1,0.5,S,2.3
2,1,0.8711615,0,0.2,S,2.3
2,1,0.2971966,1,0.8,S,1.6
2,1,0.7993558,0,0.2,S,2.3
2,1,0.6912262,0,0.3,S,2.1
2,1,0.6803061,1,0.7,S,2.1
2,1,0.7881462,1,0.6,S,1.8
2,1,0.6249475,0,0.2,S,1.4
2,2,0.6324733,0,0.2,S,1.8
2,2,0.5031012,0,0.2,S,1.6
2,2,0.7314864,1,0.5,S,1.8
2,2,1.2143597,0,0.4,S,2.3
2,2,1.0613943,1,0.8,S,1.1
2,2,0.7842716,1,0.8,S,1.1
2,2,1.122254,0,0.4,S,1.3
2,2,0.5722216,0,0.4,S,1.9
2,2,1.268184,0,0.5,S,1.6
2,2,0.5649156,0,0.2,S,1.3
2,2,0.641228,1,0.7,S,1.9
2,2,0.8605451,1,0.5,S,1.3
2,2,1.0883928,1,0.6,S,2.1
2,2,0.636439,0,0.2,S,1.9
2,2,1.1821895,1,0.8,S,1.9
2,2,0.6077085,0,0.2,S,1.8
2,2,0.9172342,1,0.8,S,0.9
2,2,1.8842489,1,0.7,S,1.6
2,2,1.2911982,0,0.4,S,2.1
2,2,0.8584791,0,0.3,S,0.9
2,2,0.8989264,0,0.5,S,1.9
2,2,1.2191627,1,0.7,S,1.4
2,2,0.8953529,1,0.7,S,1.1
2,2,0.8155085,1,0.8,S,0.9
2,2,0.6988957,0,0.3,S,2.3
2,2,0.6888755,0,0.3,S,2.1
2,2,1.3401191,1,0.7,S,2.3
2,2,0.6213464,1,0.7,S,2.3
2,2,0.554046,0,0.2,S,0.9
2,2,0.62042,1,0.8,S,1.6
2,2,0.3858981,1,0.6,S,1.6
2,2,0.6605077,0,0.3,S,1.1
2,2,0.9422928,0,0.5,S,1.9
2,2,1.107971,0,0.5,S,0.9
2,2,0.540357,0,0.2,S,1.8
2,2,0.6271893,0,0.5,S,1.1
2,2,0.5825456,0,0.2,S,2.3
2,2,0.6325731,1,0.5,S,1.9
2,2,0.9422383,0,0.6,S,1.4
2,2,0.6023345,1,0.6,S,1.9
2,2,0.6762246,1,0.4,S,0.9
2,2,0.9522985,1,0.7,S,2.3
2,2,1.3641011,1,0.4,S,1.8
2,2,0.5618968,1,0.7,S,2.1
2,2,0.3062262,1,0.8,S,2.1
2,2,0.572253,0,0.5,S,1.4
2,2,0.3495365,1,0.8,S,1.1
2,2,0.7561525,0,0.4,S,1.6
2,2,0.6789824,0,0.6,S,2.3
2,2,0.3501067,1,0.7,S,1.4
2,2,0.5572599,0,0.2,S,1.1
2,2,1.5251118,0,0.6,S,1.8
2,2,1.1702163,1,0.5,S,1.8
2,2,1.0199993,0,0.3,S,1.9
2,2,1.9213235,0,0.6,S,1.8
2,2,0.6092803,0,0.2,S,1.9
2,2,1.0374864,0,0.8,S,1.8
2,2,0.9872305,0,0.5,S,1.6
2,2,0.9671755,0,0.6,S,1.4
2,2,0.7021868,0,0.2,S,1.6
2,2,0.5510836,0,0.3,S,1.6
2,2,1.2064778,0,0.4,S,2.3
2,2,0.4441523,1,0.5,S,1.9
2,2,0.9951871,0,0.5,S,1.9
2,2,0.5828046,0,0.5,S,0.9
2,2,0.9800361,1,0.6,S,2.1
2,2,0.4612862,0,0.2,S,1.8
2,2,1.1602799,0,0.3,S,1.1
2,2,0.6503298,0,0.3,S,2.1
2,2,1.0521675,0,0.2,S,2.3
2,2,0.8088067,1,0.5,S,1.8
2,2,1.0541868,1,0.5,S,2.3
2,2,0.6042777,1,0.7,S,1.4
2,2,0.6358673,1,0.7,S,1.4
2,2,1.3691878,1,0.5,S,1.1
2,2,2.067423,1,0.5,S,1.8
2,3,0.7716776,1,0.6,S,2.3
2,3,2.4744131,0,0.6,S,1.9
2,3,1.691125,1,0.4,S,1.1
2,3,0.9790444,1,0.4,S,1.3
2,3,0.6870994,1,0.5,S,1.9
2,3,1.9176334,0,0.4,S,0.9
2,3,1.3395005,0,0.6,S,2.1
2,3,0.7214155,1,0.7,S,1.8
2,3,0.8683048,0,0.3,S,1.9
2,3,0.9924583,1,0.6,S,1.9
2,3,0.7700451,0,0.3,S,1.1
2,3,0.9634842,0,0.4,S,1.1
2,3,1.1620398,1,0.6,S,2.3
2,3,0.6104438,1,0.7,S,0.9
2,3,0.7019579,0,0.5,S,1.9
2,3,1.2464559,0,0.5,S,0.9
2,3,0.4795724,0,0.2,S,1.3
2,3,1.1495917,0,0.6,S,2.1
2,3,0.7842663,0,0.2,S,2.1
2,3,0.5394349,0,0.3,S,1.8
2,3,1.1115437,1,0.7,S,2.3
2,3,0.7000081,0,0.3,S,1.1
2,3,0.6921356,1,0.7,S,1.3
2,3,0.9382207,1,0.8,S,1.3
2,3,1.581376,0,0.3,S,2.3
2,3,0.5182551,0,0.3,S,1.9
2,3,0.5191063,0,0.4,S,1.1
2,3,0.449942,1,0.6,S,1.1
2,3,0.7396293,1,0.8,S,2.1
2,3,1.268573,0,0.2,S,1.3
2,3,2.2742225,0,0.3,S,2.3
2,3,0.5173458,1,0.7,S,0.9
2,3,0.3881837,1,0.8,S,2.1
2,3,0.507519,0,0.3,S,1.8
2,3,1.0765228,0,0.5,S,1.9
2,3,0.6451038,0,0.5,S,2.3
2,3,0.5300093,0,0.3,S,1.1
2,3,1.0152025,0,0.4,S,1.3
2,3,0.8749054,1,0.7,S,2.3
2,3,0.5572011,0,0.2,S,1.3
2,3,0.8252316,1,0.8,S,2.3
2,3,0.510976,0,0.2,S,0.9
2,3,0.3881023,1,0.8,S,1.8
2,3,0.9708325,0,0.2,S,1.9
2,3,0.4862017,1,0.7,S,2.1
2,3,0.9692903,1,0.6,S,1.3
2,3,1.609358,0,0.5,S,2.3
2,3,1.1601,1,0.5,S,1.1
2,3,0.5936585,0,0.2,S,1.9
2,3,0.3368944,1,0.8,S,2.1
2,3,0.4883329,1,0.7,S,1.3
2,3,0.9935627,1,0.6,S,2.1
2,3,2.162241,1,0.7,S,1.4
2,3,0.5792264,1,0.7,S,1.4
2,3,0.6428705,1,0.7,S,2.1
2,3,1.0685946,0,0.5,S,1.9
2,3,0.480348,0,0.2,S,2.3
2,3,0.4235759,0,0.3,S,1.3
2,3,0.5001424,0,0.2,S,1.8
2,3,0.4571125,0,0.4,S,2.1
2,3,1.6981061,0,0.7,S,2.3
2,3,0.9471413,1,0.7,S,1.9
2,3,0.8001243,0,0.5,S,1.6
2,3,0.6507054,0,0.5,S,2.1
2,3,0.5876896,0,0.2,S,1.8
2,3,1.181999,0,0.2,S,1.6
2,3,0.7714051,0,0.4,S,1.3
2,3,0.5732215,0,0.5,S,1.4
2,3,0.6970815,0,0.4,S,1.1
2,3,0.7784503,1,0.7,S,1.3
2,3,0.5673584,0,0.3,S,0.9
2,3,0.6768103,0,0.3,S,1.1
2,3,1.8231568,1,0.6,S,1.1
2,4,0.8271491,1,0.7,S,1.9
2,4,1.1062045,1,0.4,S,1.3
2,4,0.3853728,0,0.2,S,1.3
2,4,0.5830098,1,0.6,S,2.3
2,4,0.3574014,0,0.4,S,0.9
2,4,0.4063568,0,0.3,S,1.4
2,4,0.449165,1,0.6,S,1.9
2,4,0.2825605,1,0.7,S,2.1
2,4,0.7951566,0,0.5,S,1.1
2,4,0.2314302,1,0.7,S,1.3
2,4,0.3521688,0,0.3,S,1.6
2,4,0.592393,0,0.3,S,1.8
2,4,1.9582989,1,0.7,S,2.1
2,4,0.3910427,1,0.8,S,1.8
2,4,0.3521778,1,0.5,S,1.4
2,4,0.6644335,0,0.2,S,1.1
2,4,0.4120666,1,0.7,S,1.8
2,4,0.5034082,0,0.3,S,0.9
2,4,0.2801548,1,0.6,S,1.3
2,4,0.5321272,1,0.5,S,1.3
2,4,0.4052622,0,0.2,S,1.4
2,4,0.5621446,0,0.3,S,1.8
2,4,0.5093029,1,0.6,S,1.1
2,4,0.5853919,1,0.6,S,1.9
2,4,0.7842506,1,0.5,S,0.9
2,4,0.3981416,1,0.8,S,1.3
2,4,0.4330774,0,0.2,S,1.4
2,4,0.7412278,0,0.3,S,1.1
2,4,0.603365,0,0.2,S,1.1
2,4,0.709821,0,0.2,S,2.3
2,4,1.128963,1,0.7,S,1.4
2,4,0.7093002,1,0.8,S,1.8
2,4,1.2785715,0,0.5,S,1.4
2,4,0.3893636,1,0.6,S,2.1
2,4,1.8513048,0,0.4,S,1.1
2,4,0.5157419,1,0.5,S,1.8
2,4,0.4801751,0,0.3,S,1.6
2,4,0.7615048,1,0.7,S,2.1
2,4,0.3853136,0,0.2,S,1.6
2,4,0.4384301,0,0.2,S,1.3
2,4,0.4972852,0,0.4,S,2.1
2,4,0.5502807,1,0.6,S,1.6
2,4,1.709049,0,0.5,S,1.6
2,4,0.426351,1,0.7,S,1.3
2,4,0.2330646,1,0.8,S,1.4
2,4,0.5514048,0,0.3,S,1.6
2,4,0.6422661,0,0.4,S,1.8
2,4,0.476083,0,0.2,S,1.9
2,4,0.4662344,0,0.5,S,0.9
2,4,0.3459596,1,0.7,S,2.1
2,4,0.5269229,1,0.7,S,1.6
2,4,0.635087,0,0.3,S,2.3
2,4,0.3932876,0,0.3,S,1.9
2,4,0.5650143,1,0.8,S,1.9
2,4,0.4163632,0,0.2,S,1.1
2,4,0.4314945,0,0.2,S,1.1
2,4,0.3353557,1,0.8,S,1.8
2,4,0.4153124,0,0.4,S,1.6
2,4,0.6770531,0,0.5,S,1.4
2,4,0.4173687,0,0.3,S,2.1
2,4,0.6751744,1,0.7,S,1.9
2,4,0.3827723,0,0.2,S,1.1
2,4,0.5722155,0,0.5,S,2.3
2,4,0.8562396,0,0.2,S,1.1
2,4,0.3740895,0,0.2,S,1.9
2,4,0.5048673,0,0.4,S,1.3
2,4,0.354324,0,0.2,S,1.3
2,4,0.4143648,0,0.4,S,1.9
2,4,0.8050863,1,0.5,S,1.3
2,4,0.3152621,1,0.8,S,1.6
2,4,0.3020786,1,0.7,S,1.9
2,4,0.5396647,0,0.2,S,2.3
2,4,0.2732261,1,0.8,S,2.1
2,4,1.2064649,0,0.4,S,1.6
2,4,0.3956072,0,0.3,S,1.4
2,4,0.3811319,0,0.2,S,0.9
3,1,0.3673207,1,0.8,S,1.3
3,1,0.514534,1,0.7,S,2.3
3,1,0.4114632,0,0.4,S,1.4
3,1,0.3259242,1,0.8,S,1.8
3,1,0.3066828,1,0.8,S,1.8
3,1,1.6471818,0,0.4,S,1.8
3,1,0.4063922,1,0.6,S,1.3
3,1,0.330684,1,0.8,S,1.1
3,1,0.7538522,1,0.5,S,1.9
3,1,0.3368729,1,0.8,S,2.1
3,1,0.4940153,0,0.4,S,1.3
3,1,0.5745776,0,0.4,S,2.1
3,1,0.4838487,0,0.4,S,1.9
3,1,0.7032054,0,0.5,S,2.1
3,1,0.4224096,0,0.3,S,1.8
3,1,0.2494651,1,0.8,S,1.4
3,1,1.5086206,0,0.3,S,1.6
3,1,0.4448658,1,0.7,S,1.1
3,1,0.9396487,1,0.7,S,1.9
3,1,0.3939008,0,0.4,S,1.9
3,1,0.3002235,0,0.6,S,1.9
3,1,0.3269011,1,0.6,S,1.8
3,1,1.6387468,1,0.6,S,1.6
3,1,0.2724657,1,0.8,S,2.1
3,1,0.6309829,1,0.7,S,1.6
3,1,0.3448748,0,0.5,S,2.3
3,1,0.303947,1,0.8,S,1.8
3,1,0.3215345,0,0.4,S,1.4
3,1,0.349521,0,0.4,S,1.3
3,1,0.3168084,1,0.7,S,1.1
3,1,0.4458825,0,0.2,S,1.6
3,1,1.0678904,1,0.6,S,1.6
3,1,0.4736316,1,0.7,S,1.4
3,1,0.3047585,0,0.4,S,1.4
3,1,0.3556471,0,0.2,S,1.9
3,1,0.6057423,0,0.3,S,1.4
3,1,0.3598322,1,0.6,S,1.1
3,1,0.5010887,0,0.2,S,0.9
3,1,0.3686568,0,0.4,S,1.8
3,1,0.5916913,0,0.2,S,1.3
3,1,0.5720193,0,0.4,S,2.3
3,1,0.3450093,0,0.4,S,0.9
3,1,0.5536309,0,0.4,S,1.9
3,1,0.5429527,0,0.4,S,1.3
3,1,0.796873,1,0.6,S,2.3
3,1,0.5837349,0,0.4,S,1.8
3,1,0.4267607,0,0.2,S,1.8
3,1,0.3747859,1,0.8,S,1.1
3,1,1.0978801,1,0.6,S,0.9
3,1,0.352919,0,0.7,S,0.9
3,1,0.3351814,0,0.3,S,1.8
3,1,0.9908535,0,0.5,S,1.3
3,1,0.4448161,1,0.8,S,1.3
3,1,0.3287412,1,0.8,S,1.3
3,1,0.5043022,0,0.6,S,2.1
3,1,0.4974581,0,0.2,S,0.9
3,1,0.9397838,1,0.6,S,1.8
3,1,0.4340317,0,0.3,S,0.9
3,1,0.3699326,1,0.7,S,1.1
3,1,0.342849,1,0.8,S,1.6
3,1,0.6488699,1,0.8,S,1.8
3,1,0.5726995,1,0.7,S,1.9
3,1,0.5011071,0,0.2,S,1.3
3,2,0.5376071,1,0.2,S,1.1
3,2,0.4164361,1,0.6,S,1.3
3,2,0.2974964,0,0.3,S,2.1
3,2,0.4187833,1,0.5,S,1.4
3,2,0.2912765,1,0.7,S,1.6
3,2,0.4332079,0,0.3,S,1.3
3,2,0.4135407,1,0.8,S,1.8
3,2,1.0300061,1,0.5,S,2.1
3,2,0.2745509,1,0.8,S,1.4
3,2,0.4971965,0,0.5,S,1.4
3,2,0.8088731,0,0.4,S,2.3
3,2,0.3879744,1,0.6,S,1.9
3,2,0.248888,1,0.8,S,1.8
3,2,0.361383,0,0.4,S,1.9
3,2,0.2790793,0,0.3,S,2.3
3,2,0.2626177,0,0.3,S,2.1
3,2,0.3108641,1,0.6,S,1.4
3,2,0.3220479,1,0.7,S,1.4
3,2,1.251785,0,0.4,S,1.6
3,2,0.4138844,0,0.2,S,1.4
3,2,1.307158,1,0.5,S,0.9
3,2,0.4477022,0,0.2,S,2.1
3,2,0.4559703,0,0.2,S,1.8
3,2,0.3006539,1,0.7,S,1.1
3,2,0.3192264,0,0.3,S,1.4
3,2,0.2956364,1,0.8,S,1.3
3,2,0.6042136,0,0.4,S,1.3
3,2,0.3959894,0,0.4,S,1.8
3,2,1.550925,0,0.6,S,1.9
3,2,0.2528155,1,0.7,S,0.9
3,2,0.2700253,1,0.8,S,2.1
3,2,0.3446553,0,0.2,S,0.9
3,2,0.4246945,0,0.6,S,2.1
3,2,0.0877791999999999,1,0.7,S,1.9
3,2,0.2416891,1,0.7,S,2.3
3,2,1.3116489,0,0.5,S,1.9
3,2,0.3336309,1,0.6,S,1.1
3,2,1.2186085,1,0.5,S,1.8
3,2,0.2965712,1,0.6,S,1.1
3,2,0.4848206,0,0.5,S,2.1
3,2,0.3917702,0,0.3,S,1.9
3,2,0.4080086,0,0.5,S,1.9
3,2,0.2836734,1,0.8,S,1.6
3,2,0.4616544,0,0.3,S,1.6
3,2,0.44945,0,0.4,S,1.4
3,2,0.4585657,0,0.5,S,1.8
3,3,0.7431078,1,0.7,S,1.4
3,3,0.4401467,0,0.2,S,1.3
3,3,0.7241845,0,0.4,S,0.9
3,3,0.3734402,1,0.6,S,0.9
3,3,0.6058945,0,0.2,S,2.1
3,3,0.517599,0,0.6,S,1.1
3,3,0.4800825,1,0.5,S,2.1
3,3,1.4624981,0,0.4,S,2.3
3,3,0.4128041,0,0.4,S,1.3
3,3,0.7472442,1,0.6,S,0.9
3,3,0.373337,1,0.8,S,1.3
3,3,0.356913,1,0.8,S,1.6
3,3,0.4035063,0,0.3,S,1.4
3,3,0.7480587,0,0.4,S,1.6
3,3,0.4166449,1,0.8,S,2.3
3,3,0.8313411,1,0.5,S,1.3
3,3,0.6959935,1,0.5,S,2.1
3,3,0.5187329,1,0.6,S,1.4
3,3,0.4299286,0,0.2,S,1.1
3,3,0.5030825,1,0.5,S,1.8
3,3,0.4185817,0,0.2,S,0.9
3,3,0.4006261,0,0.4,S,1.3
3,3,0.3745146,1,0.6,S,0.9
3,3,0.4693143,0,0.3,S,0.9
3,3,0.3020049,1,0.8,S,2.1
3,3,0.8322075,0,0.5,S,2.3
3,3,0.9389052,0,0.6,S,0.9
3,3,1.5269473,1,0.6,S,0.9
3,3,1.2271746,0,0.5,S,1.8
3,3,0.3387505,1,0.8,S,1.6
3,3,0.6390863,0,0.6,S,1.8
3,3,1.1054068,0,0.4,S,2.3
3,3,0.4841041,0,0.3,S,1.1
3,3,0.5811002,1,0.5,S,1.8
3,3,0.2560087,1,0.7,S,1.4
3,3,0.3592395,0,0.3,S,1.1
3,3,0.6442636,0,0.4,S,1.8
3,3,0.5839475,0,0.2,S,2.1
3,3,0.255528,1,0.6,S,1.9
3,3,0.3475704,0,0.3,S,1.9
3,3,1.0455719,1,0.7,S,1.9
3,3,0.4030148,0,0.3,S,0.9
3,3,0.3667922,1,0.8,S,1.4
3,3,0.3733859,1,0.8,S,1.1
3,3,0.3849814,0,0.3,S,1.8
3,3,0.2917797,0,0.3,S,1.8
3,3,0.2939544,0,0.5,S,1.9
3,3,0.3087749,0,0.5,S,2.1
3,3,0.3370474,0,0.4,S,1.4
3,3,0.2998561,1,0.7,S,1.8
3,3,0.5658893,0,0.4,S,1.8
3,3,0.5209155,0,0.4,S,0.9
3,3,0.4720619,1,0.5,S,2.3
3,3,0.4058292,1,0.6,S,1.9
3,3,0.4029267,0,0.2,S,2.1
3,3,1.2753774,1,0.5,S,1.1
3,3,0.2810441,1,0.8,S,1.1
3,3,0.6879949,0,0.4,S,1.4
3,3,0.4198189,0,0.5,S,1.1
3,3,0.3425117,0,0.4,S,1.1
2,4,0.8271491,1,0.7,S,1.9
2,4,1.1062045,1,0.4,S,1.3
2,4,0.3853728,0,0.2,S,1.3
2,4,0.5830098,1,0.6,S,2.3
2,4,0.3574014,0,0.4,S,0.9
2,4,0.4063568,0,0.3,S,1.4
2,4,0.449165,1,0.6,S,1.9
2,4,0.2825605,1,0.7,S,2.1
2,4,0.7951566,0,0.5,S,1.1
2,4,0.2314302,1,0.7,S,1.3
2,4,0.3521688,0,0.3,S,1.6
2,4,0.592393,0,0.3,S,1.8
2,4,1.9582989,1,0.7,S,2.1
2,4,0.3910427,1,0.8,S,1.8
2,4,0.3521778,1,0.5,S,1.4
2,4,0.6644335,0,0.2,S,1.1
2,4,0.4120666,1,0.7,S,1.8
2,4,0.5034082,0,0.3,S,0.9
2,4,0.2801548,1,0.6,S,1.3
2,4,0.5321272,1,0.5,S,1.3
2,4,0.4052622,0,0.2,S,1.4
2,4,0.5621446,0,0.3,S,1.8
2,4,0.5093029,1,0.6,S,1.1
2,4,0.5853919,1,0.6,S,1.9
2,4,0.7842506,1,0.5,S,0.9
2,4,0.3981416,1,0.8,S,1.3
2,4,0.4330774,0,0.2,S,1.4
2,4,0.7412278,0,0.3,S,1.1
2,4,0.603365,0,0.2,S,1.1
2,4,0.709821,0,0.2,S,2.3
2,4,1.128963,1,0.7,S,1.4
2,4,0.7093002,1,0.8,S,1.8
2,4,1.2785715,0,0.5,S,1.4
2,4,0.3893636,1,0.6,S,2.1
2,4,1.8513048,0,0.4,S,1.1
2,4,0.5157419,1,0.5,S,1.8
2,4,0.4801751,0,0.3,S,1.6
2,4,0.7615048,1,0.7,S,2.1
2,4,0.3853136,0,0.2,S,1.6
2,4,0.4384301,0,0.2,S,1.3
2,4,0.4972852,0,0.4,S,2.1
2,4,0.5502807,1,0.6,S,1.6
2,4,1.709049,0,0.5,S,1.6
2,4,0.426351,1,0.7,S,1.3
2,4,0.2330646,1,0.8,S,1.4
2,4,0.5514048,0,0.3,S,1.6
2,4,0.6422661,0,0.4,S,1.8
2,4,0.476083,0,0.2,S,1.9
2,4,0.4662344,0,0.5,S,0.9
2,4,0.3459596,1,0.7,S,2.1
2,4,0.5269229,1,0.7,S,1.6
2,4,0.635087,0,0.3,S,2.3
2,4,0.3932876,0,0.3,S,1.9
2,4,0.5650143,1,0.8,S,1.9
2,4,0.4163632,0,0.2,S,1.1
2,4,0.4314945,0,0.2,S,1.1
2,4,0.3353557,1,0.8,S,1.8
2,4,0.4153124,0,0.4,S,1.6
2,4,0.6770531,0,0.5,S,1.4
2,4,0.4173687,0,0.3,S,2.1
2,4,0.6751744,1,0.7,S,1.9
2,4,0.3827723,0,0.2,S,1.1
2,4,0.5722155,0,0.5,S,2.3
2,4,0.8562396,0,0.2,S,1.1
2,4,0.3740895,0,0.2,S,1.9
2,4,0.5048673,0,0.4,S,1.3
2,4,0.354324,0,0.2,S,1.3
2,4,0.4143648,0,0.4,S,1.9
2,4,0.8050863,1,0.5,S,1.3
2,4,0.3152621,1,0.8,S,1.6
2,4,0.3020786,1,0.7,S,1.9
2,4,0.5396647,0,0.2,S,2.3
2,4,0.2732261,1,0.8,S,2.1
2,4,1.2064649,0,0.4,S,1.6
2,4,0.3956072,0,0.3,S,1.4
2,4,0.3811319,0,0.2,S,0.9
4,1,0.4221416,1,0.4,S,1.8
4,1,0.3042216,1,0.5,S,2.3
4,1,0.679751,0,0.2,S,2.3
4,1,0.9176089,0,0.5,S,2.1
4,1,0.6863938,1,0.4,S,1.9
4,1,0.3982754,1,0.5,S,1.6
4,1,0.2954227,1,0.8,S,1.4
4,1,0.3004774,1,0.8,S,2.1
4,1,0.3398068,1,0.4,S,1.6
4,1,0.3967805,1,0.8,S,1.8
4,1,0.6554135,0,0.2,S,1.4
4,1,0.4621391,1,0.4,S,2.3
4,1,0.6019718,0,0.2,S,1.4
4,1,0.3497316,1,0.5,S,2.1
4,1,0.5490535,1,0.4,S,1.1
4,1,0.3604112,1,0.7,S,1.3
4,1,0.3596327,1,0.7,S,1.1
4,1,0.4876466,0,0.3,S,1.1
4,1,0.382057,1,0.4,S,1.9
4,1,0.2797255,1,0.8,S,1.8
4,1,0.4918406,1,0.8,S,1.8
4,1,0.4178128,1,0.7,S,1.3
4,1,0.2703969,1,0.6,S,2.3
4,1,0.5819865,1,0.7,S,2.3
4,1,0.3792209,1,0.4,S,1.4
4,1,0.5092135,1,0.5,S,1.4
4,1,0.4068709,1,0.8,S,1.1
4,1,0.3530037,1,0.5,S,1.9
4,1,0.3019419,1,0.8,S,1.6
4,1,0.3210998,1,0.8,S,2.1
4,1,0.413984,1,0.6,S,1.4
4,1,0.5599309,0,0.2,S,0.9
4,1,0.3037253,1,0.6,S,1.6
4,1,0.8487853,0,0.5,S,2.1
4,1,0.3306219,1,0.5,S,1.9
4,1,0.378129,1,0.4,S,0.9
4,1,0.4847727,0,0.3,S,1.9
4,1,0.8394476,0,0.5,S,2.3
4,1,0.2861416,1,0.8,S,1.1
4,1,0.3329075,1,0.6,S,1.9
4,1,0.291175,1,0.7,S,1.3
4,1,0.3393676,1,0.5,S,1.8
4,1,0.3809311,1,0.6,S,2.1
4,1,0.2799101,1,0.6,S,1.9
4,1,0.4869101,0,0.3,S,0.9
4,1,0.5110853,0,0.2,S,1.8
4,1,0.3010033,1,0.8,S,2.3
4,1,0.25283,1,0.7,S,1.1
4,1,0.2186735,1,0.8,S,1.8
4,1,0.5172131,0,0.2,S,1.4
4,1,0.7120975,1,0.7,S,2.3
4,1,0.3110313,1,0.5,S,1.9
4,1,0.5630579,0,0.2,S,1.6
4,1,0.2531039,1,0.8,S,1.4
4,1,0.2959745,1,0.4,S,1.3
4,1,0.4748841,1,0.8,S,1.6
4,1,0.3140305,1,0.8,S,0.9
4,1,0.5141697,0,0.3,S,2.3
4,1,0.6518064,0,0.4,S,1.8
4,1,0.3127743,1,0.4,S,1.3
4,1,0.3358762,1,0.6,S,1.3
4,1,0.2888735,1,0.6,S,0.9
4,1,1.9689872,1,0.4,S,1.8
4,1,0.6258064,0,0.2,S,0.9
4,1,0.4902371,1,0.8,S,1.6
4,1,0.3550064,1,0.5,S,2.1
4,1,0.3340266,1,0.8,S,1.6
4,1,0.3440506,1,0.8,S,0.9
4,1,0.7317949,0,0.2,S,1.8
4,1,0.3128005,1,0.6,S,1.6
4,1,0.3129084,1,0.8,S,1.1
4,1,0.2859656,1,0.6,S,2.1
4,1,0.3578153,1,0.5,S,1.9
4,1,0.2812463,1,0.6,S,1.4
4,2,0.2763284,1,0.8,S,1.9
4,2,0.3849412,1,0.4,S,1.9
4,2,0.682779,0,0.3,S,1.6
4,2,0.6185453,0,0.2,S,2.3
4,2,0.7351995,0,0.4,S,1.4
4,2,0.3198464,1,0.7,S,1.4
4,2,0.4611904,1,0.7,S,1.4
4,2,0.3507202,1,0.8,S,1.4
4,2,0.5158657,1,0.5,S,1.6
4,2,0.3708948,1,0.8,S,1.4
4,2,0.6535878,1,0.5,S,1.8
4,2,0.6540288,0,0.2,S,2.3
4,2,0.733683,0,0.4,S,2.3
4,2,0.3307799,1,0.5,S,1.1
4,2,0.6858996,0,0.4,S,1.9
4,2,0.5896516,0,0.3,S,1.6
4,2,1.116262,0,0.7,S,1.1
4,2,0.5268566,0,0.2,S,1.9
4,2,0.4470722,1,0.7,S,1.9
4,2,0.5016941,1,0.8,S,1.4
4,2,0.4989368,0,0.2,S,1.4
4,2,0.3097719,1,0.6,S,1.3
4,2,0.3297056,1,0.4,S,1.4
4,2,0.3508131,1,0.5,S,2.3
4,2,0.6450414,0,0.2,S,1.4
4,2,0.3830506,1,0.5,S,1.3
4,2,0.3919405,1,0.6,S,1.4
4,2,0.7641143,0,0.3,S,2.3
4,2,0.3759097,1,0.7,S,2.3
4,2,0.7714186,1,0.7,S,1.8
4,2,0.3669389,1,0.7,S,1.6
4,2,0.7418253,1,0.4,S,2.3
4,2,0.3979951,1,0.6,S,2.1
4,2,0.4876445,0,0.4,S,1.6
4,2,0.5547676,0,0.5,S,1.1
4,2,0.4918979,0,0.2,S,1.6
4,2,0.3840306,1,0.5,S,2.1
4,2,0.567175,0,0.4,S,1.9
4,2,0.4422504,1,0.8,S,0.9
4,2,0.3448393,1,0.5,S,2.3
4,2,0.4576637,0,0.2,S,1.9
4,2,0.3529139,1,0.7,S,2.3
4,2,0.596297,0,0.3,S,1.4
4,2,0.8396231,0,0.3,S,1.9
4,2,0.5130125,0,0.3,S,1.1
4,2,0.3420502,1,0.8,S,1.1
4,2,0.5449997,1,0.6,S,0.9
4,2,0.7624885,0,0.3,S,1.6
4,2,0.3268087,1,0.8,S,1.3
4,2,0.5897689,0,0.2,S,1.3
4,2,0.4699916,1,0.8,S,1.6
4,2,0.552884,0,0.3,S,1.1
4,2,0.3340136,1,0.7,S,2.1
4,2,0.3167515,1,0.8,S,2.1
4,2,0.6577099,0,0.2,S,1.4
4,2,0.3750514,1,0.6,S,1.9
4,2,0.6039545,0,0.2,S,1.4
4,2,0.2879933,1,0.8,S,1.6
4,2,0.4809059,0,0.3,S,1.6
4,2,0.2437832,1,0.8,S,1.1
4,2,0.5267331,0,0.2,S,0.9
4,2,0.5477995,0,0.2,S,2.1
4,2,0.7040294,0,0.5,S,1.8
4,2,0.3801996,1,0.8,S,2.3
4,2,0.4087348,1,0.8,S,1.3
4,2,0.3927544,1,0.6,S,1.1
4,2,0.3731181,1,0.5,S,1.8
4,2,0.5788202,0,0.6,S,2.1
4,2,0.3320534,1,0.8,S,1.9
4,2,1.0299603,1,0.5,S,1.4
4,2,0.5680571,1,0.6,S,1.8
4,2,0.7950173,0,0.3,S,1.6
4,2,0.5539361,0,0.3,S,0.9
4,2,0.4420189,0,0.2,S,2.1
4,2,0.6640117,0,0.3,S,1.9
4,2,0.476769,1,0.8,S,1.6
4,3,0.316696,1,0.7,S,1.1
4,3,0.4557574,0,0.2,S,0.9
4,3,0.3397909,1,0.7,S,2.1
4,3,0.3311434,1,0.8,S,0.9
4,3,0.3310402,1,0.6,S,0.9
4,3,0.4041487,0,0.4,S,2.3
4,3,0.3988749,1,0.5,S,2.3
4,3,0.3910282,1,0.6,S,2.1
4,3,0.6747368,0,0.4,S,1.6
4,3,0.3878343,1,0.5,S,1.3
4,3,0.3460088,0,0.5,S,1.9
4,3,0.4917774,0,0.2,S,0.9
4,3,0.6805726,1,0.6,S,1.4
4,3,0.4099119,0,0.4,S,0.9
4,3,0.4519912,0,0.2,S,1.1
4,3,0.3279285,1,0.7,S,1.1
4,3,0.2817853,1,0.8,S,1.8
4,3,0.3067659,1,0.8,S,1.3
4,3,0.4189051,1,0.8,S,1.6
4,3,0.4702836,0,0.4,S,1.4
4,3,0.7686002,0,0.3,S,1.1
4,3,0.343188,1,0.8,S,1.9
4,3,0.3961694,0,0.2,S,1.4
4,3,0.4322704,0,0.3,S,1.3
4,3,0.4818996,0,0.7,S,2.1
4,3,0.3128338,1,0.8,S,1.4
4,3,0.3159041,1,0.8,S,1.8
4,3,0.5419224,0,0.2,S,1.8
4,3,0.6825963,0,0.4,S,1.9
4,3,0.3917961,1,0.6,S,1.4
4,3,0.5516386,0,0.4,S,1.4
4,3,0.5386997,0,0.3,S,1.4
4,3,0.4673863,1,0.8,S,1.3
4,3,0.6169284,0,0.2,S,1.1
4,3,0.33504,1,0.7,S,1.8
4,3,0.9838817,1,0.5,S,1.3
4,3,0.4217859,1,0.8,S,1.1
4,3,0.4491161,0,0.5,S,1.6
4,3,0.4400103,1,0.8,S,1.4
4,3,0.6237492,0,0.5,S,2.1
4,3,0.5508998,0,0.5,S,1.9
4,3,0.5560678,0,0.3,S,1.3
4,3,0.3849238,1,0.8,S,1.6
4,3,0.7300592,0,0.3,S,2.3
4,3,0.4997152,0,0.2,S,0.9
4,3,0.4855763,0,0.4,S,1.3
4,3,0.4563709,0,0.7,S,1.3
4,3,0.4237508,0,0.3,S,1.3
4,3,0.3177353,0,0.5,S,1.8
4,3,0.4497976,0,0.2,S,1.4
4,3,0.7078452,1,0.7,S,1.3
4,3,0.3949593,1,0.3,S,1.9
4,3,0.4090074,1,0.8,S,2.1
4,3,0.5302343,0,0.2,S,1.1
4,3,0.3224493,1,0.8,S,1.6
4,3,0.5968284,0,0.2,S,2.1
4,3,0.4107239,1,0.8,S,1.6
4,3,0.392053,0,0.3,S,2.1
4,3,0.5987337,0,0.4,S,2.3
4,3,0.3998549,0,0.5,S,1.3
4,3,0.4336518,0,0.4,S,1.6
4,3,0.3030513,0,0.7,S,0.9
4,3,0.325823,1,0.8,S,1.8
4,3,0.7866831,0,0.6,S,1.3
4,3,0.4964597,0,0.4,S,1.9
4,3,0.4559149,0,0.4,S,1.1
4,3,0.5941546,0,0.5,S,1.8
4,3,0.4389332,0,0.2,S,2.1
4,3,0.3330682,1,0.8,S,2.1
4,3,0.3316749,0,0.2,S,1.1
4,3,0.4609413,0,0.6,S,1.1
4,3,0.5260461,0,0.2,S,1.6
4,3,0.3515859,0,0.6,S,2.1
4,3,0.596407,1,0.2,S,1.8
4,3,0.3937984,0,0.4,S,2.1
4,3,0.5019661,0,0.3,S,0.9
4,3,0.4639777,0,0.2,S,0.9
4,3,0.3259339,1,0.8,S,1.1
4,3,0.5869826,1,0.8,S,2.1
4,3,0.3329502,0,0.3,S,0.9
4,4,0.9274588,0,0.4,S,2.3
4,4,0.3748795,1,0.6,S,2.3
4,4,0.2746,1,0.6,S,1.1
4,4,0.6194912,0,0.3,S,1.6
4,4,0.464649,0,0.3,S,0.9
4,4,0.6418464,0,0.2,S,1.1
4,4,0.5548169,0,0.2,S,1.9
4,4,0.5358297,0,0.4,S,1.1
4,4,0.40575,1,0.7,S,2.1
4,4,0.4129048,1,0.5,S,1.4
4,4,0.4088594,1,0.8,S,1.3
4,4,0.3708026,0,0.5,S,0.9
4,4,0.5439957,1,0.5,S,1.3
4,4,0.4570567,1,0.7,S,0.9
4,4,0.4351918,1,0.5,S,1.4
4,4,0.5282405,1,0.5,S,1.8
4,4,1.3137927,0,0.2,S,2.1
4,4,0.3431542,1,0.8,S,1.6
4,4,0.4978995,0,0.3,S,1.8
4,4,0.4289518,0,0.2,S,1.4
4,4,0.8260633,0,0.5,S,2.1
4,4,0.3729409,1,0.7,S,2.1
4,4,0.4487103,0,0.6,S,0.9
4,4,0.498184,1,0.6,S,2.3
4,4,0.4677198,1,0.7,S,2.1
4,4,0.5030236,0,0.7,S,2.3
4,4,0.4769791,0,0.3,S,2.3
4,4,0.5703072,0,0.4,S,1.3
4,4,0.8125181,0,0.5,S,1.1
4,4,0.3257677,1,0.8,S,1.3
4,4,0.5021708,0,0.2,S,1.6
4,4,0.3609666,0,0.4,S,1.4
4,4,0.3771862,0,0.6,S,1.9
4,4,0.6011083,0,0.3,S,1.6
4,4,0.4288126,0,0.2,S,2.3
4,4,0.6992315,0,0.7,S,1.1
4,4,0.4447531,1,0.4,S,1.8
4,4,0.3797792,0,0.3,S,2.3
4,4,0.3566717,1,0.8,S,2.1
4,4,0.5551278,0,0.5,S,1.3
4,4,0.5365018,1,0.6,S,1.6
4,4,0.4246916,0,0.4,S,1.9
4,4,0.892811,0,0.6,S,1.8
4,4,0.3910771,0,0.4,S,2.3
4,4,0.4508889,0,0.6,S,2.3
4,4,0.3845132,0,0.3,S,1.1
4,4,0.4596726,1,0.5,S,1.4
4,4,0.4018244,0,0.2,S,0.9
4,4,0.3438402,0,0.4,S,1.6
4,4,0.2885213,1,0.7,S,2.3
4,4,0.405089,0,0.2,S,1.4
4,4,0.7236549,0,0.3,S,1.9
4,4,0.5800175,1,0.6,S,1.6
4,4,0.7786886,0,0.6,S,2.1
4,4,0.2866425,0,0.4,S,1.4
4,4,0.9861136,1,0.5,S,1.8
4,4,0.4093756,1,0.5,S,0.9
4,4,0.769939,0,0.4,S,2.1
4,4,0.8108811,1,0.4,S,2.1
4,4,0.4009311,1,0.7,S,1.9
4,4,0.4124924,1,0.7,S,2.1
4,4,0.5398058,0,0.3,S,1.4
4,4,0.2655683,0,0.4,S,2.3
4,4,0.5730606,0,0.2,S,1.6
4,4,0.3691138,0,0.2,S,0.9
4,4,0.6292559,0,0.6,S,1.1
4,4,0.4214535,0,0.2,S,2.1
4,4,0.3249762,1,0.7,S,0.9
4,4,0.4613117,1,0.8,S,1.6
4,4,1.142931,0,0.7,S,2.1
4,4,0.2628326,0,0.6,S,1.9
4,4,0.4389704,1,0.4,S,1.6
4,4,0.7069628,0,0.5,S,1.4
4,4,0.4548022,1,0.8,S,1.8
4,4,0.5638093,0,0.5,S,1.6
4,4,0.36258,0,0.3,S,1.4
4,4,0.4249997,1,0.8,S,0.9
4,4,0.6395934,0,0.6,S,0.9
4,4,0.3028972,0,0.7,S,2.1
4,4,0.3617425,1,0.7,S,1.9
4,4,0.254653,0,0.6,S,2.3
4,4,0.327973,1,0.7,S,2.1
4,4,0.92298,0,0.7,S,1.6
5,1,0.7909707,1,0.6,S,1.3
5,1,0.419838,0,0.2,S,1.1
5,1,0.2922247,1,0.8,S,2.3
5,1,0.2433554,1,0.7,S,2.1
5,1,0.437644,1,0.8,S,1.4
5,1,0.3629021,0,0.2,S,0.9
5,1,0.6424696,0,0.2,S,1.6
5,1,0.4557264,0,0.2,S,0.9
5,1,0.44157,0,0.5,S,2.3
5,1,1.0184352,1,0.5,S,2.3
5,1,0.6585786,0,0.5,S,0.9
5,1,0.2787141,1,0.7,S,1.6
5,1,0.7433615,1,0.5,S,1.3
5,1,0.4738955,0,0.6,S,1.8
5,1,0.4182756,0,0.2,S,1.3
5,1,0.8934866,1,0.6,S,2.3
5,1,0.3313013,0,0.3,S,1.6
5,1,0.3572978,0,0.2,S,1.6
5,1,0.2351874,1,0.6,S,1.9
5,1,0.4163187,1,0.6,S,1.1
5,1,0.3143673,0,0.3,S,1.1
5,1,0.4153714,0,0.2,S,1.1
5,1,0.4702921,1,0.6,S,2.1
5,1,0.4783526,0,0.3,S,0.9
5,1,0.628355,1,0.8,S,1.9
5,1,0.5517599,0,0.4,S,1.1
5,1,0.4713204,0,0.6,S,1.1
5,1,0.2941862,0,0.4,S,1.6
5,1,0.3205436,0,0.4,S,1.4
5,1,0.3934243,0,0.7,S,1.9
5,1,0.2670044,0,0.6,S,1.1
5,1,0.4382715,1,0.8,S,1.9
5,1,0.234709,0,0.8,S,1.1
5,1,0.2500581,1,0.8,S,0.9
5,1,0.2254317,0,0.6,S,0.9
5,1,0.3165443,0,0.3,S,1.4
5,1,0.5482242,0,0.6,S,1.3
5,1,0.3016465,1,0.6,S,2.3
5,1,0.7411878,1,0.6,S,1.8
5,1,0.2597978,1,0.8,S,1.8
5,1,0.4112342,0,0.6,S,1.3
5,1,0.2710104,1,0.8,S,0.9
5,1,0.3776412,0,0.2,S,1.8
5,1,0.2741044,0,0.4,S,2.3
5,1,0.2896834,0,0.4,S,2.1
5,1,0.3209948,1,0.8,S,1.3
5,1,0.2689664,0,0.5,S,1.1
5,1,0.6101508,0,0.6,S,1.4
5,1,0.2392467,0,0.4,S,1.8
5,1,0.8479726,1,0.6,S,1.3
5,1,0.3194266,0,0.8,S,1.9
5,1,0.3381355,0,0.7,S,2.1
5,1,0.8118248,1,0.5,S,2.3
5,1,0.5691657,1,0.7,S,2.3
5,1,0.2981315,0,0.5,S,1.1
5,1,0.337188,0,0.6,S,1.1
5,1,0.3782199,0,0.7,S,2.3
5,1,0.295021,0,0.4,S,1.8
5,1,0.5113212,0,0.8,S,2.3
5,1,0.3021619,0,0.3,S,1.4
5,1,0.5512942,1,0.8,S,2.1
5,1,0.2984615,0,0.2,S,0.9
5,1,0.2894847,1,0.8,S,2.1
5,1,0.1944175,1,0.8,S,1.3
5,1,0.2654464,1,0.7,S,1.8
5,1,0.3024959,0,0.4,S,1.4
5,1,0.4893283,0,0.6,S,1.3
5,1,0.3655588,0,0.5,S,0.9
5,2,0.4701639,1,0.8,S,1.4
5,2,0.7679531,1,0.7,S,1.6
5,2,0.6834712,0,0.4,S,1.6
5,2,0.5877724,1,0.4,S,1.1
5,2,0.4696492,1,0.5,S,1.1
5,2,0.2393894,1,0.7,S,1.9
5,2,0.568143,0,0.5,S,1.9
5,2,0.336006,1,0.3,S,2.3
5,2,0.9870227,1,0.3,S,1.6
5,2,0.2761916,1,0.8,S,1.3
5,2,0.2463693,1,0.7,S,1.1
5,2,0.8503569,1,0.7,S,1.4
5,2,0.3332454,0,0.3,S,1.1
5,2,0.2412014,1,0.7,S,1.9
5,2,0.5124679,0,0.7,S,1.8
5,2,0.2490627,0,0.4,S,1.6
5,2,0.6862941,0,0.5,S,0.9
5,2,0.3492525,0,0.8,S,1.8
5,2,0.3725276,0,0.2,S,1.8
5,2,0.2699696,0,0.3,S,2.1
5,2,0.3320654,0,0.2,S,1.1
5,2,0.2154481,1,0.7,S,1.9
5,2,0.329339,0,0.7,S,1.8
5,2,0.2532181,1,0.8,S,1.6
5,2,0.2321391,1,0.8,S,1.8
5,2,0.1353535,1,0.7,S,2.1
5,2,0.242595,1,0.8,S,1.6
5,2,0.2464028,1,0.8,S,2.1
5,2,0.4581986,0,0.5,S,2.1
5,2,0.3263332,0,0.2,S,0.9
5,2,0.4251456,1,0.6,S,0.9
5,2,0.2531086,0,0.5,S,1.9
5,2,0.3551696,0,0.4,S,2.3
5,2,0.2753542,0,0.3,S,1.9
5,2,0.2675886,0,0.5,S,2.3
5,2,0.2964931,0,0.5,S,1.3
5,2,0.2622965,1,0.4,S,2.3
5,2,0.4370419,0,0.4,S,1.3
5,2,0.3684414,0,0.5,S,1.6
5,2,0.449033,0,0.3,S,1.4
5,2,0.2802112,1,0.8,S,1.4
5,2,0.281306,1,0.6,S,1.9
5,2,0.3122992,0,0.3,S,0.9
5,2,0.2690657,0,0.4,S,1.1
5,2,0.2723363,1,0.8,S,1.1
5,2,0.2763699,1,0.7,S,1.1
5,2,0.2494227,1,0.8,S,1.8
5,2,0.1891282,1,0.8,S,1.1
5,2,0.5047847,0,0.4,S,2.1
5,2,0.1852602,1,0.8,S,0.9
5,2,0.3425083,1,0.5,S,1.4
5,2,0.4423683,0,0.7,S,1.4
5,2,0.2750157,1,0.6,S,2.1
5,2,1.0671382,0,0.4,S,2.3
5,2,0.2822081,1,0.8,S,0.9
5,2,0.2442569,1,0.8,S,0.9
5,2,0.3824021,0,0.2,S,2.1
5,2,0.3715383,0,0.3,S,1.6
5,2,0.5009531,0,0.6,S,1.8
5,2,0.3263713,1,0.7,S,1.1
5,2,0.3161613,1,0.7,S,1.8
5,2,0.2771747,1,0.5,S,1.3
5,2,0.2051159,1,0.7,S,1.8
5,2,0.2634282,1,0.8,S,1.1
5,2,0.4256156,0,0.5,S,2.1
5,2,0.3782661,0,0.3,S,1.1
5,2,0.4566043,0,0.6,S,2.3
5,2,0.3480718,0,0.5,S,1.9
5,2,0.6561932,1,0.8,S,1.1
5,2,0.6804209,0,0.3,S,1.8
5,2,0.2305911,1,0.7,S,1.8
5,2,0.412317,0,0.2,S,2.3
5,2,0.240867,1,0.7,S,1.9
5,2,0.5063883,0,0.4,S,0.9
5,2,0.40222,0,0.6,S,1.4
5,2,0.6090624,1,0.7,S,1.8
5,3,0.4556644,0,0.2,S,1.8
5,3,0.882979,1,0.4,S,0.9
5,3,0.8806884,1,0.4,S,1.8
5,3,0.4296101,1,0.5,S,2.3
5,3,0.745254,1,0.5,S,1.8
5,3,0.2187866,1,0.7,S,1.4
5,3,0.2822697,1,0.5,S,2.3
5,3,0.2184062,1,0.8,S,2.3
5,3,0.4472357,0,0.2,S,2.3
5,3,0.4373574,0,0.2,S,2.3
5,3,0.3511307,0,0.5,S,0.9
5,3,0.2411968,1,0.7,S,1.8
5,3,0.6696628,1,0.5,S,1.1
5,3,0.2735608,1,0.8,S,1.6
5,3,0.6155668,1,0.7,S,0.9
5,3,0.2599827,1,0.8,S,1.6
5,3,0.2430956,1,0.7,S,2.3
5,3,0.5022931,0,0.5,S,1.8
5,3,0.3811951,0,0.2,S,2.1
5,3,0.690795,0,0.3,S,1.9
5,3,0.311802,0,0.3,S,2.3
5,3,0.2561303,1,0.8,S,1.4
5,3,0.253164,1,0.7,S,1.3
5,3,0.3221927,0,0.2,S,0.9
5,3,0.2723172,1,0.6,S,1.1
5,3,0.2272063,1,0.6,S,1.1
5,3,0.2554589,1,0.5,S,1.3
5,3,0.4079549,0,0.3,S,1.6
5,3,0.3666532,0,0.2,S,1.4
5,3,0.294307,0,0.2,S,2.3
5,3,0.2634568,1,0.8,S,2.1
5,3,0.4391786,0,0.5,S,1.1
5,3,0.2254721,1,0.8,S,1.8
5,3,0.2001727,1,0.8,S,1.9
5,3,0.3821612,0,0.4,S,2.1
5,3,0.4272601,0,0.2,S,1.6
5,3,0.2271944,1,0.8,S,1.9
5,3,0.4891553,0,0.5,S,1.3
5,3,0.2455783,1,0.6,S,1.6
5,3,0.2312132,1,0.8,S,0.9
5,3,0.5292191,0,0.2,S,2.1
5,3,0.276609,0,0.3,S,1.9
5,3,0.4349992,0,0.5,S,1.9
5,3,0.2781981,0,0.5,S,2.3
5,3,0.3314707,0,0.3,S,1.6
5,3,0.3702372,0,0.3,S,1.8
5,3,0.3109334,0,0.6,S,2.1
5,3,0.3254107,0,0.2,S,1.8
5,3,0.2603623,1,0.5,S,1.6
5,3,0.3584026,0,0.2,S,1.6
5,3,0.2654036,1,0.6,S,0.9
5,3,0.2623084,1,0.6,S,1.8
5,3,0.4231363,0,0.3,S,1.9
5,3,0.4294305,0,0.2,S,1.8
5,3,0.4823641,1,0.6,S,1.6
5,3,0.5260819,0,0.6,S,1.3
5,3,0.7965653,0,0.4,S,1.8
5,3,0.2529985,1,0.7,S,1.9
5,3,0.3575944,0,0.2,S,1.4
5,3,0.4969324,0,0.6,S,0.9
5,3,0.9769088,1,0.8,S,2.1
5,3,0.3850186,0,0.2,S,1.6
5,3,0.247952,1,0.7,S,1.3
5,3,0.2798365,1,0.7,S,1.3
5,3,0.3670511,0,0.3,S,1.9
5,3,0.4730867,0,0.4,S,0.9
5,3,0.378109,0,0.2,S,1.9
5,3,1.0098946,1,0.6,S,2.1
5,3,0.5253443,0,0.5,S,2.3
5,3,0.3652239,0,0.2,S,1.3
5,3,0.2393582,1,0.8,S,1.1
5,3,0.3312194,1,0.6,S,1.8
5,3,0.6500335,1,0.8,S,0.9
5,3,0.3595736,0,0.4,S,2.1
5,3,0.4323597,1,0.7,S,1.3
5,3,0.3382349,0,0.5,S,1.6
5,3,0.2643144,1,0.7,S,1.1
5,3,0.2902759,0,0.5,S,0.9
5,4,0.5248146,1,0.4,S,1.3
5,4,0.2472489,1,0.8,S,1.9
5,4,0.2597906,1,0.5,S,2.3
5,4,0.2709394,1,0.7,S,1.1
5,4,0.5589946,1,0.6,S,1.8
5,4,0.2142608,1,0.6,S,2.3
5,4,0.5391313,0,0.4,S,2.3
5,4,0.5190215,0,0.3,S,1.6
5,4,0.2440182,1,0.6,S,1.1
5,4,0.2196278,1,0.5,S,1.4
5,4,0.3586129,0,0.2,S,1.1
5,4,0.254101,1,0.8,S,1.1
5,4,0.2929564,1,0.8,S,0.9
5,4,0.2435581,1,0.8,S,1.9
5,4,0.2305966,1,0.8,S,1.3
5,4,0.251522,1,0.8,S,2.1
5,4,0.245471,1,0.7,S,1.1
5,4,0.4750503,0,0.6,S,1.1
5,4,0.2260426,1,0.5,S,1.3
5,4,0.3892953,0,0.2,S,1.6
5,4,0.3223906,1,0.8,S,2.1
5,4,0.3345771,0,0.4,S,1.6
5,4,0.4864716,0,0.5,S,2.3
5,4,0.4732945,0,0.4,S,1.6
5,4,0.2463084,1,0.6,S,1.9
5,4,0.6316367,1,0.6,S,2.1
5,4,0.529249,0,0.5,S,1.3
5,4,0.2362126,1,0.8,S,1.6
5,4,0.3352318,1,0.7,S,1.9
5,4,0.5044228,0,0.3,S,1.8
5,4,0.3113058,1,0.6,S,2.1
5,4,0.2617038,1,0.7,S,1.9
5,4,0.2667219,1,0.5,S,1.8
5,4,0.2611841,1,0.8,S,1.3
5,4,0.9723416,0,0.4,S,1.3
5,4,0.466701,0,0.5,S,0.9
5,4,0.5814781,0,0.4,S,2.1
5,4,0.435182,0,0.3,S,1.3
5,4,0.2903881,0,0.5,S,0.9
5,4,0.7717034,0,0.6,S,1.9
5,4,0.8304016,0,0.5,S,1.8
5,4,0.3459795,0,0.3,S,2.3
5,4,0.4501939,0,0.2,S,1.8
5,4,0.2642824,1,0.8,S,1.8
5,4,0.4371585,0,0.2,S,2.1
5,4,0.3352724,0,0.3,S,1.4
5,4,0.3651372,0,0.2,S,1.3
5,4,0.2512569,1,0.6,S,1.4
5,4,0.2901406,0,0.4,S,1.6
5,4,0.2342622,1,0.5,S,1.8
5,4,0.369455,0,0.2,S,2.3
5,4,0.2052825,1,0.8,S,1.9
5,4,0.4320594,1,0.7,S,2.3
5,4,0.2713184,1,0.5,S,0.9
5,4,0.3899519,0,0.2,S,0.9
5,4,0.4140861,0,0.2,S,1.6
5,4,0.2682063,1,0.8,S,0.9
5,4,0.2482598,1,0.5,S,1.3
5,4,0.3836581,0,0.2,S,1.8
5,4,0.4174273,0,0.2,S,1.1
5,4,0.271015,1,0.7,S,1.4
5,4,0.2982364,1,0.7,S,1.6
5,4,0.308896,1,0.5,S,1.1
5,4,0.2853491,1,0.7,S,1.1
5,4,0.3754535,0,0.2,S,1.9
5,4,0.3761609,0,0.5,S,1.6
5,4,0.4644985,0,0.5,S,1.4
5,4,0.2821467,1,0.8,S,0.9
5,4,0.2882061,1,0.7,S,1.1
5,4,0.2665478,1,0.7,S,0.9
5,4,0.2673303,1,0.5,S,1.3
5,4,0.2770544,1,0.6,S,2.3
5,4,0.2451362,1,0.8,S,1.8
5,4,0.272873,1,0.8,S,1.1
5,4,0.5681473,0,0.3,S,1.4
5,4,0.310669,1,0.4,S,1.9
5,4,0.1703233,1,0.8,S,0.9
6,1,0.3260343,1,0.5,S,2.1
6,1,0.37567,0,0.3,S,1.6
6,1,0.2518773,1,0.8,S,1.9
6,1,0.4001809,0,0.4,S,0.9
6,1,0.3159805,1,0.6,S,1.4
6,1,0.3209103,0,0.2,S,0.9
6,1,0.2411199,1,0.7,S,2.3
6,1,0.2375072,1,0.7,S,1.6
6,1,0.3200678,1,0.5,S,1.4
6,1,0.2213121,1,0.6,S,1.3
6,1,0.4182632,0,0.4,S,2.3
6,1,0.5198311,0,0.4,S,1.6
6,1,0.212052,1,0.8,S,1.1
6,1,0.5636692,0,0.4,S,2.1
6,1,0.4757626,0,0.5,S,1.6
6,1,0.33668,0,0.2,S,1.8
6,1,0.3202383,1,0.6,S,2.1
6,1,0.9273003,0,0.4,S,2.3
6,1,0.7204524,1,0.5,S,2.3
6,1,0.2282869,1,0.6,S,1.4
6,1,0.1944527,1,0.7,S,1.3
6,1,0.6402877,1,0.5,S,0.9
6,1,0.2626356,1,0.6,S,2.3
6,1,0.207237,1,0.7,S,1.8
6,1,0.174392,1,0.8,S,1.4
6,1,0.3534127,0,0.2,S,1.6
6,1,0.3935249,0,0.2,S,0.9
6,1,0.4575475,0,0.3,S,1.6
6,1,0.2113136,1,0.8,S,1.3
6,1,0.3353989,0,0.2,S,0.9
6,1,0.2494249,1,0.8,S,1.9
6,1,0.4574304,0,0.4,S,1.3
6,1,0.2714179,1,0.8,S,0.9
6,1,0.5517403,0,0.4,S,1.8
6,1,0.4002089,1,0.7,S,1.9
6,1,0.2892456,0,0.3,S,1.3
6,1,0.2202219,1,0.7,S,1.6
6,1,0.2472301,1,0.5,S,1.3
6,1,0.9111952,1,0.6,S,1.8
6,1,0.5142483,0,0.2,S,2.1
6,1,0.22752,1,0.7,S,1.9
6,1,0.5452595,0,0.4,S,1.4
6,1,0.390265,0,0.2,S,1.9
6,1,0.2953505,1,0.6,S,2.1
6,1,0.3594827,0,0.2,S,1.1
6,1,0.3441335,0,0.2,S,0.9
6,1,0.310257,0,0.2,S,1.6
6,1,0.2608718,0,0.3,S,1.1
6,1,0.6965583,0,0.4,S,1.1
6,1,0.2743276,1,0.6,S,1.1
6,1,0.5623184,0,0.4,S,1.6
6,1,0.4972361,0,0.2,S,1.1
6,1,0.2171151,1,0.8,S,1.8
6,1,0.2612595,1,0.5,S,1.3
6,1,0.5153645,1,0.6,S,1.9
6,1,0.4070678,0,0.4,S,1.6
6,1,0.4551198,1,0.6,S,2.3
6,1,0.6021316,0,0.4,S,1.6
6,1,0.1872584,1,0.7,S,1.8
6,1,0.2584287,1,0.7,S,1.4
6,1,0.4692582,1,0.7,S,1.4
6,1,0.1487389,1,0.8,S,1.9
6,1,0.4915124,1,0.5,S,0.9
6,1,0.3313754,0,0.2,S,2.3
6,1,0.2249797,1,0.6,S,1.3
6,1,0.4330734,0,0.4,S,1.9
6,1,0.4085611,0,0.4,S,1.1
6,1,0.3689003,0,0.3,S,1.3
6,1,0.3853913,0,0.2,S,1.4
6,1,0.197364,1,0.7,S,1.8
6,1,0.2671832,1,0.7,S,1.4
6,1,0.4115337,0,0.4,S,2.1
6,1,0.4885828,0,0.4,S,2.3
6,1,0.2743462,1,0.6,S,1.4
6,1,0.3231434,1,0.5,S,1.1
6,1,0.3672806,0,0.2,S,2.3
6,1,0.5101678,0,0.4,S,1.8
6,1,1.1231528,1,0.6,S,1.3
6,1,0.3594796,0,0.2,S,2.1
6,1,0.0821877,1,0.8,S,1.8
6,2,0.1626188,1,0.8,S,2.3
6,2,0.3842802,1,0.7,S,1.8
6,2,0.6911475,0,0.4,S,1.1
6,2,0.2544522,1,0.6,S,1.1
6,2,0.4531218,0,0.2,S,1.8
6,2,0.2313391,1,0.7,S,1.6
6,2,0.3258896,0,0.2,S,1.6
6,2,0.2103755,1,0.8,S,2.3
6,2,0.3692572,0,0.3,S,1.1
6,2,0.3101772,1,0.7,S,1.3
6,2,0.2182013,1,0.7,S,1.3
6,2,0.3473201,0,0.3,S,1.4
6,2,0.2640361,1,0.7,S,1.9
6,2,0.6323219,0,0.3,S,1.8
6,2,0.8972908,0,0.5,S,1.3
6,2,0.3202231,0,0.5,S,1.8
6,2,0.2743617,1,0.7,S,1.8
6,2,0.6452964,0,0.3,S,1.8
6,2,0.4493098,0,0.5,S,2.3
6,2,0.6103267,1,0.5,S,0.9
6,2,0.3981641,1,0.7,S,1.6
6,2,0.3778301,0,0.6,S,1.8
6,2,0.4723386,0,0.4,S,1.1
6,2,0.4991995,0,0.5,S,1.1
6,2,0.3843771,0,0.5,S,1.9
6,2,0.3475826,0,0.5,S,2.1
6,2,0.2622748,1,0.8,S,1.3
6,2,0.4553508,0,0.4,S,1.9
6,2,0.2733487,1,0.8,S,1.3
6,2,0.5097046,0,0.7,S,1.4
6,2,0.4594313,0,0.5,S,2.3
6,2,0.499299,0,0.6,S,2.1
6,2,0.3498079,0,0.3,S,1.1
6,2,0.4303707,0,0.6,S,0.9
6,2,0.3313564,1,0.6,S,2.3
6,2,0.2441473,1,0.7,S,1.8
6,2,0.3451998,0,0.4,S,1.6
6,2,0.2571686,1,0.7,S,1.8
6,2,0.3440913,0,0.3,S,2.1
6,2,0.3622962,0,0.2,S,1.1
6,2,0.8651932,1,0.6,S,2.3
6,2,0.2844686,1,0.7,S,1.1
6,2,0.2360424,1,0.7,S,1.1
6,2,0.3315817,0,0.4,S,1.8
6,2,0.615235,1,0.7,S,1.9
6,2,0.4736987,0,0.6,S,2.1
6,2,0.3620541,0,0.3,S,1.8
6,2,0.2223192,1,0.8,S,1.6
6,2,0.2692144,1,0.8,S,1.1
6,2,0.3533717,0,0.2,S,1.1
6,2,0.5753337,0,0.6,S,1.4
6,2,0.3492337,0,0.6,S,0.9
6,2,0.2340861,1,0.7,S,1.6
6,2,0.3443377,0,0.2,S,1.8
6,2,0.3915707,0,0.2,S,1.6
6,2,0.5722703,0,0.5,S,1.8
6,2,0.359248,0,0.4,S,0.9
6,2,0.3642911,0,0.3,S,1.9
6,2,0.3712966,0,0.5,S,1.9
6,2,0.2809401,1,0.8,S,1.1
6,2,0.2675247,1,0.7,S,1.3
6,2,0.4401945,0,0.5,S,1.8
6,2,0.3531976,0,0.2,S,1.3
6,2,0.4732523,1,0.7,S,1.9
6,2,0.3192905,0,0.2,S,1.3
6,2,0.6796334,1,0.6,S,2.1
6,2,0.3635932,0,0.2,S,1.9
6,2,0.2924038,0,0.2,S,1.8
6,2,0.3275396,0,0.4,S,1.1
6,2,0.229105,1,0.8,S,1.1
6,2,0.4081849,1,0.6,S,0.9
6,2,0.2652068,1,0.8,S,1.1
6,2,0.4982061,0,0.4,S,0.9
6,2,0.6895684,0,0.5,S,1.4
6,2,0.3421983,0,0.2,S,1.6
6,2,0.3948528,1,0.6,S,2.1
6,2,0.2835652,1,0.7,S,1.1
6,2,0.1952009,1,0.8,S,1.6
6,2,0.1405707,1,0.8,S,0.9
6,3,0.4569488,0,0.3,S,0.9
6,3,0.1682843,1,0.8,S,1.3
6,3,0.7981213,0,0.5,S,2.1
6,3,0.570169,1,0.5,S,1.4
6,3,0.3451377,0,0.3,S,1.8
6,3,0.5725245,1,0.5,S,1.6
6,3,0.463668,0,0.2,S,1.6
6,3,0.3120745,0,0.3,S,1.3
6,3,0.5372402,1,0.5,S,1.4
6,3,0.2730097,1,0.7,S,1.8
6,3,0.5592295,0,0.5,S,2.1
6,3,0.3420462,1,0.5,S,1.9
6,3,0.2466516,1,0.7,S,2.1
6,3,0.2092953,1,0.7,S,0.9
6,3,0.2816514,1,0.6,S,0.9
6,3,0.4385161,0,0.3,S,2.3
6,3,0.2764678,1,0.7,S,0.9
6,3,0.3874735,0,0.2,S,1.1
6,3,0.2503788,1,0.6,S,1.9
6,3,0.2422002,1,0.8,S,1.3
6,3,0.4183628,0,0.3,S,1.6
6,3,0.3249714,0,0.4,S,1.9
6,3,0.3597992,0,0.2,S,0.9
6,3,0.5762862,0,0.4,S,2.1
6,3,0.4444117,1,0.5,S,1.4
6,3,0.3261324,1,0.5,S,2.3
6,3,0.3451815,0,0.2,S,1.3
6,3,0.2081156,1,0.6,S,1.4
6,3,0.2199395,1,0.7,S,1.9
6,3,0.4425761,1,0.5,S,1.6
6,3,0.2161898,1,0.6,S,1.4
6,3,0.1285259,1,0.7,S,1.1
6,3,0.2428445,1,0.5,S,1.6
6,3,0.1566126,1,0.7,S,2.1
6,3,0.3744639,0,0.3,S,2.1
6,3,0.4925919,1,0.6,S,1.9
6,3,0.4992978,1,0.5,S,2.1
6,3,0.1162457,1,0.8,S,2.1
6,3,0.6059807,0,0.3,S,2.3
6,3,0.4173947,0,0.3,S,2.3
6,3,0.3444992,0,0.2,S,1.3
6,3,0.2602502,1,0.6,S,2.3
6,3,0.3911308,0,0.4,S,2.1
6,3,0.23224,1,0.6,S,1.3
6,3,0.3495796,0,0.2,S,1.1
6,3,0.3695401,0,0.3,S,2.3
6,3,0.1483233,1,0.8,S,2.3
6,3,0.1436134,1,0.8,S,0.9
6,3,0.4264408,0,0.3,S,1.9
6,3,0.4423316,0,0.2,S,1.6
6,3,0.4261667,1,0.2,S,2.1
6,3,0.2324589,1,0.7,S,1.6
6,3,0.5474614,1,0.8,S,1.1
6,3,0.2144061,1,0.7,S,2.3
6,3,0.2889562,1,0.6,S,0.9
6,3,0.441208,0,0.5,S,1.1
6,3,0.4733165,0,0.3,S,1.4
6,3,0.6331467,0,0.4,S,2.3
6,3,0.4594552,0,0.4,S,1.6
6,3,0.4193193,0,0.4,S,1.8
6,3,0.869506,1,0.4,S,1.8
6,3,0.2955278,1,0.6,S,1.1
6,3,0.4336253,0,0.5,S,1.3
6,3,0.2457051,1,0.7,S,1.1
6,3,1.3281814,0,0.3,S,1.9
6,3,0.1743661,1,0.8,S,1.8
6,3,0.257591,1,0.7,S,0.9
6,3,0.3660297,0,0.3,S,1.6
6,3,0.4786689,0,0.4,S,1.8
6,3,0.4071264,0,0.3,S,2.1
6,3,0.2662164,1,0.6,S,1.1
6,3,0.3495662,1,0.5,S,0.9
6,3,0.4571881,0,0.4,S,2.1
6,3,0.3781865,0,0.4,S,2.3
6,3,0.2870372,1,0.7,S,1.8
6,4,0.2333993,1,0.8,S,1.3
6,4,0.1556268,1,0.8,S,1.4
6,4,0.4463745,0,0.4,S,1.9
6,4,0.1223932,1,0.8,S,2.3
6,4,0.3398741,0,0.5,S,0.9
6,4,0.4473761,0,0.2,S,2.1
6,4,0.5973339,0,0.5,S,1.3
6,4,0.2530648,1,0.7,S,1.8
6,4,0.3782517,0,0.3,S,1.6
6,4,0.8205079,0,0.5,S,1.1
6,4,0.469329,0,0.5,S,1.6
6,4,0.5703865,0,0.5,S,1.1
6,4,0.4322051,0,0.4,S,1.1
6,4,0.6475582,1,0.7,S,2.1
6,4,0.4823259,0,0.2,S,2.1
6,4,0.3745898,0,0.2,S,1.1
6,4,0.3212924,0,0.2,S,2.3
6,4,0.2844428,1,0.6,S,1.3
6,4,0.3549298,0,0.4,S,0.9
6,4,0.6455762,0,0.6,S,2.1
6,4,1.0707705,0,0.5,S,2.1
6,4,0.4093415,0,0.4,S,1.6
6,4,0.228353,1,0.8,S,1.6
6,4,0.3642482,1,0.6,S,2.3
6,4,0.4670753,1,0.6,S,2.3
6,4,0.3674258,0,0.2,S,1.4
6,4,0.2326068,1,0.7,S,2.3
6,4,0.2243376,1,0.7,S,0.9
6,4,0.4083195,0,0.4,S,1.1
6,4,0.2163068,1,0.8,S,1.4
6,4,0.5101972,0,0.3,S,1.6
6,4,0.4892779,1,0.6,S,1.6
6,4,0.4044058,0,0.3,S,1.6
6,4,0.6071546,1,0.6,S,1.4
6,4,0.4923162,0,0.2,S,2.1
6,4,0.4544036,0,0.2,S,1.9
6,4,0.5102861,0,0.4,S,1.6
6,4,0.5276249,1,0.5,S,0.9
6,4,0.2314339,1,0.7,S,2.3
6,4,0.1653382,1,0.8,S,1.8
6,4,0.4504579,0,0.5,S,1.9
6,4,0.3859369,1,0.6,S,1.4
6,4,0.394111,1,0.7,S,1.6
6,4,0.6111932,0,0.4,S,2.1
6,4,0.2602554,1,0.8,S,2.1
6,4,0.5768189,0,0.4,S,1.1
6,4,0.7542486,1,0.6,S,1.9
6,4,0.5332429,0,0.3,S,2.1
6,4,0.3741511,1,0.8,S,2.1
6,4,0.3462982,1,0.6,S,1.4
6,4,0.2431011,1,0.8,S,1.4
6,4,0.257173,1,0.8,S,1.1
6,4,0.2704275,1,0.6,S,1.8
6,4,0.193165,1,0.8,S,1.8
6,4,0.5673781,1,0.5,S,1.9
6,4,0.2373417,1,0.8,S,1.3
6,4,0.227353,1,0.8,S,2.3
6,4,0.2033614,1,0.8,S,2.3
6,4,0.9210801,0,0.4,S,1.1
6,4,0.4743677,0,0.4,S,1.1
6,4,0.3994686,0,0.2,S,2.1
6,4,0.4894443,0,0.4,S,2.3
6,4,1.1179859,0,0.3,S,1.8
6,4,0.7533137,0,0.4,S,1.8
6,4,0.2016732,1,0.8,S,2.1
6,4,0.3563037,0,0.3,S,1.9
6,4,0.2720511,0,0.5,S,2.3
6,4,0.3712624,0,0.2,S,1.1
6,4,0.2439818,1,0.8,S,1.6
6,4,0.3913584,0,0.5,S,1.4
6,4,0.2318908,1,0.8,S,1.6
6,4,0.4554648,0,0.5,S,0.9
6,4,0.2702229,1,0.7,S,1.1
6,4,0.3823828,0,0.2,S,1.1
6,4,0.3633016,0,0.3,S,1.4
6,4,0.3693889,0,0.3,S,1.6
6,4,0.4655301,0,0.3,S,0.9
6,4,0.3521518,0,0.3,S,1.9
7,1,0.0787327000000002,1,0.6,S,1.8
7,1,0.4567123,0,0.3,S,1.8
7,1,0.4789583,0,0.3,S,1.3
7,1,0.5054975,0,0.3,S,1.6
7,1,0.060724,1,0.8,S,1.9
7,1,0.3904432,0,0.6,S,1.6
7,1,0.3484365,0,0.4,S,0.9
7,1,0.3633702,0,0.3,S,1.3
7,1,0.4959583,0,0.2,S,0.9
7,1,0.1809909,1,0.8,S,1.9
7,1,0.3482999,0,0.4,S,1.4
7,1,0.4370093,0,0.3,S,1.6
7,1,0.3159705,0,0.4,S,2.1
7,1,0.3642183,0,0.3,S,1.9
7,1,0.5589592,0,0.2,S,2.3
7,1,0.4372347,0,0.4,S,1.8
7,1,0.2002262,1,0.6,S,1.1
7,1,0.3775747,0,0.5,S,1.4
7,1,0.2664617,1,0.7,S,1.3
7,1,0.5170712,0,0.7,S,2.1
7,1,0.4681558,0,0.4,S,2.3
7,1,0.2474169,1,0.7,S,1.8
7,1,0.5497605,0,0.2,S,1.8
7,1,0.3221217,1,0.7,S,1.8
7,1,0.4792557,0,0.4,S,1.4
7,1,0.490378,0,0.5,S,1.3
7,1,0.4451789,0,0.3,S,1.4
7,1,0.2564145,1,0.7,S,1.1
7,1,0.1924827,1,0.7,S,1.8
7,1,0.3111524,1,0.7,S,2.1
7,1,0.3742298,0,0.4,S,1.4
7,1,0.4830813,0,0.4,S,1.3
7,1,0.8565106,0,0.3,S,0.9
7,1,0.4773028,0,0.4,S,1.4
7,1,0.4765461,0,0.6,S,1.1
7,1,0.5192704,0,0.3,S,1.8
7,1,0.4292954,0,0.3,S,1.8
7,1,0.6121968,0,0.5,S,0.9
7,1,0.5891677,0,0.2,S,0.9
7,1,0.2722224,1,0.6,S,1.6
7,1,0.4406185,0,0.4,S,1.8
7,1,0.409346,0,0.5,S,1.8
7,1,0.1945456,1,0.8,S,1.9
7,1,0.2745005,1,0.7,S,0.9
7,1,0.4220974,0,0.2,S,2.1
7,1,0.5981253,0,0.4,S,1.3
7,1,0.0749325999999999,1,0.7,S,1.9
7,1,0.1002434,1,0.7,S,1.4
7,1,0.4686188,1,0.5,S,1.9
7,1,0.7582444,1,0.7,S,1.9
7,1,0.4704951,0,0.4,S,1.4
7,1,0.2426029,1,0.8,S,2.3
7,1,0.6163972,0,0.2,S,0.9
7,1,0.4062946,1,0.5,S,1.9
7,1,0.6490762,0,0.5,S,1.8
7,1,0.4822203,0,0.4,S,1.6
7,1,0.6043434,0,0.5,S,1.6
7,1,0.8099597,1,0.6,S,0.9
7,1,0.5031591,0,0.2,S,1.4
7,1,0.4024029,1,0.8,S,0.9
7,1,0.3549202,1,0.5,S,1.8
7,1,0.5629578,1,0.4,S,0.9
7,1,0.508176,0,0.3,S,1.3
7,1,0.4233158,1,0.5,S,2.3
7,1,0.4872303,1,0.5,S,1.4
7,1,0.4641234,1,0.5,S,1.1
7,1,0.6362459,0,0.4,S,1.4
7,1,0.3252624,1,0.5,S,1.8
7,1,0.3585664,1,0.4,S,1.3
7,1,0.5631407,1,0.4,S,1.6
7,1,0.2871277,1,0.6,S,2.1
7,2,0.5929553,0,0.2,S,1.4
7,2,0.3373742,1,0.5,S,1.4
7,2,0.6619708,0,0.3,S,1.3
7,2,0.5706456,1,0.4,S,1.6
7,2,0.4373385,1,0.3,S,1.4
7,2,0.6124372,0,0.2,S,1.8
7,2,0.7033338,0,0.2,S,1.8
7,2,0.5240168,0,0.2,S,0.9
7,2,0.208193,1,0.7,S,1.3
7,2,0.3625729,1,0.4,S,0.9
7,2,0.342326,1,0.6,S,2.3
7,2,0.2252013,1,0.7,S,2.1
7,2,0.3168676,1,0.5,S,1.4
7,2,0.2881682,1,0.7,S,1.4
7,2,0.6750669,1,0.5,S,0.9
7,2,0.5525021,0,0.2,S,1.8
7,2,0.6042495,0,0.2,S,1.9
7,2,0.2215181,1,0.8,S,2.3
7,2,0.6262461,1,0.4,S,1.3
7,2,0.234257,1,0.8,S,1.3
7,2,0.2754149,1,0.6,S,1.6
7,2,0.2382621,1,0.8,S,1.6
7,2,0.5603252,0,0.3,S,2.1
7,2,0.1582025,1,0.8,S,0.9
7,2,0.2780754,1,0.8,S,0.9
7,2,0.495952,1,0.5,S,1.1
7,2,0.5054302,1,0.5,S,1.6
7,2,0.3494384,1,0.6,S,1.6
7,2,0.3141353,1,0.6,S,2.3
7,2,0.6302307,0,0.2,S,1.8
7,2,0.6071739,0,0.4,S,1.1
7,2,0.3222564,1,0.7,S,1.6
7,2,0.570437,0,0.2,S,2.3
7,2,0.3324952,1,0.7,S,1.4
7,2,0.6242503,0,0.4,S,1.8
7,2,0.4582238,1,0.5,S,1.8
7,2,0.4251298,1,0.5,S,2.1
7,2,0.3791268,1,0.6,S,2.1
7,2,0.5074446,0,0.4,S,1.6
7,2,0.2383395,1,0.8,S,2.3
7,2,0.5591198,1,0.7,S,1.6
7,2,0.5082416,0,0.3,S,1.6
7,2,0.3296989,1,0.7,S,2.1
7,2,0.7702323,1,0.4,S,2.3
7,2,0.6040156,0,0.4,S,0.9
7,2,0.5335509,0,0.2,S,1.4
7,2,0.2528961,1,0.8,S,1.6
7,2,0.6742212,0,0.2,S,1.4
7,2,0.4761312,0,0.4,S,1.3
7,2,0.3258368,1,0.7,S,1.1
7,2,0.7194843,0,0.5,S,1.8
7,2,0.3713075,1,0.6,S,1.4
7,2,0.2351773,1,0.8,S,1.1
7,2,0.2751114,1,0.8,S,2.1
7,2,0.2555585,1,0.7,S,1.6
7,2,0.5696396,1,0.5,S,1.3
7,2,0.5881198,1,0.7,S,0.9
7,2,0.5312513,0,0.3,S,0.9
7,2,0.3482679,1,0.5,S,1.6
7,2,0.2603974,1,0.6,S,2.3
7,2,0.5998078,1,0.4,S,1.4
7,2,0.9087527,1,0.3,S,1.3
7,2,1.3424159,0,0.2,S,2.1
7,2,0.5684111,0,0.4,S,0.9
7,2,0.6580423,1,0.5,S,0.9
7,2,0.3251114,1,0.7,S,1.3
7,2,0.3472422,1,0.5,S,1.6
7,2,0.4732279,0,0.3,S,1.9
7,2,0.5332281,0,0.2,S,1.9
7,2,0.7594113,1,0.4,S,1.6
7,2,1.0208618,1,0.4,S,2.3
7,2,0.3277096,1,0.7,S,1.1
7,3,0.5007094,1,0.6,S,1.4
7,3,0.2862865,1,0.5,S,1.6
7,3,0.2624596,1,0.6,S,0.9
7,3,0.3131281,1,0.6,S,1.9
7,3,0.1065083,1,0.8,S,1.1
7,3,0.6091085,0,0.3,S,1.9
7,3,0.9373432,1,0.3,S,1.8
7,3,0.298072,1,0.7,S,2.1
7,3,0.3591737,1,0.5,S,1.6
7,3,0.5492688,0,0.3,S,1.1
7,3,0.6522699,0,0.3,S,1.3
7,3,0.2842431,1,0.7,S,1.8
7,3,0.4500033,1,0.3,S,1.6
7,3,0.0633722000000003,1,0.8,S,1.6
7,3,0.6073613,0,0.2,S,1.4
7,3,0.4712015,1,0.5,S,1.9
7,3,0.6103505,1,0.7,S,1.9
7,3,0.2223124,1,0.8,S,2.1
7,3,0.3562489,1,0.5,S,1.6
7,3,0.5552053,0,0.2,S,1.8
7,3,0.2753052,1,0.8,S,1.6
7,3,0.3432954,1,0.6,S,2.1
7,3,0.5736696,0,0.2,S,2.1
7,3,0.2930625,1,0.6,S,0.9
7,3,0.5465285,0,0.2,S,1.6
7,3,0.555067,1,0.5,S,2.1
7,3,0.2581287,1,0.8,S,1.9
7,3,0.6032215,0,0.2,S,2.3
7,3,0.3192224,1,0.8,S,1.6
7,3,0.5092219,1,0.7,S,2.3
7,3,0.3904232,1,0.7,S,1.6
7,3,0.6043518,0,0.4,S,1.8
7,3,0.4341373,1,0.8,S,1.1
7,3,0.7100321,0,0.4,S,1.3
7,3,0.6305258,0,0.3,S,1.9
7,3,0.662205,0,0.4,S,2.1
7,3,0.519176,0,0.2,S,1.1
7,3,0.3784976,1,0.6,S,1.6
7,3,0.26603,1,0.7,S,1.3
7,3,0.4364887,1,0.6,S,0.9
7,3,0.2321344,1,0.8,S,1.1
7,3,0.4333001,1,0.6,S,2.1
7,3,0.265176,1,0.8,S,1.8
7,3,0.7431304,0,0.4,S,2.3
7,3,0.275946,1,0.8,S,2.3
7,3,0.4902547,1,0.5,S,1.1
7,3,0.3302203,1,0.6,S,1.9
7,3,0.3352054,1,0.6,S,1.3
7,3,0.4842035,0,0.4,S,0.9
7,3,0.5789155,0,0.3,S,1.8
7,3,0.4525277,1,0.5,S,0.9
7,3,0.5080649,0,0.2,S,1.6
7,3,0.5310181,1,0.5,S,1.1
7,3,0.5739727,0,0.2,S,0.9
7,3,0.3354474,1,0.7,S,1.3
7,3,0.9804358,1,0.4,S,2.3
7,3,0.4459311,1,0.4,S,0.9
7,3,0.1475922,1,0.8,S,2.1
7,3,0.8572466,0,0.5,S,2.1
7,3,0.6094075,0,0.2,S,1.8
7,3,0.3393955,1,0.7,S,1.9
7,3,0.2805215,1,0.8,S,1.9
7,3,0.5713637,0,0.2,S,1.4
7,3,0.7292459,0,0.2,S,1.3
7,3,0.3412863,1,0.7,S,1.1
7,3,0.8024419,0,0.3,S,0.9
7,3,0.5730966,0,0.3,S,2.3
7,3,0.3121112,1,0.7,S,1.4
7,3,0.5091687,0,0.2,S,1.8
7,4,0.6941485,1,0.4,S,2.3
7,4,0.5511495,1,0.4,S,1.9
7,4,0.3943953,1,0.6,S,2.3
7,4,0.795967,0,0.2,S,1.4
7,4,0.2831105,1,0.6,S,0.9
7,4,0.3272022,1,0.7,S,1.4
7,4,1.0068532,0,0.2,S,2.1
7,4,0.335268,1,0.8,S,1.6
7,4,0.9106466,0,0.4,S,2.3
7,4,0.8413635,1,0.3,S,1.4
7,4,0.4384689,1,0.5,S,2.1
7,4,0.6521073,0,0.2,S,1.8
7,4,0.52527,1,0.3,S,1.1
7,4,0.2938251,1,0.7,S,0.9
7,4,0.655404,0,0.2,S,2.1
7,4,0.3542101,1,0.7,S,2.1
7,4,0.3340091,1,0.6,S,1.1
7,4,0.5303898,1,0.5,S,1.9
7,4,0.3816274,1,0.7,S,2.1
7,4,0.2460164,1,0.8,S,2.1
7,4,0.507257,0,0.2,S,0.9
7,4,0.3902146,1,0.6,S,1.4
7,4,0.6113807,0,0.3,S,0.9
7,4,0.69627,0,0.3,S,0.9
7,4,0.7283468,0,0.2,S,1.3
7,4,0.2644584,1,0.7,S,1.3
7,4,0.576232,1,0.7,S,1.1
7,4,0.6965616,0,0.2,S,1.3
7,4,0.6474787,0,0.2,S,1.1
7,4,0.3084151,1,0.8,S,1.1
7,4,1.0211438,1,0.3,S,2.3
7,4,0.6269673,0,0.2,S,2.1
7,4,0.6446675,0,0.2,S,1.3
7,4,0.6693014,1,0.4,S,1.6
7,4,0.2737459,1,0.8,S,1.9
7,4,0.2217544,1,0.8,S,0.9
7,4,0.5702015,0,0.2,S,1.4
7,4,0.7652182,0,0.3,S,1.8
7,4,0.5272247,0,0.2,S,1.1
7,4,0.4464562,1,0.5,S,1.8
7,4,0.2602411,1,0.7,S,2.3
7,4,0.2518826,1,0.8,S,2.3
7,4,0.3140059,1,0.7,S,1.9
7,4,0.596053,0,0.3,S,1.6
7,4,0.3366502,1,0.6,S,1.3
7,4,1.039233,0,0.2,S,1.4
7,4,0.6429715,0,0.4,S,1.3
7,4,0.5302238,1,0.5,S,1.1
7,4,0.5523495,0,0.2,S,1.1
7,4,0.4943464,1,0.8,S,1.3
7,4,0.2972184,1,0.8,S,0.9
7,4,0.5686408,0,0.2,S,2.1
7,4,0.4537329,1,0.4,S,1.6
7,4,0.5463766,0,0.2,S,1.4
7,4,0.3741481,1,0.8,S,1.1
7,4,0.267212,1,0.8,S,0.9
7,4,0.3093183,1,0.7,S,1.9
7,4,0.4755349,1,0.5,S,1.3
7,4,0.5843248,0,0.2,S,1.8
7,4,0.431327,1,0.6,S,1.4
7,4,0.6996375,1,0.6,S,2.3
7,4,0.5751926,0,0.2,S,2.3
7,4,0.7583468,0,0.2,S,2.3
7,4,0.4275338,1,0.7,S,1.9
7,4,0.8341242,0,0.3,S,1.9
7,4,0.6101024,0,0.4,S,1.3
7,4,0.5342913,0,0.2,S,1.1
7,4,0.4641909,0,0.2,S,1.4
7,4,0.5295807,0,0.3,S,1.8
7,4,0.3489121,1,0.5,S,0.9
7,4,0.5172053,1,0.4,S,1.8
7,4,0.3410494,1,0.7,S,1.1
7,4,0.4866462,1,0.4,S,1.8
7,4,0.4812823,0,0.3,S,2.1
7,4,0.3320458,1,0.7,S,2.1
7,4,0.8211756,1,0.4,S,2.3
7,4,0.1204789,1,0.8,S,1.6
7,4,0.3252877,1,0.7,S,0.9
7,4,0.5232726,0,0.2,S,1.6
7,4,0.5640104,0,0.3,S,1.6
7,4,0.5239756,0,0.3,S,1.8
7,4,0.6262913,1,0.5,S,2.1
7,4,0.3749697,1,0.7,S,0.9
8,1,0.8390858,1,0.4,S,1.4
8,1,0.615961,0,0.2,S,1.1
8,1,0.3960089,1,0.6,S,1.8
8,1,0.2889546,1,0.6,S,1.1
8,1,0.6660635,1,0.3,S,0.9
8,1,0.9389623,0,0.3,S,0.9
8,1,0.5633467,1,0.7,S,1.8
8,1,0.4132366,1,0.7,S,1.4
8,1,0.6848827,0,0.3,S,2.3
8,1,1.5990207,0,0.5,S,1.1
8,1,0.5649862,0,0.3,S,1.4
8,1,0.6709294,0,0.2,S,1.9
8,1,1.2318533,1,0.8,S,2.3
8,1,1.1978743,1,0.7,S,1.1
8,1,1.2480738,0,0.8,S,2.1
8,1,0.8129172,0,0.5,S,1.6
8,1,0.7069648,0,0.2,S,2.1
8,1,0.5849479,0,0.7,S,2.1
8,1,0.9952902,1,0.7,S,2.3
8,1,0.853607,0,0.7,S,2.1
8,1,1.5500362,1,0.8,S,2.1
8,1,1.5308782,0,0.7,S,2.1
8,1,1.9210687,1,0.7,S,1.9
8,1,0.9288623,0,0.4,S,1.8
8,1,1.201035,0,0.6,S,1.6
8,1,0.9486978,0,0.6,S,1.1
8,1,0.6469334,0,0.2,S,2.3
8,1,0.7398868,0,0.4,S,1.3
8,1,1.3787384,1,0.7,S,1.9
8,1,0.6525045,1,0.8,S,1.9
8,1,1.042695,0,0.7,S,1.8
8,1,0.6018144,0,0.6,S,1.3
8,1,0.6216312,0,0.5,S,0.9
8,1,0.3900468,0,0.3,S,1.9
8,1,0.5359936,0,0.2,S,1.3
8,1,0.483034,1,0.4,S,1.6
8,1,0.8717696,0,0.7,S,1.4
8,1,0.5427537,0,0.3,S,2.3
8,1,0.7631176,0,0.8,S,2.3
8,1,0.335554,1,0.8,S,1.9
8,1,1.6477249,0,0.7,S,1.3
8,1,0.3060719,0,0.7,S,1.1
8,1,0.6488142,0,0.3,S,2.1
8,1,0.6340084,0,0.2,S,0.9
8,1,0.3908832,0,0.4,S,1.8
8,1,0.9709973,1,0.8,S,1.8
8,1,1.0991619,0,0.8,S,2.3
8,1,0.669273,0,0.4,S,1.4
8,1,0.4670248,0,0.4,S,1.9
8,1,0.6973006,0,0.4,S,1.9
8,1,0.4250209,1,0.8,S,1.9
8,1,0.473124,0,0.3,S,1.3
8,1,0.5867271,0,0.4,S,1.1
8,1,0.5230219,0,0.7,S,1.4
8,1,1.1569263,0,0.7,S,1.6
8,1,0.4988633,0,0.5,S,1.3
8,1,1.4532975,1,0.7,S,1.4
8,1,0.5711973,0,0.2,S,1.9
8,1,0.626713,0,0.6,S,2.1
8,1,0.9149347,0,0.4,S,2.3
8,1,0.8476432,0,0.3,S,1.3
8,1,0.5797318,0,0.3,S,1.1
8,1,2.2317917,0,0.3,S,0.9
8,1,0.7010431,0,0.6,S,1.8
8,1,0.3150915,1,0.7,S,2.1
8,1,0.7875187,1,0.5,S,1.3
8,1,0.5520246,0,0.8,S,2.1
8,1,0.9138636,0,0.3,S,1.9
8,2,0.7301504,0,0.2,S,1.6
8,2,0.4003258,1,0.8,S,1.3
8,2,1.1409601,1,0.5,S,1.8
8,2,0.3058024,0,0.5,S,0.9
8,2,0.3502601,1,0.7,S,1.4
8,2,0.8239294,1,0.3,S,2.1
8,2,0.7748147,1,0.7,S,1.6
8,2,0.8219714,1,0.4,S,1.9
8,2,0.6989788,1,0.6,S,1.8
8,2,0.3940514,1,0.6,S,1.3
8,2,0.9632749,1,0.6,S,1.6
8,2,0.3208427,1,0.8,S,2.1
8,2,0.3011722,1,0.6,S,1.4
8,2,0.2389141,1,0.8,S,1.4
8,2,0.4467932,1,0.5,S,1.6
8,2,0.5481309,0,0.2,S,1.9
8,2,0.4389839,1,0.7,S,1.9
8,2,1.0916549,1,0.6,S,1.4
8,2,0.3290351,1,0.6,S,0.9
8,2,0.4838381,0,0.3,S,1.3
8,2,0.6868245,1,0.6,S,1.6
8,2,1.2719655,0,0.4,S,1.4
8,2,0.242963,1,0.6,S,1.6
8,2,0.5248707,0,0.2,S,1.4
8,2,0.8147898,0,0.6,S,1.6
8,2,0.3111427,1,0.3,S,1.4
8,2,0.8599754,0,0.5,S,2.1
8,2,0.3239083,1,0.3,S,1.8
8,2,0.417111,1,0.7,S,1.9
8,2,0.4949478,1,0.5,S,1.4
8,2,0.4529645,1,0.6,S,2.3
8,2,1.0168169,1,0.7,S,1.1
8,2,0.4541804,0,0.8,S,0.9
8,2,0.5488031,0,0.2,S,1.3
8,2,0.4907176,0,0.3,S,1.6
8,2,0.3511659,1,0.6,S,0.9
8,2,0.3658955,0,0.5,S,1.6
8,2,0.6592224,0,0.4,S,2.3
8,2,0.4989747,0,0.5,S,1.3
8,2,0.6367786,0,0.5,S,0.9
8,2,0.6058787,0,0.6,S,1.6
8,2,0.6630191,0,0.3,S,1.8
8,2,0.5598176,0,0.4,S,0.9
8,2,0.1686222,1,0.7,S,1.4
8,2,0.3358455,0,0.6,S,2.1
8,2,0.6920852,0,0.2,S,2.3
8,2,0.5633643,0,0.2,S,1.3
8,2,0.4990319,0,0.3,S,1.6
8,2,0.3941248,0,0.3,S,2.1
8,2,0.817925,0,0.4,S,1.9
8,2,0.417814,0,0.2,S,1.6
8,2,0.9969794,0,0.4,S,1.8
8,2,0.4190314,0,0.3,S,0.9
8,2,0.6901753,0,0.8,S,1.3
8,2,0.3669149,1,0.5,S,1.4
8,2,0.6074003,0,0.4,S,2.3
8,2,0.2632619,1,0.6,S,1.1
8,2,0.2159458,1,0.5,S,0.9
8,2,0.5849641,0,0.3,S,1.6
8,2,0.2987079,1,0.5,S,2.3
8,2,0.758212,0,0.4,S,1.4
8,2,0.4943182,0,0.8,S,2.3
8,2,0.3042356,1,0.4,S,1.4
8,2,0.5232486,0,0.4,S,2.1
8,2,0.3151902,0,0.7,S,1.3
8,2,0.2153157,1,0.5,S,1.1
8,2,0.5326897,0,0.3,S,1.6
8,2,0.3401501,1,0.3,S,1.9
8,2,0.398696,1,0.6,S,1.9
8,2,0.2370423,1,0.8,S,1.1
8,2,0.5950167,0,0.3,S,1.6
8,2,0.7598598,1,0.6,S,2.1
8,2,0.4109446,1,0.5,S,2.1
8,2,0.3268756,1,0.4,S,0.9
8,2,0.6300539,0,0.4,S,1.4
8,2,0.7708639,0,0.6,S,1.1
8,2,0.8108348,0,0.7,S,1.1
8,2,0.2761359,1,0.4,S,1.6
8,3,0.2130943,1,0.8,S,1.9
8,3,0.8089554,0,0.4,S,1.6
8,3,0.7086882,1,0.6,S,1.6
8,3,0.4913191,0,0.6,S,0.9
8,3,0.5775722,0,0.4,S,1.6
8,3,0.5664161,0,0.2,S,2.3
8,3,0.7179218,1,0.6,S,1.3
8,3,0.8274778,0,0.4,S,1.8
8,3,0.9612239,1,0.4,S,1.6
8,3,0.6042421,0,0.4,S,2.3
8,3,1.2095718,1,0.6,S,1.3
8,3,0.685281,0,0.3,S,1.9
8,3,0.7513453,0,0.3,S,1.4
8,3,0.4987124,1,0.5,S,1.3
8,3,0.6702617,1,0.6,S,1.4
8,3,0.3539176,1,0.7,S,1.3
8,3,0.6040147,0,0.2,S,2.3
8,3,0.97147,0,0.6,S,1.3
8,3,0.6882074,0,0.2,S,2.1
8,3,0.6084132,0,0.2,S,1.3
8,3,1.1908651,1,0.8,S,1.8
8,3,1.1868253,1,0.5,S,1.1
8,3,0.7878413,1,0.7,S,2.1
8,3,1.0289283,1,0.4,S,2.1
8,3,0.3661487,1,0.5,S,1.6
8,3,0.3471721,1,0.8,S,2.3
8,3,0.7617009,1,0.8,S,2.3
8,3,0.7539034,0,0.4,S,0.9
8,3,0.3820196,1,0.7,S,1.8
8,3,0.7528674,0,0.2,S,2.1
8,3,0.9883843,1,0.8,S,2.1
8,3,0.5858666,0,0.2,S,0.9
8,3,0.6385333,0,0.4,S,1.6
8,3,0.351628,1,0.8,S,1.4
8,3,0.3498746,1,0.5,S,1.1
8,3,0.4517643,1,0.4,S,2.1
8,3,0.3818534,1,0.7,S,2.3
8,3,1.007989,1,0.6,S,1.4
8,3,0.2931327,1,0.6,S,1.3
8,3,0.4561178,0,0.2,S,1.8
8,3,0.5279739,0,0.3,S,2.1
8,3,0.9258511,1,0.5,S,2.1
8,3,1.1059981,0,0.4,S,1.6
8,3,0.7190228,0,0.2,S,1.1
8,3,0.6709351,0,0.2,S,1.4
8,3,0.4248907,0,0.2,S,1.4
8,3,0.4395824,1,0.8,S,2.1
8,3,0.671767,0,0.5,S,1.1
8,3,0.5130505,0,0.5,S,2.3
8,3,0.4632074,1,0.8,S,2.3
8,3,0.7404113,0,0.4,S,1.6
8,3,0.646775,1,0.5,S,0.9
8,3,0.9151829,1,0.7,S,1.6
8,3,0.6750743,0,0.3,S,1.8
8,3,0.8513208,1,0.3,S,1.4
8,3,0.3154305,0,0.7,S,1.1
8,3,0.5389253,0,0.3,S,2.1
8,3,0.4518069,1,0.8,S,1.9
8,3,0.4403559,0,0.7,S,1.1
8,3,0.4261175,0,0.7,S,1.9
8,3,0.5351594,0,0.4,S,0.9
8,3,0.6620823,1,0.5,S,1.8
8,3,0.3410607,1,0.7,S,1.9
8,3,0.53289,0,0.5,S,2.3
8,3,0.8668869,0,0.5,S,1.3
8,3,0.639048,0,0.7,S,2.1
8,3,0.6102283,0,0.3,S,0.9
8,3,0.2500394,1,0.8,S,2.1
8,3,0.6576081,1,0.8,S,1.8
8,3,0.2641286,1,0.8,S,1.4
8,3,0.439043,0,0.2,S,1.1
8,4,0.7769116,1,0.4,S,2.1
8,4,0.7918062,0,0.2,S,1.9
8,4,0.7150317,0,0.4,S,1.6
8,4,0.5926543,1,0.4,S,2.1
8,4,0.2881012,1,0.8,S,2.3
8,4,0.3960752,1,0.7,S,1.4
8,4,1.0005459,0,0.4,S,1.1
8,4,0.509773,1,0.5,S,1.8
8,4,1.2467807,1,0.6,S,2.1
8,4,0.850703,1,0.7,S,1.6
8,4,0.5248768,0,0.3,S,1.3
8,4,1.1016701,0,0.8,S,1.4
8,4,1.9334441,0,0.7,S,1.8
8,4,1.615839,0,0.3,S,2.1
8,4,2.0479067,0,0.6,S,2.1
8,4,0.3232789,1,0.5,S,1.1
8,4,1.1451665,0,0.2,S,2.3
8,4,0.8310255,0,0.2,S,1.8
8,4,0.6080934,0,0.2,S,2.1
8,4,1.6503358,1,0.7,S,1.4
8,4,0.5146274,1,0.8,S,1.6
8,4,2.0467113,0,0.8,S,1.4
8,4,1.3361931,1,0.8,S,2.1
8,4,0.9599532,0,0.3,S,1.4
8,4,0.8267391,0,0.2,S,1.8
8,4,0.3522651,1,0.8,S,1.6
8,4,0.5201391,1,0.6,S,1.6
8,4,1.4621454,1,0.6,S,2.1
8,4,1.4199917,0,0.8,S,1.1
8,4,0.4707809,1,0.8,S,1.6
8,4,0.7877831,0,0.3,S,2.3
8,4,0.8799428,0,0.2,S,1.4
8,4,1.7581989,0,0.7,S,0.9
8,4,0.7639282,0,0.3,S,0.9
8,4,0.5623758,1,0.8,S,1.6
8,4,1.8971137,0,0.6,S,1.8
8,4,1.7697836,1,0.7,S,0.9
8,4,0.6706559,0,0.2,S,1.8
8,4,0.7152259,0,0.7,S,1.1
8,4,0.9657476,1,0.8,S,1.9
8,4,1.0261758,1,0.7,S,0.9
8,4,1.733876,1,0.8,S,1.8
8,4,0.9124175,0,0.5,S,1.1
8,4,1.3297616,0,0.6,S,1.6
8,4,0.4297638,1,0.8,S,0.9
8,4,1.2767293,0,0.5,S,1.8
8,4,0.9658171,0,0.4,S,1.1
8,4,0.9748261,1,0.4,S,2.3
8,4,1.4691062,1,0.7,S,1.8
8,4,1.3740018,0,0.6,S,1.9
8,4,0.5892233,0,0.2,S,1.6
8,4,1.0699836,0,0.4,S,2.1
8,4,1.2684601,1,0.7,S,1.1
8,4,0.5459665,1,0.6,S,1.3
8,4,0.8028882,0,0.3,S,2.1
8,4,0.6292771,0,0.5,S,0.9
8,4,0.4249229,1,0.7,S,1.1
8,4,0.4189463,0,0.2,S,2.1
8,4,0.5748354,1,0.7,S,1.1
8,4,0.350996,1,0.3,S,2.3
8,4,1.3028434,0,0.3,S,1.3
8,4,1.2942293,0,0.7,S,0.9
8,4,0.448094,1,0.8,S,1.9
8,4,1.0497209,0,0.4,S,0.9
8,4,0.7239411,0,0.8,S,2.1
9,1,0.6434887,0,0.4,S,2.1
9,1,0.4278441,0,0.2,S,1.6
9,1,0.4301549,0,0.2,S,1.1
9,1,0.2666942,1,0.6,S,0.9
9,1,0.2912692,1,0.4,S,0.9
9,1,0.422205,0,0.2,S,1.6
9,1,0.2831831,1,0.6,S,0.9
9,1,0.2033877,1,0.8,S,1.8
9,1,0.238149,1,0.6,S,1.3
9,1,0.5530745,0,0.4,S,2.1
9,1,0.0940458,1,0.7,S,1.4
9,1,0.4200306,1,0.4,S,1.1
9,1,0.3021416,1,0.5,S,2.3
9,1,0.4662383,0,0.2,S,1.6
9,1,0.5963862,0,0.5,S,1.6
9,1,0.1320204,1,0.7,S,1.6
9,1,0.4229658,1,0.7,S,0.9
9,1,0.3698997,1,0.8,S,0.9
9,1,0.7780833,0,0.2,S,1.9
9,1,0.5550195,0,0.8,S,1.4
9,1,0.6352199,1,0.5,S,1.9
9,1,0.7391178,0,0.5,S,1.3
9,1,0.1322532,1,0.7,S,2.1
9,1,0.5699685,0,0.4,S,2.3
9,1,0.0823934999999998,1,0.7,S,2.3
9,1,0.5257311,0,0.2,S,1.8
9,1,0.0553426999999997,1,0.8,S,1.8
9,1,0.1622091,1,0.7,S,1.6
9,1,0.5920197,0,0.4,S,1.1
9,1,0.2960382,1,0.6,S,1.8
9,1,0.424979,0,0.3,S,1.9
9,1,2.0018205,1,0.6,S,2.3
9,1,0.2787685,1,0.5,S,0.9
9,1,0.511937,0,0.3,S,1.4
9,1,0.1989579,1,0.8,S,1.6
9,1,0.8418327,1,0.6,S,1.6
9,1,0.6179846,0,0.3,S,1.6
9,1,0.1897715,1,0.7,S,1.8
9,1,0.2402413,1,0.6,S,1.9
9,1,0.5561541,0,0.4,S,1.1
9,1,0.1260985,1,0.6,S,2.1
9,1,0.1152498,1,0.8,S,2.3
9,1,0.4530125,0,0.2,S,1.6
9,1,0.2488929,1,0.8,S,1.8
9,1,0.5178433,0,0.6,S,1.8
9,1,0.7024267,0,0.2,S,1.3
9,1,0.4391338,0,0.3,S,1.6
9,1,0.5608463,0,0.3,S,2.3
9,1,0.5210041,0,0.4,S,1.4
9,1,0.5629165,0,0.6,S,1.3
9,1,0.513911,0,0.2,S,1.1
9,1,0.3829769,1,0.7,S,1.6
9,1,0.2650193,1,0.8,S,2.3
9,1,0.2991379,1,0.7,S,1.6
9,1,0.7250137,0,0.5,S,2.3
9,1,1.2131051,1,0.6,S,1.4
9,1,0.3628654,0,0.2,S,1.9
9,1,0.9621349,0,0.4,S,2.1
9,1,0.4691396,0,0.4,S,1.8
9,1,2.4230213,0,0.4,S,2.3
9,1,0.2180252,1,0.7,S,1.1
9,1,0.4799274,0,0.4,S,1.1
9,1,0.3572104,1,0.5,S,1.1
9,1,0.5290067,0,0.2,S,1.8
9,1,0.6232072,0,0.5,S,0.9
9,1,0.2999074,1,0.8,S,1.6
9,1,1.8480988,1,0.6,S,1.6
9,1,0.2889465,1,0.8,S,1.8
9,2,0.823867,0,0.3,S,2.3
9,2,0.2440318,1,0.7,S,0.9
9,2,0.2921386,1,0.3,S,1.9
9,2,0.0551274999999998,1,0.7,S,0.9
9,2,0.2690413,1,0.4,S,1.9
9,2,0.2052248,1,0.5,S,1.1
9,2,0.4870608,0,0.3,S,2.1
9,2,1.0199918,1,0.2,S,1.8
9,2,0.2592513,1,0.5,S,2.1
9,2,0.3909729,1,0.2,S,2.1
9,2,0.4598805,1,0.3,S,1.1
9,2,0.6787271,0,0.3,S,2.1
9,2,0.3000828,1,0.4,S,1.1
9,2,0.2949077,1,0.5,S,1.9
9,2,0.6229511,0,0.4,S,1.9
9,2,0.369113,1,0.4,S,2.3
9,2,0.2999056,1,0.8,S,2.3
9,2,0.6576854,0,0.4,S,1.4
9,2,0.2539162,1,0.7,S,1.4
9,2,0.2902403,1,0.5,S,1.3
9,2,0.9102344,1,0.4,S,1.9
9,2,0.2430398,1,0.6,S,2.1
9,2,0.290061,1,0.6,S,1.3
9,2,0.2948972,1,0.6,S,2.3
9,2,0.4700173,0,0.2,S,1.4
9,2,0.4052407,1,0.3,S,2.1
9,2,0.4590423,0,0.2,S,0.9
9,2,0.506854,0,0.3,S,1.9
9,2,0.2658966,1,0.6,S,2.1
9,2,0.6177921,0,0.2,S,1.9
9,2,0.4691899,1,0.4,S,1.1
9,2,0.5611976,0,0.3,S,1.6
9,2,0.848138,1,0.3,S,1.6
9,2,0.3260549,1,0.8,S,2.3
9,2,0.5736338,0,0.2,S,2.1
9,2,0.284616,1,0.6,S,2.3
9,2,0.6278639,0,0.3,S,0.9
9,2,0.8519114,0,0.4,S,1.8
9,2,1.2127742,0,0.3,S,2.1
9,2,0.2309659,1,0.6,S,2.1
9,2,0.1930116,1,0.6,S,1.9
9,2,0.250272,1,0.8,S,1.8
9,2,0.6021247,0,0.2,S,1.9
9,2,0.101493,1,0.8,S,0.9
9,2,0.5259894,0,0.2,S,0.9
9,2,0.2561725,1,0.7,S,1.1
9,2,0.3884505,1,0.4,S,1.3
9,2,0.5951519,0,0.4,S,2.3
9,2,0.6149674,0,0.4,S,1.1
9,2,0.1399085,1,0.7,S,0.9
9,2,0.564812,0,0.2,S,1.1
9,2,0.6832173,0,0.2,S,1.4
9,2,0.2978093,1,0.8,S,1.4
9,2,0.2705679,1,0.8,S,0.9
9,2,0.2990709,1,0.6,S,2.3
9,2,0.3921955,1,0.4,S,1.4
9,2,0.3479469,1,0.5,S,2.3
9,2,1.1601364,0,0.3,S,1.1
9,2,0.2908903,1,0.7,S,1.6
9,2,0.5299863,1,0.5,S,0.9
9,2,0.7108331,0,0.2,S,1.4
9,2,1.013168,1,0.7,S,1.9
9,2,0.4361915,0,0.2,S,1.1
9,2,0.2250361,1,0.6,S,1.4
9,2,0.1478879,1,0.8,S,0.9
9,2,1.4592321,1,0.4,S,1.4
9,2,0.3160701,1,0.8,S,1.1
9,2,0.8288659,1,0.4,S,1.9
9,2,0.4011151,1,0.7,S,1.9
9,2,0.4433149,1,0.5,S,0.9
9,2,0.4067483,1,0.4,S,1.6
9,2,0.2661213,1,0.8,S,1.4
9,2,0.3438819,1,0.5,S,2.3
9,2,1.2372676,1,0.5,S,1.1
9,3,0.3010335,1,0.8,S,1.9
9,3,0.3117632,1,0.7,S,1.1
9,3,0.2371208,1,0.8,S,1.8
9,3,0.3506016,1,0.6,S,1.6
9,3,0.5822817,0,0.2,S,1.3
9,3,0.5778236,0,0.4,S,1.9
9,3,0.5836857,0,0.5,S,1.9
9,3,0.2668066,1,0.7,S,0.9
9,3,0.353006,1,0.8,S,2.1
9,3,0.4855206,0,0.3,S,1.1
9,3,0.4392137,1,0.7,S,2.1
9,3,1.1579496,1,0.5,S,0.9
9,3,0.4458751,0,0.3,S,1.9
9,3,0.1982396,1,0.7,S,1.4
9,3,0.5151619,0,0.2,S,2.3
9,3,0.2618447,1,0.7,S,0.9
9,3,0.6691813,1,0.6,S,1.1
9,3,0.3289236,1,0.6,S,1.3
9,3,0.5378128,0,0.2,S,0.9
9,3,0.7986938,0,0.2,S,2.1
9,3,0.3279138,1,0.5,S,1.6
9,3,0.2311241,1,0.8,S,1.9
9,3,0.2588916,1,0.7,S,0.9
9,3,0.2858692,1,0.8,S,1.9
9,3,0.5453126,0,0.4,S,1.4
9,3,0.6751458,0,0.3,S,1.4
9,3,0.24212,1,0.8,S,1.3
9,3,0.3108291,1,0.7,S,2.3
9,3,0.7130645,0,0.4,S,0.9
9,3,0.2441017,1,0.8,S,2.1
9,3,0.5785254,0,0.5,S,0.9
9,3,0.3942032,1,0.5,S,1.8
9,3,0.7893396,0,0.7,S,1.6
9,3,0.5700992,0,0.3,S,1.6
9,3,1.1129571,1,0.4,S,0.9
9,3,0.8659279,1,0.8,S,0.9
9,3,0.4578093,1,0.6,S,0.9
9,3,0.9508915,0,0.5,S,0.9
9,3,0.4702728,1,0.8,S,2.3
9,3,0.7331471,0,0.8,S,0.9
9,3,0.4757828,1,0.8,S,1.8
9,3,0.3478582,1,0.4,S,2.3
9,3,0.6618086,1,0.8,S,1.8
9,3,0.6877028,1,0.4,S,1.6
9,3,0.2899593,1,0.5,S,2.1
9,3,0.3497454,1,0.5,S,1.4
9,3,0.5950228,0,0.4,S,1.8
9,3,0.2760847,1,0.8,S,1.4
9,3,0.2308907,1,0.7,S,1.3
9,3,0.1642395,1,0.8,S,1.1
9,3,0.493939,0,0.3,S,0.9
9,3,0.3193929,1,0.7,S,0.9
9,3,1.3659785,0,0.5,S,1.8
9,3,0.5238522,1,0.7,S,1.3
9,3,0.6209711,0,0.3,S,2.1
9,3,0.2410771,1,0.6,S,1.8
9,3,0.4738314,1,0.6,S,1.8
9,3,0.486074,1,0.7,S,2.3
9,3,0.4689761,0,0.3,S,1.1
9,3,0.4511638,1,0.8,S,2.3
9,3,0.8384046,1,0.6,S,2.1
9,3,0.547104,0,0.2,S,1.9
9,3,0.4581867,1,0.4,S,1.4
9,3,0.3612018,1,0.5,S,0.9
9,3,0.2620123,1,0.6,S,0.9
9,3,0.4015343,1,0.6,S,2.3
9,3,0.6533647,1,0.5,S,1.4
9,3,0.553293,0,0.3,S,1.8
9,3,0.3431136,1,0.5,S,1.1
9,3,0.7249655,0,0.8,S,1.1
9,3,1.0032746,1,0.7,S,1.4
9,3,0.3513636,1,0.8,S,0.9
9,3,0.4290262,1,0.5,S,2.1
9,3,0.8819683,1,0.5,S,1.9
9,3,0.4803562,0,0.3,S,1.9
9,3,0.2952813,1,0.6,S,1.8
9,4,0.6792228,0,0.4,S,0.9
9,4,0.5749112,0,0.2,S,1.8
9,4,0.2319431,1,0.6,S,1.4
9,4,0.3070864,1,0.6,S,1.4
9,4,0.2399054,1,0.4,S,1.3
9,4,0.2457475,1,0.8,S,1.8
9,4,0.1223231,1,0.8,S,0.9
9,4,0.6680349,0,0.3,S,1.1
9,4,0.2302716,1,0.8,S,1.3
9,4,0.4436889,0,0.3,S,1.8
9,4,0.4264215,0,0.3,S,1.1
9,4,0.3881946,1,0.4,S,1.6
9,4,0.3189948,1,0.4,S,1.1
9,4,0.2031988,1,0.8,S,1.6
9,4,0.0862289000000001,1,0.8,S,1.3
9,4,0.3537831,1,0.5,S,1.1
9,4,0.0571947000000002,1,0.7,S,1.4
9,4,0.2798496,1,0.6,S,1.9
9,4,0.4060004,1,0.6,S,1.3
9,4,0.3539859,1,0.4,S,0.9
9,4,0.2579118,1,0.6,S,2.1
9,4,0.518874,0,0.2,S,1.9
9,4,0.2628886,1,0.8,S,1.4
9,4,0.5081201,0,0.2,S,2.1
9,4,0.2240917,1,0.8,S,1.4
9,4,0.2620856,1,0.8,S,1.3
9,4,0.9649289,0,0.6,S,1.6
9,4,0.4210128,0,0.2,S,0.9
9,4,0.3729306,1,0.7,S,2.3
9,4,0.4728258,0,0.2,S,1.6
9,4,1.4839926,0,0.6,S,1.4
9,4,0.5029119,0,0.6,S,2.1
9,4,0.4280263,0,0.2,S,2.1
9,4,0.5181921,0,0.4,S,2.1
9,4,0.4132581,1,0.6,S,1.6
9,4,0.8766589,0,0.4,S,1.9
9,4,0.4481369,0,0.3,S,1.9
9,4,0.4763468,0,0.3,S,1.6
9,4,0.2717775,1,0.8,S,1.1
9,4,0.6540386,1,0.6,S,2.3
9,4,0.5089625,0,0.6,S,1.3
9,4,0.4998085,0,0.3,S,1.6
9,4,0.1715597,1,0.7,S,2.1
9,4,0.1504845,1,0.8,S,1.6
9,4,0.371079,1,0.7,S,0.9
9,4,0.3918632,0,0.3,S,2.3
9,4,0.1895078,1,0.7,S,1.8
9,4,0.6840117,0,0.2,S,1.9
9,4,0.3239752,1,0.5,S,1.9
9,4,0.5390389,0,0.4,S,1.4
9,4,0.497973,0,0.2,S,1.1
9,4,0.5801433,0,0.3,S,1.1
9,4,0.5981252,1,0.6,S,1.9
9,4,0.4349278,0,0.4,S,1.6
9,4,0.2437509,1,0.6,S,1.4
9,4,0.5680755,1,0.5,S,1.1
9,4,0.2828483,0,0.7,S,1.3
9,4,0.5089999,0,0.2,S,1.8
9,4,0.1993705,1,0.7,S,1.6
9,4,0.1202949,1,0.8,S,1.9
9,4,1.0010882,1,0.5,S,1.9
9,4,0.6518096,0,0.4,S,1.8
9,4,1.15214,0,0.4,S,1.4
9,4,0.5989117,0,0.3,S,2.1
10,1,0.2723473,1,0.8,S,1.9
10,1,0.3613461,1,0.6,S,1.6
10,1,0.2342414,1,0.8,S,1.8
10,1,0.5175592,0,0.2,S,1.1
10,1,1.0418936,1,0.7,S,0.9
10,1,0.5130332,1,0.6,S,1.1
10,1,0.4384223,0,0.2,S,1.1
10,1,0.4316438,0,0.2,S,1.9
10,1,0.3704275,0,0.3,S,2.3
10,1,0.593886,1,0.8,S,2.1
10,1,0.9875365,0,0.4,S,1.6
10,1,0.2582834,1,0.8,S,1.3
10,1,0.4665104,0,0.2,S,2.3
10,1,0.2994804,1,0.8,S,1.3
10,1,0.261759,1,0.6,S,1.8
10,1,0.5583749,0,0.3,S,0.9
10,1,0.5072684,0,0.2,S,1.1
10,1,0.4710959,0,0.4,S,1.9
10,1,0.3764809,0,0.4,S,1.9
10,1,0.270303,1,0.5,S,2.3
10,1,0.4073491,0,0.2,S,0.9
10,1,0.282622,1,0.7,S,2.3
10,1,0.3651639,0,0.3,S,1.6
10,1,0.4095857,0,0.3,S,2.3
10,1,0.2931935,1,0.5,S,0.9
10,1,0.4132829,0,0.2,S,1.3
10,1,0.346369,0,0.3,S,1.1
10,1,0.4586251,0,0.3,S,1.4
10,1,0.5364168,0,0.3,S,1.4
10,1,0.8435152,1,0.5,S,1.9
10,1,0.2802119,1,0.5,S,1.9
10,1,0.4334197,0,0.2,S,1.4
10,1,0.7694208,0,0.5,S,1.6
10,1,0.2574294,1,0.6,S,1.9
10,1,0.2976809,1,0.6,S,2.1
10,1,0.5722248,0,0.3,S,1.1
10,1,0.2513025,1,0.8,S,1.1
10,1,0.2564871,1,0.6,S,2.3
10,1,0.2552147,1,0.6,S,0.9
10,1,0.5719304,1,0.7,S,1.4
10,1,0.5845247,1,0.5,S,1.6
10,1,0.246825,1,0.7,S,1.9
10,1,0.2445667,1,0.7,S,1.4
10,1,0.2265509,1,0.8,S,2.3
10,1,0.4312076,0,0.4,S,2.3
10,1,0.4961919,0,0.3,S,0.9
10,1,0.2731823,1,0.6,S,1.3
10,1,0.3804325,0,0.4,S,1.3
10,1,0.2343904,1,0.8,S,1.6
10,1,0.2862806,1,0.5,S,1.3
10,1,0.4012609,0,0.3,S,2.1
10,1,0.3905717,0,0.2,S,1.3
10,1,0.5104757,0,0.3,S,1.1
10,1,0.8591392,0,0.7,S,1.3
10,1,0.2903228,1,0.6,S,1.8
10,1,0.7103067,0,0.4,S,1.6
10,1,0.4225203,0,0.4,S,2.3
10,1,0.4554285,0,0.2,S,0.9
10,1,0.3752442,0,0.2,S,0.9
10,1,0.4204361,0,0.4,S,1.4
10,1,0.5145193,0,0.3,S,1.8
10,1,0.8717568,1,0.5,S,1.1
10,1,0.3344267,0,0.3,S,1.6
10,1,0.3873486,0,0.2,S,1.3
10,1,0.2382481,1,0.8,S,2.3
10,1,0.4085826,0,0.2,S,2.1
10,1,0.1737667,1,0.8,S,1.9
10,1,0.7280949,1,0.5,S,1.1
10,1,0.1340601,1,0.8,S,1.9
10,1,0.2704619,1,0.6,S,1.1
10,1,1.7007156,0,0.4,S,1.4
10,1,0.1544629,1,0.8,S,1.9
10,1,0.265324,1,0.8,S,0.9
10,2,1.0324788,0,0.8,S,1.9
10,2,0.9203422,1,0.3,S,1.3
10,2,0.241166,1,0.6,S,2.1
10,2,0.4144349,0,0.3,S,2.1
10,2,0.865277,1,0.4,S,1.8
10,2,0.5563724,1,0.4,S,1.9
10,2,0.2713422,1,0.5,S,1.3
10,2,0.2324952,1,0.8,S,1.4
10,2,0.2315032,1,0.8,S,1.1
10,2,1.1331939,1,0.4,S,2.1
10,2,0.4204393,0,0.2,S,1.6
10,2,0.210341,1,0.8,S,0.9
10,2,0.5101985,0,0.4,S,1.4
10,2,0.2962617,1,0.5,S,2.3
10,2,0.2264124,1,0.6,S,1.4
10,2,0.1776444,1,0.8,S,2.3
10,2,0.2283946,1,0.6,S,1.9
10,2,0.2275237,1,0.6,S,1.9
10,2,0.298578,1,0.4,S,1.1
10,2,0.247325,1,0.8,S,1.4
10,2,0.4372748,0,0.2,S,1.4
10,2,0.4372771,0,0.2,S,1.4
10,2,0.4545994,0,0.2,S,1.9
10,2,0.2115738,1,0.8,S,1.4
10,2,0.2746553,1,0.5,S,1.6
10,2,0.2532369,1,0.6,S,1.4
10,2,0.6584206,0,0.2,S,1.1
10,2,0.2748833,1,0.5,S,2.1
10,2,0.4035838,0,0.2,S,1.6
10,2,0.466797,0,0.3,S,0.9
10,2,0.4819302,0,0.4,S,1.1
10,2,0.2703182,1,0.6,S,1.6
10,2,0.3374953,0,0.3,S,1.9
10,2,0.2694779,1,0.6,S,2.3
10,2,0.4152402,0,0.3,S,2.3
10,2,0.2826745,1,0.4,S,2.3
10,2,0.5212597,0,0.4,S,1.6
10,2,0.8125813,0,0.3,S,2.3
10,2,0.453589,0,0.3,S,2.3
10,2,0.3983744,0,0.2,S,2.1
10,2,0.1470033,1,0.6,S,1.1
10,2,0.3631746,0,0.3,S,2.3
10,2,0.3804687,0,0.2,S,0.9
10,2,0.4114188,0,0.4,S,0.9
10,2,0.2484862,1,0.6,S,1.9
10,2,0.5652089,0,0.3,S,1.1
10,2,0.5050293,0,0.5,S,1.4
10,2,0.4182094,0,0.4,S,1.4
10,2,1.1541812,0,0.2,S,1.8
10,2,0.1348334,1,0.8,S,2.3
10,2,0.2483782,1,0.7,S,0.9
10,2,0.4034783,0,0.2,S,1.3
10,2,0.3156188,0,0.3,S,1.6
10,2,0.3726583,0,0.3,S,1.1
10,2,0.2962729,1,0.6,S,0.9
10,2,0.4710489,0,0.3,S,2.3
10,2,0.2562122,1,0.7,S,1.1
10,2,0.4422476,0,0.2,S,0.9
10,2,0.3914744,0,0.2,S,2.1
10,2,0.2481516,1,0.7,S,2.1
10,2,0.2587144,1,0.7,S,1.4
10,2,0.4522488,0,0.2,S,1.8
10,2,0.2462609,1,0.7,S,2.1
10,2,0.2585859,1,0.5,S,1.8
10,2,0.4843226,0,0.2,S,1.8
10,2,0.4832939,0,0.3,S,1.6
10,2,0.4593494,0,0.2,S,2.1
10,2,0.5681576,0,0.4,S,1.4
10,2,0.1515522,1,0.6,S,1.6
10,2,0.4885964,1,0.6,S,1.9
10,2,0.2278793,1,0.6,S,2.1
10,2,0.3506177,1,0.4,S,1.6
10,2,0.318236,1,0.5,S,1.8
10,3,0.5541029,0,0.2,S,0.9
10,3,0.3534223,1,0.7,S,2.3
10,3,0.558176,0,0.3,S,2.1
10,3,0.4688459,0,0.3,S,1.6
10,3,0.3139501,1,0.8,S,2.1
10,3,0.3522431,1,0.7,S,1.6
10,3,0.3492327,1,0.8,S,1.6
10,3,0.741192,1,0.4,S,1.8
10,3,0.2962491,1,0.6,S,1.6
10,3,0.2596278,1,0.8,S,1.1
10,3,0.6741199,0,0.4,S,0.9
10,3,0.8539131,1,0.4,S,1.8
10,3,0.527596,1,0.5,S,0.9
10,3,0.3225903,1,0.8,S,1.8
10,3,0.6643796,1,0.8,S,2.3
10,3,0.2875431,1,0.6,S,2.1
10,3,0.2655514,1,0.7,S,1.9
10,3,0.2739952,1,0.8,S,1.9
10,3,0.2532748,1,0.6,S,1.1
10,3,0.362552,1,0.5,S,1.1
10,3,0.3282832,1,0.6,S,2.1
10,3,0.5627917,0,0.2,S,0.9
10,3,0.2668985,1,0.5,S,1.1
10,3,0.5434843,1,0.4,S,1.8
10,3,0.3372499,1,0.5,S,1.9
10,3,0.8966132,1,0.7,S,1.8
10,3,0.7785594,1,0.6,S,1.4
10,3,1.0121541,0,0.5,S,1.9
10,3,0.5568045,0,0.2,S,1.4
10,3,0.4703179,1,0.4,S,1.3
10,3,0.5648032,0,0.2,S,1.4
10,3,0.0731848000000004,1,0.7,S,0.9
10,3,0.2751703,1,0.8,S,2.1
10,3,0.4765346,0,0.3,S,1.1
10,3,0.7275766,0,0.4,S,1.6
10,3,0.3194133,1,0.7,S,1.4
10,3,0.8301188,0,0.2,S,1.6
10,3,0.8471302,0,0.8,S,1.9
10,3,0.5326998,1,0.6,S,1.4
10,3,0.3153364,1,0.7,S,2.1
10,3,1.0032958,1,0.3,S,0.9
10,3,0.5586664,0,0.2,S,1.4
10,3,0.3233586,1,0.8,S,1.3
10,3,0.9262297,1,0.4,S,1.1
10,3,1.0808427,1,0.3,S,1.9
10,3,0.8499195,0,0.5,S,0.9
10,3,1.1556471,1,0.5,S,1.9
10,3,0.3062811,1,0.7,S,1.4
10,3,0.8346514,0,0.6,S,1.4
10,3,0.603528,1,0.5,S,1.3
10,3,0.8024961,0,0.3,S,2.3
10,3,0.2895188,1,0.7,S,1.8
10,3,0.2956146,1,0.5,S,2.3
10,3,0.2681049,1,0.6,S,1.4
10,3,0.829638,0,0.2,S,1.8
10,3,0.3482981,1,0.8,S,2.1
10,3,0.265296,1,0.7,S,1.4
10,3,0.7025654,0,0.3,S,1.4
10,3,0.8613429,1,0.4,S,1.3
10,3,0.2983631,1,0.5,S,1.9
10,3,0.3122499,1,0.7,S,2.1
10,3,1.0280322,1,0.6,S,0.9
10,3,0.6243192,0,0.3,S,2.3
10,3,0.3277753,1,0.7,S,1.9
10,4,0.3353559,1,0.8,S,1.6
10,4,0.2840057,1,0.8,S,1.3
10,4,0.2853543,1,0.8,S,1.9
10,4,0.2710286,1,0.5,S,1.1
10,4,0.2857801,1,0.8,S,1.3
10,4,0.9253495,0,0.3,S,2.3
10,4,1.3372073,1,0.4,S,2.3
10,4,0.3090412,1,0.8,S,1.4
10,4,1.0226305,1,0.4,S,1.8
10,4,0.2404711,1,0.8,S,1.4
10,4,0.2964632,1,0.6,S,1.6
10,4,0.266969,1,0.7,S,1.3
10,4,0.2691514,1,0.6,S,1.4
10,4,0.3215412,1,0.8,S,1.9
10,4,0.6245255,0,0.3,S,1.6
10,4,0.2855057,1,0.6,S,1.3
10,4,0.216245,1,0.6,S,1.4
10,4,0.5122923,0,0.4,S,1.1
10,4,0.2876678,1,0.7,S,1.6
10,4,0.5504754,0,0.2,S,2.3
10,4,0.6403251,0,0.5,S,1.4
10,4,0.4962543,0,0.2,S,1.6
10,4,0.4406884,0,0.3,S,1.1
10,4,0.4414756,0,0.3,S,2.3
10,4,0.8725124,0,0.4,S,2.1
10,4,0.2434984,1,0.7,S,2.3
10,4,0.6982043,1,0.7,S,1.1
10,4,0.4603884,0,0.3,S,1.6
10,4,0.3890428,1,0.6,S,1.3
10,4,0.4034595,0,0.3,S,1.1
10,4,0.2193041,1,0.8,S,0.9
10,4,0.7995231,0,0.5,S,2.3
10,4,0.7782822,0,0.2,S,1.4
10,4,0.3145942,1,0.7,S,2.1
10,4,0.5649107,0,0.2,S,1.3
10,4,0.2480772,1,0.6,S,1.8
10,4,0.1953688,1,0.8,S,1.8
10,4,0.2380721,1,0.7,S,1.8
10,4,0.2610515,1,0.8,S,1.6
10,4,0.2773308,1,0.6,S,2.3
10,4,0.431474,0,0.3,S,0.9
10,4,0.2789655,1,0.7,S,1.6
10,4,0.8980336,1,0.7,S,0.9
10,4,0.2913034,1,0.7,S,1.3
10,4,0.2015434,1,0.7,S,1.4
10,4,0.2541039,1,0.6,S,1.1
10,4,0.2322018,1,0.8,S,2.1
10,4,0.4797583,0,0.3,S,2.3
10,4,0.5176808,0,0.5,S,1.8
10,4,0.2674164,1,0.7,S,0.9
10,4,0.4421061,0,0.3,S,2.1
10,4,0.50068,0,0.2,S,0.9
10,4,0.2525709,1,0.8,S,1.6
10,4,0.2911869,1,0.6,S,2.1
10,4,0.8803584,1,0.5,S,1.8
10,4,0.4196307,0,0.3,S,2.1
10,4,0.5812534,0,0.4,S,1.3
10,4,0.4945265,0,0.2,S,0.9
10,4,0.2665045,1,0.8,S,1.6
10,4,0.7795112,0,0.2,S,1.8
10,4,0.2805,1,0.6,S,1.9
10,4,0.4516077,0,0.2,S,1.3
10,4,0.2703574,1,0.8,S,1.9
10,4,1.1626262,0,0.5,S,2.1
10,4,0.2942613,1,0.5,S,1.6
10,4,0.4935553,0,0.2,S,1.8
10,4,0.5516428,0,0.4,S,1.9
10,4,0.5374596,0,0.4,S,1.1
11,1,1.0029483,1,0.7,S,1.9
11,1,0.5194553,0,0.2,S,1.3
11,1,0.0672172,1,0.7,S,2.1
11,1,0.0551781999999998,1,0.8,S,1.6
11,1,0.2351783,1,0.5,S,2.3
11,1,0.5001934,0,0.2,S,0.9
11,1,0.1259779,1,0.6,S,1.4
11,1,0.2861172,1,0.3,S,2.1
11,1,0.6749663,0,0.3,S,1.6
11,1,0.3604491,1,0.3,S,1.6
11,1,0.3061235,1,0.5,S,2.1
11,1,0.1514321,1,0.7,S,2.1
11,1,0.500451,0,0.3,S,1.1
11,1,0.0858333999999998,1,0.6,S,1.3
11,1,0.1819635,1,0.5,S,1.4
11,1,0.2811151,1,0.4,S,1.3
11,1,0.2645113,1,0.2,S,2.1
11,1,0.3735955,1,0.2,S,2.3
11,1,0.368566,0,0.2,S,2.3
11,1,0.0926346,1,0.6,S,2.1
11,1,0.6565254,0,0.2,S,1.9
11,1,0.2704155,1,0.5,S,1.1
11,1,0.2816809,1,0.5,S,1.1
11,1,0.2158148,1,0.5,S,2.3
11,1,0.6302175,0,0.2,S,1.3
11,1,0.7554605,0,0.2,S,2.1
11,1,0.7404255,1,0.5,S,0.9
11,1,0.6075242,0,0.4,S,1.8
11,1,1.3476867,0,0.3,S,1.6
11,1,0.076546,1,0.8,S,1.8
11,1,0.4972543,0,0.2,S,2.3
11,1,0.206784,1,0.5,S,2.1
11,1,0.1257898,1,0.6,S,2.3
11,1,0.1564015,1,0.6,S,2.1
11,1,0.1347177,1,0.6,S,1.4
11,1,0.1884244,1,0.5,S,1.8
11,1,0.0658015999999999,1,0.6,S,1.3
11,1,0.0607893000000002,1,0.6,S,1.4
11,1,0.4450703,1,0.4,S,1.1
11,1,0.2466414,1,0.5,S,1.6
11,1,0.1783401,1,0.6,S,1.3
11,1,0.0544749000000002,1,0.8,S,1.8
11,1,0.3021501,1,0.4,S,2.3
11,1,0.4272306,0,0.2,S,1.8
11,1,0.5434346,0,0.3,S,1.4
11,1,0.1504633,1,0.7,S,1.9
11,1,0.9262385,0,0.3,S,1.1
11,1,0.1004238,1,0.7,S,1.9
11,1,0.3305622,1,0.7,S,1.4
11,1,0.6502812,1,0.3,S,1.1
11,1,0.6142284,1,0.3,S,1.3
11,1,0.4242905,1,0.3,S,0.9
11,1,0.1103657,1,0.6,S,1.1
11,2,0.0937768000000001,1,0.8,S,1.6
11,2,0.1486345,1,0.5,S,1.1
11,2,0.3903735,1,0.4,S,2.1
11,2,0.2270934,1,0.4,S,1.4
11,2,0.4773615,0,0.2,S,2.3
11,2,0.2846023,1,0.4,S,2.1
11,2,0.2884715,1,0.5,S,1.8
11,2,0.2376032,1,0.5,S,1.3
11,2,0.4022919,0,0.2,S,2.3
11,2,0.4694444,1,0.5,S,1.6
11,2,0.3521337,0,0.2,S,1.3
11,2,0.3678017,0,0.2,S,2.3
11,2,0.3171962,1,0.4,S,2.3
11,2,0.365462,0,0.3,S,1.6
11,2,0.2114579,1,0.5,S,2.3
11,2,0.2540694,1,0.4,S,1.8
11,2,0.2734653,1,0.4,S,1.9
11,2,0.2118108,1,0.5,S,2.3
11,2,0.0746157999999999,1,0.6,S,1.4
11,2,0.3994117,0,0.4,S,1.9
11,2,0.0783756,1,0.8,S,2.1
11,2,0.1721325,1,0.5,S,1.4
11,2,0.2136039,1,0.5,S,1.9
11,2,0.4044571,0,0.2,S,2.3
11,2,0.3362352,0,0.3,S,1.6
11,2,0.3583232,0,0.2,S,1.4
11,2,0.3253592,1,0.5,S,1.6
11,2,0.2792073,1,0.5,S,0.9
11,2,0.1323715,1,0.6,S,1.4
11,2,0.2385666,1,0.5,S,1.6
11,2,0.3804601,0,0.2,S,1.1
11,2,0.164293,1,0.7,S,0.9
11,2,0.3886801,0,0.3,S,1.6
11,2,0.2602528,1,0.6,S,1.3
11,2,0.1819134,0,0.5,S,2.1
11,2,0.3504365,0,0.3,S,2.1
11,2,0.3366141,0,0.3,S,1.9
11,2,0.2441511,0,0.5,S,2.3
11,2,0.4022559,0,0.4,S,1.1
11,2,0.270294,1,0.8,S,1.6
11,2,0.2150132,1,0.7,S,1.4
11,2,0.2647646,0,0.7,S,1.8
11,2,0.3852816,1,0.5,S,1.6
11,2,0.6144606,0,0.5,S,2.3
11,2,0.7774083,1,0.5,S,1.6
11,2,0.4594688,0,0.4,S,2.1
11,2,0.4193367,0,0.2,S,2.3
11,2,0.4115273,0,0.2,S,1.6
11,2,0.2316696,1,0.6,S,1.1
11,2,0.3606759,0,0.4,S,1.9
11,2,0.4029318,0,0.6,S,1.8
11,2,0.1566052,0,0.7,S,1.4
11,2,0.4646554,1,0.2,S,2.1
11,2,0.1392629,1,0.7,S,1.8
11,2,0.1783414,1,0.8,S,2.1
11,2,0.3131454,0,0.2,S,1.1
11,2,0.5564348,0,0.5,S,1.3
11,2,0.5415916,0,0.2,S,1.9
11,2,0.497465,0,0.3,S,1.6
11,2,0.2691008,1,0.7,S,1.6
11,2,0.2544227,1,0.6,S,1.9
11,2,0.3222286,1,0.5,S,1.8
11,2,0.2141016,0,0.4,S,1.4
11,2,0.4413364,1,0.7,S,1.8
11,2,0.5631688,0,0.2,S,1.4
11,2,0.3884258,1,0.7,S,1.8
11,3,0.5050439,0,0.3,S,1.4
11,3,0.6861936,0,0.2,S,1.4
11,3,0.3016486,0,0.4,S,2.3
11,3,0.3458697,0,0.3,S,1.1
11,3,0.5747724,0,0.5,S,1.1
11,3,0.6170208,1,0.7,S,1.8
11,3,0.7577709,0,0.3,S,0.9
11,3,0.3327652,1,0.6,S,2.1
11,3,0.4568757,0,0.5,S,1.3
11,3,0.352269,0,0.3,S,0.9
11,3,0.4517952,1,0.6,S,1.3
11,3,0.8724022,1,0.4,S,1.4
11,3,0.4003964,0,0.3,S,2.3
11,3,0.2143655,1,0.6,S,1.6
11,3,0.2321883,1,0.6,S,0.9
11,3,0.4257912,1,0.6,S,1.6
11,3,0.0770188000000001,1,0.8,S,1.4
11,3,0.1256734,0,0.6,S,0.9
11,3,0.1803844,0,0.4,S,2.3
11,3,0.2578955,0,0.4,S,2.3
11,3,0.1227694,1,0.7,S,2.1
11,3,0.2410504,0,0.3,S,1.4
11,3,0.2814558,0,0.3,S,1.6
11,3,0.3625251,0,0.2,S,2.3
11,3,0.1044933,1,0.7,S,1.1
11,3,0.2366391,1,0.8,S,2.3
11,3,0.2325328,1,0.6,S,1.1
11,3,0.2345886,0,0.3,S,1.1
11,3,0.3175355,0,0.3,S,1.4
11,3,0.2964064,1,0.7,S,1.8
11,3,0.3867605,0,0.2,S,2.1
11,3,0.3360436,1,0.2,S,1.6
11,3,0.3115157,0,0.2,S,1.4
11,3,0.2256456,1,0.5,S,1.9
11,3,0.2515201,1,0.7,S,2.1
11,3,0.2053743,0,0.4,S,1.8
11,3,0.3499816,0,0.2,S,1.9
11,3,0.1728921,1,0.6,S,2.3
11,3,0.3323907,0,0.2,S,1.8
11,3,0.1532119,0,0.5,S,1.1
11,3,0.5042089,0,0.4,S,1.8
11,3,0.1434753,0,0.5,S,1.8
11,3,0.1682668,1,0.7,S,1.4
11,3,0.3303969,0,0.6,S,1.1
11,3,0.2018145,0,0.2,S,0.9
11,3,0.3705507,0,0.2,S,0.9
11,3,0.3654771,0,0.5,S,1.3
11,3,0.6462547,0,0.4,S,0.9
11,3,0.2812648,1,0.5,S,1.1
11,3,0.3330617,1,0.3,S,2.1
11,3,0.3210877,0,0.2,S,1.9
11,3,0.3585015,0,0.2,S,2.3
11,3,0.2834156,1,0.5,S,1.4
11,3,0.2264781,1,0.6,S,1.8
11,3,0.3314473,1,0.2,S,1.1
11,3,0.2285584,1,0.7,S,1.9
11,3,0.0680418999999999,1,0.7,S,1.6
11,3,0.2370228,1,0.5,S,1.8
11,3,0.0908726,1,0.7,S,2.3
11,3,0.1672804,1,0.7,S,1.3
11,3,0.193917,1,0.4,S,1.3
11,3,0.2773473,1,0.8,S,2.1
11,3,0.3305463,0,0.2,S,2.3
11,3,0.1275321,1,0.7,S,1.3
11,3,0.2083355,0,0.4,S,1.8
11,3,0.2937413,1,0.4,S,1.4
11,3,0.1882807,1,0.6,S,1.6
11,3,0.4326205,1,0.7,S,0.9
11,4,1.0107142,0,0.6,S,0.9
11,4,0.6192836,0,0.5,S,1.9
11,4,0.2213348,1,0.5,S,0.9
11,4,0.6915808,0,0.2,S,0.9
11,4,0.2324103,1,0.4,S,1.4
11,4,0.1744182,1,0.4,S,1.3
11,4,0.1753804,1,0.4,S,1.4
11,4,0.6834688,1,0.4,S,2.1
11,4,0.1087385,1,0.5,S,1.8
11,4,0.1279346,0,0.7,S,1.6
11,4,0.2146178,1,0.7,S,1.9
11,4,0.4320253,1,0.3,S,1.3
11,4,0.3613085,1,0.3,S,1.3
11,4,0.361347,0,0.2,S,1.6
11,4,0.1404252,1,0.6,S,1.6
11,4,0.3188183,1,0.3,S,1.8
11,4,0.2711815,1,0.4,S,1.4
11,4,0.3961471,1,0.6,S,1.4
11,4,0.3053937,1,0.5,S,1.9
11,4,0.5297524,0,0.2,S,1.8
11,4,0.5192799,0,0.2,S,2.3
11,4,0.3969786,0,0.3,S,1.4
11,4,0.3434021,0,0.4,S,2.3
11,4,0.4162774,1,0.6,S,0.9
11,4,0.2721739,1,0.7,S,1.8
11,4,0.1584953,1,0.6,S,1.6
11,4,0.4875002,0,0.3,S,0.9
11,4,0.2714229,1,0.2,S,1.3
11,4,0.1427935,1,0.7,S,1.9
11,4,0.3286712,1,0.3,S,1.9
11,4,0.5942174,0,0.4,S,1.3
11,4,0.3794858,0,0.5,S,2.1
11,4,0.6233164,0,0.2,S,2.3
11,4,0.5316523,0,0.2,S,1.4
11,4,0.3625735,1,0.3,S,1.6
11,4,0.270927,1,0.6,S,2.3
11,4,0.1998565,1,0.7,S,0.9
11,4,0.5991685,0,0.2,S,2.3
11,4,0.1465188,1,0.7,S,1.9
11,4,0.3585884,1,0.4,S,0.9
11,4,0.4343416,0,0.3,S,1.8
11,4,0.554496,1,0.5,S,1.3
11,4,0.3579574,1,0.4,S,1.3
11,4,0.5333877,0,0.3,S,0.9
11,4,0.4551234,0,0.3,S,1.1
11,4,0.215261,1,0.6,S,1.6
11,4,0.4162905,1,0.2,S,1.8
11,4,0.7205017,1,0.3,S,1.9
11,4,0.610842,1,0.3,S,1.1
11,4,0.3842086,1,0.3,S,1.6
11,4,0.8243055,0,0.3,S,1.8
11,4,0.1885175,1,0.8,S,0.9
11,4,0.3113786,1,0.6,S,1.3
11,4,0.3854383,1,0.5,S,2.1
11,4,0.3016877,1,0.5,S,1.1
11,4,0.4903189,0,0.2,S,1.9
11,4,0.3002185,1,0.6,S,1.8
11,4,0.2883362,1,0.8,S,2.3
11,4,0.2854863,1,0.6,S,2.1
11,4,0.4191012,0,0.2,S,1.1
11,4,0.4691681,1,0.4,S,2.1
11,4,0.7517455,0,0.2,S,1.8
11,4,0.0834603,1,0.5,S,1.9
11,4,0.3255663,1,0.3,S,1.8
12,1,0.2560406,1,0.7,S,1.3
12,1,0.4866358,0,0.3,S,1.4
12,1,0.5214881,0,0.2,S,1.4
12,1,0.6968017,1,0.4,S,2.3
12,1,0.4754577,0,0.3,S,1.1
12,1,0.4827462,1,0.5,S,1.1
12,1,0.3357668,1,0.7,S,1.8
12,1,0.7034224,1,0.3,S,0.9
12,1,0.3854215,1,0.6,S,2.1
12,1,0.379532,1,0.5,S,1.3
12,1,0.6871179,1,0.3,S,0.9
12,1,0.4316489,1,0.6,S,1.3
12,1,0.5136175,0,0.4,S,1.4
12,1,0.4062334,1,0.3,S,2.3
12,1,0.8782395,1,0.6,S,1.6
12,1,0.4278875,1,0.6,S,0.9
12,1,0.6523552,0,0.6,S,1.6
12,1,0.3016027,1,0.8,S,1.4
12,1,0.5330239,1,0.5,S,1.6
12,1,0.5181064,1,0.6,S,0.9
12,1,0.3927576,1,0.4,S,2.3
12,1,0.455258,1,0.4,S,2.3
12,1,0.4071095,1,0.7,S,2.1
12,1,0.9813657,1,0.3,S,1.4
12,1,1.021962,1,0.3,S,1.6
12,1,1.3542852,0,0.2,S,2.3
12,1,0.3425375,0,0.7,S,1.1
12,1,0.4680566,1,0.8,S,2.3
12,1,0.5808614,1,0.6,S,1.1
12,1,1.9989755,0,0.3,S,1.1
12,1,0.414157,1,0.3,S,1.4
12,1,1.8841619,0,0.7,S,1.8
12,1,0.576148,0,0.2,S,2.1
12,1,0.2919772,1,0.8,S,1.4
12,1,0.5802959,0,0.2,S,1.6
12,1,2.2269644,0,0.2,S,1.4
12,1,0.3651354,1,0.5,S,1.9
12,1,0.3440776,1,0.7,S,0.9
12,1,0.3282611,1,0.7,S,2.1
12,1,0.6671393,0,0.4,S,1.8
12,1,0.650267,0,0.5,S,2.1
12,1,0.5760412,0,0.2,S,1.9
12,1,0.3811999,1,0.6,S,2.3
12,1,1.2151823,0,0.2,S,1.8
12,1,0.6560372,1,0.5,S,1.1
12,1,0.778921,1,0.4,S,1.8
12,1,0.6722206,1,0.5,S,1.8
12,1,1.0428192,1,0.7,S,1.4
12,1,0.339802,1,0.6,S,1.1
12,1,0.4922087,0,0.2,S,0.9
12,1,1.2141196,1,0.2,S,0.9
12,1,0.369764,1,0.5,S,1.3
12,1,0.4061462,1,0.4,S,0.9
12,1,0.2812799,1,0.5,S,1.1
12,1,0.5707515,0,0.3,S,2.1
12,1,0.4528068,0,0.2,S,1.9
12,1,0.5322265,0,0.2,S,2.3
12,1,0.4063354,1,0.5,S,1.4
12,1,0.3359194,1,0.8,S,1.4
12,1,0.3068124,1,0.7,S,0.9
12,1,0.8928132,1,0.6,S,1.8
12,1,0.5592076,0,0.2,S,1.1
12,1,0.5479448,1,0.7,S,1.9
12,1,0.275751,1,0.8,S,2.3
12,1,0.5868971,1,0.7,S,1.6
12,1,0.7493194,1,0.5,S,1.8
12,1,0.3880912,1,0.7,S,2.3
12,1,0.3480184,1,0.7,S,1.3
12,1,0.3230256,1,0.7,S,2.3
12,1,0.8193904,0,0.4,S,1.3
12,1,0.3039815,1,0.8,S,2.1
12,1,0.3260459,1,0.8,S,2.1
12,1,1.0732026,0,0.2,S,2.3
12,1,0.2831363,1,0.7,S,1.3
12,1,0.5672051,0,0.4,S,1.8
12,1,0.5480367,0,0.4,S,1.4
12,1,0.3349915,1,0.6,S,1.6
12,1,0.2939319,1,0.7,S,0.9
12,2,0.4398806,1,0.5,S,1.8
12,2,0.2931162,1,0.6,S,2.1
12,2,1.9246487,1,0.4,S,1.6
12,2,0.7808024,1,0.8,S,1.1
12,2,0.5300208,1,0.7,S,1.1
12,2,0.332084,1,0.8,S,0.9
12,2,0.8820458,1,0.8,S,1.1
12,2,0.814015,1,0.4,S,1.9
12,2,0.3140666,0,0.5,S,1.4
12,2,0.4924098,1,0.5,S,2.3
12,2,1.1311779,0,0.4,S,2.1
12,2,0.5318263,1,0.7,S,2.3
12,2,0.3829395,1,0.6,S,1.1
12,2,0.7265539,0,0.2,S,1.6
12,2,2.0073906,0,0.3,S,1.1
12,2,0.5258619,0,0.2,S,1.6
12,2,1.0017448,1,0.4,S,1.3
12,2,1.5419568,1,0.3,S,1.1
12,2,1.4839757,1,0.3,S,0.9
12,2,0.4418592,0,0.4,S,0.9
12,2,0.3089109,1,0.8,S,2.1
12,2,0.6052105,0,0.2,S,1.3
12,2,0.5562099,0,0.4,S,2.1
12,2,0.5070785,0,0.2,S,1.4
12,2,0.4769012,1,0.8,S,1.6
12,2,0.2751113,1,0.8,S,1.3
12,2,1.146797,1,0.6,S,1.3
12,2,1.3710483,1,0.4,S,1.8
12,2,0.9692972,0,0.3,S,1.6
12,2,0.9328058,0,0.3,S,1.3
12,2,0.5330496,1,0.7,S,2.3
12,2,0.5518365,0,0.5,S,1.8
12,2,0.2212022,1,0.8,S,1.3
12,2,0.7495054,1,0.8,S,1.9
12,2,0.7931929,1,0.5,S,1.4
12,2,0.4900828,0,0.6,S,0.9
12,2,0.2341679,1,0.7,S,2.3
12,2,0.862856,0,0.3,S,1.3
12,2,1.0342832,0,0.4,S,1.1
12,2,0.5274448,0,0.3,S,0.9
12,2,0.695156,0,0.2,S,2.1
12,2,0.5490354,1,0.5,S,1.8
12,2,0.3259484,1,0.5,S,2.3
12,2,0.3059565,1,0.8,S,0.9
12,2,1.4236876,0,0.5,S,1.4
12,2,0.8448904,1,0.7,S,1.3
12,2,0.2541163,1,0.8,S,0.9
12,2,0.3259067,1,0.5,S,1.3
12,2,0.5888602,0,0.2,S,2.3
12,2,0.2680902,1,0.6,S,1.9
12,2,0.5120466,0,0.2,S,1.3
12,2,0.766035,1,0.5,S,1.9
12,2,0.5051215,0,0.2,S,1.8
12,2,0.3019061,1,0.5,S,2.3
12,2,0.3418554,1,0.8,S,1.8
12,2,0.6616527,0,0.5,S,1.8
12,2,0.6697509,0,0.2,S,1.8
12,2,1.2500285,0,0.2,S,1.4
12,2,0.7552694,0,0.2,S,1.8
12,2,0.3330277,1,0.7,S,0.9
12,2,0.445663,1,0.8,S,1.1
12,2,0.6771267,0,0.6,S,2.3
12,2,0.6689583,0,0.5,S,1.8
12,2,0.4171642,1,0.3,S,0.9
12,2,0.4520219,0,0.2,S,1.6
12,2,0.2627927,1,0.8,S,1.9
12,2,0.5681785,0,0.4,S,1.6
12,2,0.512106,0,0.2,S,1.8
12,2,0.6290907,0,0.6,S,1.8
12,2,0.4921035,0,0.3,S,2.3
12,2,0.9955904,0,0.6,S,1.4
12,2,0.7711627,1,0.4,S,2.3
12,2,0.31025,1,0.8,S,1.9
12,3,0.2652199,1,0.5,S,1.8
12,3,0.2759107,1,0.8,S,1.8
12,3,0.3327631,0,0.2,S,1.8
12,3,0.3082499,0,0.4,S,2.1
12,3,0.276698,1,0.4,S,1.3
12,3,0.414843,0,0.2,S,1.6
12,3,0.4058636,1,0.8,S,1.9
12,3,0.3739786,0,0.2,S,1.9
12,3,0.5569585,1,0.7,S,1.1
12,3,0.3768089,1,0.7,S,2.3
12,3,0.2600195,0,0.7,S,1.6
12,3,0.27683,0,0.7,S,0.9
12,3,0.4203285,1,0.5,S,1.4
12,3,0.3241124,1,0.8,S,1.9
12,3,0.2849631,1,0.8,S,2.3
12,3,0.5512666,0,0.4,S,2.1
12,3,1.0097368,0,0.3,S,0.9
12,3,0.3223691,0,0.5,S,2.3
12,3,0.3030501,1,0.7,S,1.9
12,3,0.3817575,1,0.6,S,1.4
12,3,0.2818248,0,0.5,S,1.1
12,3,0.2481692,0,0.4,S,1.6
12,3,0.2821108,0,0.4,S,2.1
12,3,0.7450739,0,0.5,S,2.1
12,3,0.4919113,0,0.5,S,1.3
12,3,0.3086543,1,0.6,S,0.9
12,3,0.2709318,1,0.6,S,1.8
12,3,0.350136,1,0.5,S,1.9
12,3,0.3817935,1,0.6,S,1.1
12,3,0.9091781,0,0.5,S,2.1
12,3,0.6959605,0,0.5,S,1.8
12,3,0.4310233,1,0.7,S,1.9
12,3,0.2372802,0,0.7,S,1.9
12,3,0.3089315,0,0.5,S,0.9
12,3,0.5000301,0,0.4,S,0.9
12,3,0.2742318,1,0.6,S,1.1
12,3,0.5134317,0,0.3,S,1.4
12,3,1.2258477,0,0.6,S,0.9
12,3,0.8618587,1,0.5,S,1.9
12,3,0.4990282,0,0.3,S,2.1
12,3,0.7730367,0,0.3,S,2.1
12,3,0.5488944,1,0.4,S,1.3
12,3,0.5235003,0,0.2,S,2.3
12,3,0.2873228,1,0.6,S,0.9
12,3,0.8339115,0,0.5,S,1.1
12,3,0.4669947,0,0.2,S,0.9
12,3,0.8210866,1,0.5,S,1.6
12,3,1.4959184,1,0.6,S,1.1
12,3,0.7169857,0,0.3,S,0.9
12,3,0.7430063,0,0.2,S,2.3
12,3,0.5591476,0,0.6,S,1.6
12,3,0.3586198,1,0.3,S,2.1
12,3,0.797523,1,0.5,S,1.9
12,3,0.9902042,0,0.3,S,1.6
12,3,0.6798964,0,0.2,S,0.9
12,3,0.493007,0,0.3,S,1.6
12,3,0.3068611,1,0.7,S,2.3
12,3,0.3280892,0,0.8,S,1.1
12,3,0.3348312,1,0.6,S,2.1
12,3,0.4056516,1,0.7,S,0.9
12,3,1.0350425,1,0.4,S,2.1
12,3,0.5249788,0,0.2,S,2.3
12,3,0.5646508,0,0.3,S,1.9
12,3,0.734317,0,0.3,S,1.4
12,3,0.2923864,1,0.8,S,1.1
12,3,0.2089127,1,0.7,S,1.6
12,3,0.3916741,1,0.7,S,1.3
12,3,0.2930086,0,0.8,S,1.4
12,3,0.352961,1,0.8,S,0.9
12,3,0.3480612,0,0.8,S,1.1
12,3,0.8350194,0,0.4,S,1.6
12,3,0.5739649,0,0.4,S,2.3
12,3,0.6990074,0,0.2,S,2.3
12,3,0.5402458,1,0.5,S,1.9
12,3,1.0074218,0,0.3,S,1.6
12,3,0.4679856,0,0.2,S,2.3
12,4,0.259327,1,0.7,S,1.9
12,4,0.6920088,0,0.3,S,1.3
12,4,0.2963562,1,0.7,S,1.6
12,4,0.3369181,0,0.2,S,0.9
12,4,0.2591105,1,0.5,S,1.4
12,4,0.4048875,1,0.7,S,1.3
12,4,0.2545207,0,0.6,S,1.9
12,4,0.3331256,1,0.6,S,1.6
12,4,0.4789475,1,0.8,S,1.1
12,4,0.4426217,0,0.5,S,1.9
12,4,0.3170801,0,0.4,S,1.4
12,4,1.6497943,0,0.6,S,1.6
12,4,0.4309417,0,0.3,S,1.8
12,4,0.4339665,1,0.6,S,1.1
12,4,1.5128157,0,0.6,S,1.1
12,4,0.4058796,0,0.3,S,1.1
12,4,0.5986624,0,0.8,S,1.8
12,4,0.3560817,1,0.8,S,2.1
12,4,0.6852568,1,0.5,S,1.8
12,4,0.4703285,0,0.2,S,2.1
12,4,1.3250313,0,0.5,S,0.9
12,4,0.3049125,0,0.3,S,1.9
12,4,0.3375946,1,0.7,S,2.1
12,4,0.9636936,1,0.6,S,1.3
12,4,0.3151698,1,0.8,S,1.4
12,4,0.2662447,0,0.8,S,0.9
12,4,0.2732657,1,0.6,S,0.9
12,4,0.440758,1,0.8,S,1.9
12,4,0.391865,1,0.7,S,1.1
12,4,0.1978524,1,0.8,S,1.1
12,4,0.3595739,1,0.3,S,1.1
12,4,0.3229152,0,0.4,S,1.8
12,4,0.3407467,1,0.7,S,1.9
12,4,0.2545909,1,0.8,S,1.9
12,4,0.2659434,1,0.6,S,1.9
12,4,0.648407,0,0.6,S,1.1
12,4,0.5248817,0,0.6,S,2.1
12,4,0.4351296,0,0.3,S,1.4
12,4,0.5766858,0,0.5,S,2.1
12,4,0.6511607,0,0.7,S,1.8
12,4,0.2308905,1,0.7,S,1.4
12,4,0.5981731,0,0.2,S,0.9
12,4,1.3501506,1,0.7,S,2.1
12,4,0.4406802,1,0.4,S,1.1
12,4,0.3162988,1,0.7,S,1.3
12,4,0.4376521,1,0.6,S,1.3
12,4,0.8558019,0,0.2,S,1.1
12,4,0.5920204,0,0.8,S,1.9
12,4,0.3452386,1,0.8,S,1.9
12,4,0.3880966,1,0.4,S,1.8
12,4,0.4999995,0,0.2,S,1.6
12,4,0.4748678,1,0.8,S,2.3
12,4,0.7968287,0,0.8,S,1.1
12,4,0.3000355,1,0.7,S,1.6
12,4,0.2727653,1,0.8,S,1.3
12,4,0.9269573,0,0.4,S,2.1
12,4,1.1731253,1,0.5,S,1.6
12,4,0.2849908,1,0.8,S,1.9
12,4,0.3548203,0,0.2,S,0.9
12,4,0.2885317,1,0.7,S,1.3
12,4,0.2893281,1,0.7,S,1.6
12,4,0.2837134,0,0.5,S,0.9
12,4,0.4290107,0,0.6,S,1.3
12,4,0.3742354,0,0.6,S,1.9
12,4,1.4771909,0,0.4,S,1.8
12,4,0.3399156,0,0.3,S,0.9
12,4,0.5945879,1,0.7,S,1.3
12,4,0.6040264,0,0.8,S,2.3
12,4,0.7149165,0,0.4,S,0.9
12,4,0.5889443,1,0.7,S,1.4
12,4,0.3735336,1,0.7,S,1.8
12,4,0.2910557,0,0.3,S,1.3
13,1,0.3811038,1,0.6,S,1.4
13,1,0.4130637,1,0.7,S,1.6
13,1,0.5148736,0,0.2,S,1.6
13,1,0.3637901,1,0.8,S,1.3
13,1,0.6343104,1,0.7,S,1.4
13,1,0.6388886,0,0.4,S,2.3
13,1,0.5237168,1,0.5,S,2.3
13,1,0.4812537,1,0.6,S,1.9
13,1,0.57975,1,0.4,S,1.3
13,1,0.6370743,1,0.5,S,1.8
13,1,0.5218202,1,0.5,S,1.6
13,1,0.7647141,1,0.7,S,1.3
13,1,0.6211127,0,0.2,S,1.3
13,1,0.5590722,0,0.2,S,0.9
13,1,0.6819836,1,0.6,S,1.3
13,1,0.9890078,0,0.4,S,2.1
13,1,0.7291159,1,0.8,S,2.3
13,1,0.8061424,0,0.2,S,1.6
13,1,0.5799326,1,0.5,S,1.4
13,1,1.0080326,0,0.4,S,1.9
13,1,0.5152418,1,0.8,S,1.4
13,1,0.4969939,1,0.8,S,0.9
13,1,0.2707535,1,0.8,S,1.6
13,1,0.6301564,1,0.8,S,0.9
13,1,0.8268099,1,0.7,S,1.1
13,1,0.7487851,1,0.5,S,1.3
13,1,0.696691,0,0.3,S,1.9
13,1,0.3943274,1,0.5,S,1.3
13,1,0.3720176,1,0.6,S,1.6
13,1,0.2659932,1,0.7,S,1.6
13,1,0.3686946,1,0.8,S,0.9
13,1,0.286134,1,0.6,S,2.3
13,1,0.2862016,1,0.8,S,1.1
13,1,0.3689617,1,0.7,S,0.9
13,1,0.4017909,1,0.5,S,1.1
13,1,0.2972744,1,0.7,S,1.3
13,1,0.3807101,1,0.6,S,1.9
13,1,0.6862012,0,0.2,S,1.4
13,1,0.5086354,0,0.3,S,1.1
13,1,0.5440079,0,0.2,S,1.3
13,1,0.6320692,1,0.4,S,1.8
13,1,0.5710563,1,0.7,S,1.6
13,1,0.504187,1,0.8,S,1.1
13,1,0.6360959,1,0.8,S,1.1
13,1,0.6339555,0,0.4,S,1.6
13,1,0.7999627,0,0.4,S,1.9
13,1,0.647197,1,0.7,S,1.4
13,1,0.6308605,0,0.2,S,0.9
13,1,0.4952214,0,0.2,S,1.1
13,1,0.4821258,1,0.6,S,1.8
13,1,0.4656379,1,0.5,S,1.3
13,1,0.2900657,1,0.8,S,1.6
13,1,0.874195,1,0.5,S,1.6
13,1,0.6560776,0,0.2,S,1.9
13,1,0.3660432,1,0.5,S,1.6
13,1,0.8086195,0,0.4,S,1.4
13,1,0.6939053,0,0.4,S,1.4
13,1,0.4120229,1,0.8,S,1.9
13,1,0.3190098,1,0.7,S,1.9
13,1,0.6170679,0,0.3,S,1.6
13,1,0.67625,0,0.4,S,2.3
13,1,0.4807292,1,0.5,S,1.9
13,1,0.4430273,1,0.8,S,1.4
13,1,0.3130606,1,0.8,S,1.3
13,1,0.8570514,1,0.6,S,1.3
13,1,0.5733385,0,0.2,S,2.3
13,1,0.4453909,1,0.5,S,1.3
13,1,0.5708879,1,0.7,S,1.1
13,1,0.5250518,1,0.5,S,1.8
13,1,1.1967308,1,0.4,S,1.9
13,1,0.6310039,1,0.4,S,1.3
13,1,0.3149525,1,0.8,S,1.4
13,2,0.2808017,1,0.7,S,1.8
13,2,0.40198,1,0.6,S,2.1
13,2,0.5448368,1,0.7,S,1.1
13,2,0.321761,1,0.8,S,1.3
13,2,0.3450319,1,0.7,S,0.9
13,2,0.6745856,0,0.2,S,1.8
13,2,0.6331395,0,0.4,S,2.3
13,2,0.5470151,1,0.6,S,1.9
13,2,0.5420372,0,0.5,S,0.9
13,2,0.4928269,1,0.8,S,1.9
13,2,0.5228471,0,0.4,S,1.8
13,2,0.4696162,0,0.3,S,1.3
13,2,0.5421264,0,0.2,S,1.8
13,2,0.5620452,0,0.5,S,1.3
13,2,0.3318859,1,0.6,S,1.9
13,2,0.7319315,0,0.5,S,2.3
13,2,0.4757809,1,0.8,S,1.3
13,2,0.6163414,1,0.7,S,0.9
13,2,0.5738111,0,0.2,S,0.9
13,2,0.4010406,1,0.6,S,1.6
13,2,0.9120885,0,0.6,S,0.9
13,2,0.6372712,0,0.3,S,1.3
13,2,0.5027023,0,0.2,S,1.9
13,2,0.4957947,1,0.6,S,2.3
13,2,0.85502,0,0.5,S,1.6
13,2,0.4848321,1,0.6,S,2.1
13,2,0.5251553,0,0.3,S,1.1
13,2,0.489871,0,0.3,S,2.1
13,2,0.5166101,0,0.2,S,1.1
13,2,0.5417093,0,0.2,S,2.3
13,2,0.5487375,1,0.7,S,0.9
13,2,0.2618989,1,0.8,S,0.9
13,2,0.2369262,1,0.7,S,2.1
13,2,0.3361525,1,0.8,S,1.1
13,2,0.4420584,1,0.7,S,0.9
13,2,0.4663884,0,0.2,S,1.1
13,2,0.504699,1,0.6,S,1.6
13,2,0.3490955,1,0.5,S,2.3
13,2,0.3000217,1,0.7,S,1.6
13,2,0.2482367,1,0.7,S,1.1
13,2,0.4859741,0,0.2,S,1.1
13,2,0.9260183,1,0.7,S,1.9
13,2,0.4393151,1,0.3,S,1.4
13,2,0.610647,0,0.4,S,0.9
13,2,0.5731738,0,0.3,S,1.1
13,2,0.5149836,0,0.2,S,2.3
13,2,0.4820313,0,0.2,S,0.9
13,2,0.5210636,0,0.4,S,1.4
13,2,0.4432053,1,0.6,S,1.1
13,2,0.3080338,1,0.7,S,1.8
13,2,0.4639694,1,0.6,S,2.1
13,2,0.6180869,0,0.3,S,1.4
13,2,0.547209,0,0.2,S,1.6
13,2,0.4891816,0,0.2,S,0.9
13,2,0.5559311,1,0.6,S,1.8
13,2,0.806137,0,0.3,S,2.1
13,2,0.8149205,0,0.3,S,1.3
13,2,0.7861413,0,0.3,S,2.3
13,2,0.4267104,1,0.5,S,2.1
13,2,0.6408688,0,0.3,S,0.9
13,2,0.4192332,1,0.5,S,1.1
13,2,0.5190958,1,0.7,S,1.1
13,2,0.3469103,1,0.7,S,1.9
13,3,0.2981639,1,0.6,S,1.9
13,3,0.5828358,1,0.5,S,2.1
13,3,1.0777081,1,0.6,S,1.3
13,3,0.5023225,1,0.8,S,1.6
13,3,0.4948877,0,0.2,S,1.3
13,3,0.4863887,1,0.8,S,2.3
13,3,0.5258237,0,0.3,S,1.9
13,3,0.4329085,0,0.7,S,1.4
13,3,0.7191568,1,0.7,S,2.3
13,3,0.5495971,1,0.5,S,1.6
13,3,0.4640098,0,0.3,S,1.3
13,3,0.337273,1,0.7,S,1.6
13,3,0.5340447,0,0.2,S,1.4
13,3,0.6317482,0,0.4,S,1.8
13,3,0.473907,1,0.6,S,1.3
13,3,0.572057,1,0.8,S,1.3
13,3,0.4866395,1,0.6,S,1.8
13,3,0.6390507,0,0.5,S,1.9
13,3,0.477011,0,0.3,S,2.1
13,3,0.3698388,1,0.8,S,2.1
13,3,0.4500589,0,0.2,S,0.9
13,3,0.4220072,0,0.3,S,1.1
13,3,0.4966361,0,0.4,S,0.9
13,3,0.7210604,0,0.4,S,1.4
13,3,0.5576052,0,0.2,S,1.8
13,3,0.3608096,1,0.7,S,1.9
13,3,0.3890136,1,0.8,S,1.1
13,3,0.2670146,1,0.7,S,0.9
13,3,0.2849561,1,0.6,S,2.3
13,3,0.7219422,0,0.5,S,0.9
13,3,0.8806621,0,0.4,S,1.4
13,3,0.4390569,1,0.7,S,1.4
13,3,1.5168558,0,0.6,S,1.6
13,3,0.5726835,0,0.3,S,1.9
13,3,0.3099702,1,0.6,S,1.6
13,3,0.5637629,0,0.2,S,1.1
13,3,1.4738318,1,0.5,S,1.8
13,3,0.4833407,0,0.2,S,1.9
13,3,0.3489581,1,0.8,S,1.3
13,3,0.4446777,1,0.5,S,2.1
13,3,0.4391037,1,0.7,S,0.9
13,3,0.3858418,1,0.7,S,2.3
13,3,0.5760999,0,0.3,S,1.3
13,3,0.5528974,0,0.2,S,1.4
13,3,0.460918,1,0.6,S,2.3
13,3,0.5706728,0,0.3,S,0.9
13,3,0.3659946,1,0.6,S,1.8
13,3,0.652988,0,0.4,S,2.1
13,3,0.2548625,1,0.7,S,1.4
13,3,0.4799072,0,0.4,S,1.1
13,3,0.4195098,1,0.8,S,1.4
13,3,0.4891455,0,0.4,S,2.3
13,3,0.4345469,0,0.4,S,1.1
13,3,0.6585252,0,0.5,S,1.9
13,3,0.5178203,0,0.2,S,1.9
13,3,0.4429249,0,0.3,S,1.1
13,3,0.2671003,1,0.8,S,1.3
13,3,0.5560235,0,0.4,S,1.4
13,3,0.8650542,1,0.5,S,1.4
13,3,0.5360275,0,0.2,S,1.9
13,3,0.509099,0,0.3,S,1.9
13,3,0.6668719,0,0.5,S,1.1
13,3,0.6743976,1,0.5,S,1.4
13,3,0.4978068,1,0.8,S,0.9
13,3,0.6311752,0,0.4,S,2.3
13,3,0.3027178,1,0.8,S,2.3
13,3,0.5429211,1,0.7,S,0.9
13,3,0.3719265,1,0.8,S,1.6
13,4,0.5592404,0,0.4,S,1.9
13,4,0.2558619,1,0.8,S,1.6
13,4,0.3180351,1,0.7,S,1.6
13,4,0.4559013,0,0.2,S,1.8
13,4,0.2037681,1,0.8,S,2.1
13,4,0.5148763,0,0.3,S,0.9
13,4,0.6257845,0,0.5,S,1.8
13,4,0.4909965,0,0.3,S,0.9
13,4,0.6471332,0,0.4,S,0.9
13,4,0.5476377,0,0.2,S,2.1
13,4,0.3537188,1,0.8,S,1.4
13,4,0.5599819,0,0.2,S,1.4
13,4,0.5019797,0,0.2,S,1.4
13,4,0.548595,0,0.3,S,0.9
13,4,0.5856262,0,0.4,S,2.1
13,4,0.3540938,1,0.8,S,2.3
13,4,0.3777719,1,0.6,S,2.1
13,4,0.5166732,0,0.3,S,2.3
13,4,0.5339961,0,0.3,S,1.8
13,4,0.1483931,1,0.8,S,1.6
13,4,0.5897931,0,0.4,S,2.1
13,4,0.5329403,1,0.6,S,1.9
13,4,0.6168443,0,0.3,S,1.9
13,4,0.3345378,1,0.7,S,1.1
13,4,0.387892,1,0.5,S,1.1
13,4,0.4489686,1,0.6,S,2.3
13,4,0.5309193,0,0.4,S,1.3
13,4,0.7087402,0,0.4,S,2.3
13,4,0.3373235,1,0.8,S,0.9
13,4,0.3160843,1,0.6,S,1.9
13,4,0.5108347,0,0.2,S,1.4
13,4,0.5550373,0,0.3,S,1.9
13,4,0.6189307,0,0.4,S,1.6
13,4,0.2928869,1,0.8,S,0.9
13,4,0.3560052,1,0.7,S,2.3
13,4,0.3309435,1,0.8,S,0.9
13,4,0.4561077,0,0.2,S,1.4
13,4,0.5789584,1,0.5,S,2.1
13,4,0.3938927,1,0.6,S,1.9
13,4,0.547982,0,0.3,S,1.9
13,4,0.3940173,1,0.5,S,1.1
13,4,0.4566013,0,0.2,S,1.6
13,4,0.2890218,1,0.8,S,1.3
13,4,0.5873706,0,0.4,S,2.1
13,4,0.4960972,0,0.3,S,1.9
13,4,0.3073362,1,0.7,S,1.1
13,4,0.5509338,1,0.6,S,2.1
13,4,0.66982,0,0.4,S,2.1
13,4,0.4488979,1,0.8,S,1.6
13,4,0.3388509,1,0.8,S,1.3
13,4,0.9577317,0,0.4,S,1.4
13,4,0.6759593,0,0.3,S,2.3
13,4,0.4521966,1,0.5,S,1.6
13,4,0.5627214,0,0.4,S,1.9
13,4,0.4958491,0,0.4,S,2.1
13,4,0.8118572,0,0.5,S,1.6
13,4,0.6612712,1,0.6,S,1.3
13,4,0.3277697,1,0.8,S,1.6
13,4,0.5568515,0,0.5,S,1.8
13,4,0.5986728,0,0.2,S,2.3
13,4,0.4969536,0,0.2,S,1.6
13,4,0.4909866,1,0.7,S,0.9
13,4,0.5875368,0,0.8,S,1.3
13,4,0.5090401,0,0.2,S,1.3
13,4,0.4717442,0,0.2,S,1.1
13,4,0.3546177,1,0.6,S,1.3
13,4,0.4108953,1,0.5,S,2.1
13,4,0.5801572,0,0.4,S,1.1
13,4,0.5539765,0,0.4,S,1.4
13,4,0.3807845,1,0.8,S,1.1
13,4,0.5149822,0,0.2,S,1.8
13,4,0.7420269,0,0.4,S,2.3
13,4,0.5287461,0,0.3,S,1.9
13,4,0.5130734,1,0.5,S,2.1
13,4,0.534832,0,0.3,S,1.4
13,4,0.4890274,0,0.2,S,2.3
14,1,0.569176,1,0.7,S,1.3
14,1,0.2525499,1,0.6,S,1.9
14,1,0.6224131,1,0.5,S,2.3
14,1,0.7188343,1,0.5,S,0.9
14,1,0.3662952,0,0.5,S,1.1
14,1,0.2878139,1,0.8,S,1.4
14,1,0.5782134,0,0.2,S,1.4
14,1,0.4796912,0,0.4,S,1.6
14,1,0.2889205,1,0.8,S,1.3
14,1,0.8330986,1,0.5,S,2.3
14,1,0.2839997,1,0.6,S,2.3
14,1,1.4451117,1,0.6,S,1.8
14,1,0.3491874,0,0.4,S,1.9
14,1,0.510043,0,0.2,S,1.4
14,1,0.6823596,0,0.5,S,1.9
14,1,1.6620989,0,0.4,S,2.1
14,1,0.4631319,0,0.5,S,1.3
14,1,0.4285241,0,0.5,S,1.1
14,1,0.4837915,0,0.2,S,2.3
14,1,0.4360453,1,0.5,S,1.8
14,1,0.5369939,0,0.2,S,2.3
14,1,0.5611,1,0.6,S,1.3
14,1,0.9695524,1,0.4,S,0.9
14,1,0.2528087,1,0.8,S,1.4
14,1,0.25971,1,0.8,S,1.8
14,1,1.8988119,0,0.5,S,1.9
14,1,0.4653345,0,0.5,S,1.6
14,1,0.2536281,1,0.7,S,1.6
14,1,1.5889091,1,0.5,S,1.1
14,1,1.8269605,1,0.6,S,1.4
14,1,0.8084843,0,0.4,S,1.6
14,1,1.4729953,1,0.6,S,1.4
14,1,0.8525278,1,0.5,S,1.6
14,1,0.6399603,0,0.2,S,0.9
14,1,0.5561293,0,0.5,S,1.9
14,1,1.3176257,1,0.6,S,2.1
14,1,0.2619676,1,0.8,S,1.6
14,1,0.5241962,0,0.4,S,2.1
14,1,0.5821159,0,0.4,S,1.4
14,1,0.3212878,1,0.6,S,1.4
14,1,0.7488658,1,0.7,S,1.6
14,1,0.280269,1,0.7,S,2.3
14,1,0.5907737,0,0.2,S,1.8
14,1,0.7661371,0,0.5,S,2.1
14,1,1.1652339,0,0.3,S,1.6
14,1,0.8931702,0,0.3,S,0.9
14,1,0.3009839,1,0.8,S,1.3
14,1,0.504048,0,0.2,S,1.4
14,1,0.7039504,1,0.6,S,1.9
14,1,0.4969809,0,0.2,S,0.9
14,1,0.3927262,1,0.4,S,1.6
14,1,1.0116117,0,0.3,S,1.9
14,1,0.7009331,0,0.2,S,1.1
14,1,0.5172125,0,0.3,S,1.3
14,1,0.4880324,0,0.2,S,1.6
14,1,1.7095457,0,0.6,S,1.1
14,1,0.5228876,0,0.3,S,1.1
14,1,0.7803864,0,0.7,S,1.3
14,1,0.2699067,1,0.7,S,1.9
14,1,0.4509146,0,0.2,S,1.1
14,1,0.4389933,1,0.8,S,1.1
14,1,0.6370933,0,0.7,S,1.8
14,1,0.5631421,0,0.2,S,0.9
14,1,0.7279742,0,0.3,S,0.9
14,1,0.6888431,0,0.3,S,2.1
14,1,0.7169257,0,0.4,S,1.6
14,2,1.2376448,0,0.3,S,1.9
14,2,0.2888624,1,0.6,S,1.6
14,2,1.64014,1,0.5,S,1.8
14,2,0.3960834,1,0.4,S,2.3
14,2,0.7842571,1,0.6,S,1.4
14,2,1.342862,0,0.4,S,2.3
14,2,0.5923547,1,0.4,S,1.3
14,2,0.7258642,1,0.6,S,1.9
14,2,0.4645847,1,0.7,S,1.3
14,2,2.0568085,0,0.3,S,1.4
14,2,0.2901258,1,0.8,S,1.4
14,2,0.6155967,0,0.2,S,1.9
14,2,0.4199655,1,0.8,S,1.9
14,2,1.3085887,1,0.8,S,1.1
14,2,1.3987502,1,0.8,S,0.9
14,2,0.4512574,0,0.4,S,1.4
14,2,0.5086948,1,0.6,S,1.6
14,2,0.2858847,1,0.7,S,1.3
14,2,0.6129584,1,0.4,S,2.3
14,2,1.1280971,0,0.3,S,1.1
14,2,0.2430791,1,0.8,S,0.9
14,2,0.9339253,0,0.3,S,1.8
14,2,1.309133,0,0.3,S,1.9
14,2,0.219015,1,0.6,S,2.1
14,2,0.3090691,1,0.7,S,2.3
14,2,0.6280571,0,0.3,S,1.4
14,2,0.6663848,1,0.3,S,1.1
14,2,0.3809366,1,0.6,S,2.3
14,2,0.487585,1,0.6,S,2.3
14,2,1.3465083,1,0.5,S,0.9
14,2,1.2280681,1,0.8,S,0.9
14,2,0.6617713,0,0.2,S,1.8
14,2,0.4887603,1,0.5,S,1.1
14,2,0.8724742,1,0.7,S,1.9
14,2,0.5729628,0,0.3,S,1.9
14,2,0.9123299,0,0.4,S,1.9
14,2,0.3566921,1,0.7,S,2.3
14,2,1.2290143,0,0.4,S,1.8
14,2,0.5638038,0,0.4,S,2.1
14,2,0.3378321,1,0.8,S,2.1
14,2,0.854875,1,0.5,S,0.9
14,2,0.8229117,1,0.4,S,1.9
14,2,0.5429196,1,0.8,S,2.1
14,2,0.5160854,0,0.4,S,0.9
14,2,0.2499014,1,0.8,S,1.6
14,2,0.358932,1,0.6,S,0.9
14,2,1.2958278,1,0.5,S,1.8
14,2,0.3140074,1,0.6,S,1.8
14,2,0.6470038,0,0.2,S,1.9
14,2,0.290728,1,0.8,S,1.1
14,2,0.4469749,0,0.3,S,1.1
14,2,0.3791338,1,0.6,S,0.9
14,2,0.6809773,1,0.5,S,1.9
14,2,0.8252111,0,0.2,S,1.6
14,2,1.132068,0,0.3,S,1.6
14,2,0.6599765,0,0.3,S,1.9
14,2,0.7692799,0,0.2,S,1.8
14,2,1.2379722,0,0.5,S,1.9
14,2,0.3128645,1,0.6,S,1.3
14,2,0.2487123,1,0.8,S,1.9
14,2,0.6352324,1,0.5,S,1.3
14,2,0.6838507,1,0.4,S,2.1
14,2,0.4230883,1,0.8,S,1.3
14,2,0.5197692,1,0.4,S,1.9
14,2,0.2878372,1,0.7,S,1.4
14,2,0.8328106,0,0.2,S,1.1
14,3,1.2198927,0,0.3,S,1.3
14,3,0.9524978,1,0.3,S,1.8
14,3,0.426528,0,0.2,S,1.4
14,3,1.776172,0,0.3,S,2.1
14,3,0.2141057,1,0.8,S,1.9
14,3,0.2809673,1,0.3,S,1.8
14,3,0.2708087,1,0.8,S,1.6
14,3,0.327897,1,0.4,S,1.4
14,3,0.2848777,1,0.7,S,1.9
14,3,0.2741514,1,0.5,S,1.8
14,3,0.2713356,1,0.5,S,1.1
14,3,0.4822374,1,0.4,S,0.9
14,3,1.4869959,0,0.3,S,2.3
14,3,0.984641,1,0.8,S,1.1
14,3,0.3400059,1,0.7,S,0.9
14,3,1.3940965,1,0.4,S,1.9
14,3,0.3713287,1,0.4,S,1.8
14,3,0.2395985,1,0.7,S,2.3
14,3,0.2593034,1,0.5,S,1.6
14,3,0.4950193,0,0.2,S,2.1
14,3,0.2549087,1,0.8,S,1.4
14,3,0.5081411,1,0.5,S,2.1
14,3,0.2388975,1,0.7,S,0.9
14,3,1.787128,0,0.2,S,2.1
14,3,0.4261042,1,0.7,S,1.4
14,3,0.7563112,1,0.6,S,0.9
14,3,0.2359908,1,0.7,S,1.1
14,3,0.5440892,0,0.3,S,2.3
14,3,0.4579193,1,0.6,S,2.3
14,3,1.0341809,0,0.5,S,1.1
14,3,0.7600615,1,0.6,S,2.3
14,3,0.3029414,1,0.5,S,1.8
14,3,0.3381661,1,0.6,S,1.3
14,3,0.2649483,1,0.7,S,1.8
14,3,1.3147357,0,0.5,S,1.1
14,3,1.009314,1,0.7,S,2.3
14,3,0.2974154,1,0.8,S,1.6
14,3,0.264082,1,0.6,S,1.1
14,3,0.5501009,1,0.4,S,0.9
14,3,1.415372,0,0.3,S,0.9
14,3,0.7041293,1,0.8,S,1.1
14,3,0.3459457,1,0.4,S,1.1
14,3,0.5009926,0,0.2,S,2.3
14,3,0.3295858,1,0.8,S,1.8
14,3,0.258998,1,0.5,S,1.4
14,3,0.533489,1,0.6,S,1.9
14,3,1.1440469,1,0.8,S,0.9
14,3,0.2489498,1,0.7,S,2.1
14,3,0.9910066,0,0.3,S,1.6
14,3,0.3216985,1,0.8,S,1.3
14,3,0.9170584,0,0.2,S,1.8
14,3,0.6130906,0,0.3,S,1.9
14,3,0.3346511,1,0.5,S,1.3
14,3,0.4889415,0,0.3,S,1.4
14,3,0.8977566,1,0.5,S,2.3
14,3,0.6129595,0,0.3,S,1.1
14,3,0.6021331,1,0.5,S,2.3
14,3,0.2678528,1,0.5,S,2.3
14,3,0.9661142,0,0.2,S,1.8
14,3,0.2647784,1,0.6,S,1.8
14,3,1.283544,0,0.2,S,1.1
14,3,0.4213851,1,0.8,S,1.3
14,3,0.9958888,1,0.8,S,1.3
14,3,0.5536312,1,0.8,S,1.6
14,3,1.4199949,0,0.4,S,0.9
14,3,1.4389868,1,0.4,S,1.3
14,3,1.0449557,1,0.6,S,0.9
14,3,0.8651241,0,0.4,S,1.3
14,3,0.3527037,1,0.7,S,1.1
14,3,0.5161906,0,0.3,S,0.9
14,3,0.4837831,0,0.3,S,1.4
14,3,0.5538736,1,0.4,S,0.9
14,4,0.9951179,1,0.5,S,2.3
14,4,0.4157295,0,0.4,S,1.3
14,4,0.549593,0,0.4,S,1.8
14,4,0.7112418,1,0.8,S,1.4
14,4,0.4160229,0,0.2,S,1.1
14,4,0.8398817,1,0.7,S,1.6
14,4,0.9208707,1,0.7,S,2.3
14,4,0.4081662,0,0.2,S,2.3
14,4,0.5107982,0,0.4,S,1.1
14,4,0.5380037,0,0.7,S,1.1
14,4,1.3499272,1,0.8,S,0.9
14,4,0.3668078,0,0.4,S,2.1
14,4,0.6613284,0,0.7,S,1.1
14,4,1.3890276,1,0.8,S,2.3
14,4,0.3361721,1,0.6,S,1.6
14,4,0.3388066,0,0.2,S,2.3
14,4,0.5432642,0,0.3,S,2.3
14,4,0.862877,0,0.3,S,0.9
14,4,1.1286924,1,0.6,S,2.3
14,4,1.2189149,1,0.6,S,1.9
14,4,0.3790835,0,0.3,S,1.9
14,4,0.6978357,0,0.5,S,0.9
14,4,1.1627646,1,0.6,S,1.4
14,4,0.5334542,0,0.2,S,1.9
14,4,0.2699406,1,0.7,S,1.3
14,4,0.3962008,0,0.2,S,1.1
14,4,0.4214767,0,0.2,S,2.3
14,4,0.463011,1,0.4,S,2.3
14,4,0.6361282,0,0.4,S,1.8
14,4,1.1453279,0,0.5,S,1.6
14,4,1.510665,0,0.4,S,2.1
14,4,1.0058328,1,0.8,S,2.3
14,4,0.4257995,1,0.6,S,1.3
14,4,0.2280694,1,0.7,S,1.4
14,4,0.4599541,1,0.6,S,1.3
14,4,0.2521686,1,0.6,S,1.1
14,4,0.7266182,0,0.2,S,1.3
14,4,0.3240975,1,0.7,S,1.6
14,4,0.4702604,0,0.4,S,1.6
14,4,0.4381296,0,0.3,S,0.9
14,4,0.2631518,1,0.8,S,1.1
14,4,0.5463038,0,0.3,S,1.9
14,4,2.0521818,1,0.7,S,1.8
14,4,0.5607561,1,0.8,S,1.6
14,4,0.8875007,1,0.5,S,1.4
14,4,0.440165,0,0.4,S,1.3
14,4,0.4079999,0,0.2,S,1.9
14,4,0.5691717,0,0.2,S,1.4
14,4,0.2500902,1,0.7,S,1.8
14,4,0.288111,1,0.8,S,2.3
14,4,0.606149,1,0.8,S,1.4
14,4,0.4636643,0,0.2,S,1.1
14,4,0.5307795,0,0.2,S,1.8
14,4,1.1288846,0,0.7,S,1.1
14,4,0.337156,0,0.5,S,1.8
14,4,0.2560883,1,0.8,S,0.9
14,4,0.3748677,0,0.3,S,1.1
14,4,0.4629676,0,0.4,S,1.3
14,4,0.4325132,0,0.4,S,1.8
14,4,0.3361466,0,0.3,S,1.8
14,4,0.3119591,0,0.3,S,1.1
14,4,0.2789821,0,0.4,S,2.1
14,4,0.2557449,1,0.7,S,1.3
14,4,0.5983073,0,0.7,S,0.9
14,4,0.3476587,0,0.3,S,1.9
14,4,0.592213,1,0.7,S,1.6
14,4,0.3558607,0,0.2,S,0.9
14,4,1.0708745,1,0.7,S,2.3
14,4,0.684694,0,0.5,S,1.8
15,1,0.1623815,1,0.3,S,2.3
15,1,0.2637817,1,0.4,S,1.4
15,1,0.4329771,0,0.2,S,2.1
15,1,0.494551,0,0.3,S,1.1
15,1,0.2671578,0,0.2,S,1.6
15,1,0.1447089,1,0.8,S,1.3
15,1,0.4733536,0,0.5,S,2.1
15,1,0.459028,0,0.3,S,0.9
15,1,0.2516543,1,0.6,S,0.9
15,1,0.5519499,0,0.5,S,1.3
15,1,0.6726135,1,0.5,S,2.1
15,1,0.1940387,1,0.5,S,1.4
15,1,0.1150309,1,0.8,S,1.1
15,1,0.220856,1,0.5,S,1.8
15,1,0.437779,1,0.5,S,1.4
15,1,0.2703562,1,0.4,S,1.4
15,1,0.0954675000000003,1,0.3,S,1.8
15,1,0.2631937,1,0.2,S,1.8
15,1,0.5556214,1,0.5,S,0.9
15,1,0.2198002,1,0.6,S,2.1
15,1,0.4866286,0,0.2,S,0.9
15,1,0.1257165,1,0.7,S,1.9
15,1,0.1979391,1,0.6,S,1.6
15,1,0.1128622,1,0.8,S,2.1
15,1,0.1239642,1,0.7,S,2.1
15,1,0.4016892,1,0.4,S,2.3
15,1,0.3551018,1,0.4,S,1.4
15,1,0.3099545,0,0.3,S,0.9
15,1,0.3180862,0,0.3,S,1.6
15,1,0.2520793,1,0.7,S,1.9
15,1,0.393882,0,0.2,S,1.9
15,1,0.3138552,0,0.2,S,2.1
15,1,0.358119,0,0.2,S,1.8
15,1,0.6427968,0,0.3,S,1.9
15,1,0.4984588,0,0.3,S,2.3
15,1,0.2498451,1,0.6,S,1.6
15,1,0.213058,1,0.6,S,1.8
15,1,0.1959101,1,0.7,S,1.3
15,1,0.2472966,1,0.6,S,1.3
15,1,0.1455311,1,0.7,S,1.1
15,1,0.4950798,0,0.3,S,1.3
15,1,0.4810475,0,0.3,S,1.8
15,1,0.4321856,1,0.2,S,1.6
15,1,0.60335,0,0.4,S,1.1
15,1,0.3891616,0,0.2,S,1.9
15,1,0.1511378,1,0.8,S,1.1
15,1,0.2654227,0,0.4,S,1.8
15,1,0.087831,0,0.4,S,1.8
15,1,0.0718323000000001,1,0.6,S,2.1
15,1,0.0796828999999999,1,0.6,S,2.1
15,1,0.1855182,1,0.7,S,1.4
15,1,0.8111172,0,0.3,S,1.8
15,1,0.1727848,1,0.6,S,1.4
15,1,0.1831595,1,0.2,S,2.1
15,1,0.0528165,1,0.7,S,1.4
15,1,0.202914,1,0.4,S,1.9
15,1,0.8685741,0,0.2,S,2.3
15,1,0.0889644000000001,1,0.8,S,1.9
15,1,0.1349895,1,0.5,S,2.1
15,1,0.5949177,0,0.2,S,1.9
15,1,0.1667286,1,0.4,S,1.1
15,1,0.0976145000000002,1,0.5,S,1.1
15,1,0.2668379,1,0.4,S,2.3
15,1,0.2029367,1,0.4,S,1.8
15,1,0.0818192,1,0.7,S,1.8
15,1,0.5385884,0,0.3,S,1.1
15,2,0.1595144,1,0.2,S,2.3
15,2,0.1878599,1,0.6,S,1.4
15,2,0.2662303,1,0.4,S,1.6
15,2,0.5079626,0,0.3,S,2.3
15,2,0.1161782,1,0.6,S,2.1
15,2,0.1057937,1,0.6,S,1.1
15,2,0.0885301000000001,1,0.7,S,0.9
15,2,0.3963536,1,0.5,S,2.3
15,2,0.4269447,0,0.3,S,2.1
15,2,0.0777410000000001,1,0.4,S,0.9
15,2,0.1497575,1,0.7,S,0.9
15,2,0.3110953,0,0.4,S,1.3
15,2,0.544506,0,0.2,S,2.3
15,2,0.3775521,1,0.3,S,2.3
15,2,0.1140836,1,0.7,S,0.9
15,2,0.515609,0,0.4,S,2.3
15,2,0.1937604,1,0.6,S,1.8
15,2,0.1847016,1,0.4,S,1.1
15,2,0.3472387,0,0.3,S,1.9
15,2,0.4188493,0,0.2,S,1.9
15,2,0.3031277,0,0.3,S,1.9
15,2,0.3548905,0,0.3,S,1.1
15,2,0.2378888,1,0.5,S,1.4
15,2,0.2897573,1,0.2,S,1.1
15,2,0.2230232,0,0.2,S,1.4
15,2,0.1859777,0,0.4,S,2.1
15,2,0.1955363,1,0.4,S,1.3
15,2,0.1630721,1,0.4,S,1.9
15,2,0.1231742,1,0.5,S,1.3
15,2,0.0924060999999998,1,0.5,S,1.4
15,2,0.1825893,1,0.4,S,1.3
15,2,0.2369887,1,0.3,S,1.1
15,2,0.2729681,0,0.2,S,1.4
15,2,0.461976,0,0.3,S,2.1
15,2,0.185425,1,0.4,S,0.9
15,2,0.1799883,1,0.5,S,1.6
15,2,0.1880419,1,0.5,S,1.6
15,2,0.4570324,0,0.2,S,1.9
15,2,0.1268884,1,0.5,S,1.3
15,2,0.1986794,0,0.3,S,2.1
15,2,0.1537,1,0.5,S,2.1
15,2,0.3086542,1,0.2,S,2.1
15,2,0.4049744,0,0.4,S,2.3
15,2,0.480596,0,0.2,S,2.3
15,2,0.4937587,0,0.2,S,1.1
15,2,0.1600632,1,0.6,S,1.9
15,2,0.0797560000000002,1,0.6,S,0.9
15,2,0.2951139,0,0.2,S,2.1
15,2,0.2128714,1,0.4,S,1.8
15,2,0.2278284,1,0.5,S,1.1
15,2,0.5398825,0,0.3,S,2.3
15,2,0.49497,0,0.3,S,1.8
15,2,0.0626132999999998,1,0.5,S,2.3
15,2,0.3857725,0,0.2,S,2.3
15,2,0.426679,1,0.3,S,1.3
15,2,0.1508244,0,0.4,S,1.9
15,2,0.3040363,0,0.3,S,1.4
15,2,0.0775136000000001,1,0.7,S,2.1
15,2,0.3716579,1,0.2,S,0.9
15,2,0.3026593,0,0.2,S,1.6
15,2,0.4674253,0,0.3,S,1.3
15,2,0.3267408,0,0.2,S,1.1
15,3,0.3289281,1,0.2,S,0.9
15,3,0.2479049,0,0.2,S,1.6
15,3,0.1238837,1,0.6,S,1.9
15,3,0.1738675,1,0.6,S,1.4
15,3,0.1248963,1,0.7,S,1.9
15,3,0.2425703,0,0.3,S,1.1
15,3,0.190697,0,0.3,S,1.6
15,3,0.3196595,0,0.2,S,0.9
15,3,0.0908638000000002,1,0.7,S,2.1
15,3,0.2920093,1,0.5,S,1.3
15,3,0.2416566,0,0.3,S,1.6
15,3,0.2569463,0,0.3,S,1.4
15,3,0.1603309,1,0.6,S,1.3
15,3,0.0838269,1,0.8,S,0.9
15,3,0.2200575,0,0.3,S,2.1
15,3,0.2437428,0,0.2,S,1.4
15,3,0.2357123,0,0.5,S,1.6
15,3,0.1957447,0,0.5,S,0.9
15,3,0.2299151,0,0.3,S,2.1
15,3,0.0769918000000001,1,0.7,S,2.3
15,3,0.2620823,0,0.4,S,2.3
15,3,0.0842288,1,0.7,S,1.3
15,3,0.1964162,0,0.3,S,1.3
15,3,0.1261452,1,0.6,S,1.3
15,3,0.1847231,1,0.5,S,2.3
15,3,0.2627395,1,0.5,S,1.9
15,3,0.2836363,0,0.3,S,1.9
15,3,0.1727605,1,0.5,S,0.9
15,3,0.0879373999999999,1,0.6,S,0.9
15,3,0.3248684,0,0.2,S,1.1
15,3,0.2606075,0,0.5,S,1.1
15,3,0.26771,0,0.5,S,1.9
15,3,0.2076527,0,0.4,S,2.3
15,3,0.3079511,0,0.4,S,2.3
15,3,0.1627762,0,0.3,S,2.1
15,3,0.0760461000000001,1,0.7,S,1.3
15,3,0.1828525,0,0.3,S,1.1
15,3,0.2417339,0,0.4,S,2.1
15,3,0.2199266,0,0.2,S,1.9
15,3,0.1517615,1,0.6,S,2.3
15,3,0.1029985,0,0.5,S,1.3
15,3,0.502755,0,0.3,S,2.3
15,3,0.2406705,0,0.3,S,1.8
15,3,0.261617,0,0.2,S,1.9
15,3,0.14898,1,0.5,S,1.8
15,3,0.5037896,0,0.2,S,1.4
15,3,0.1877644,1,0.5,S,2.1
15,3,0.2621537,0,0.2,S,1.3
15,3,0.269573,0,0.2,S,1.8
15,3,0.203094,1,0.5,S,2.1
15,4,0.1727524,0,0.5,S,1.4
15,4,0.1790051,0,0.5,S,1.4
15,4,0.0757473,0,0.5,S,1.8
15,4,0.1580132,1,0.6,S,1.3
15,4,0.1157613,0,0.4,S,1.6
15,4,0.0671537999999998,0,0.5,S,2.1
15,4,0.178832,0,0.3,S,0.9
15,4,0.1670547,1,0.6,S,1.4
15,4,0.0582438000000001,1,0.7,S,1.8
15,4,0.2255971,0,0.5,S,1.4
15,4,0.1770123,0,0.4,S,1.3
15,4,0.2276473,0,0.2,S,2.1
15,4,0.2172691,0,0.4,S,1.8
15,4,0.1307454,0,0.4,S,1.4
15,4,0.1603085,0,0.4,S,1.4
15,4,0.1388762,1,0.6,S,1.1
15,4,0.2260791,0,0.4,S,2.3
15,4,0.2158709,0,0.4,S,1.4
15,4,0.1707914,0,0.4,S,1.6
15,4,0.1603492,0,0.4,S,1.4
15,4,0.1728636,1,0.6,S,2.3
15,4,0.2549032,0,0.3,S,2.3
15,4,0.1061744,1,0.6,S,2.3
15,4,0.1489098,1,0.6,S,1.3
15,4,0.1569347,1,0.7,S,2.1
15,4,0.2445352,0,0.2,S,0.9
15,4,0.272126,0,0.4,S,2.3
15,4,0.1629418,0,0.4,S,2.3
15,4,0.2589003,1,0.5,S,1.8
15,4,0.1928702,1,0.6,S,1.9
15,4,0.1421052,1,0.6,S,0.9
15,4,0.2621452,0,0.3,S,1.3
15,4,0.1180978,0,0.4,S,2.3
15,4,0.2069204,0,0.3,S,1.8
15,4,0.2159985,0,0.2,S,2.3
15,4,0.240945,0,0.3,S,0.9
15,4,0.2317885,0,0.3,S,1.1
15,4,0.2925613,0,0.4,S,1.4
15,4,0.2598005,1,0.5,S,1.3
15,4,0.3358396,1,0.5,S,1.3
15,4,0.5344793,0,0.3,S,1.9
15,4,0.2141989,0,0.3,S,1.6
15,4,0.1979889,0,0.3,S,1.8
15,4,0.1484128,1,0.5,S,1.3
15,4,0.2955618,0,0.2,S,1.1
15,4,0.3200308,1,0.2,S,1.9
15,4,0.0638241000000002,0,0.5,S,1.4
15,4,0.0668429000000001,1,0.6,S,1.1
15,4,0.189261,0,0.5,S,2.3
16,1,0.2378626,1,0.8,S,1.9
16,1,0.3437271,1,0.5,S,1.4
16,1,0.6385007,0,0.2,S,1.9
16,1,0.6010233,1,0.6,S,0.9
16,1,0.2928265,1,0.7,S,1.8
16,1,0.3230156,1,0.5,S,2.1
16,1,0.3687324,1,0.4,S,1.6
16,1,0.6293302,0,0.4,S,2.3
16,1,0.2577359,1,0.8,S,0.9
16,1,0.347126,1,0.4,S,2.1
16,1,1.3765589,1,0.5,S,0.9
16,1,0.2774747,1,0.8,S,2.1
16,1,0.3308682,1,0.8,S,1.9
16,1,0.5149814,0,0.5,S,2.3
16,1,0.2896592,1,0.6,S,2.3
16,1,0.3660343,0,0.2,S,1.4
16,1,0.465869,0,0.3,S,1.3
16,1,0.7579604,0,0.5,S,1.8
16,1,0.3437611,1,0.8,S,2.1
16,1,0.5217848,0,0.2,S,2.3
16,1,0.5809443,0,0.4,S,1.8
16,1,1.0921289,1,0.5,S,1.6
16,1,0.3049876,1,0.7,S,2.3
16,1,0.6476941,0,0.3,S,1.1
16,1,0.0788951999999998,1,0.8,S,1.3
16,1,0.5067809,0,0.4,S,1.3
16,1,0.7718353,1,0.6,S,2.3
16,1,0.3876886,1,0.8,S,1.1
16,1,0.2801094,1,0.6,S,1.1
16,1,0.3019,1,0.5,S,1.3
16,1,0.4988887,0,0.3,S,1.4
16,1,0.3285643,1,0.6,S,1.1
16,1,0.6107847,0,0.3,S,2.1
16,1,1.5885952,0,0.5,S,0.9
16,1,0.2901049,1,0.8,S,1.8
16,1,0.7396507,0,0.5,S,1.9
16,1,1.0369075,1,0.3,S,1.1
16,1,0.3647852,1,0.4,S,2.1
16,1,0.3416945,1,0.7,S,2.3
16,1,0.4596661,1,0.7,S,1.6
16,1,0.6566535,0,0.4,S,1.3
16,1,0.4136208,1,0.8,S,2.3
16,1,0.4676258,0,0.4,S,1.3
16,1,0.2240825,1,0.6,S,1.1
16,1,0.2140752,1,0.8,S,1.6
16,1,0.2972414,1,0.8,S,2.1
16,1,0.2532135,1,0.7,S,1.8
16,1,0.4291474,0,0.3,S,1.3
16,1,1.0146563,1,0.5,S,1.8
16,1,0.5265599,0,0.4,S,1.1
16,1,0.527965,0,0.4,S,2.1
16,1,0.9052064,1,0.5,S,1.8
16,1,0.54335,1,0.6,S,2.1
16,1,0.3490768,1,0.7,S,1.9
16,1,0.5375825,0,0.2,S,1.4
16,1,0.1167146,1,0.7,S,2.1
16,1,0.5093617,0,0.2,S,1.1
16,1,0.3439913,1,0.8,S,1.1
16,1,0.2281438,1,0.7,S,1.8
16,1,0.2888592,1,0.7,S,1.9
16,1,0.2116588,1,0.6,S,0.9
16,1,0.2826492,1,0.5,S,1.8
16,1,0.4371653,0,0.2,S,0.9
16,1,0.4899774,0,0.4,S,2.1
16,1,0.0573420999999998,1,0.7,S,1.6
16,1,0.5220126,0,0.2,S,0.9
16,1,0.8428084,1,0.4,S,2.3
16,1,1.4778142,1,0.4,S,2.1
16,1,0.6557006,1,0.7,S,1.9
16,1,1.996929,1,0.6,S,1.4
16,1,0.2988498,1,0.5,S,2.1
16,1,0.5390711,0,0.2,S,1.9
16,1,0.2126734,1,0.8,S,1.9
16,1,0.4857246,0,0.3,S,0.9
16,1,0.5425344,0,0.5,S,1.8
16,1,0.3188252,1,0.7,S,2.3
16,1,1.0570248,0,0.4,S,1.3
16,1,0.66872,0,0.4,S,1.8
16,1,0.5777479,0,0.4,S,1.8
16,1,0.7479694,0,0.2,S,1.9
16,1,0.3429889,1,0.7,S,1.9
16,2,0.2784882,1,0.8,S,0.9
16,2,0.6667905,0,0.2,S,1.1
16,2,1.6075692,0,0.2,S,1.4
16,2,0.6567928,0,0.2,S,1.3
16,2,1.1849952,0,0.3,S,1.3
16,2,0.6271445,0,0.4,S,1.1
16,2,1.7832865,1,0.5,S,2.3
16,2,0.3560687,1,0.7,S,1.3
16,2,0.6608686,1,0.7,S,1.1
16,2,0.8742057,0,0.2,S,1.3
16,2,0.3033831,1,0.7,S,1.1
16,2,0.8461004,1,0.8,S,1.6
16,2,0.3576841,0,0.3,S,1.6
16,2,0.4577646,0,0.3,S,0.9
16,2,0.3241117,1,0.7,S,0.9
16,2,0.3109735,1,0.4,S,1.6
16,2,0.5717382,0,0.5,S,1.8
16,2,0.97987,1,0.7,S,0.9
16,2,0.468706,0,0.3,S,2.3
16,2,0.5019302,0,0.2,S,1.6
16,2,0.3168521,1,0.7,S,2.1
16,2,0.2505202,1,0.7,S,1.3
16,2,0.7919232,1,0.6,S,1.6
16,2,0.6937046,0,0.2,S,0.9
16,2,0.5858904,0,0.2,S,2.1
16,2,0.2699018,1,0.6,S,1.1
16,2,0.6472697,1,0.7,S,1.6
16,2,0.4907466,0,0.2,S,2.1
16,2,0.9747841,1,0.3,S,1.8
16,2,0.571987,1,0.6,S,1.9
16,2,0.3488113,1,0.8,S,1.9
16,2,0.6909274,0,0.3,S,2.1
16,2,0.1117539,1,0.7,S,2.1
16,2,0.2227481,1,0.6,S,1.9
16,2,0.5388526,0,0.4,S,1.8
16,2,0.4609955,0,0.3,S,1.6
16,2,0.1590353,1,0.7,S,1.4
16,2,0.1470568,1,0.7,S,2.3
16,2,0.3397944,1,0.8,S,2.3
16,2,0.4388534,1,0.8,S,1.4
16,2,0.4899856,1,0.8,S,1.9
16,2,1.2727429,0,0.4,S,0.9
16,2,0.5737933,0,0.3,S,1.8
16,2,0.5506966,0,0.2,S,1.4
16,2,0.5317675,0,0.3,S,1.9
16,2,1.1061063,0,0.3,S,1.4
16,2,0.7310928,0,0.5,S,1.3
16,2,0.5230022,0,0.2,S,2.3
16,2,0.2188038,1,0.7,S,1.6
16,2,0.9146426,0,0.3,S,1.9
16,2,0.760412,0,0.2,S,1.3
16,2,0.4770793,1,0.7,S,0.9
16,2,0.3528377,1,0.6,S,2.1
16,2,1.1011551,0,0.6,S,1.4
16,2,0.5300596,0,0.2,S,1.9
16,2,0.6706716,0,0.4,S,1.3
16,2,0.4943264,0,0.3,S,2.3
16,2,0.6793355,0,0.4,S,1.6
16,2,0.5656633,0,0.3,S,2.3
16,2,0.4482477,0,0.3,S,1.8
16,2,0.5678548,0,0.2,S,1.3
16,2,0.3997993,0,0.2,S,1.6
16,2,0.6181931,0,0.4,S,2.1
16,2,0.992806,0,0.6,S,1.6
16,2,1.5251986,1,0.3,S,2.3
16,2,0.6223369,1,0.5,S,1.6
16,2,0.3215277,1,0.6,S,1.3
16,2,0.2860169,1,0.6,S,0.9
16,3,0.4421521,0,0.2,S,2.1
16,3,0.4620863,0,0.2,S,1.6
16,3,0.3907013,1,0.5,S,2.1
16,3,0.0831051,1,0.8,S,0.9
16,3,0.9386362,1,0.4,S,1.1
16,3,0.5037318,0,0.2,S,1.6
16,3,0.375794,1,0.7,S,1.8
16,3,0.2568152,1,0.7,S,2.3
16,3,0.9188686,0,0.3,S,0.9
16,3,0.1509601,1,0.7,S,1.4
16,3,0.1377167,1,0.8,S,1.9
16,3,0.5180065,0,0.2,S,1.3
16,3,0.3850599,1,0.4,S,2.1
16,3,0.3478357,1,0.4,S,0.9
16,3,0.1710765,1,0.7,S,2.3
16,3,0.1219412,1,0.8,S,1.1
16,3,0.3737184,0,0.4,S,2.3
16,3,0.4386046,1,0.7,S,1.3
16,3,0.8209608,1,0.6,S,1.4
16,3,0.5035064,0,0.3,S,1.1
16,3,0.513185,0,0.2,S,1.4
16,3,0.5417665,1,0.6,S,1.8
16,3,0.2607885,1,0.6,S,0.9
16,3,0.4899508,1,0.8,S,1.6
16,3,0.2349192,1,0.6,S,1.8
16,3,0.2467491,1,0.5,S,2.3
16,3,0.5777215,0,0.2,S,1.4
16,3,0.3559113,1,0.6,S,1.4
16,3,0.4999144,0,0.2,S,1.4
16,3,0.308893,1,0.7,S,1.6
16,3,0.5069525,0,0.3,S,1.3
16,3,0.7629338,0,0.6,S,1.1
16,3,0.5968126,1,0.5,S,2.1
16,3,0.7359368,0,0.4,S,0.9
16,3,2.0632043,1,0.6,S,1.9
16,3,0.3070038,1,0.6,S,1.3
16,3,0.2960395,1,0.8,S,0.9
16,3,0.3047535,1,0.6,S,1.6
16,3,0.5940457,0,0.3,S,0.9
16,3,0.3620304,1,0.7,S,2.3
16,3,0.1848705,1,0.8,S,2.3
16,3,0.4988542,0,0.3,S,1.3
16,3,0.5617388,0,0.3,S,1.6
16,3,1.5615062,0,0.5,S,1.8
16,3,0.5211231,0,0.2,S,1.3
16,3,0.7130496,1,0.5,S,1.9
16,3,0.6506006,0,0.3,S,1.6
16,3,0.2820516,1,0.5,S,2.1
16,3,0.2531199,1,0.5,S,1.3
16,3,0.4826483,0,0.2,S,1.9
16,3,0.5030099,0,0.2,S,1.1
16,3,0.8790469,0,0.4,S,1.6
16,3,0.3607343,1,0.8,S,1.4
16,3,0.5237324,0,0.3,S,1.9
16,3,0.2793689,0,0.6,S,2.1
16,3,0.4161901,1,0.7,S,2.1
16,3,0.7596828,0,0.4,S,1.6
16,3,0.4512683,0,0.2,S,1.1
16,3,0.6455798,0,0.3,S,1.4
16,3,0.4029573,1,0.8,S,1.9
16,3,0.2794559,1,0.6,S,1.8
16,3,0.5868037,0,0.2,S,1.1
16,3,0.5510391,0,0.2,S,1.8
16,3,0.7586611,0,0.4,S,1.8
16,3,0.3374067,1,0.6,S,1.9
16,3,0.5549151,0,0.2,S,1.3
16,3,0.8897354,0,0.6,S,1.9
16,3,0.6090829,1,0.8,S,1.3
16,3,0.7049501,1,0.6,S,1.1
16,3,0.2015359,1,0.7,S,2.3
16,3,0.2321252,1,0.6,S,1.8
16,3,0.4165836,1,0.7,S,0.9
16,3,0.6779977,0,0.2,S,1.6
16,4,0.4546518,1,0.4,S,1.6
16,4,0.7536372,1,0.4,S,1.4
16,4,0.3436008,1,0.7,S,1.9
16,4,0.7596652,1,0.5,S,1.3
16,4,0.2750788,1,0.7,S,1.9
16,4,0.8297118,0,0.3,S,1.3
16,4,0.4602947,1,0.4,S,2.3
16,4,0.394821,1,0.8,S,1.6
16,4,0.3209455,1,0.7,S,1.8
16,4,0.405862,1,0.7,S,1.8
16,4,0.5167269,0,0.3,S,1.4
16,4,0.9640249,1,0.5,S,2.3
16,4,0.3021053,1,0.4,S,2.1
16,4,0.9621895,1,0.8,S,1.8
16,4,0.6048334,1,0.8,S,2.3
16,4,0.5842425,0,0.3,S,1.3
16,4,0.5189504,1,0.5,S,1.9
16,4,0.9197783,0,0.2,S,1.8
16,4,0.3197099,1,0.5,S,2.1
16,4,0.2858699,1,0.8,S,1.3
16,4,0.3415871,1,0.6,S,1.4
16,4,0.4156455,1,0.5,S,1.1
16,4,0.4501661,0,0.2,S,2.3
16,4,0.9900233,0,0.4,S,1.8
16,4,1.240549,1,0.4,S,1.8
16,4,0.5147222,1,0.6,S,1.3
16,4,1.0901692,1,0.4,S,1.9
16,4,0.6593246,0,0.2,S,1.3
16,4,0.5252205,0,0.2,S,1.3
16,4,0.8930077,0,0.2,S,1.6
16,4,0.4005775,1,0.7,S,2.3
16,4,0.5468055,0,0.2,S,1.6
16,4,0.385472,1,0.8,S,2.3
16,4,0.8826729,1,0.5,S,1.3
16,4,0.7272595,1,0.4,S,0.9
16,4,0.7921087,1,0.4,S,1.6
16,4,0.736475,0,0.3,S,1.4
16,4,0.478981,1,0.7,S,1.1
16,4,1.2893818,0,0.2,S,2.1
16,4,0.3086059,1,0.8,S,1.3
16,4,0.3355084,1,0.6,S,2.1
16,4,0.5901868,1,0.8,S,1.6
16,4,0.3865089,1,0.7,S,1.8
16,4,0.222027,1,0.7,S,2.3
16,4,0.8238234,1,0.2,S,2.3
16,4,0.2926253,1,0.6,S,0.9
16,4,1.7501024,1,0.7,S,1.6
16,4,0.6249138,1,0.5,S,2.1
16,4,0.5283882,0,0.3,S,1.6
16,4,1.2271267,1,0.4,S,1.6
16,4,0.5589023,0,0.2,S,0.9
16,4,0.6100325,1,0.7,S,1.8
16,4,0.4667588,1,0.5,S,1.9
16,4,2.2387065,0,0.3,S,0.9
16,4,0.3003435,1,0.6,S,1.3
16,4,0.5489894,0,0.3,S,1.9
16,4,0.3247877,1,0.8,S,1.8
16,4,0.5259887,0,0.2,S,1.8
16,4,0.4849138,0,0.2,S,1.1
16,4,0.4309095,0,0.3,S,1.4
16,4,0.5791581,1,0.8,S,2.3
16,4,0.4348921,1,0.7,S,1.3
16,4,0.6663233,1,0.5,S,2.1
16,4,0.1938578,1,0.7,S,1.9
16,4,0.8659081,0,0.3,S,1.8
16,4,1.0849991,1,0.4,S,0.9
16,4,0.58806,0,0.2,S,1.1
16,4,0.2368381,1,0.8,S,1.1
16,4,0.5316459,0,0.3,S,1.8
16,4,0.2709118,1,0.5,S,1.3
16,4,0.4246379,1,0.5,S,2.3
16,4,0.8718252,1,0.5,S,2.1
16,4,0.5567341,1,0.3,S,0.9
17,1,0.4225847,1,0.6,S,1.3
17,1,0.4660714,1,0.5,S,1.1
17,1,1.2161052,0,0.6,S,1.1
17,1,0.7087385,1,0.5,S,2.3
17,1,0.8188354,0,0.2,S,2.1
17,1,0.5067597,1,0.6,S,2.1
17,1,0.4795213,1,0.4,S,1.3
17,1,1.0639459,1,0.8,S,1.3
17,1,1.4388793,0,0.5,S,1.8
17,1,0.6317051,1,0.7,S,1.6
17,1,0.5944839,0,0.5,S,1.8
17,1,1.6206113,0,0.4,S,1.9
17,1,2.2820979,1,0.5,S,2.3
17,1,0.6487381,1,0.5,S,2.3
17,1,0.4340428,1,0.7,S,1.9
17,1,0.5659255,0,0.5,S,2.1
17,1,0.4791502,0,0.4,S,0.9
17,1,0.5589159,1,0.8,S,2.3
17,1,1.339941,0,0.5,S,1.4
17,1,0.9396889,0,0.4,S,1.3
17,1,0.3131486,1,0.8,S,2.3
17,1,0.8220339,1,0.7,S,1.3
17,1,1.1163011,0,0.8,S,1.1
17,1,0.3269525,1,0.6,S,2.1
17,1,1.6209738,0,0.7,S,0.9
17,1,1.6121462,0,0.7,S,1.3
17,1,0.7297887,1,0.6,S,1.4
17,1,0.9080842,0,0.3,S,2.1
17,1,1.8152169,0,0.6,S,1.3
17,1,0.4851351,1,0.7,S,2.3
17,1,0.5707622,0,0.3,S,1.1
17,1,1.0562172,0,0.7,S,0.9
17,1,0.6727819,0,0.4,S,2.1
17,1,0.6446994,0,0.4,S,1.4
17,1,1.0769502,0,0.5,S,0.9
17,1,1.4490863,0,0.6,S,2.3
17,1,1.0324678,0,0.5,S,0.9
17,1,0.964865,0,0.5,S,1.1
17,1,0.3457466,1,0.8,S,1.8
17,1,0.5722365,0,0.5,S,2.1
17,1,0.4619358,0,0.4,S,1.9
17,1,0.3528591,1,0.7,S,1.8
17,1,0.6446948,0,0.2,S,1.8
17,1,1.511132,0,0.2,S,1.4
17,1,2.1078987,0,0.3,S,2.1
17,1,0.8119924,0,0.5,S,2.1
17,1,0.4256788,1,0.8,S,2.3
17,1,0.6919481,0,0.2,S,1.1
17,1,1.1118825,0,0.6,S,2.1
17,1,0.6291892,0,0.4,S,1.9
17,1,0.6550355,0,0.2,S,1.4
17,1,0.4520431,1,0.8,S,1.4
17,1,1.5218796,0,0.3,S,0.9
17,1,1.2737458,1,0.5,S,1.8
17,1,1.8101246,0,0.2,S,1.8
17,1,0.5069011,0,0.3,S,1.9
17,1,0.5947554,0,0.5,S,1.9
17,1,0.576643,0,0.5,S,2.1
17,1,0.3639934,1,0.8,S,0.9
17,1,1.9539369,0,0.8,S,2.1
17,1,1.4705201,0,0.2,S,1.4
17,1,1.0467196,1,0.8,S,2.3
17,1,0.2760669,1,0.8,S,1.9
17,1,0.6318217,0,0.2,S,2.1
17,1,0.3040074,1,0.7,S,1.9
17,1,2.2168647,1,0.6,S,2.3
17,2,0.3863561,1,0.7,S,1.3
17,2,0.8096706,0,0.3,S,1.4
17,2,0.6767311,0,0.2,S,1.4
17,2,0.6777184,0,0.4,S,2.3
17,2,0.4771512,0,0.3,S,1.1
17,2,0.3536813,1,0.5,S,1.1
17,2,0.3194642,1,0.7,S,1.8
17,2,0.4178436,0,0.3,S,0.9
17,2,0.4013246,1,0.6,S,2.1
17,2,1.1442825,1,0.5,S,1.3
17,2,0.5052918,0,0.3,S,0.9
17,2,0.9245594,1,0.6,S,1.3
17,2,0.5499146,0,0.4,S,1.4
17,2,0.9500938,0,0.3,S,2.3
17,2,0.4751197,1,0.6,S,1.6
17,2,2.0403115,1,0.6,S,0.9
17,2,1.523143,1,0.6,S,1.6
17,2,1.0445861,1,0.5,S,1.6
17,2,0.7105444,1,0.6,S,0.9
17,2,0.503941,0,0.4,S,2.3
17,2,0.5833397,0,0.4,S,2.3
17,2,0.5465836,1,0.7,S,2.1
17,2,1.1546716,0,0.3,S,1.4
17,2,0.6079189,0,0.3,S,1.6
17,2,0.4867868,0,0.2,S,2.3
17,2,0.4097945,1,0.7,S,1.1
17,2,0.8220305,1,0.8,S,2.3
17,2,0.8885319,0,0.6,S,1.1
17,2,0.677902,0,0.3,S,1.1
17,2,0.5229331,0,0.3,S,1.4
17,2,0.9934693,1,0.7,S,1.8
17,2,0.5520904,0,0.2,S,2.1
17,2,0.3585707,1,0.8,S,1.4
17,2,0.6708829,0,0.2,S,1.6
17,2,1.0592004,0,0.2,S,1.4
17,2,1.3280378,0,0.5,S,1.9
17,2,0.5224203,0,0.7,S,0.9
17,2,0.3996404,1,0.7,S,2.1
17,2,0.5408868,0,0.4,S,1.8
17,2,0.5540832,0,0.5,S,2.1
17,2,0.6275489,0,0.2,S,1.9
17,2,0.5111244,0,0.6,S,2.3
17,2,0.6357602,0,0.2,S,1.8
17,2,0.5266853,0,0.5,S,1.1
17,2,0.6746717,0,0.4,S,1.8
17,2,0.6513055,0,0.5,S,1.8
17,2,0.3609654,1,0.7,S,1.4
17,2,0.4811057,0,0.6,S,1.1
17,2,0.6569514,0,0.2,S,0.9
17,2,0.4779094,0,0.2,S,0.9
17,2,0.6170999,0,0.5,S,1.3
17,2,0.3800394,0,0.4,S,0.9
17,2,1.0518007,0,0.5,S,1.1
17,2,0.862913,0,0.3,S,2.1
17,2,0.7116488,0,0.2,S,1.9
17,2,0.5088507,0,0.2,S,2.3
17,2,0.5935893,0,0.5,S,1.4
17,2,0.2948101,1,0.8,S,1.4
17,2,0.4817101,1,0.7,S,0.9
17,2,0.6341581,1,0.6,S,1.8
17,2,0.6676662,0,0.2,S,1.1
17,2,0.4528793,1,0.7,S,1.9
17,2,1.0587909,1,0.8,S,2.3
17,2,0.486903,1,0.7,S,1.6
17,2,0.4242419,0,0.5,S,1.8
17,2,0.3459712,1,0.7,S,2.3
17,2,0.3134731,1,0.7,S,1.3
17,2,0.5780287,1,0.7,S,2.3
17,2,0.541033,0,0.4,S,1.3
17,2,0.3180639,1,0.8,S,2.1
17,2,0.7518784,1,0.8,S,2.1
17,2,0.6255756,0,0.2,S,2.3
17,2,0.7669897,1,0.7,S,1.3
17,2,0.5738084,0,0.4,S,1.8
17,2,0.3995383,0,0.4,S,1.4
17,2,2.064823,1,0.6,S,1.6
17,2,1.3968471,1,0.7,S,0.9
17,3,0.3501811,1,0.6,S,0.9
17,3,0.3816845,1,0.5,S,1.3
17,3,0.2967903,1,0.7,S,1.3
17,3,0.552694,1,0.6,S,1.1
17,3,0.3718165,1,0.7,S,1.3
17,3,0.4211703,0,0.4,S,1.8
17,3,0.4767061,0,0.4,S,1.8
17,3,0.3052085,1,0.6,S,2.3
17,3,1.60091,0,0.2,S,0.9
17,3,0.1859305,1,0.7,S,2.1
17,3,0.1920567,1,0.8,S,1.3
17,3,0.4117437,0,0.3,S,0.9
17,3,1.9018516,1,0.6,S,1.9
17,3,0.645655,1,0.8,S,1.9
17,3,0.2990483,1,0.7,S,0.9
17,3,0.4389858,0,0.5,S,1.9
17,3,0.5198138,0,0.4,S,0.9
17,3,0.2480618,1,0.7,S,2.3
17,3,0.195452,1,0.8,S,1.3
17,3,0.2638565,1,0.6,S,1.4
17,3,0.4008758,0,0.2,S,1.8
17,3,0.8627907,0,0.5,S,1.4
17,3,1.1227245,0,0.3,S,1.4
17,3,0.8519486,0,0.2,S,0.9
17,3,0.2866582,1,0.6,S,1.6
17,3,0.372198,1,0.5,S,0.9
17,3,0.5859172,0,0.5,S,1.6
17,3,0.512734,1,0.8,S,2.1
17,3,0.2734921,1,0.7,S,0.9
17,3,0.4338388,0,0.4,S,1.8
17,3,0.8289363,0,0.4,S,1.1
17,3,0.5696325,0,0.2,S,1.3
17,3,0.4119914,0,0.5,S,1.8
17,3,0.24171,1,0.8,S,1.1
17,3,0.6529595,0,0.5,S,0.9
17,3,0.8737889,0,0.2,S,0.9
17,3,0.614739,0,0.2,S,2.1
17,3,0.8034431,0,0.4,S,1.1
17,3,0.5298893,0,0.3,S,1.6
17,3,0.6056042,1,0.8,S,2.1
17,3,0.4067,0,0.5,S,1.9
17,3,1.4116532,1,0.6,S,2.3
17,3,0.6888223,0,0.6,S,1.6
17,3,0.3857757,0,0.2,S,1.8
17,3,0.5451717,0,0.2,S,1.4
17,3,1.9526263,0,0.3,S,1.4
17,3,0.3710034,0,0.2,S,1.3
17,3,0.4660409,0,0.4,S,2.3
17,3,0.2656026,1,0.8,S,1.8
17,3,0.3099961,1,0.7,S,1.3
17,3,0.3769033,0,0.4,S,1.6
17,3,0.3892112,0,0.3,S,1.3
17,3,0.5280511,0,0.3,S,1.4
17,3,0.3088813,1,0.8,S,2.1
17,3,0.8526984,0,0.2,S,1.6
17,3,0.6765773,1,0.7,S,2.1
17,3,1.3059191,0,0.5,S,1.6
17,3,0.6622052,0,0.5,S,2.1
17,3,0.5358594,0,0.4,S,1.9
17,3,0.345721,0,0.6,S,1.8
17,3,1.0232685,1,0.8,S,1.9
17,3,0.4086242,0,0.3,S,2.1
17,3,0.2984976,1,0.6,S,1.3
17,3,0.3546311,1,0.7,S,1.4
17,3,0.6753693,0,0.5,S,1.6
17,3,0.5640354,0,0.2,S,0.9
17,4,0.4729813,1,0.7,S,1.1
17,4,1.0979884,0,0.5,S,1.4
17,4,1.6062586,0,0.5,S,2.1
17,4,0.6959302,1,0.6,S,2.1
17,4,0.434797,1,0.8,S,1.9
17,4,0.8389499,1,0.6,S,1.9
17,4,1.2559718,1,0.5,S,2.3
17,4,0.794988,0,0.4,S,2.1
17,4,0.4313122,1,0.8,S,2.1
17,4,1.4128187,0,0.3,S,1.6
17,4,1.0949347,1,0.7,S,1.9
17,4,0.6091354,0,0.6,S,2.1
17,4,0.3999436,0,0.4,S,1.3
17,4,0.8928373,1,0.7,S,0.9
17,4,1.2430549,1,0.8,S,1.8
17,4,0.6341337,0,0.6,S,2.3
17,4,0.4971677,0,0.7,S,0.9
17,4,0.5379672,0,0.3,S,1.6
17,4,1.0357892,0,0.2,S,2.1
17,4,0.4940659,0,0.4,S,1.4
17,4,0.6350435,0,0.3,S,1.4
17,4,0.4749681,0,0.2,S,1.8
17,4,0.5440752,0,0.2,S,1.9
17,4,0.6287184,0,0.3,S,1.1
17,4,0.5156829,1,0.8,S,0.9
17,4,1.1797316,1,0.7,S,2.1
17,4,0.9847037,0,0.5,S,0.9
17,4,0.3898148,1,0.7,S,1.1
17,4,0.3598257,0,0.3,S,0.9
17,4,0.4668104,0,0.3,S,2.1
17,4,0.7525603,1,0.7,S,1.6
17,4,0.5918254,0,0.5,S,1.4
17,4,1.0301724,1,0.7,S,1.1
17,4,0.3382481,1,0.7,S,2.3
17,4,1.1577275,0,0.4,S,0.9
17,4,0.3300985,1,0.8,S,1.8
17,4,0.3079153,0,0.5,S,2.1
17,4,0.5197874,0,0.4,S,1.4
17,4,0.3056283,1,0.8,S,1.1
17,4,0.4616711,0,0.2,S,2.3
17,4,0.5691189,0,0.7,S,1.9
17,4,0.5888836,1,0.8,S,1.6
17,4,0.5061847,0,0.3,S,2.3
17,4,0.4533424,0,0.3,S,2.1
17,4,0.4560752,0,0.7,S,1.9
17,4,1.4338528,0,0.2,S,2.1
17,4,0.7807302,1,0.6,S,1.3
17,4,1.2998559,1,0.7,S,1.6
17,4,0.5941314,0,0.7,S,1.4
17,4,0.2340642,1,0.8,S,1.6
17,4,0.8871318,1,0.8,S,1.1
17,4,1.3621208,0,0.4,S,1.8
17,4,0.4307395,0,0.2,S,0.9
17,4,0.6201601,0,0.5,S,0.9
17,4,0.3323721,1,0.7,S,1.1
17,4,0.435224,0,0.3,S,1.1
17,4,0.5602817,0,0.3,S,1.9
17,4,0.8866189,1,0.5,S,1.3
17,4,0.9358195,0,0.4,S,1.1
17,4,0.3806067,0,0.3,S,1.4
17,4,1.1192587,0,0.4,S,1.8
17,4,1.0098943,0,0.6,S,2.1
17,4,2.0439546,1,0.8,S,1.3
18,1,0.0568364000000003,1,0.8,S,1.3
18,1,0.3693995,0,0.3,S,2.1
18,1,0.4861381,0,0.4,S,2.3
18,1,0.7001857,0,0.5,S,1.8
18,1,0.5782224,0,0.2,S,1.4
18,1,0.4373675,1,0.6,S,1.9
18,1,0.5143853,0,0.2,S,2.1
18,1,0.5317868,0,0.2,S,1.1
18,1,0.4058931,1,0.6,S,2.1
18,1,1.0451444,1,0.6,S,2.3
18,1,0.6016817,1,0.7,S,1.9
18,1,0.2656175,1,0.8,S,2.1
18,1,0.6238267,0,0.4,S,1.6
18,1,0.270222,1,0.8,S,1.1
18,1,1.0389883,0,0.5,S,0.9
18,1,1.2917386,1,0.8,S,1.4
18,1,0.9456947,1,0.4,S,1.6
18,1,0.3335914,1,0.8,S,2.1
18,1,0.7768952,1,0.7,S,1.1
18,1,0.570172,0,0.3,S,1.6
18,1,0.6263724,0,0.5,S,0.9
18,1,0.5540248,0,0.2,S,1.6
18,1,0.6607749,1,0.6,S,1.3
18,1,0.3050767,1,0.8,S,0.9
18,1,0.5578462,1,0.6,S,1.6
18,1,0.8359536,1,0.5,S,1.9
18,1,0.7246679,0,0.4,S,2.3
18,1,0.5416921,0,0.2,S,1.4
18,1,0.7103322,0,0.4,S,0.9
18,1,0.3799156,1,0.7,S,1.9
18,1,0.6338626,0,0.4,S,1.6
18,1,0.5278124,0,0.4,S,1.8
18,1,0.6630235,0,0.5,S,2.3
18,1,0.2645316,1,0.7,S,1.6
18,1,0.2927298,1,0.7,S,2.3
18,1,0.2806477,1,0.7,S,1.3
18,1,0.4548049,1,0.8,S,1.6
18,1,0.9157417,0,0.4,S,1.1
18,1,0.6232885,1,0.5,S,1.9
18,1,0.576671,0,0.4,S,1.3
18,1,0.5810171,0,0.3,S,1.8
18,1,0.5541234,0,0.2,S,1.4
18,1,0.6528846,1,0.8,S,1.6
18,1,0.4336018,0,0.3,S,2.1
18,1,0.6985385,0,0.3,S,1.6
18,1,0.800742,0,0.2,S,1.6
18,1,0.6625684,0,0.3,S,2.3
18,1,0.2680461,1,0.7,S,1.9
18,1,0.4685853,0,0.3,S,2.1
18,2,0.8057794,1,0.2,S,1.3
18,2,0.2871309,1,0.7,S,1.8
18,2,0.251769,1,0.5,S,2.1
18,2,0.3108739,1,0.8,S,2.3
18,2,0.8317735,1,0.5,S,2.1
18,2,0.7580939,0,0.2,S,1.9
18,2,0.8274133,0,0.3,S,2.1
18,2,0.595703,0,0.3,S,0.9
18,2,0.2613797,1,0.8,S,1.9
18,2,0.544265,0,0.5,S,0.9
18,2,0.4731171,0,0.2,S,1.6
18,2,0.3265322,1,0.7,S,1.4
18,2,0.378763,1,0.8,S,2.3
18,2,2.494853,1,0.8,S,1.9
18,2,0.292744,1,0.7,S,1.6
18,2,0.5464868,1,0.6,S,0.9
18,2,0.3339713,1,0.6,S,2.3
18,2,0.5698672,0,0.4,S,1.6
18,2,0.2875206,1,0.8,S,1.6
18,2,0.3928041,1,0.5,S,1.6
18,2,1.2385679,1,0.5,S,1.4
18,2,0.5048432,1,0.7,S,2.3
18,2,1.0606526,1,0.7,S,1.3
18,2,0.5011728,0,0.3,S,1.4
18,2,0.2718889,1,0.8,S,1.8
18,2,0.4601937,0,0.2,S,2.1
18,2,0.4666794,0,0.2,S,1.8
18,2,0.508757,0,0.2,S,1.1
18,2,1.1790847,1,0.3,S,1.8
18,2,0.5137476,0,0.2,S,1.9
18,2,0.4440871,1,0.7,S,1.8
18,2,0.7794486,0,0.3,S,1.3
18,2,0.6036602,0,0.2,S,1.4
18,2,0.4739604,1,0.6,S,1.3
18,2,0.7431664,1,0.6,S,1.9
18,2,0.7017849,0,0.2,S,1.1
18,2,1.0889861,1,0.3,S,2.3
18,2,0.8836979,1,0.5,S,1.6
18,2,0.5172005,0,0.2,S,2.1
18,2,0.9000015,1,0.3,S,1.8
18,2,1.8891007,0,0.2,S,2.3
18,2,0.864231,1,0.4,S,2.1
18,2,1.0481653,1,0.4,S,1.8
18,2,0.5890938,0,0.2,S,1.9
18,2,0.9516917,1,0.4,S,2.1
18,2,0.486065,1,0.8,S,1.3
18,2,0.8376925,1,0.4,S,1.8
18,2,0.312767,1,0.8,S,1.3
18,2,0.4482156,1,0.6,S,1.3
18,2,0.2903964,1,0.6,S,1.8
18,2,0.2508588,1,0.5,S,1.8
18,2,0.4935091,1,0.6,S,1.9
18,2,1.4137804,1,0.4,S,1.6
18,2,0.820693,1,0.8,S,2.1
18,2,1.4110773,0,0.2,S,1.8
18,2,0.4249182,1,0.7,S,1.3
18,2,0.6796179,0,0.3,S,2.3
18,2,1.9678602,1,0.6,S,1.1
18,2,0.6114999,0,0.3,S,1.9
18,2,0.7061761,0,0.3,S,1.4
18,2,0.2977734,1,0.5,S,1.1
18,2,0.5970348,1,0.5,S,1.3
18,2,0.6556766,0,0.3,S,1.8
18,2,0.4952035,0,0.6,S,1.8
18,2,0.8073983,0,0.2,S,2.1
18,2,0.4935932,0,0.5,S,1.8
18,2,0.5565859,0,0.4,S,2.3
18,2,0.5288966,1,0.7,S,1.6
18,2,0.6337819,0,0.3,S,0.9
18,2,2.2016958,1,0.3,S,1.8
18,2,1.345667,1,0.5,S,1.8
18,2,0.3034651,1,0.6,S,1.9
18,2,1.7869421,0,0.2,S,2.1
18,2,0.403639,1,0.8,S,2.1
18,2,0.6340046,0,0.3,S,2.3
18,2,0.9681952,1,0.6,S,1.3
18,2,0.8486856,1,0.6,S,1.6
18,2,0.4806756,1,0.6,S,1.6
18,2,0.5651426,0,0.2,S,1.4
18,2,1.2347827,1,0.8,S,1.3
18,2,0.6988783,1,0.5,S,1.8
18,2,0.5979176,0,0.3,S,2.3
18,2,0.9197088,0,0.2,S,1.3
18,2,0.5706037,1,0.6,S,1.4
18,2,0.578723,0,0.3,S,0.9
18,2,0.9967302,1,0.4,S,0.9
18,2,0.5879036,1,0.6,S,0.9
18,2,0.2769532,1,0.6,S,2.3
18,2,1.3647189,1,0.7,S,1.4
18,2,0.5359503,1,0.6,S,1.6
18,2,0.6229191,0,0.3,S,2.3
18,2,0.3448606,1,0.6,S,1.8
18,2,0.7245332,0,0.3,S,1.1
18,2,1.0856615,0,0.5,S,1.9
18,2,0.9201488,1,0.3,S,2.1
18,2,1.3816418,1,0.5,S,1.6
18,2,0.443765,1,0.7,S,1.6
18,2,0.6536321,0,0.2,S,1.9
18,2,0.6918989,0,0.2,S,2.1
18,3,0.4665711,1,0.5,S,1.1
18,3,0.2315072,1,0.8,S,2.3
18,3,0.2857034,1,0.8,S,1.1
18,3,0.3416723,1,0.6,S,2.1
18,3,0.2875351,1,0.8,S,1.6
18,3,0.8177459,0,0.4,S,1.3
18,3,1.013287,1,0.7,S,1.8
18,3,0.6012145,1,0.5,S,2.3
18,3,0.7221119,1,0.5,S,1.8
18,3,0.5445267,0,0.3,S,1.4
18,3,0.8029054,1,0.3,S,1.3
18,3,0.274688,1,0.7,S,1.8
18,3,0.2761966,1,0.8,S,1.4
18,3,0.5948082,1,0.7,S,1.9
18,3,0.7356058,1,0.4,S,1.3
18,3,0.334068,1,0.6,S,2.1
18,3,0.7258071,1,0.4,S,1.8
18,3,0.2635514,1,0.8,S,2.3
18,3,0.6681858,0,0.3,S,1.1
18,3,0.285469,1,0.8,S,0.9
18,3,0.6640231,1,0.5,S,1.9
18,3,1.14455,1,0.4,S,2.1
18,3,0.2669927,1,0.8,S,1.3
18,3,0.513951,0,0.3,S,1.3
18,3,0.3061389,1,0.8,S,1.3
18,3,0.3096974,1,0.6,S,1.3
18,3,0.7747404,0,0.2,S,1.3
18,3,0.8528956,1,0.6,S,1.6
18,3,1.7751108,0,0.3,S,1.6
18,3,0.9153659,1,0.5,S,2.1
18,3,0.7928378,0,0.4,S,1.3
18,3,0.2578469,1,0.8,S,2.3
18,3,0.5186644,0,0.4,S,0.9
18,3,1.2008591,1,0.6,S,2.3
18,3,1.0307328,1,0.7,S,1.1
18,3,1.1499439,0,0.3,S,1.4
18,3,1.321683,0,0.4,S,1.9
18,3,0.2911231,1,0.7,S,1.9
18,3,0.2686667,1,0.8,S,1.9
18,3,0.2940993,1,0.6,S,1.6
18,3,0.9159979,1,0.7,S,1.8
18,3,1.0504939,1,0.6,S,0.9
18,3,0.5194784,0,0.2,S,1.6
18,3,0.5114849,1,0.7,S,1.3
18,3,0.284754,1,0.8,S,1.8
18,3,0.4507286,1,0.6,S,2.1
18,3,1.4251282,0,0.5,S,1.9
18,3,0.4795704,0,0.3,S,2.1
18,3,0.6766973,1,0.8,S,1.6
18,3,0.4006563,0,0.4,S,1.4
18,3,0.4656218,0,0.2,S,1.3
18,3,0.3455695,1,0.6,S,2.1
18,3,0.3011767,1,0.6,S,1.8
18,3,0.395687,1,0.8,S,2.1
18,3,0.8089635,1,0.7,S,1.3
18,3,0.8699085,1,0.4,S,1.4
18,3,0.5740369,1,0.6,S,1.3
18,3,1.3369362,1,0.6,S,1.9
18,3,1.5799965,1,0.7,S,1.8
18,3,1.095557,1,0.8,S,1.8
18,3,0.5949768,0,0.5,S,2.3
18,3,0.6916467,1,0.6,S,1.4
18,3,0.4709338,0,0.4,S,1.6
18,3,0.6786907,0,0.2,S,1.6
18,3,0.4868552,0,0.2,S,2.3
18,3,0.423629,0,0.2,S,2.1
18,3,0.9087173,1,0.4,S,2.1
18,3,1.2955058,0,0.3,S,1.3
18,3,0.4678223,1,0.5,S,1.6
18,3,0.4749723,0,0.4,S,1.6
18,3,0.4132286,1,0.6,S,1.3
18,3,0.5156131,1,0.8,S,0.9
18,3,0.5606355,0,0.3,S,1.8
18,3,0.5278085,0,0.2,S,1.6
18,3,0.5378535,0,0.2,S,1.8
18,3,0.6128941,1,0.8,S,1.8
18,3,0.601224,0,0.3,S,1.3
18,3,0.8328719,1,0.5,S,1.1
18,3,0.3957354,1,0.8,S,1.8
18,3,0.6316216,1,0.5,S,2.3
18,3,0.6190191,1,0.4,S,1.8
18,4,0.7725518,0,0.4,S,1.9
18,4,0.5293582,0,0.2,S,1.6
18,4,0.355906,1,0.8,S,0.9
18,4,0.2519311,1,0.8,S,1.6
18,4,1.0290818,1,0.5,S,1.1
18,4,0.6866116,1,0.8,S,1.6
18,4,0.2883554,1,0.7,S,1.4
18,4,0.9508977,0,0.4,S,1.8
18,4,0.5423077,0,0.2,S,1.8
18,4,0.5748232,1,0.6,S,1.4
18,4,0.2693773,1,0.7,S,1.4
18,4,0.9397358,0,0.2,S,1.8
18,4,0.2138912,1,0.7,S,2.1
18,4,0.8083654,1,0.4,S,2.3
18,4,0.7249747,0,0.3,S,2.3
18,4,0.4494099,1,0.5,S,1.9
18,4,0.9772963,1,0.4,S,2.3
18,4,0.4756877,0,0.2,S,1.6
18,4,0.2669649,1,0.8,S,2.1
18,4,0.8141154,0,0.3,S,1.9
18,4,0.2523278,1,0.8,S,1.1
18,4,0.5399007,0,0.4,S,1.1
18,4,0.5279486,0,0.4,S,1.3
18,4,0.2765604,1,0.7,S,2.1
18,4,0.717651,0,0.3,S,2.3
18,4,0.7401123,0,0.2,S,1.3
18,4,0.6440123,0,0.2,S,1.3
18,4,0.2887854,1,0.6,S,1.9
18,4,0.4876317,0,0.3,S,1.6
18,4,0.6447616,0,0.2,S,2.1
18,4,1.084236,1,0.3,S,2.1
18,4,0.8264341,1,0.4,S,1.9
18,4,1.1656593,1,0.6,S,1.6
18,4,0.2706378,1,0.7,S,2.1
18,4,0.3062847,1,0.8,S,1.4
18,4,0.4257678,1,0.7,S,0.9
18,4,0.9406458,1,0.4,S,1.8
18,4,0.8100328,1,0.6,S,2.3
18,4,0.3729482,1,0.6,S,1.8
18,4,0.2835405,1,0.7,S,1.4
18,4,0.6689774,1,0.5,S,1.6
18,4,0.9277248,0,0.2,S,1.3
18,4,0.3262517,1,0.6,S,1.4
18,4,0.6714677,0,0.4,S,1.3
18,4,1.1401162,1,0.5,S,1.8
18,4,0.6576947,1,0.8,S,1.4
18,4,0.8939559,1,0.6,S,2.1
18,4,0.3245994,1,0.8,S,0.9
18,4,0.8533643,0,0.3,S,1.3
18,4,1.00304,0,0.3,S,1.6
18,4,1.923788,0,0.3,S,1.3
18,4,0.8288425,1,0.8,S,2.1
18,4,0.5124842,0,0.3,S,1.8
18,4,1.0927971,1,0.4,S,1.8
18,4,0.9476576,1,0.4,S,1.3
18,4,0.7096936,0,0.2,S,1.9
18,4,0.3203245,1,0.8,S,2.1
18,4,1.126019,1,0.3,S,2.3
18,4,0.3857665,1,0.6,S,1.9
18,4,0.5336974,1,0.6,S,0.9
18,4,0.9417078,1,0.5,S,1.6
18,4,0.4105313,1,0.6,S,1.9
18,4,0.4782642,1,0.7,S,1.4
18,4,0.9260717,1,0.5,S,1.8
18,4,1.2087457,1,0.6,S,2.3
18,4,0.9058603,1,0.6,S,1.9
18,4,0.8268348,1,0.6,S,1.1
18,4,0.3996256,1,0.7,S,1.8
18,4,0.8945544,1,0.6,S,1.4
18,4,0.4775137,1,0.7,S,1.8
18,4,0.3572899,1,0.7,S,1.6
18,4,1.3296203,1,0.5,S,2.3
18,4,1.0901138,1,0.4,S,0.9
18,4,1.0642101,1,0.7,S,0.9
19,1,0.329072,1,0.8,S,0.9
19,1,1.3480505,0,0.3,S,1.9
19,1,1.2341619,1,0.6,S,0.9
19,1,0.4382938,0,0.2,S,1.6
19,1,0.261227,1,0.8,S,1.3
19,1,0.1133588,1,0.7,S,1.4
19,1,0.3514436,1,0.3,S,1.9
19,1,0.6690293,1,0.6,S,1.9
19,1,0.6715679,1,0.7,S,1.9
19,1,0.67649,0,0.7,S,1.3
19,1,1.2462654,1,0.5,S,1.6
19,1,0.5453202,1,0.7,S,1.9
19,1,0.4743679,1,0.6,S,2.1
19,1,0.2731467,1,0.6,S,1.3
19,1,0.7249164,1,0.6,S,1.8
19,1,0.647266,1,0.4,S,1.1
19,1,0.969464,1,0.7,S,1.1
19,1,0.6642164,0,0.3,S,0.9
19,1,0.3161812,1,0.7,S,2.3
19,1,1.3661305,0,0.5,S,1.9
19,1,1.0131421,0,0.7,S,1.3
19,1,0.5403466,0,0.4,S,1.3
19,1,0.4472868,1,0.8,S,0.9
19,1,0.548558,1,0.7,S,1.6
19,1,0.4021794,0,0.3,S,1.4
19,1,1.3617065,1,0.7,S,1.8
19,1,0.473245,1,0.7,S,2.3
19,1,0.627246,1,0.7,S,1.3
19,1,0.635336,0,0.4,S,1.4
19,1,0.4590244,0,0.5,S,2.1
19,1,0.6403216,1,0.8,S,1.6
19,1,0.5033342,0,0.3,S,1.1
19,1,0.4231982,0,0.2,S,1.6
19,1,0.4571291,0,0.5,S,0.9
19,1,0.3322378,1,0.7,S,0.9
19,1,0.4821494,1,0.6,S,2.1
19,1,0.7488943,0,0.7,S,1.4
19,1,0.4774317,0,0.2,S,2.3
19,1,0.6281504,1,0.7,S,1.9
19,1,0.4073545,0,0.2,S,1.4
19,1,0.3471806,0,0.3,S,1.1
19,1,0.4995922,1,0.7,S,2.3
19,1,0.5901939,0,0.2,S,1.3
19,1,1.4462361,0,0.4,S,2.1
19,1,0.7777344,1,0.6,S,1.8
19,1,1.9352981,0,0.6,S,1.3
19,1,0.7669961,0,0.4,S,1.6
19,1,0.3471466,1,0.7,S,1.3
19,1,0.7214335,0,0.3,S,1.6
19,1,0.5140137,0,0.2,S,1.8
19,1,0.4112473,0,0.2,S,0.9
19,1,0.2709466,1,0.8,S,1.6
19,1,0.4334815,0,0.7,S,1.4
19,1,0.2593872,1,0.8,S,1.6
19,1,1.5529854,0,0.5,S,1.8
19,1,0.4211056,0,0.3,S,1.9
19,1,0.3639752,1,0.5,S,1.9
19,1,0.8151786,0,0.4,S,1.9
19,1,0.5031848,1,0.6,S,0.9
19,1,0.7288582,0,0.4,S,1.4
19,1,0.3650784,0,0.4,S,1.4
19,1,0.5149969,0,0.7,S,1.9
19,1,0.4882903,0,0.6,S,1.8
19,1,0.4295478,1,0.7,S,1.3
19,1,0.4590998,0,0.2,S,1.8
19,1,0.4172055,1,0.8,S,1.4
19,1,0.3567487,1,0.8,S,1.9
19,1,0.5343326,0,0.2,S,1.8
19,1,0.4141297,0,0.2,S,2.3
19,1,0.3741855,0,0.3,S,2.1
19,1,0.2792205,0,0.4,S,2.1
19,1,0.2350528,1,0.8,S,1.3
19,1,0.5462006,0,0.5,S,2.3
19,1,0.3227622,0,0.4,S,1.3
19,2,1.0918746,1,0.3,S,2.1
19,2,0.3327186,1,0.7,S,1.6
19,2,0.3968402,0,0.4,S,1.4
19,2,0.257723,1,0.7,S,1.9
19,2,0.5881032,1,0.5,S,1.3
19,2,1.1104458,0,0.4,S,1.6
19,2,0.8104574,0,0.6,S,2.3
19,2,0.7095693,0,0.4,S,2.3
19,2,0.0891164,1,0.8,S,1.6
19,2,0.7576292,0,0.3,S,1.8
19,2,0.2685095,1,0.7,S,1.8
19,2,0.5318211,1,0.6,S,1.3
19,2,0.3733524,0,0.4,S,1.9
19,2,0.5641551,0,0.4,S,2.3
19,2,0.3332135,1,0.8,S,2.3
19,2,0.419407,0,0.3,S,1.9
19,2,0.3754129,0,0.3,S,1.4
19,2,0.7235203,0,0.5,S,1.4
19,2,0.4095122,0,0.5,S,1.3
19,2,0.1929084,0,0.5,S,2.1
19,2,0.4541827,0,0.8,S,1.3
19,2,0.6052665,1,0.6,S,1.4
19,2,0.5699791,0,0.5,S,1.1
19,2,0.5344229,1,0.5,S,1.8
19,2,0.577814,0,0.2,S,2.3
19,2,0.4852284,0,0.2,S,1.1
19,2,0.2902993,0,0.2,S,2.1
19,2,0.3123161,0,0.3,S,1.9
19,2,0.2491391,1,0.7,S,2.1
19,2,0.9843258,0,0.6,S,2.3
19,2,0.5045889,1,0.5,S,1.6
19,2,0.2037052,0,0.6,S,1.3
19,2,0.3962823,1,0.7,S,1.6
19,2,0.2603717,1,0.5,S,1.1
19,2,0.2771129,1,0.6,S,1.4
19,2,0.5412531,0,0.4,S,1.8
19,2,0.6883222,0,0.6,S,1.4
19,2,0.389211,1,0.7,S,1.1
19,2,0.3901176,1,0.8,S,2.1
19,2,0.5213072,0,0.2,S,2.1
19,2,0.7663422,0,0.6,S,2.1
19,2,0.9844832,1,0.8,S,1.4
19,2,0.4322614,1,0.5,S,1.1
19,2,0.4852676,0,0.4,S,2.1
19,2,0.656376,0,0.4,S,1.4
19,2,0.3911992,1,0.6,S,1.4
19,2,0.4211418,1,0.5,S,0.9
19,2,0.3559347,0,0.3,S,2.1
19,2,0.263225,0,0.5,S,2.1
19,2,0.3653512,0,0.3,S,1.6
19,2,0.2653447,0,0.4,S,1.6
19,2,0.955153,1,0.3,S,0.9
19,2,0.652245,1,0.7,S,1.8
19,2,0.59615,0,0.4,S,0.9
19,2,0.4762409,0,0.3,S,1.8
19,2,0.2961743,1,0.7,S,1.8
19,2,0.4973139,0,0.3,S,1.9
19,2,1.3541962,0,0.5,S,0.9
19,2,0.4890866,0,0.2,S,1.8
19,2,0.4812517,0,0.3,S,1.8
19,2,0.3846269,0,0.2,S,1.6
19,2,0.211612,1,0.8,S,1.4
19,2,0.3177585,1,0.7,S,1.6
19,2,0.4832229,1,0.7,S,1.1
19,2,0.307987,0,0.7,S,1.9
19,2,0.77731,1,0.6,S,0.9
19,2,0.3293791,1,0.7,S,2.1
19,2,1.0891938,1,0.5,S,1.8
19,2,0.4483516,1,0.7,S,1.8
19,2,0.4773089,0,0.2,S,1.6
19,2,0.7550985,1,0.8,S,2.3
19,2,0.6543465,1,0.7,S,2.1
19,2,0.3433068,0,0.5,S,2.1
19,2,0.9222395,1,0.8,S,1.4
19,3,0.2984601,1,0.6,S,1.6
19,3,0.3530879,1,0.7,S,1.1
19,3,0.956279,0,0.3,S,2.1
19,3,0.3605131,1,0.3,S,1.8
19,3,0.4301055,1,0.6,S,1.8
19,3,0.2991581,1,0.8,S,2.3
19,3,0.2641077,1,0.8,S,1.9
19,3,0.37207,1,0.8,S,1.3
19,3,0.3320984,1,0.8,S,2.1
19,3,0.5491971,0,0.4,S,1.3
19,3,0.7281194,1,0.8,S,1.4
19,3,0.3777143,0,0.3,S,2.1
19,3,0.3721094,0,0.5,S,1.9
19,3,0.2452444,0,0.2,S,1.9
19,3,0.2899775,0,0.7,S,1.3
19,3,0.2385798,0,0.3,S,2.1
19,3,0.2836958,1,0.8,S,1.1
19,3,0.6230204,0,0.4,S,1.4
19,3,0.6388733,0,0.6,S,1.3
19,3,0.551873,0,0.3,S,1.3
19,3,0.7971656,0,0.6,S,1.9
19,3,0.4142515,1,0.6,S,1.6
19,3,0.62185,1,0.4,S,1.8
19,3,0.3042477,0,0.2,S,1.6
19,3,0.2821253,0,0.4,S,1.8
19,3,0.2752028,0,0.2,S,1.4
19,3,0.3074093,0,0.5,S,1.6
19,3,0.4422927,0,0.4,S,2.1
19,3,0.3179717,0,0.4,S,1.1
19,3,0.4794702,0,0.3,S,1.8
19,3,0.3121739,1,0.8,S,1.8
19,3,0.2806665,0,0.3,S,1.4
19,3,0.4608642,0,0.4,S,1.8
19,3,0.3139862,0,0.4,S,1.9
19,3,0.3550804,1,0.6,S,0.9
19,3,0.7981698,0,0.2,S,1.1
19,3,0.541027,0,0.2,S,1.8
19,3,0.261987,0,0.8,S,1.4
19,3,0.6671537,1,0.4,S,1.1
19,3,0.300117,1,0.7,S,1.8
19,3,0.2533413,1,0.7,S,2.1
19,3,0.4951482,0,0.4,S,1.3
19,3,0.4371031,1,0.4,S,1.6
19,3,0.4790345,1,0.8,S,1.8
19,3,0.4162633,0,0.2,S,1.4
19,3,0.4224967,0,0.4,S,1.1
19,3,0.497017,0,0.8,S,0.9
19,3,1.0766845,0,0.6,S,0.9
19,3,0.8535385,0,0.6,S,1.8
19,3,0.4230993,1,0.6,S,0.9
19,3,0.2701457,0,0.3,S,1.6
19,3,0.4042961,1,0.6,S,1.1
19,3,0.3163003,1,0.8,S,1.4
19,3,0.521315,0,0.3,S,1.1
19,3,0.5792739,0,0.5,S,1.8
19,3,0.3080859,1,0.7,S,1.4
19,3,0.2997159,0,0.5,S,1.4
19,3,0.5714592,0,0.4,S,1.8
19,3,0.4753553,0,0.4,S,1.4
19,3,0.3515198,0,0.3,S,1.4
19,3,0.278191,0,0.4,S,1.1
19,3,0.3389361,0,0.5,S,0.9
19,3,0.3351804,0,0.6,S,1.1
19,3,0.3492342,0,0.2,S,1.3
19,3,0.3381892,0,0.4,S,2.3
19,3,0.4772175,1,0.5,S,1.6
19,3,0.2482085,1,0.8,S,1.9
19,3,0.5941774,1,0.7,S,1.1
19,3,0.4004423,0,0.2,S,0.9
19,3,0.3811727,0,0.3,S,1.8
19,3,0.4107253,0,0.5,S,1.4
19,3,0.4419245,0,0.4,S,2.3
19,3,0.295096,0,0.4,S,1.1
19,4,0.3462648,0,0.3,S,1.8
19,4,0.2769696,1,0.6,S,2.1
19,4,0.2652611,1,0.5,S,1.3
19,4,0.572986,0,0.2,S,1.4
19,4,0.7645277,1,0.7,S,1.1
19,4,0.2992538,1,0.7,S,1.3
19,4,0.2932913,0,0.3,S,1.6
19,4,0.1888655,0,0.6,S,1.8
19,4,0.3052648,1,0.3,S,1.9
19,4,0.2113618,0,0.5,S,1.9
19,4,0.6585973,1,0.8,S,1.4
19,4,0.4111132,0,0.5,S,1.4
19,4,0.1381544,0,0.5,S,1.3
19,4,0.5952292,1,0.4,S,2.3
19,4,0.3382,0,0.6,S,1.3
19,4,0.8340183,1,0.4,S,2.1
19,4,0.1962028,1,0.8,S,1.6
19,4,0.3332195,0,0.2,S,1.8
19,4,0.323357,1,0.5,S,1.4
19,4,0.3080346,1,0.8,S,1.9
19,4,0.3894815,0,0.3,S,0.9
19,4,0.4350359,1,0.5,S,2.3
19,4,0.350296,1,0.6,S,1.9
19,4,0.3101585,0,0.2,S,2.3
19,4,0.7024917,0,0.2,S,1.8
19,4,0.3023021,0,0.6,S,0.9
19,4,0.2805174,1,0.6,S,2.3
19,4,0.4485383,0,0.3,S,1.9
19,4,0.3313204,1,0.5,S,1.8
19,4,0.390565,0,0.2,S,0.9
19,4,0.2951148,1,0.5,S,1.1
19,4,0.2502676,1,0.6,S,1.9
19,4,0.2784538,1,0.7,S,1.8
19,4,0.4613857,1,0.4,S,1.6
19,4,0.2945089,1,0.5,S,2.1
19,4,0.3133276,1,0.5,S,0.9
19,4,0.4619076,1,0.5,S,1.1
19,4,0.6162348,0,0.4,S,0.9
19,4,0.1523081,1,0.8,S,1.6
19,4,0.2420184,1,0.6,S,1.4
19,4,0.3372229,0,0.4,S,1.1
19,4,0.239867,1,0.7,S,2.1
19,4,0.4833213,0,0.3,S,2.1
19,4,0.4343031,0,0.2,S,2.3
19,4,0.4525369,1,0.6,S,1.6
19,4,0.250054,1,0.6,S,2.1
19,4,0.5461982,0,0.5,S,2.3
19,4,0.4782906,0,0.2,S,1.9
19,4,0.2535147,1,0.8,S,1.9
19,4,0.5400425,0,0.2,S,0.9
19,4,0.3402337,1,0.3,S,1.1
19,4,0.3291683,0,0.2,S,1.3
19,4,0.4369095,0,0.2,S,1.6
19,4,0.3542434,1,0.7,S,2.1
19,4,0.2873793,1,0.5,S,1.8
19,4,0.3102984,1,0.6,S,2.3
19,4,0.4791917,0,0.2,S,0.9
19,4,0.3785535,1,0.5,S,1.1
19,4,0.2553894,1,0.5,S,1.9
19,4,0.7472405,0,0.3,S,1.8
19,4,0.4461447,1,0.2,S,1.4
19,4,0.4939691,0,0.3,S,1.9
19,4,0.2652907,1,0.7,S,1.1
19,4,0.2958875,1,0.8,S,1.8
19,4,0.2841282,0,0.4,S,2.1
19,4,0.283201,0,0.2,S,2.1
19,4,0.2819708,1,0.6,S,1.6
19,4,0.278385,1,0.8,S,1.9
19,4,0.3870203,1,0.7,S,2.1
19,4,0.399184,0,0.3,S,2.3
19,4,0.3759721,0,0.5,S,0.9
19,4,0.2661917,1,0.8,S,1.6
19,4,0.3484282,1,0.6,S,2.1
19,4,0.3210731,0,0.2,S,1.3
19,4,0.3470588,0,0.2,S,1.1
19,4,0.2432588,0,0.3,S,0.9
19,4,0.3164436,0,0.2,S,1.9
19,4,0.336115,0,0.5,S,2.3
20,1,0.2089896,1,0.6,S,1.9
20,1,0.3644189,1,0.3,S,1.8
20,1,0.2266161,1,0.7,S,2.3
20,1,0.4048225,0,0.3,S,1.3
20,1,0.1417423,1,0.8,S,1.6
20,1,0.2909241,1,0.4,S,1.8
20,1,0.428727,0,0.3,S,1.8
20,1,0.2541222,1,0.4,S,0.9
20,1,0.1362173,1,0.7,S,1.9
20,1,0.2870767,1,0.5,S,1.8
20,1,0.1907883,1,0.6,S,1.4
20,1,0.4909963,0,0.3,S,1.9
20,1,0.4407388,0,0.3,S,2.3
20,1,0.2028614,1,0.6,S,1.8
20,1,0.1670277,1,0.7,S,2.3
20,1,0.4311125,0,0.4,S,2.3
20,1,0.2440239,1,0.7,S,1.8
20,1,0.4900684,0,0.4,S,1.6
20,1,0.5458273,0,0.4,S,1.9
20,1,0.1973622,1,0.5,S,2.3
20,1,0.1107713,1,0.7,S,1.3
20,1,0.2359161,1,0.6,S,1.8
20,1,0.4940101,0,0.2,S,1.8
20,1,0.3339877,0,0.3,S,1.1
20,1,0.0551766,1,0.8,S,1.1
20,1,0.4702707,1,0.4,S,1.9
20,1,0.5148988,0,0.2,S,1.9
20,1,0.3358312,0,0.3,S,2.1
20,1,0.3741494,0,0.3,S,1.8
20,1,0.2588567,0,0.4,S,1.6
20,1,0.2219899,1,0.8,S,1.1
20,1,0.2406955,1,0.5,S,1.3
20,1,0.6149852,0,0.4,S,1.8
20,1,0.5459006,1,0.5,S,1.8
20,1,0.2048318,1,0.5,S,1.8
20,1,0.2391024,1,0.5,S,1.4
20,1,0.1663353,1,0.7,S,1.3
20,1,0.600471,1,0.4,S,0.9
20,1,0.3167027,1,0.5,S,1.8
20,1,0.2699632,1,0.4,S,1.4
20,1,0.5180858,0,0.4,S,1.3
20,1,0.2688837,1,0.5,S,1.3
20,1,0.4727326,1,0.4,S,1.1
20,1,0.3939618,1,0.2,S,1.8
20,1,0.2569919,1,0.6,S,1.4
20,1,0.2011018,1,0.8,S,1.8
20,1,0.4839789,0,0.3,S,0.9
20,1,0.2791582,1,0.8,S,2.1
20,1,0.2652478,1,0.5,S,1.4
20,1,0.210886,1,0.6,S,1.6
20,1,0.8420279,0,0.3,S,2.1
20,1,0.3799529,0,0.4,S,1.4
20,1,0.319132,0,0.4,S,2.3
20,1,0.2611564,1,0.7,S,0.9
20,1,0.2049762,1,0.6,S,1.9
20,1,0.1802136,1,0.7,S,1.6
20,1,0.2870738,1,0.5,S,2.1
20,1,0.4989758,0,0.2,S,1.4
20,1,0.2298569,1,0.7,S,1.8
20,1,0.1163483,1,0.7,S,2.1
20,1,0.0920547000000003,1,0.8,S,1.4
20,1,0.1710854,1,0.7,S,2.3
20,1,0.2599535,1,0.5,S,2.1
20,1,0.1703438,1,0.7,S,1.6
20,1,0.1962207,1,0.6,S,1.3
20,1,0.5018495,1,0.6,S,1.8
20,1,0.1255329,1,0.7,S,1.8
20,1,0.3127591,1,0.4,S,1.3
20,1,0.4587689,0,0.4,S,1.3
20,1,0.4077197,0,0.4,S,1.3
20,1,0.3438851,0,0.3,S,1.9
20,1,0.2538665,1,0.7,S,1.1
20,1,0.4448092,0,0.4,S,1.9
20,1,0.2195708,1,0.5,S,1.8
20,1,0.4938401,0,0.2,S,1.3
20,1,0.1918843,1,0.6,S,2.1
20,2,0.2059581,1,0.8,S,1.9
20,2,0.4726821,0,0.4,S,2.3
20,2,0.1897831,1,0.8,S,1.1
20,2,0.4222925,1,0.6,S,0.9
20,2,0.2517113,1,0.8,S,1.9
20,2,0.5443289,0,0.2,S,2.3
20,2,0.4633638,0,0.3,S,0.9
20,2,0.4767469,0,0.4,S,1.9
20,2,0.3923624,0,0.6,S,1.8
20,2,0.2511297,1,0.8,S,1.8
20,2,0.4164168,0,0.6,S,1.3
20,2,0.4526662,0,0.3,S,1.3
20,2,0.4159827,1,0.8,S,2.3
20,2,0.60922,0,0.6,S,1.1
20,2,0.5010051,1,0.7,S,1.3
20,2,0.5356572,0,0.2,S,2.3
20,2,0.3506322,0,0.4,S,1.8
20,2,0.4591291,0,0.4,S,0.9
20,2,0.7951116,0,0.5,S,2.3
20,2,0.5722734,0,0.5,S,1.9
20,2,0.4912896,0,0.2,S,1.4
20,2,0.4679554,0,0.4,S,2.1
20,2,0.7914181,1,0.6,S,2.3
20,2,0.4232248,0,0.8,S,2.3
20,2,0.3344642,1,0.8,S,2.3
20,2,0.4577826,0,0.4,S,0.9
20,2,0.3772864,0,0.4,S,1.8
20,2,0.4748655,0,0.2,S,2.1
20,2,0.3147585,1,0.8,S,2.1
20,2,0.3961475,1,0.8,S,2.1
20,2,0.6759919,0,0.5,S,1.9
20,2,0.3518835,1,0.7,S,1.8
20,2,0.2647824,1,0.7,S,1.8
20,2,0.6339796,0,0.5,S,2.3
20,2,0.5732048,0,0.2,S,1.1
20,2,0.6001297,0,0.6,S,0.9
20,2,0.3966721,1,0.8,S,1.1
20,2,0.6919626,0,0.5,S,1.4
20,2,0.5086147,0,0.3,S,1.6
20,2,0.497993,0,0.4,S,1.6
20,2,0.4995221,0,0.2,S,1.1
20,2,0.4986542,0,0.2,S,1.4
20,2,0.5031007,0,0.2,S,1.4
20,2,0.2870918,1,0.8,S,2.1
20,2,0.5196686,0,0.6,S,1.9
20,2,0.4273859,0,0.5,S,0.9
20,2,0.4420316,0,0.2,S,0.9
20,2,0.2786847,1,0.7,S,1.8
20,2,0.3101283,1,0.8,S,1.8
20,2,0.5007953,0,0.2,S,1.1
20,2,0.6249126,1,0.8,S,1.6
20,2,0.441539,0,0.2,S,1.6
20,2,0.5858982,0,0.5,S,1.1
20,2,0.2919416,1,0.8,S,1.4
20,2,0.4722164,0,0.2,S,1.3
20,2,0.5449548,0,0.6,S,1.3
20,2,0.7561983,0,0.6,S,0.9
20,2,0.606454,0,0.5,S,1.3
20,2,0.3608554,0,0.4,S,1.8
20,2,0.3208131,1,0.7,S,0.9
20,2,0.4029052,0,0.5,S,1.3
20,2,0.2870756,1,0.8,S,1.6
20,2,0.5038808,0,0.2,S,0.9
20,2,0.590896,0,0.3,S,2.1
20,2,0.3917769,0,0.6,S,1.8
20,2,0.5542184,0,0.2,S,1.4
20,2,0.5120136,0,0.2,S,1.1
20,2,0.5021365,0,0.2,S,1.4
20,3,0.2857313,1,0.8,S,1.3
20,3,0.2147933,1,0.7,S,1.4
20,3,0.2490437,1,0.7,S,1.4
20,3,0.4491415,0,0.3,S,1.9
20,3,0.2087406,1,0.8,S,1.1
20,3,0.4049635,0,0.4,S,1.9
20,3,0.486773,0,0.6,S,1.9
20,3,0.2900188,1,0.7,S,1.3
20,3,0.4990768,0,0.3,S,1.4
20,3,0.6218233,1,0.5,S,1.3
20,3,0.2471099,1,0.8,S,0.9
20,3,0.4914225,1,0.6,S,2.1
20,3,0.4261973,1,0.4,S,2.3
20,3,0.5279853,0,0.2,S,1.9
20,3,0.4041331,0,0.4,S,2.1
20,3,0.2359931,1,0.8,S,1.1
20,3,0.7108691,1,0.6,S,1.9
20,3,0.5287781,0,0.4,S,1.4
20,3,0.2226743,1,0.8,S,0.9
20,3,0.262133,1,0.6,S,1.4
20,3,0.2157176,1,0.7,S,1.3
20,3,0.6591094,0,0.4,S,2.3
20,3,0.2557679,1,0.8,S,0.9
20,3,0.7562809,0,0.4,S,1.9
20,3,0.207818,1,0.7,S,1.6
20,3,0.4423446,0,0.4,S,1.3
20,3,0.5741278,1,0.7,S,1.1
20,3,0.2957667,1,0.7,S,2.3
20,3,0.5437776,1,0.5,S,1.9
20,3,1.3118367,1,0.3,S,1.4
20,3,0.4230492,0,0.7,S,1.6
20,3,0.4667657,0,0.2,S,1.6
20,3,0.4328367,1,0.5,S,0.9
20,3,0.3281172,1,0.8,S,0.9
20,3,0.403116,1,0.6,S,2.1
20,3,0.5859929,0,0.2,S,2.3
20,3,0.3980558,1,0.5,S,1.9
20,3,0.3478966,1,0.7,S,1.3
20,3,0.3638755,1,0.7,S,1.8
20,3,0.5131341,0,0.2,S,2.3
20,3,0.5059338,0,0.2,S,1.4
20,3,0.250951,1,0.7,S,2.3
20,3,0.2079755,1,0.7,S,1.6
20,3,0.2473326,1,0.6,S,1.8
20,3,0.4720203,1,0.5,S,0.9
20,3,0.2174401,1,0.7,S,1.3
20,3,0.8130083,1,0.5,S,1.9
20,3,0.2493831,1,0.7,S,1.3
20,3,0.4008911,0,0.3,S,1.6
20,3,0.4164032,0,0.2,S,1.1
20,3,0.4879864,1,0.6,S,1.8
20,3,0.1561427,1,0.8,S,1.6
20,3,0.1190248,1,0.8,S,1.3
20,3,0.1572979,1,0.8,S,2.3
20,3,0.3529804,1,0.5,S,1.6
20,3,0.5792009,1,0.7,S,1.8
20,3,1.0090557,1,0.6,S,1.4
20,3,0.2029065,1,0.7,S,1.9
20,3,0.5057256,0,0.2,S,1.8
20,3,0.2199142,1,0.8,S,1.4
20,3,0.4636292,0,0.5,S,0.9
20,3,0.5517766,0,0.4,S,2.1
20,3,0.5628042,0,0.2,S,1.8
20,3,0.4968129,0,0.3,S,1.1
20,3,0.4707409,0,0.3,S,2.1
20,3,0.4090472,0,0.4,S,2.1
20,3,0.1609551,1,0.8,S,1.3
20,3,0.4810766,0,0.4,S,1.9
20,3,0.3130353,0,0.4,S,1.3
20,3,0.440651,0,0.2,S,1.9
20,3,0.2228136,1,0.8,S,1.4
20,3,0.3325383,0,0.4,S,1.3
20,3,0.4460879,0,0.5,S,0.9
20,3,0.2679624,1,0.6,S,1.6
20,3,0.519146,0,0.4,S,2.3
20,4,0.2496548,1,0.4,S,2.3
20,4,0.1977863,1,0.7,S,1.1
20,4,0.5079123,0,0.2,S,1.8
20,4,0.542014,0,0.2,S,1.9
20,4,0.1481801,1,0.8,S,2.3
20,4,0.0570760999999997,1,0.7,S,2.1
20,4,0.6497295,0,0.3,S,1.1
20,4,0.4271083,0,0.2,S,1.1
20,4,0.2674293,0,0.5,S,2.1
20,4,0.692855,0,0.3,S,0.9
20,4,0.4019678,0,0.3,S,1.6
20,4,0.2141132,1,0.7,S,1.8
20,4,0.3340652,0,0.4,S,2.1
20,4,0.4170168,0,0.3,S,1.4
20,4,0.4161457,0,0.2,S,1.9
20,4,0.2197717,1,0.5,S,1.3
20,4,0.2638754,1,0.4,S,0.9
20,4,0.2520901,1,0.6,S,1.8
20,4,0.2438549,1,0.5,S,1.9
20,4,0.4930822,0,0.3,S,0.9
20,4,0.5265742,0,0.3,S,1.8
20,4,0.4139363,0,0.4,S,0.9
20,4,0.2020811,1,0.6,S,1.6
20,4,0.4497097,1,0.2,S,1.6
20,4,0.4600978,0,0.3,S,1.3
20,4,0.6868534,0,0.3,S,1.4
20,4,0.2729299,1,0.6,S,1.9
20,4,0.2508939,1,0.8,S,1.8
20,4,0.4640361,1,0.4,S,1.9
20,4,0.2481602,1,0.5,S,1.1
20,4,0.4157802,0,0.3,S,2.1
20,4,0.6277086,1,0.4,S,0.9
20,4,0.4502953,0,0.2,S,2.3
20,4,0.1938361,1,0.5,S,2.3
20,4,0.3164637,1,0.5,S,1.1
20,4,0.2271953,1,0.5,S,1.8
20,4,0.4430605,0,0.5,S,2.3
20,4,0.5803947,1,0.4,S,0.9
20,4,0.0840576999999998,1,0.8,S,1.1
20,4,0.2287954,1,0.8,S,1.4
20,4,0.4679671,0,0.3,S,2.3
20,4,0.2820517,1,0.5,S,1.3
20,4,0.1837511,1,0.7,S,2.3
20,4,0.4478676,0,0.2,S,1.3
20,4,0.6399309,0,0.4,S,1.3
20,4,0.4869758,0,0.3,S,1.9
20,4,0.2699332,1,0.6,S,1.6
20,4,0.3147597,1,0.5,S,1.8
20,4,0.3029033,1,0.7,S,1.9
20,4,0.407068,0,0.4,S,1.8
20,4,0.449727,0,0.2,S,1.1
20,4,0.245764,1,0.6,S,2.3
20,4,0.309747,0,0.3,S,1.6
20,4,0.0609281000000004,1,0.7,S,1.8
20,4,0.392019,1,0.5,S,1.9
20,4,0.231687,1,0.7,S,1.1
20,4,0.9258076,0,0.4,S,1.8
20,4,0.3471015,1,0.5,S,1.4
20,4,0.4121045,1,0.5,S,2.1
20,4,0.2916514,1,0.8,S,1.3
20,4,0.4217106,0,0.2,S,1.3
20,4,0.4101745,0,0.3,S,1.8
20,4,0.472638,0,0.5,S,1.3
20,4,0.2497614,1,0.7,S,1.3
20,4,0.4451397,0,0.4,S,1.6
20,4,0.4369451,0,0.4,S,1.8
20,4,0.4517033,0,0.4,S,0.9
20,4,0.3868634,1,0.5,S,1.1
20,4,0.4690958,0,0.3,S,1.8
20,4,0.3550315,1,0.6,S,2.1
20,4,0.4886952,0,0.3,S,1.4
20,4,0.2468664,1,0.6,S,2.1
21,1,0.4663392,0,0.5,S,1.3
21,1,1.0343447,0,0.3,S,0.9
21,1,0.7875274,1,0.6,S,2.1
21,1,0.2631198,1,0.7,S,2.3
21,1,0.7652925,1,0.3,S,1.3
21,1,0.8754571,1,0.4,S,1.6
21,1,0.9867531,0,0.3,S,2.3
21,1,0.1001092,1,0.7,S,1.1
21,1,0.1651491,1,0.6,S,2.3
21,1,0.8349245,0,0.3,S,1.6
21,1,0.6131534,1,0.7,S,2.3
21,1,0.2361588,1,0.6,S,1.1
21,1,0.672816,0,0.2,S,2.3
21,1,0.6769738,0,0.2,S,2.1
21,1,0.7361072,0,0.2,S,1.6
21,1,0.7887202,1,0.7,S,1.6
21,1,0.7012433,0,0.2,S,1.9
21,1,1.1689367,0,0.3,S,1.6
21,1,0.3956663,1,0.8,S,0.9
21,1,0.7178854,0,0.3,S,1.1
21,1,1.0838856,1,0.3,S,1.1
21,1,0.6330806,1,0.8,S,1.3
21,1,1.2888948,1,0.3,S,0.9
21,1,0.2489275,1,0.8,S,1.9
21,1,1.4045539,1,0.4,S,1.3
21,1,0.1783102,0,0.6,S,0.9
21,1,0.7826865,0,0.3,S,1.8
21,1,1.001546,1,0.5,S,1.4
21,1,1.2039604,0,0.2,S,0.9
21,1,0.7296693,1,0.8,S,1.3
21,1,0.8750376,0,0.4,S,1.4
21,1,0.7395865,0,0.2,S,1.1
21,1,0.401751,1,0.7,S,1.8
21,1,1.2540873,1,0.7,S,0.9
21,1,0.3886527,1,0.7,S,2.1
21,1,0.6737254,0,0.7,S,1.1
21,1,0.7277181,0,0.2,S,1.4
21,1,0.2385633,1,0.8,S,1.4
21,1,1.1150695,1,0.4,S,1.1
21,1,1.2111259,0,0.5,S,1.9
21,1,0.9705924,0,0.4,S,1.8
21,1,0.7249108,0,0.3,S,2.3
21,1,0.6886831,0,0.2,S,0.9
21,1,0.7906779,0,0.4,S,2.1
21,1,1.4161714,0,0.5,S,1.9
21,1,0.6951701,0,0.3,S,0.9
21,1,0.7850252,1,0.7,S,0.9
21,1,1.8608651,1,0.6,S,1.4
21,1,0.6350418,1,0.8,S,2.1
21,1,1.3560031,0,0.6,S,1.9
21,1,1.0283937,1,0.2,S,2.1
21,1,0.8790473,0,0.5,S,1.1
21,1,0.8377408,1,0.6,S,2.3
21,1,1.0708242,1,0.6,S,1.8
21,1,0.9698005,0,0.2,S,1.4
21,1,1.1770897,1,0.4,S,1.3
21,1,1.0029773,0,0.4,S,1.6
21,1,0.7480094,1,0.7,S,0.9
21,1,0.8867183,1,0.8,S,1.4
21,1,0.3068533,1,0.8,S,1.4
21,1,0.8587208,0,0.4,S,1.1
21,1,0.7039671,1,0.7,S,1.6
21,1,1.4888807,1,0.4,S,2.1
21,1,1.5145704,1,0.4,S,1.9
21,1,1.045005,0,0.5,S,1.3
21,1,1.2170224,0,0.3,S,1.9
21,1,1.0527808,0,0.2,S,1.9
21,1,0.8856431,1,0.5,S,0.9
21,1,0.2618856,1,0.8,S,1.8
21,1,0.9776438,1,0.7,S,1.6
21,1,1.0586055,1,0.7,S,2.1
21,1,0.6761563,0,0.2,S,1.9
21,2,0.6564563,0,0.2,S,1.4
21,2,0.6115153,0,0.2,S,1.9
21,2,0.5319286,1,0.6,S,1.1
21,2,0.8901667,0,0.7,S,1.6
21,2,0.6331162,1,0.4,S,1.3
21,2,0.7279466,1,0.5,S,1.9
21,2,0.4022329,1,0.6,S,2.3
21,2,1.0208331,1,0.7,S,1.8
21,2,1.0002112,1,0.6,S,0.9
21,2,1.1240788,1,0.4,S,1.8
21,2,0.7949823,1,0.5,S,0.9
21,2,0.5460875,1,0.8,S,2.3
21,2,0.6316925,1,0.6,S,0.9
21,2,0.9827228,0,0.2,S,2.1
21,2,1.0460498,0,0.7,S,1.8
21,2,1.0179689,1,0.6,S,2.1
21,2,0.7138119,1,0.6,S,1.3
21,2,0.5900119,1,0.6,S,1.8
21,2,0.5158873,1,0.6,S,2.1
21,2,0.5178265,1,0.8,S,1.4
21,2,0.5219318,0,0.3,S,1.6
21,2,0.4127414,0,0.3,S,2.1
21,2,0.3469276,1,0.6,S,0.9
21,2,0.7386824,0,0.3,S,2.3
21,2,0.2778221,0,0.6,S,1.6
21,2,0.4139796,0,0.2,S,1.9
21,2,0.5142749,0,0.3,S,2.3
21,2,0.7058514,0,0.5,S,1.4
21,2,0.2737866,1,0.6,S,2.3
21,2,0.6815636,1,0.4,S,1.4
21,2,0.4085446,1,0.5,S,1.1
21,2,0.1710135,1,0.7,S,1.9
21,2,1.5237098,1,0.3,S,1.8
21,2,1.4151315,0,0.3,S,1.4
21,2,0.6922073,0,0.2,S,1.3
21,2,1.2669693,1,0.4,S,2.1
21,2,0.4629295,0,0.4,S,1.6
21,2,0.5646859,0,0.2,S,1.1
21,2,1.3679223,0,0.6,S,2.3
21,2,0.6160402,0,0.5,S,0.9
21,2,0.7162428,1,0.8,S,1.8
21,2,0.5679789,1,0.7,S,1.4
21,2,0.7195548,0,0.2,S,1.8
21,2,0.2707297,1,0.8,S,2.3
21,2,0.5798136,0,0.2,S,2.3
21,2,1.3079969,0,0.5,S,0.9
21,2,0.6680747,0,0.3,S,2.3
21,2,0.5541952,0,0.4,S,1.3
21,2,0.6888775,1,0.5,S,1.8
21,2,0.3280984,1,0.7,S,1.1
21,2,0.6341653,0,0.3,S,1.4
21,2,0.9834725,1,0.7,S,1.3
21,2,1.6328303,1,0.5,S,1.6
21,2,0.7336176,0,0.4,S,1.9
21,2,0.5410759,0,0.3,S,1.1
21,2,0.6118786,1,0.7,S,1.9
21,2,0.5209808,0,0.5,S,1.6
21,2,0.689616,0,0.4,S,0.9
21,2,0.150826,0,0.7,S,1.6
21,2,0.9019807,0,0.3,S,1.6
21,2,1.3436431,1,0.4,S,1.9
21,2,0.5679356,1,0.7,S,1.8
21,2,1.1171033,1,0.7,S,1.9
21,2,0.6147088,0,0.6,S,0.9
21,2,0.6273145,0,0.2,S,2.3
21,2,0.616066,0,0.4,S,1.9
21,2,0.9916895,1,0.5,S,1.1
21,2,0.9839651,1,0.4,S,1.9
21,2,0.5817121,0,0.2,S,1.8
21,2,0.5140276,0,0.2,S,1.4
21,2,0.3749866,0,0.4,S,1.6
21,2,0.2537781,1,0.8,S,1.8
21,2,0.4478915,0,0.3,S,1.9
21,2,0.6352675,0,0.8,S,0.9
21,2,1.1570871,1,0.8,S,2.1
21,2,0.6528917,0,0.3,S,1.6
21,2,0.9985471,1,0.8,S,1.4
21,2,0.6175389,0,0.6,S,0.9
21,2,0.5708001,0,0.2,S,1.3
21,2,0.2855843,1,0.7,S,1.3
21,2,0.8406648,1,0.6,S,0.9
21,2,0.3900184,0,0.7,S,1.9
21,2,0.9907407,0,0.3,S,1.9
21,3,0.5298051,1,0.7,S,1.1
21,3,0.5080593,1,0.6,S,2.1
21,3,1.3065281,0,0.4,S,2.1
21,3,0.6799089,0,0.2,S,2.3
21,3,0.4939899,1,0.8,S,2.1
21,3,0.879088,0,0.4,S,1.8
21,3,0.6489426,0,0.4,S,1.3
21,3,0.8799454,0,0.3,S,1.6
21,3,0.4056035,1,0.7,S,0.9
21,3,0.4399429,1,0.8,S,1.6
21,3,0.8377275,0,0.4,S,1.8
21,3,0.6498242,0,0.2,S,1.3
21,3,0.5340526,1,0.6,S,1.4
21,3,0.6438778,1,0.5,S,0.9
21,3,0.5906943,0,0.2,S,2.3
21,3,0.6776369,1,0.6,S,2.3
21,3,0.2837249,1,0.7,S,1.1
21,3,0.6511422,0,0.2,S,2.3
21,3,0.5686552,0,0.2,S,1.8
21,3,0.4810533,1,0.6,S,1.4
21,3,0.3089125,1,0.8,S,2.1
21,3,1.0336248,0,0.4,S,0.9
21,3,0.4863817,1,0.6,S,1.8
21,3,0.3158334,1,0.7,S,0.9
21,3,0.798754,0,0.3,S,1.8
21,3,1.2264137,1,0.6,S,1.6
21,3,0.6220162,0,0.4,S,1.9
21,3,0.9299742,1,0.6,S,1.1
21,3,0.56862,1,0.6,S,2.1
21,3,1.0196364,1,0.7,S,2.3
21,3,1.0536567,1,0.4,S,1.8
21,3,0.5833467,0,0.5,S,2.3
21,3,0.8179714,0,0.4,S,1.6
21,3,0.963738,0,0.4,S,1.3
21,3,0.6265518,0,0.2,S,1.8
21,3,0.9941537,0,0.4,S,1.3
21,3,0.8608781,0,0.3,S,2.1
21,3,0.8228626,0,0.5,S,0.9
21,3,0.6112199,0,0.3,S,1.3
21,3,0.4429201,0,0.3,S,2.1
21,3,0.3929773,1,0.8,S,1.6
21,3,0.5456941,1,0.8,S,2.3
21,3,0.6392085,0,0.2,S,1.1
21,3,0.6301976,1,0.7,S,1.8
21,3,0.5319538,1,0.4,S,1.9
21,3,0.5449204,0,0.3,S,1.9
21,3,0.5427487,0,0.4,S,0.9
21,3,0.526734,1,0.6,S,1.8
21,3,1.1597522,1,0.5,S,1.8
21,3,0.1948259,1,0.8,S,1.1
21,3,0.9745773,1,0.5,S,1.3
21,3,0.7010062,1,0.3,S,1.1
21,3,0.5359921,1,0.4,S,2.3
21,3,0.6375991,0,0.5,S,1.6
21,3,0.3335295,1,0.8,S,0.9
21,3,0.6148107,1,0.6,S,1.1
21,3,0.3357152,1,0.6,S,1.1
21,3,0.9825478,0,0.3,S,1.6
21,3,0.440639,1,0.4,S,1.6
21,3,0.6636265,0,0.3,S,2.3
21,3,0.8000837,0,0.2,S,1.4
21,3,0.5400013,0,0.3,S,2.3
21,3,0.5450498,0,0.3,S,1.4
21,3,0.4989373,0,0.2,S,1.3
21,3,0.5347627,0,0.4,S,1.4
21,3,0.5081598,0,0.6,S,1.1
21,3,0.8037731,0,0.4,S,1.6
21,3,0.7289865,1,0.7,S,2.3
21,3,0.7222167,0,0.8,S,2.1
21,3,0.3244872,1,0.8,S,0.9
21,3,0.5205816,0,0.3,S,1.4
21,3,1.0159753,0,0.5,S,2.1
21,3,0.5350678,0,0.3,S,1.3
21,3,0.5240376,0,0.2,S,0.9
21,3,1.3770454,0,0.3,S,1.4
21,3,0.6930439,1,0.2,S,2.1
21,3,0.3528458,1,0.8,S,1.4
21,3,0.9062652,1,0.7,S,1.3
21,3,0.2161161,1,0.7,S,2.3
21,3,0.9640383,1,0.8,S,1.3
21,4,0.8641325,1,0.8,S,2.3
21,4,0.6337156,1,0.6,S,1.9
21,4,0.5719768,1,0.8,S,1.9
21,4,1.0708759,0,0.4,S,1.6
21,4,0.6701307,0,0.3,S,1.6
21,4,0.5469726,1,0.4,S,1.4
21,4,0.1912434,1,0.7,S,1.4
21,4,0.3589354,1,0.7,S,1.1
21,4,0.7050318,0,0.3,S,0.9
21,4,0.7048504,1,0.6,S,1.8
21,4,0.6427295,1,0.6,S,1.1
21,4,0.5419162,1,0.8,S,1.8
21,4,1.0239142,0,0.5,S,1.9
21,4,0.8251349,0,0.5,S,2.3
21,4,0.3779769,1,0.7,S,1.3
21,4,0.2408013,1,0.7,S,1.4
21,4,0.2387982,1,0.7,S,1.4
21,4,0.9051351,0,0.5,S,0.9
21,4,0.2259703,1,0.7,S,1.8
21,4,0.3078362,1,0.7,S,1.9
21,4,0.7868098,0,0.3,S,1.4
21,4,0.1860113,0,0.8,S,1.8
21,4,0.1891336,1,0.8,S,1.1
21,4,1.2068547,1,0.5,S,1.4
21,4,0.4465832,0,0.2,S,1.6
21,4,0.5288942,0,0.5,S,2.1
21,4,0.545617,0,0.4,S,1.1
21,4,0.65705,0,0.2,S,2.3
21,4,0.221969,0,0.6,S,1.3
21,4,0.4340909,0,0.2,S,1.3
21,4,2.2619786,1,0.8,S,2.1
21,4,0.5194571,1,0.7,S,2.3
21,4,0.7130291,0,0.6,S,1.4
21,4,0.306589,1,0.8,S,2.3
21,4,0.8142877,1,0.6,S,0.9
21,4,0.1979636,1,0.8,S,1.3
21,4,0.9691782,1,0.5,S,1.8
21,4,0.6441607,0,0.2,S,2.1
21,4,0.2882087,1,0.8,S,1.8
21,4,0.599065,0,0.4,S,1.1
21,4,0.496872,0,0.2,S,2.1
21,4,1.1368379,1,0.6,S,1.6
21,4,1.0938613,1,0.5,S,1.9
21,4,1.0469313,0,0.2,S,1.1
21,4,1.1479439,1,0.7,S,1.3
21,4,0.8637839,1,0.6,S,1.3
21,4,0.5308729,0,0.3,S,2.3
21,4,1.2689343,0,0.6,S,1.9
21,4,0.7553419,1,0.4,S,2.3
21,4,0.6700856,0,0.2,S,1.1
21,4,0.487181,0,0.3,S,1.3
21,4,0.2506769,0,0.7,S,1.3
21,4,0.5732224,0,0.2,S,0.9
21,4,0.7219819,0,0.3,S,1.3
21,4,1.075746,1,0.5,S,1.1
21,4,0.3898864,1,0.6,S,0.9
21,4,0.9965664,1,0.7,S,1.4
21,4,0.4076558,1,0.7,S,1.8
21,4,0.4900503,0,0.2,S,0.9
21,4,0.5728175,1,0.8,S,1.4
21,4,0.5368651,0,0.2,S,1.3
21,4,0.2967915,1,0.8,S,2.3
21,4,0.9769201,0,0.5,S,1.1
21,4,0.6865994,0,0.8,S,1.8
21,4,1.0040262,0,0.4,S,2.1
21,4,0.6665108,0,0.4,S,1.9
21,4,0.6627549,0,0.4,S,1.1
21,4,0.7329182,0,0.5,S,2.3
21,4,0.4748253,1,0.6,S,0.9
21,4,0.5404163,0,0.6,S,1.9
21,4,0.2778236,1,0.8,S,2.3
21,4,0.4811079,1,0.7,S,2.3
21,4,0.5113351,0,0.2,S,1.3
21,4,1.0507754,0,0.5,S,0.9
22,1,0.2687615,1,0.7,S,1.3
22,1,0.4742228,0,0.3,S,1.4
22,1,0.4910165,0,0.2,S,1.4
22,1,0.5949193,0,0.4,S,2.3
22,1,0.5617022,1,0.3,S,1.1
22,1,0.3659043,1,0.5,S,1.1
22,1,0.3002258,1,0.7,S,1.8
22,1,0.5146738,0,0.3,S,0.9
22,1,0.175109,1,0.6,S,2.1
22,1,0.4293509,1,0.5,S,1.3
22,1,0.5034424,0,0.3,S,0.9
22,1,0.3335599,1,0.6,S,1.3
22,1,0.420531,0,0.4,S,1.4
22,1,0.4029819,0,0.3,S,2.3
22,1,0.3014143,1,0.6,S,1.6
22,1,0.2155213,1,0.6,S,0.9
22,1,0.2819399,1,0.6,S,1.6
22,1,0.2676954,1,0.8,S,1.4
22,1,0.4646044,1,0.5,S,1.6
22,1,0.447755,0,0.6,S,0.9
22,1,0.9877772,0,0.4,S,2.3
22,1,0.4622944,0,0.4,S,2.3
22,1,0.5231167,1,0.7,S,2.1
22,1,0.3914859,1,0.3,S,1.4
22,1,0.3982181,0,0.3,S,1.6
22,1,0.4218961,0,0.2,S,2.3
22,1,0.383288,1,0.7,S,1.1
22,1,0.2425897,1,0.8,S,2.3
22,1,1.0371141,1,0.6,S,1.1
22,1,0.505795,0,0.3,S,1.1
22,1,0.3650013,0,0.3,S,1.4
22,1,0.2386104,1,0.7,S,1.8
22,1,0.5283201,0,0.2,S,2.1
22,1,0.2653401,1,0.8,S,1.4
22,1,0.4046565,0,0.2,S,1.6
22,1,0.6051818,0,0.2,S,1.4
22,1,0.5869489,0,0.5,S,1.9
22,1,0.4802663,1,0.7,S,0.9
22,1,0.4202546,1,0.7,S,2.1
22,1,0.5204984,0,0.4,S,1.8
22,1,0.7594425,1,0.5,S,2.1
22,1,0.7770203,0,0.2,S,1.9
22,1,0.5825205,1,0.6,S,2.3
22,1,0.4523986,0,0.2,S,1.8
22,1,0.3970806,1,0.5,S,1.1
22,1,0.3960991,0,0.4,S,1.8
22,1,0.6305085,1,0.5,S,1.8
22,1,0.3630318,1,0.7,S,1.4
22,1,0.4479878,1,0.6,S,1.1
22,1,0.4857356,0,0.2,S,0.9
22,1,0.4430828,0,0.2,S,0.9
22,1,0.3520738,1,0.5,S,1.3
22,1,0.8321806,0,0.4,S,0.9
22,1,1.1674329,1,0.5,S,1.1
22,1,0.7933846,0,0.3,S,2.1
22,1,0.5964199,0,0.2,S,1.9
22,1,0.4101129,0,0.2,S,2.3
22,1,0.4017419,0,0.5,S,1.4
22,1,0.4462878,1,0.8,S,1.4
22,1,0.3102878,1,0.7,S,0.9
22,1,0.339104,1,0.6,S,1.8
22,1,0.4451728,0,0.2,S,1.1
22,1,0.2910222,1,0.7,S,1.9
22,1,0.2860151,1,0.8,S,2.3
22,1,0.2553647,1,0.7,S,1.6
22,1,0.2724588,1,0.5,S,1.8
22,1,0.1412915,1,0.7,S,2.3
22,1,0.3833013,1,0.7,S,1.3
22,1,0.3624031,1,0.7,S,2.3
22,1,0.4505114,0,0.4,S,1.3
22,1,0.3551787,1,0.8,S,2.1
22,1,0.332546,1,0.8,S,2.1
22,1,0.5783641,0,0.2,S,2.3
22,1,0.3421381,1,0.7,S,1.3
22,1,0.5725747,1,0.4,S,1.8
22,1,0.9333,0,0.4,S,1.4
22,1,0.3333439,1,0.6,S,1.6
22,1,0.3093098,1,0.7,S,0.9
22,2,0.3655721,1,0.5,S,1.1
22,2,0.5796411,1,0.4,S,1.1
22,2,0.6045414,1,0.7,S,1.3
22,2,0.3213746,1,0.8,S,0.9
22,2,0.3463483,1,0.8,S,1.4
22,2,0.6992637,0,0.2,S,1.3
22,2,1.0661031,1,0.6,S,1.8
22,2,0.3853468,1,0.8,S,0.9
22,2,0.4784559,0,0.2,S,0.9
22,2,0.3054017,1,0.7,S,0.9
22,2,0.6315908,0,0.4,S,2.3
22,2,0.5543161,0,0.2,S,1.3
22,2,0.5168312,1,0.6,S,1.3
22,2,0.4019573,0,0.4,S,1.6
22,2,0.2811078,1,0.7,S,0.9
22,2,0.3793663,0,0.2,S,1.3
22,2,0.695089,0,0.2,S,1.1
22,2,0.3934236,1,0.5,S,1.8
22,2,0.6052667,0,0.2,S,0.9
22,2,0.6978824,0,0.3,S,1.4
22,2,0.8729399,0,0.4,S,0.9
22,2,0.6928848,1,0.6,S,1.8
22,2,0.3999974,1,0.5,S,1.1
22,2,0.3572639,1,0.7,S,2.3
22,2,0.9457662,1,0.3,S,1.4
22,2,0.614664,0,0.2,S,1.8
22,2,0.5321419,0,0.3,S,2.3
22,2,0.3227031,1,0.7,S,1.9
22,2,0.1299909,1,0.7,S,2.3
22,2,0.6034474,0,0.2,S,2.1
22,2,0.6043003,1,0.6,S,1.4
22,2,0.282643,1,0.8,S,0.9
22,2,0.2560348,1,0.7,S,2.3
22,2,0.2632273,1,0.8,S,1.8
22,2,0.2974109,1,0.8,S,2.3
22,2,0.5290988,0,0.3,S,1.1
22,2,0.2088847,1,0.6,S,1.6
22,2,0.2991571,1,0.7,S,2.3
22,2,0.2472045,1,0.7,S,1.3
22,2,0.6374108,0,0.3,S,1.1
22,2,0.6723553,0,0.2,S,1.4
22,2,0.6453443,0,0.6,S,1.3
22,2,0.741718,0,0.8,S,2.1
22,2,0.5484646,0,0.6,S,1.8
22,2,0.4111336,1,0.6,S,1.4
22,2,0.13144,1,0.8,S,1.3
22,2,0.6440722,0,0.2,S,1.8
22,2,0.4623285,1,0.8,S,1.1
22,2,0.4275541,1,0.7,S,1.1
22,2,0.5852892,0,0.4,S,0.9
22,2,0.7210086,1,0.7,S,1.8
22,2,0.3161957,1,0.7,S,2.3
22,2,0.2900415,1,0.7,S,2.3
22,2,0.3017607,1,0.7,S,1.4
22,2,0.6610447,0,0.4,S,2.1
22,2,0.2143022,1,0.8,S,1.3
22,2,0.2407956,1,0.8,S,2.1
22,2,0.2105529,1,0.8,S,2.3
22,2,0.4151647,1,0.5,S,1.8
22,2,0.2841608,1,0.8,S,1.9
22,2,0.3691163,1,0.7,S,1.8
22,2,0.8768229,0,0.5,S,1.1
22,2,0.3704861,1,0.6,S,2.1
22,2,0.8600702,1,0.5,S,1.1
22,2,0.5992762,0,0.2,S,1.8
22,2,0.2432292,1,0.8,S,2.3
22,2,1.0232447,1,0.5,S,1.6
22,2,0.241928,1,0.7,S,2.1
22,2,0.2722802,1,0.8,S,2.3
22,2,0.6074265,0,0.2,S,2.3
22,2,0.3332196,1,0.6,S,1.4
22,2,0.6222394,0,0.5,S,1.9
22,2,0.3162081,1,0.7,S,1.9
22,2,0.6299584,0,0.2,S,1.4
22,2,0.4389609,1,0.5,S,1.1
22,2,0.2273744,1,0.6,S,1.8
22,2,0.2649082,1,0.8,S,1.6
22,2,0.9610736,0,0.4,S,1.1
22,2,0.6250219,0,0.2,S,1.1
22,3,0.5421718,1,0.5,S,1.9
22,3,0.4841817,0,0.2,S,1.1
22,3,0.7306246,0,0.3,S,1.1
22,3,0.4874599,0,0.2,S,2.3
22,3,0.3691853,1,0.8,S,2.1
22,3,0.2744027,1,0.8,S,1.8
22,3,0.4382164,0,0.2,S,1.8
22,3,0.2742292,1,0.8,S,1.9
22,3,0.4176487,0,0.6,S,1.4
22,3,0.4195504,0,0.3,S,0.9
22,3,0.4084883,0,0.2,S,2.1
22,3,0.4882153,1,0.6,S,2.1
22,3,0.8372623,1,0.6,S,1.1
22,3,0.2254078,1,0.8,S,1.1
22,3,0.7143669,0,0.4,S,1.1
22,3,0.985257,1,0.5,S,1.3
22,3,0.3012599,0,0.3,S,1.9
22,3,0.3251995,1,0.8,S,1.1
22,3,0.5180783,0,0.5,S,1.8
22,3,0.4940632,1,0.7,S,1.4
22,3,0.4500501,1,0.7,S,0.9
22,3,0.6943449,1,0.6,S,1.4
22,3,0.4833322,1,0.6,S,2.1
22,3,0.4522206,0,0.3,S,1.9
22,3,0.3431611,1,0.8,S,1.9
22,3,0.3936395,0,0.4,S,1.3
22,3,0.2992428,1,0.7,S,1.1
22,3,1.1812706,1,0.5,S,1.4
22,3,0.9973027,0,0.5,S,2.3
22,3,1.0509255,1,0.6,S,1.4
22,3,0.4031478,0,0.2,S,1.8
22,3,0.6459668,0,0.3,S,0.9
22,3,0.5924057,0,0.4,S,2.3
22,3,0.519225,1,0.5,S,2.3
22,3,0.4645001,1,0.8,S,2.1
22,3,0.4942637,0,0.3,S,0.9
22,3,1.2511507,0,0.5,S,0.9
22,3,0.418302,0,0.3,S,1.4
22,3,0.2852088,1,0.8,S,2.3
22,3,0.5920055,0,0.5,S,1.9
22,3,0.9282022,1,0.6,S,2.3
22,3,1.3273613,1,0.7,S,2.1
22,3,0.3364003,1,0.7,S,2.3
22,3,0.3550188,1,0.6,S,0.9
22,3,0.4062041,1,0.6,S,1.1
22,3,0.4679742,0,0.3,S,2.3
22,3,0.3280149,1,0.7,S,1.9
22,3,0.5064191,0,0.3,S,1.8
22,3,0.3223502,1,0.7,S,1.9
22,3,0.3830161,0,0.2,S,0.9
22,3,0.3748462,0,0.3,S,1.8
22,3,0.5810055,0,0.5,S,2.3
22,3,0.6434014,0,0.6,S,2.3
22,3,0.3415802,1,0.7,S,1.1
22,3,0.4545531,1,0.3,S,1.8
22,3,0.3603611,1,0.7,S,1.9
22,3,0.6731801,0,0.5,S,2.1
22,3,0.8863174,0,0.5,S,1.4
22,3,0.342317,0,0.3,S,1.6
22,3,0.7921133,1,0.6,S,2.1
22,3,1.1275415,0,0.6,S,2.1
22,3,0.409859,1,0.6,S,1.3
22,3,0.4531512,0,0.3,S,2.1
22,3,0.321468,1,0.7,S,1.1
22,3,0.4989812,1,0.6,S,1.4
22,3,0.414313,0,0.4,S,1.1
22,3,0.4884894,0,0.3,S,1.4
22,3,0.2703173,1,0.7,S,1.4
22,3,0.3132366,0,0.4,S,0.9
22,3,0.3851536,0,0.6,S,2.1
22,3,0.2922568,1,0.8,S,1.8
22,3,0.5332563,1,0.6,S,1.8
22,3,0.4931001,1,0.7,S,1.8
22,3,0.5410511,0,0.2,S,2.1
22,3,0.59226,1,0.8,S,1.6
22,3,0.3543676,0,0.2,S,1.9
22,3,0.3124154,0,0.3,S,1.8
22,3,0.3590926,1,0.7,S,1.4
22,3,0.2983128,1,0.7,S,1.8
22,3,0.3192367,0,0.3,S,0.9
22,3,0.3322109,1,0.7,S,1.9
22,3,0.5210631,0,0.6,S,2.1
22,3,0.4184625,0,0.3,S,1.6
22,3,0.3951482,0,0.4,S,0.9
22,3,0.3551938,0,0.3,S,1.4
22,3,0.2851235,0,0.3,S,1.6
22,4,0.2740159,1,0.7,S,1.3
22,4,0.7850229,0,0.3,S,1.4
22,4,0.5618437,0,0.2,S,1.4
22,4,0.4411547,0,0.4,S,2.3
22,4,0.4716222,0,0.3,S,1.1
22,4,0.5209302,1,0.5,S,1.1
22,4,0.3463859,1,0.7,S,1.8
22,4,0.4655984,0,0.3,S,0.9
22,4,0.9282785,1,0.6,S,2.1
22,4,0.2515579,1,0.5,S,1.3
22,4,0.363711,0,0.3,S,0.9
22,4,0.3011088,1,0.6,S,1.3
22,4,0.4033859,0,0.4,S,1.4
22,4,0.3661576,0,0.3,S,2.3
22,4,0.4152962,1,0.6,S,1.6
22,4,0.3171321,1,0.6,S,0.9
22,4,0.4441145,1,0.6,S,1.6
22,4,0.3012236,1,0.8,S,1.4
22,4,0.3353722,1,0.5,S,1.6
22,4,0.2541554,1,0.6,S,0.9
22,4,0.3158975,0,0.4,S,2.3
22,4,0.2957603,0,0.4,S,2.3
22,4,0.5229427,1,0.7,S,2.1
22,4,0.3191988,0,0.3,S,1.4
22,4,0.5003366,0,0.3,S,1.6
22,4,0.3711618,0,0.2,S,2.3
22,4,0.326867,0,0.7,S,1.1
22,4,0.3215113,1,0.8,S,2.3
22,4,0.548105,0,0.6,S,1.1
22,4,0.4834505,0,0.3,S,1.1
22,4,0.4820729,0,0.3,S,1.4
22,4,0.4150683,1,0.7,S,1.8
22,4,0.4523775,0,0.2,S,2.1
22,4,0.338349,1,0.8,S,1.4
22,4,0.3555783,0,0.2,S,1.6
22,4,0.3891593,0,0.2,S,1.4
22,4,0.4570279,0,0.5,S,1.9
22,4,0.375297,1,0.7,S,0.9
22,4,0.6944104,0,0.7,S,2.1
22,4,0.3993165,0,0.4,S,1.8
22,4,0.3235192,0,0.5,S,2.1
22,4,0.4689409,0,0.2,S,1.9
22,4,0.3172978,1,0.6,S,2.3
22,4,0.4554279,0,0.2,S,1.8
22,4,0.7313338,0,0.5,S,1.1
22,4,0.4162934,0,0.4,S,1.8
22,4,0.9214549,1,0.5,S,1.8
22,4,0.3184363,1,0.7,S,1.4
22,4,0.3925156,1,0.6,S,1.1
22,4,0.4580409,0,0.2,S,0.9
22,4,0.5052397,0,0.2,S,0.9
22,4,0.4841835,1,0.5,S,1.3
22,4,0.5524377,0,0.4,S,0.9
22,4,0.7613091,0,0.5,S,1.1
22,4,0.417945,0,0.3,S,2.1
22,4,0.3020676,0,0.2,S,1.9
22,4,0.3623404,0,0.2,S,2.3
22,4,0.4125726,0,0.5,S,1.4
22,4,0.3110315,1,0.8,S,1.4
22,4,0.3002741,1,0.7,S,0.9
22,4,0.3604051,1,0.6,S,1.8
22,4,0.5492461,0,0.2,S,1.1
22,4,0.5563567,1,0.7,S,1.9
22,4,0.2952304,1,0.8,S,2.3
22,4,0.3344236,1,0.7,S,1.6
22,4,0.5673698,0,0.5,S,1.8
22,4,0.2702015,1,0.7,S,2.3
22,4,0.1985063,1,0.7,S,1.3
22,4,0.306358,1,0.7,S,2.3
22,4,0.4320958,0,0.4,S,1.3
22,4,0.4672454,1,0.8,S,2.1
22,4,0.430559,0,0.8,S,2.1
22,4,0.4463036,0,0.2,S,2.3
22,4,0.3001248,1,0.7,S,1.3
22,4,0.3456623,1,0.4,S,1.8
22,4,0.4581803,0,0.4,S,1.4
22,4,0.3553949,1,0.6,S,1.6
22,4,0.3364965,1,0.7,S,0.9
23,1,0.2738472,1,0.7,S,2.3
23,1,0.3572742,1,0.2,S,0.9
23,1,0.2382322,1,0.8,S,1.6
23,1,0.3004701,1,0.3,S,1.1
23,1,0.8042122,1,0.2,S,1.6
23,1,0.4987973,0,0.2,S,1.8
23,1,0.4002336,0,0.5,S,1.1
23,1,0.3960886,0,0.5,S,1.9
23,1,0.5602487,1,0.6,S,1.4
23,1,0.2318274,1,0.7,S,1.1
23,1,0.3850843,1,0.7,S,1.9
23,1,0.4572353,1,0.4,S,1.9
23,1,0.9577078,1,0.3,S,1.1
23,1,0.4525487,1,0.6,S,1.8
23,1,0.2947739,1,0.6,S,1.9
23,1,0.6043042,1,0.6,S,1.3
23,1,0.3690187,1,0.7,S,1.3
23,1,0.4313034,1,0.8,S,1.3
23,1,0.4771572,0,0.5,S,1.9
23,1,0.7154372,0,0.4,S,1.9
23,1,0.6880058,0,0.6,S,2.3
23,1,0.8249576,0,0.4,S,0.9
23,1,0.5548611,0,0.2,S,1.1
23,1,0.8431417,1,0.6,S,0.9
23,1,0.1432834,1,0.5,S,1.8
23,1,0.410141,1,0.5,S,1.6
23,1,0.4912389,0,0.4,S,2.3
23,1,0.5388963,1,0.8,S,1.1
23,1,0.5418934,0,0.4,S,2.1
23,1,0.6226824,1,0.5,S,1.6
23,1,0.4112024,0,0.6,S,0.9
23,1,0.4181127,1,0.5,S,1.9
23,1,0.5951874,0,0.2,S,1.6
23,1,0.4071796,1,0.3,S,1.9
23,1,0.24798,1,0.8,S,1.4
23,1,0.2936777,1,0.8,S,1.9
23,1,0.7068358,1,0.6,S,2.1
23,1,0.449496,1,0.3,S,1.1
23,1,0.4828306,0,0.3,S,2.1
23,1,0.4791336,0,0.3,S,1.6
23,1,0.2690755,1,0.7,S,1.1
23,1,0.442084,1,0.5,S,2.3
23,1,0.3340397,1,0.4,S,1.3
23,1,0.2409355,1,0.7,S,1.4
23,1,0.5881628,0,0.2,S,1.1
23,1,0.3781222,0,0.5,S,1.1
23,1,0.2749445,1,0.8,S,1.6
23,1,1.1558224,0,0.5,S,1.8
23,1,0.5272525,0,0.2,S,2.3
23,1,0.4670803,0,0.3,S,1.9
23,1,0.3681961,1,0.6,S,1.4
23,1,0.3168989,1,0.6,S,1.1
23,1,0.556936,0,0.3,S,2.3
23,1,0.6520092,0,0.3,S,2.3
23,1,0.2358004,1,0.8,S,1.8
23,1,0.8262313,0,0.4,S,1.3
23,1,0.231797,1,0.8,S,1.4
23,1,0.6220059,0,0.2,S,1.3
23,1,0.6620733,0,0.5,S,1.4
23,1,0.3931729,1,0.4,S,1.3
23,1,0.2498215,1,0.8,S,1.4
23,1,0.3942308,1,0.6,S,1.4
23,1,0.5042214,1,0.5,S,2.1
23,1,0.2401188,1,0.8,S,2.3
23,1,0.5712957,0,0.5,S,1.1
23,1,0.3111932,1,0.4,S,1.9
23,1,0.3259508,1,0.6,S,1.9
23,1,0.6280001,1,0.2,S,1.6
23,1,0.2300653,1,0.4,S,0.9
23,1,0.2890714,1,0.7,S,2.3
23,1,1.0202622,1,0.7,S,1.4
23,1,0.5071157,1,0.6,S,1.9
23,1,0.5792158,1,0.5,S,2.3
23,1,0.2381705,1,0.7,S,1.6
23,1,0.4652323,0,0.2,S,1.9
23,1,0.2672032,1,0.6,S,2.1
23,1,0.5159509,0,0.4,S,1.6
23,1,0.4952926,0,0.3,S,1.8
23,1,0.2990032,1,0.7,S,1.1
23,1,0.6962168,0,0.4,S,1.9
23,1,0.3698704,1,0.4,S,1.1
23,2,0.4759088,1,0.3,S,1.4
23,2,0.2566547,0,0.6,S,1.3
23,2,0.4156492,0,0.3,S,2.3
23,2,0.1094921,1,0.5,S,1.4
23,2,0.230284,1,0.6,S,0.9
23,2,0.2401859,0,0.3,S,1.1
23,2,0.2848881,0,0.3,S,1.9
23,2,0.3204297,0,0.6,S,1.9
23,2,0.3376502,0,0.2,S,1.3
23,2,0.5918801,0,0.5,S,1.6
23,2,0.4839708,0,0.2,S,1.9
23,2,0.4921811,0,0.4,S,2.3
23,2,0.2272771,1,0.7,S,1.1
23,2,0.2081739,1,0.8,S,1.4
23,2,0.2211661,0,0.5,S,1.1
23,2,0.203439,1,0.8,S,1.8
23,2,0.5114104,0,0.2,S,0.9
23,2,0.3174898,0,0.3,S,1.1
23,2,0.2163582,1,0.8,S,2.3
23,2,0.2698393,1,0.4,S,1.3
23,2,0.2272614,1,0.6,S,1.6
23,2,0.4579585,1,0.8,S,1.9
23,2,0.268004,1,0.7,S,1.3
23,2,0.2174063,1,0.7,S,2.1
23,2,0.3567372,0,0.3,S,1.1
23,2,0.2811456,0,0.5,S,1.8
23,2,0.2830685,1,0.8,S,1.4
23,2,0.9420347,0,0.4,S,2.1
23,2,0.2544594,0,0.5,S,2.3
23,2,0.4803489,0,0.2,S,1.4
23,2,0.5120665,0,0.7,S,2.1
23,2,0.2408356,1,0.8,S,1.1
23,2,0.4849804,0,0.3,S,1.1
23,2,0.4997109,0,0.4,S,2.3
23,2,0.4780836,0,0.2,S,2.1
23,2,0.5592194,0,0.2,S,1.3
23,2,0.6006425,0,0.3,S,1.3
23,2,0.2499255,1,0.8,S,1.8
23,2,0.4041426,0,0.6,S,1.8
23,2,0.460919,0,0.3,S,1.6
23,2,0.4179724,0,0.4,S,2.3
23,2,0.2263646,1,0.8,S,1.4
23,2,0.2226013,1,0.5,S,0.9
23,2,0.2381176,1,0.5,S,1.1
23,2,0.3561198,1,0.4,S,1.9
23,2,0.4634265,0,0.3,S,0.9
23,2,0.6659534,1,0.7,S,1.9
23,2,0.4228435,0,0.3,S,2.1
23,2,0.3832008,0,0.3,S,1.3
23,2,0.2449526,1,0.8,S,1.4
23,2,0.3971761,0,0.2,S,1.3
23,2,0.4843355,0,0.3,S,2.3
23,2,0.7237967,0,0.4,S,1.6
23,2,0.1019803,1,0.7,S,1.4
23,2,0.4361529,0,0.4,S,2.3
23,2,0.4749478,0,0.3,S,1.3
23,2,0.2072657,1,0.5,S,2.3
23,2,0.2636939,1,0.5,S,1.3
23,2,0.2218428,1,0.6,S,2.3
23,2,0.4470333,0,0.2,S,1.4
23,2,0.5292518,0,0.2,S,2.1
23,2,0.5209265,0,0.5,S,1.9
23,2,0.2260977,1,0.5,S,1.6
23,2,0.4750714,0,0.2,S,1.1
23,2,0.2148852,1,0.6,S,1.6
23,2,0.4920033,0,0.4,S,1.9
23,2,0.2252907,1,0.7,S,1.9
23,2,0.191106,1,0.8,S,1.3
23,2,0.4996867,0,0.2,S,0.9
23,2,0.2733493,1,0.7,S,1.3
23,2,1.023956,0,0.3,S,1.1
23,2,0.4090567,0,0.5,S,0.9
23,3,0.4662258,0,0.2,S,2.1
23,3,0.2702807,0,0.4,S,1.9
23,3,0.4415,0,0.8,S,1.3
23,3,0.1230566,1,0.5,S,1.4
23,3,0.2406834,1,0.4,S,1.6
23,3,0.2391209,0,0.8,S,1.6
23,3,0.2722997,1,0.4,S,0.9
23,3,0.2570329,1,0.4,S,2.1
23,3,0.2857961,1,0.5,S,1.3
23,3,0.2501314,1,0.8,S,1.1
23,3,0.394051,0,0.5,S,1.8
23,3,0.5789203,0,0.5,S,1.4
23,3,0.185408,1,0.6,S,0.9
23,3,0.3920093,1,0.7,S,2.1
23,3,0.2323305,1,0.7,S,1.1
23,3,0.2465135,0,0.7,S,1.1
23,3,0.2789436,0,0.5,S,1.3
23,3,0.2929709,0,0.4,S,1.8
23,3,0.2934699,1,0.5,S,1.9
23,3,0.5098874,0,0.3,S,1.9
23,3,0.2010854,1,0.8,S,2.3
23,3,0.3999405,0,0.2,S,0.9
23,3,0.2980318,1,0.8,S,1.9
23,3,0.2735253,0,0.8,S,0.9
23,3,0.4121758,0,0.2,S,1.1
23,3,0.784305,0,0.4,S,1.3
23,3,0.9111548,0,0.4,S,1.3
23,3,0.2701512,0,0.4,S,1.3
23,3,0.2803992,0,0.4,S,1.6
23,3,0.2502225,0,0.5,S,2.1
23,3,0.5451947,0,0.6,S,1.6
23,3,0.5612141,0,0.6,S,0.9
23,3,0.2471604,1,0.8,S,1.1
23,3,0.2181039,1,0.7,S,1.1
23,3,0.2560654,1,0.5,S,1.4
23,3,0.554244,0,0.2,S,1.6
23,3,0.2581869,1,0.6,S,0.9
23,3,0.6516209,1,0.7,S,1.3
23,3,1.4051958,0,0.2,S,1.8
23,3,0.4504939,1,0.7,S,1.4
23,3,0.2402977,1,0.7,S,1.4
23,3,0.4025756,0,0.2,S,1.9
23,3,0.2982474,1,0.8,S,1.4
23,3,0.4130386,0,0.2,S,2.3
23,3,0.4954004,0,0.2,S,1.8
23,3,0.3727743,1,0.7,S,2.1
23,3,0.2304187,1,0.8,S,1.1
23,3,0.2312534,1,0.7,S,2.3
23,3,0.4262889,0,0.3,S,1.6
23,3,0.8989396,0,0.7,S,2.1
23,3,0.2450086,1,0.6,S,1.8
23,3,0.4303558,0,0.4,S,1.6
23,3,0.5121601,0,0.5,S,1.6
23,3,1.2500636,0,0.4,S,1.9
23,3,0.274358,1,0.7,S,1.4
23,3,0.3229623,1,0.5,S,1.9
23,3,0.4592373,0,0.2,S,0.9
23,3,0.4091424,0,0.2,S,1.8
23,3,0.3849365,0,0.3,S,2.1
23,3,0.2701487,1,0.6,S,1.1
23,3,0.325295,0,0.7,S,1.9
23,3,0.6023279,0,0.2,S,1.8
23,3,0.2559127,1,0.8,S,2.1
23,3,0.2103254,1,0.8,S,2.3
23,3,0.3250635,0,0.6,S,2.3
23,3,0.4879725,0,0.3,S,2.1
23,3,0.4419444,0,0.4,S,1.3
23,3,0.4485985,0,0.2,S,1.4
23,3,0.3907122,0,0.3,S,1.6
23,3,0.4450723,0,0.6,S,1.3
23,3,0.3272106,0,0.8,S,1.1
23,3,0.4831018,0,0.2,S,1.4
23,3,0.2679899,1,0.8,S,1.3
23,3,0.5177939,0,0.3,S,2.3
23,3,0.4107947,0,0.5,S,1.4
23,4,0.4410292,1,0.2,S,1.6
23,4,0.981744,1,0.8,S,2.3
23,4,0.2826089,1,0.8,S,2.3
23,4,0.2645817,1,0.4,S,0.9
23,4,0.3152614,1,0.8,S,2.3
23,4,0.411595,1,0.5,S,1.6
23,4,0.5286019,0,0.2,S,0.9
23,4,0.4959368,1,0.8,S,1.6
23,4,0.7860384,1,0.5,S,1.9
23,4,0.3723419,1,0.6,S,2.1
23,4,0.2678994,1,0.7,S,1.8
23,4,0.3791939,1,0.4,S,1.4
23,4,0.2978798,1,0.6,S,1.4
23,4,0.5385063,0,0.3,S,0.9
23,4,0.8433733,1,0.7,S,2.3
23,4,0.6803056,1,0.5,S,1.4
23,4,0.4763814,0,0.3,S,2.1
23,4,0.5970968,1,0.4,S,1.6
23,4,0.4231826,1,0.5,S,0.9
23,4,0.5240238,0,0.2,S,1.8
23,4,0.4232369,0,0.2,S,1.9
23,4,0.4299783,1,0.5,S,2.3
23,4,0.6101384,1,0.5,S,0.9
23,4,0.5441841,0,0.3,S,1.8
23,4,0.3091392,1,0.7,S,1.8
23,4,0.5405942,0,0.4,S,1.1
23,4,0.828169,0,0.6,S,1.1
23,4,0.7018665,1,0.8,S,1.8
23,4,0.643082,0,0.3,S,1.8
23,4,0.3502305,1,0.8,S,1.6
23,4,0.391282,0,0.2,S,1.6
23,4,0.5073394,0,0.5,S,1.1
23,4,0.6049328,0,0.2,S,2.1
23,4,0.7574381,1,0.3,S,1.1
23,4,0.6261061,0,0.3,S,1.8
23,4,0.4271707,1,0.8,S,1.1
23,4,0.3168163,1,0.7,S,0.9
23,4,0.7790698,1,0.5,S,2.3
23,4,0.303197,1,0.8,S,1.6
23,4,0.2910611,1,0.7,S,2.1
23,4,0.4941613,1,0.5,S,2.1
23,4,0.7112263,0,0.2,S,2.3
23,4,0.3653118,1,0.6,S,1.1
23,4,0.1500696,1,0.7,S,2.1
23,4,0.5534632,0,0.6,S,1.8
23,4,0.5322067,0,0.2,S,1.4
23,4,0.849167,1,0.4,S,2.3
23,4,0.3359922,1,0.7,S,1.9
23,4,0.785307,1,0.5,S,1.6
23,4,0.6022603,0,0.4,S,2.1
23,4,0.4361198,1,0.8,S,1.1
23,4,0.7201726,1,0.4,S,1.8
23,4,0.2681413,1,0.6,S,2.1
23,4,0.2804719,1,0.7,S,1.1
23,4,0.3866707,1,0.4,S,1.6
23,4,0.5517574,1,0.7,S,1.3
23,4,0.3010922,1,0.6,S,0.9
23,4,0.6903275,1,0.5,S,0.9
23,4,0.3425972,1,0.5,S,0.9
23,4,0.2680404,1,0.8,S,1.8
23,4,0.2581013,1,0.7,S,1.3
23,4,0.3630499,1,0.3,S,2.1
23,4,0.3326046,1,0.2,S,1.1
23,4,0.2524138,1,0.8,S,1.1
23,4,0.3631826,1,0.4,S,1.8
23,4,0.3070205,1,0.7,S,1.8
23,4,0.4960909,1,0.5,S,1.1
23,4,0.5490329,0,0.5,S,1.9
23,4,0.265141,1,0.8,S,2.1
23,4,0.6139301,1,0.8,S,1.6
23,4,0.4902159,1,0.8,S,1.1
23,4,0.6921351,1,0.2,S,1.1
23,4,0.4030003,1,0.2,S,0.9
23,4,0.4160799,1,0.3,S,1.9
23,4,0.5391027,0,0.2,S,1.6
23,4,1.1550158,1,0.5,S,1.8
23,4,0.3668043,1,0.4,S,0.9
23,4,0.4542769,1,0.7,S,1.4
23,4,0.9992149,1,0.3,S,1.9
24,1,0.7623776,0,0.5,S,1.4
24,1,0.313411,1,0.8,S,1.9
24,1,0.408017,1,0.6,S,2.3
24,1,0.2504683,1,0.8,S,0.9
24,1,0.8163895,1,0.4,S,1.1
24,1,0.2423251,1,0.6,S,1.9
24,1,0.2891673,1,0.6,S,1.1
24,1,0.3147671,1,0.5,S,0.9
24,1,0.4868708,0,0.2,S,0.9
24,1,0.4385168,1,0.7,S,1.4
24,1,0.2892395,1,0.7,S,0.9
24,1,0.4998961,1,0.6,S,1.4
24,1,0.3469504,1,0.6,S,1.9
24,1,0.5690888,0,0.3,S,2.3
24,1,0.6187574,0,0.4,S,1.3
24,1,0.4466261,0,0.4,S,2.3
24,1,0.3696078,1,0.8,S,1.8
24,1,0.5177156,1,0.5,S,1.8
24,1,0.7352203,1,0.4,S,2.1
24,1,0.3463712,1,0.8,S,2.1
24,1,0.5198932,0,0.5,S,1.1
24,1,0.7667411,0,0.2,S,1.1
24,1,0.7305749,1,0.3,S,2.1
24,1,0.4604014,0,0.3,S,1.4
24,1,0.488911,1,0.6,S,1.1
24,1,0.4876451,1,0.5,S,1.8
24,1,0.4285678,1,0.6,S,1.9
24,1,0.3297037,1,0.7,S,1.4
24,1,0.2913924,1,0.7,S,2.1
24,1,0.2976791,1,0.6,S,2.1
24,1,0.4700631,0,0.4,S,1.4
24,1,0.5803414,0,0.2,S,0.9
24,1,0.3633967,1,0.7,S,2.3
24,1,0.4343818,0,0.7,S,1.4
24,1,0.2746998,1,0.8,S,2.1
24,1,0.4416928,0,0.7,S,2.1
24,1,0.3752657,0,0.4,S,2.1
24,1,0.3036797,0,0.4,S,1.3
24,1,0.3725191,1,0.8,S,1.9
24,1,0.4396753,1,0.6,S,2.3
24,1,0.4932743,1,0.7,S,1.1
24,1,0.4146823,0,0.3,S,2.3
24,1,0.3734242,1,0.6,S,2.1
24,1,0.3006012,1,0.7,S,2.3
24,1,0.3035422,1,0.7,S,1.1
24,1,0.343725,1,0.8,S,1.9
24,1,0.4764427,0,0.3,S,1.3
24,1,0.4115761,0,0.4,S,1.9
24,1,0.4762998,0,0.2,S,2.1
24,1,0.4855871,0,0.3,S,1.4
24,1,0.4226261,1,0.7,S,1.1
24,1,0.4701371,0,0.5,S,1.1
24,1,0.5636328,0,0.6,S,2.3
24,1,0.5908011,0,0.2,S,2.1
24,1,0.3946817,0,0.2,S,2.3
24,1,0.3914446,0,0.2,S,1.8
24,1,0.4021772,1,0.7,S,1.4
24,1,0.514564,0,0.5,S,2.3
24,1,0.3726009,0,0.3,S,0.9
24,1,0.2606478,1,0.8,S,2.3
24,1,0.2706398,1,0.8,S,1.8
24,1,0.2714331,1,0.8,S,0.9
24,1,0.2414545,1,0.6,S,1.6
24,1,0.4940236,1,0.7,S,1.4
24,1,0.4208231,0,0.2,S,1.3
24,1,0.3564614,1,0.6,S,1.1
24,1,0.5014674,0,0.4,S,1.4
24,1,0.3234176,1,0.6,S,2.1
24,1,0.4516053,0,0.3,S,1.6
24,1,0.3979721,1,0.2,S,0.9
24,1,0.6236948,0,0.2,S,2.3
24,1,0.9064739,0,0.3,S,1.6
24,1,0.4075746,0,0.4,S,2.1
24,1,0.4944863,0,0.2,S,2.1
24,1,0.2874224,1,0.7,S,0.9
24,1,0.3357281,1,0.5,S,1.1
24,1,0.5746285,0,0.5,S,2.3
24,1,0.3815061,1,0.7,S,1.4
24,2,0.3656385,1,0.7,S,1.4
24,2,0.3484826,1,0.6,S,1.9
24,2,0.2726138,1,0.8,S,2.3
24,2,0.3256411,1,0.8,S,1.9
24,2,0.2808444,1,0.5,S,1.4
24,2,0.3559113,1,0.3,S,1.8
24,2,0.2618907,1,0.8,S,1.4
24,2,0.2956263,1,0.8,S,1.9
24,2,0.3487243,1,0.8,S,1.8
24,2,0.3667973,1,0.3,S,1.3
24,2,0.5223834,0,0.6,S,1.4
24,2,0.4395858,0,0.4,S,1.4
24,2,0.3325214,1,0.3,S,1.8
24,2,0.4388101,1,0.5,S,2.3
24,2,0.3438735,1,0.7,S,1.4
24,2,0.4634688,1,0.8,S,1.3
24,2,0.4292269,1,0.5,S,1.4
24,2,0.2758368,1,0.5,S,1.9
24,2,0.4748089,0,0.2,S,1.3
24,2,0.3464915,1,0.6,S,1.6
24,2,0.3184504,1,0.6,S,2.3
24,2,0.5096056,0,0.5,S,1.6
24,2,0.3531454,1,0.8,S,1.3
24,2,0.4494884,0,0.3,S,1.1
24,2,0.4103874,0,0.3,S,1.6
24,2,0.4714047,0,0.2,S,1.1
24,2,0.360295,1,0.6,S,2.1
24,2,0.5545849,0,0.2,S,2.3
24,2,0.6335091,0,0.2,S,1.4
24,2,0.476718,0,0.3,S,1.8
24,2,0.3484789,1,0.6,S,1.1
24,2,0.454621,0,0.3,S,2.1
24,2,0.3417571,1,0.8,S,1.1
24,2,0.6644569,0,0.6,S,2.1
24,2,0.4892659,0,0.2,S,2.3
24,2,0.3745118,0,0.2,S,1.9
24,2,0.591775,0,0.5,S,1.3
24,2,0.3823901,1,0.8,S,1.6
24,2,0.3424413,1,0.8,S,2.3
24,2,0.5024342,0,0.3,S,1.4
24,2,0.4996732,0,0.2,S,1.1
24,2,0.4457573,1,0.7,S,1.9
24,2,0.3414081,1,0.7,S,1.6
24,2,0.3796072,1,0.7,S,1.8
24,2,0.6056342,0,0.3,S,1.1
24,2,0.5461753,0,0.5,S,2.3
24,2,0.5935942,1,0.5,S,1.1
24,2,0.4512635,1,0.7,S,1.8
24,2,0.4145278,0,0.4,S,2.1
24,2,0.381668,1,0.7,S,0.9
24,2,0.4686626,0,0.2,S,1.3
24,2,0.3624021,0,0.4,S,2.1
24,2,0.3481659,0,0.4,S,2.1
24,2,0.5715513,0,0.3,S,1.1
24,2,0.4819248,0,0.4,S,2.1
24,2,0.4894061,0,0.6,S,1.9
24,2,0.4389986,0,0.3,S,1.3
24,2,0.4455534,1,0.8,S,1.1
24,2,0.3776477,0,0.3,S,0.9
24,2,0.6749813,0,0.5,S,1.1
24,2,0.3830533,1,0.8,S,1.6
24,2,0.427748,1,0.6,S,1.6
24,2,0.4596002,0,0.5,S,2.1
24,2,0.3586347,0,0.3,S,0.9
24,2,0.5387146,0,0.2,S,0.9
24,2,0.5383068,1,0.4,S,0.9
24,2,0.3075897,1,0.8,S,1.1
24,2,0.3727397,1,0.6,S,0.9
24,2,0.4775569,0,0.2,S,1.1
24,3,0.1933621,1,0.8,S,2.1
24,3,0.3204882,1,0.4,S,0.9
24,3,0.2847421,1,0.8,S,1.9
24,3,0.5115454,0,0.2,S,0.9
24,3,0.2603491,1,0.8,S,1.3
24,3,0.3046036,1,0.6,S,1.3
24,3,0.3165645,1,0.4,S,2.1
24,3,0.4776046,0,0.2,S,0.9
24,3,0.2598204,1,0.8,S,2.1
24,3,0.2711029,1,0.5,S,1.1
24,3,0.2975027,1,0.4,S,1.8
24,3,0.2496718,1,0.6,S,1.6
24,3,0.2604601,1,0.5,S,1.4
24,3,0.440211,1,0.8,S,2.1
24,3,0.2488796,1,0.8,S,1.4
24,3,0.2316693,1,0.8,S,1.9
24,3,0.4747583,0,0.2,S,1.8
24,3,0.2763421,1,0.5,S,1.6
24,3,0.3501543,1,0.3,S,1.6
24,3,0.4344139,0,0.2,S,1.9
24,3,0.4025073,0,0.2,S,1.1
24,3,0.2234158,1,0.7,S,1.9
24,3,0.4207401,0,0.3,S,1.1
24,3,0.2952902,1,0.6,S,1.6
24,3,0.2716394,1,0.6,S,1.1
24,3,0.3873839,0,0.3,S,0.9
24,3,0.3055258,1,0.5,S,1.4
24,3,0.253962,1,0.5,S,1.4
24,3,0.2278095,1,0.6,S,1.3
24,3,0.2648053,1,0.5,S,1.6
24,3,0.4667163,0,0.2,S,2.3
24,3,0.4468423,0,0.3,S,1.3
24,3,0.255971,1,0.8,S,1.3
24,3,0.3143561,1,0.8,S,1.6
24,3,0.2525688,1,0.5,S,2.3
24,3,0.2337117,1,0.6,S,2.3
24,3,0.2532328,1,0.7,S,1.3
24,3,0.6996373,1,0.3,S,2.1
24,3,0.4458641,0,0.2,S,0.9
24,3,0.4561981,0,0.2,S,2.1
24,3,0.2407536,1,0.7,S,1.8
24,3,0.2406324,1,0.8,S,2.3
24,3,0.4195437,0,0.2,S,0.9
24,3,0.3860176,0,0.2,S,0.9
24,3,0.290844,1,0.5,S,2.3
24,3,0.3668858,0,0.3,S,1.4
24,3,0.3767449,0,0.2,S,1.8
24,3,0.2835967,1,0.7,S,2.3
24,3,0.5664024,1,0.2,S,1.8
24,3,0.4247075,0,0.3,S,0.9
24,3,0.544266,0,0.4,S,1.9
24,3,0.3711905,0,0.3,S,0.9
24,3,0.3016655,1,0.6,S,0.9
24,3,0.3275743,1,0.5,S,1.9
24,3,0.2657445,1,0.8,S,1.3
24,3,1.3816391,0,0.3,S,1.1
24,3,0.313416,1,0.6,S,2.3
24,3,0.2518125,1,0.7,S,1.4
24,3,0.4732512,0,0.3,S,2.1
24,3,0.3633185,1,0.5,S,1.6
24,3,0.287671,1,0.5,S,0.9
24,3,0.2795733,1,0.7,S,1.6
24,3,0.2666263,1,0.7,S,1.8
24,3,0.5355821,1,0.7,S,1.4
24,3,0.4420919,0,0.3,S,2.3
24,3,0.5475335,0,0.4,S,1.1
24,3,0.3626076,0,0.3,S,1.1
24,3,0.6036427,0,0.2,S,1.4
24,3,0.464691,0,0.4,S,1.3
24,3,0.409552,0,0.2,S,1.1
24,3,0.2625869,1,0.8,S,2.3
24,3,0.874376,1,0.8,S,1.4
24,3,0.4624652,0,0.5,S,1.9
24,3,0.2916672,1,0.7,S,1.9
24,3,0.2725552,1,0.6,S,1.4
24,4,0.2476455,1,0.8,S,1.3
24,4,0.2467065,1,0.7,S,1.9
24,4,0.6427487,1,0.3,S,1.9
24,4,0.3124176,1,0.6,S,1.4
24,4,0.2448956,1,0.6,S,0.9
24,4,0.2856237,1,0.5,S,1.1
24,4,0.3810818,1,0.2,S,1.3
24,4,0.2876316,1,0.8,S,0.9
24,4,0.3065521,1,0.8,S,1.4
24,4,0.5897141,0,0.2,S,0.9
24,4,0.255476,1,0.7,S,1.6
24,4,0.2967255,1,0.5,S,1.4
24,4,0.2776282,1,0.7,S,1.8
24,4,0.4488495,0,0.2,S,1.1
24,4,0.279005,1,0.7,S,0.9
24,4,0.6385512,0,0.3,S,2.3
24,4,0.2405802,1,0.7,S,1.3
24,4,0.4498307,0,0.2,S,1.8
24,4,0.3576635,1,0.5,S,1.1
24,4,0.2945958,1,0.6,S,1.4
24,4,0.2545354,1,0.8,S,1.9
24,4,0.4234801,0,0.4,S,1.6
24,4,0.3212965,0,0.3,S,0.9
24,4,0.2685048,1,0.7,S,1.3
24,4,0.2903611,1,0.8,S,2.3
24,4,0.3174707,1,0.4,S,2.1
24,4,0.3346509,0,0.4,S,2.1
24,4,0.5154971,0,0.6,S,1.6
24,4,0.3115715,1,0.5,S,2.3
24,4,0.289857,1,0.6,S,1.8
24,4,0.2966044,1,0.8,S,2.1
24,4,0.3964278,0,0.3,S,1.8
24,4,0.263556,1,0.6,S,2.3
24,4,0.4277148,0,0.2,S,2.3
24,4,0.3268864,1,0.7,S,1.4
24,4,0.4530194,0,0.2,S,1.1
24,4,0.2925938,1,0.7,S,1.8
24,4,0.2567982,1,0.6,S,1.4
24,4,0.2723795,1,0.5,S,1.8
24,4,0.283856,1,0.8,S,1.6
24,4,0.4567455,0,0.3,S,1.8
24,4,0.3422898,0,0.3,S,1.4
24,4,0.4203787,0,0.5,S,2.3
24,4,0.2779298,1,0.8,S,1.4
24,4,0.3276785,1,0.7,S,1.8
24,4,0.3721714,1,0.7,S,0.9
24,4,0.5746287,0,0.5,S,1.3
24,4,0.5876076,0,0.2,S,1.6
24,4,0.2520854,1,0.8,S,1.6
24,4,0.3205619,1,0.8,S,1.3
24,4,0.3799241,1,0.6,S,1.3
24,4,0.406437,0,0.3,S,1.8
24,4,0.4774298,0,0.4,S,1.6
24,4,0.346693,1,0.6,S,1.6
24,4,0.3615705,1,0.8,S,2.1
24,4,0.273748,1,0.5,S,0.9
24,4,0.3547934,0,0.3,S,1.9
24,4,0.4618285,0,0.4,S,1.8
24,4,0.3143604,1,0.4,S,0.9
24,4,0.4446236,1,0.4,S,1.8
24,4,0.4334588,0,0.4,S,2.3
24,4,0.3356409,1,0.5,S,0.9
24,4,0.3366739,1,0.8,S,0.9
24,4,0.3957214,0,0.3,S,2.3
24,4,0.2296877,1,0.7,S,1.6
24,4,0.2354882,1,0.7,S,0.9
24,4,0.3308988,1,0.5,S,2.3
24,4,0.2578245,1,0.8,S,1.6
24,4,0.4422067,0,0.2,S,1.6
24,4,0.2874414,1,0.8,S,1.1
24,4,0.4159345,1,0.7,S,2.1
25,1,0.5325071,0,0.3,S,1.4
25,1,0.4886874,0,0.2,S,1.6
25,1,0.3793988,1,0.7,S,1.9
25,1,0.5884861,0,0.6,S,0.9
25,1,0.4828133,0,0.3,S,1.4
25,1,0.4748164,0,0.2,S,1.3
25,1,0.3639947,1,0.7,S,1.4
25,1,0.6426265,1,0.6,S,2.3
25,1,0.6163956,1,0.8,S,1.6
25,1,0.490486,0,0.5,S,1.4
25,1,0.6106332,0,0.4,S,1.8
25,1,0.3965937,0,0.5,S,2.1
25,1,0.3945187,0,0.4,S,1.8
25,1,0.39979,0,0.4,S,1.9
25,1,0.4433738,0,0.3,S,2.3
25,1,0.3751606,0,0.3,S,1.6
25,1,0.8109034,0,0.7,S,1.9
25,1,1.0035659,0,0.2,S,2.1
25,1,0.4710091,0,0.4,S,1.8
25,1,0.392705,0,0.3,S,1.8
25,1,0.4103914,1,0.8,S,2.3
25,1,0.7335202,0,0.6,S,1.6
25,1,0.4116917,1,0.7,S,1.8
25,1,0.6046473,0,0.6,S,1.6
25,1,0.5235501,1,0.8,S,1.9
25,1,0.5052924,0,0.5,S,0.9
25,1,0.8314896,0,0.3,S,1.3
25,1,0.386568,1,0.8,S,2.1
25,1,0.8967077,0,0.5,S,1.8
25,1,0.417314,1,0.8,S,1.6
25,1,0.4452623,1,0.7,S,1.6
25,1,0.4727431,0,0.4,S,1.6
25,1,0.8185534,0,0.3,S,1.3
25,1,0.3407237,1,0.7,S,1.1
25,1,0.501842,0,0.3,S,1.1
25,1,0.4255115,1,0.8,S,2.1
25,1,0.8894802,0,0.7,S,1.9
25,1,0.6166926,0,0.2,S,1.1
25,1,0.378627,1,0.6,S,1.3
25,1,0.6417023,0,0.5,S,1.4
25,1,0.9658756,0,0.5,S,1.8
25,1,0.5820482,0,0.2,S,1.6
25,1,0.5086478,0,0.2,S,1.4
25,1,0.6297004,1,0.8,S,1.3
25,1,0.5786373,0,0.2,S,1.8
25,1,0.4676172,1,0.7,S,0.9
25,1,0.4551763,0,0.6,S,1.8
25,1,0.5924928,0,0.6,S,1.4
25,1,0.7797285,0,0.6,S,2.3
25,1,0.4792214,1,0.7,S,1.1
25,1,0.5486423,0,0.7,S,1.3
25,1,0.46163,0,0.3,S,1.6
25,1,0.5557611,0,0.8,S,1.9
25,1,0.6223329,0,0.4,S,1.6
25,1,0.4757561,0,0.6,S,1.6
25,1,0.4901718,0,0.4,S,1.9
25,1,0.7242896,0,0.6,S,1.6
25,1,0.4926509,0,0.6,S,1.9
25,1,0.4045705,0,0.4,S,2.3
25,1,0.4387223,0,0.2,S,1.1
25,1,0.4135757,0,0.3,S,1.4
25,1,0.4267441,0,0.3,S,1.1
25,1,0.5286216,0,0.6,S,1.9
25,1,0.6064816,0,0.5,S,1.6
25,1,0.4676452,0,0.5,S,1.3
25,1,0.4834712,0,0.3,S,1.3
25,1,0.7726464,0,0.3,S,0.9
25,2,0.4033408,1,0.7,S,2.3
25,2,0.4489241,0,0.3,S,1.3
25,2,0.4045733,0,0.4,S,0.9
25,2,0.4384253,0,0.2,S,1.6
25,2,0.411616,0,0.4,S,1.6
25,2,0.4174569,0,0.4,S,2.3
25,2,0.4493378,0,0.5,S,1.4
25,2,0.5403074,0,0.3,S,0.9
25,2,1.0398129,0,0.2,S,2.1
25,2,0.4156895,1,0.6,S,1.9
25,2,0.5846325,0,0.5,S,0.9
25,2,0.5514112,1,0.7,S,0.9
25,2,0.4594449,0,0.3,S,0.9
25,2,0.4438659,1,0.8,S,2.3
25,2,0.6017125,0,0.7,S,1.3
25,2,0.4649121,0,0.3,S,1.4
25,2,0.5493632,0,0.6,S,1.8
25,2,0.5092076,0,0.5,S,1.8
25,2,0.5032181,0,0.6,S,1.6
25,2,0.3775181,1,0.7,S,1.3
25,2,0.4216112,0,0.4,S,1.3
25,2,0.573596,0,0.5,S,2.3
25,2,0.5083925,0,0.4,S,2.3
25,2,0.3955263,0,0.5,S,1.8
25,2,0.3656528,0,0.4,S,1.9
25,2,0.9504118,0,0.5,S,1.4
25,2,0.4615844,1,0.6,S,1.4
25,2,0.8950832,0,0.3,S,0.9
25,2,0.8915155,1,0.6,S,1.8
25,2,0.3877016,1,0.8,S,2.3
25,2,0.5596273,0,0.3,S,2.3
25,2,0.4663018,0,0.3,S,2.3
25,2,0.6856784,1,0.6,S,1.1
25,2,0.6925516,0,0.5,S,0.9
25,2,0.3967186,0,0.4,S,2.3
25,2,0.4360186,0,0.5,S,1.4
25,2,0.5546883,0,0.6,S,0.9
25,2,0.3997218,0,0.4,S,1.3
25,2,0.4455751,0,0.3,S,1.9
25,2,0.627532,0,0.5,S,2.1
25,2,0.3623814,1,0.8,S,1.9
25,2,0.753653,0,0.5,S,1.1
25,2,0.2889111,1,0.8,S,1.9
25,2,0.4654963,0,0.2,S,1.1
25,2,0.6815571,1,0.7,S,0.9
25,2,0.7085898,1,0.6,S,1.6
25,2,0.5088819,0,0.2,S,1.9
25,2,0.9423109,1,0.8,S,1.3
25,2,0.4596421,0,0.3,S,0.9
25,2,0.6727069,1,0.7,S,1.8
25,2,0.4067148,0,0.4,S,0.9
25,2,0.376427,1,0.8,S,1.6
25,2,0.4758377,0,0.2,S,1.3
25,2,0.4357036,0,0.2,S,1.1
25,2,0.6526584,1,0.6,S,2.3
25,2,0.8223603,1,0.5,S,1.4
25,2,1.6472763,0,0.3,S,1.3
25,2,0.6497422,0,0.5,S,1.9
25,2,0.4404018,0,0.5,S,0.9
25,2,0.3125428,1,0.8,S,1.6
25,2,1.1806057,1,0.6,S,1.9
25,2,0.5154467,0,0.4,S,2.3
25,2,0.5105009,0,0.4,S,1.1
25,2,0.4594939,0,0.4,S,1.6
25,2,0.3465275,1,0.8,S,1.6
25,2,1.0437346,1,0.7,S,2.1
25,2,0.474473,0,0.2,S,2.1
25,2,0.5586852,0,0.2,S,1.3
25,2,0.2595427,1,0.8,S,1.8
25,2,0.6236383,0,0.2,S,2.3
25,2,0.6600843,1,0.5,S,2.3
25,2,0.571703,0,0.5,S,1.1
25,2,0.5138701,0,0.3,S,1.4
25,2,0.4036177,1,0.8,S,1.3
25,2,0.3386701,1,0.7,S,1.1
25,3,0.6988312,0,0.4,S,1.4
25,3,0.5454326,0,0.2,S,1.4
25,3,0.327727,1,0.7,S,1.9
25,3,0.4027103,0,0.4,S,1.1
25,3,1.07747,0,0.3,S,1.6
25,3,0.5871139,0,0.4,S,1.6
25,3,0.4995677,1,0.4,S,2.1
25,3,0.4036965,0,0.3,S,1.4
25,3,0.4094382,1,0.7,S,1.3
25,3,0.3585246,1,0.8,S,1.4
25,3,0.8963899,1,0.8,S,1.3
25,3,1.4176687,0,0.2,S,2.1
25,3,0.9589396,0,0.4,S,1.8
25,3,0.3973993,1,0.5,S,2.1
25,3,0.4204358,1,0.7,S,2.1
25,3,0.5833743,1,0.5,S,1.6
25,3,0.5226925,0,0.3,S,1.9
25,3,0.7424942,0,0.5,S,2.1
25,3,0.4150597,1,0.7,S,1.6
25,3,0.4065908,1,0.6,S,2.3
25,3,0.4068797,0,0.4,S,2.3
25,3,0.5376726,0,0.3,S,0.9
25,3,0.6065506,0,0.5,S,1.1
25,3,0.474496,1,0.6,S,0.9
25,3,0.6075615,0,0.5,S,1.4
25,3,0.4167017,1,0.6,S,1.6
25,3,0.4034295,1,0.8,S,1.9
25,3,0.4418432,0,0.3,S,1.8
25,3,0.5388565,0,0.3,S,1.6
25,3,0.4057087,1,0.8,S,2.3
25,3,0.4395839,0,0.7,S,1.8
25,3,0.4557001,1,0.7,S,2.3
25,3,0.606626,0,0.2,S,1.4
25,3,0.4584342,0,0.4,S,2.1
25,3,0.4554449,0,0.2,S,1.9
25,3,0.4906557,0,0.2,S,2.1
25,3,0.4650891,1,0.7,S,1.3
25,3,0.7797827,1,0.5,S,2.1
25,3,0.4347435,1,0.6,S,1.3
25,3,0.5918999,0,0.6,S,1.3
25,3,0.4157801,1,0.7,S,2.1
25,3,0.5374552,0,0.2,S,1.4
25,3,0.5817783,0,0.2,S,1.8
25,3,0.4145124,1,0.7,S,1.1
25,3,0.6814427,1,0.8,S,1.8
25,3,0.4595814,0,0.2,S,1.4
25,3,0.7781751,1,0.6,S,1.1
25,3,0.4524232,0,0.3,S,2.3
25,3,0.5123783,1,0.8,S,2.3
25,3,0.4885698,0,0.5,S,1.3
25,3,0.5438977,1,0.7,S,1.9
25,3,0.4636486,0,0.2,S,1.1
25,3,0.4897905,0,0.2,S,1.6
25,3,0.5545338,0,0.4,S,1.9
25,3,0.43172,1,0.8,S,1.9
25,3,0.3893755,1,0.8,S,2.3
25,3,0.4613961,1,0.8,S,2.3
25,3,0.4527144,0,0.6,S,1.9
25,3,1.2044559,1,0.6,S,2.1
25,3,0.4610197,0,0.4,S,1.1
25,3,0.4874292,1,0.8,S,2.1
25,3,0.7568742,0,0.4,S,1.6
25,3,0.5545491,0,0.2,S,0.9
25,3,0.4685065,0,0.5,S,1.9
25,3,0.5207626,1,0.8,S,1.6
25,3,0.4759263,0,0.3,S,1.8
25,3,0.5237839,0,0.2,S,1.6
25,3,0.5292367,1,0.8,S,0.9
25,3,0.4886406,0,0.7,S,1.3
25,3,0.3567645,0,0.5,S,1.4
25,3,0.4376967,0,0.6,S,1.9
25,3,0.5252157,0,0.3,S,1.6
25,3,0.6021406,0,0.7,S,1.1
25,3,0.5114204,0,0.5,S,1.4
25,3,0.5311165,0,0.2,S,2.1
25,3,0.6044571,0,0.2,S,1.8
25,3,0.3455672,1,0.8,S,0.9
25,3,0.303631,1,0.8,S,0.9
25,3,0.6202729,0,0.3,S,1.3
25,3,0.340677,1,0.8,S,0.9
25,3,0.6171978,1,0.8,S,0.9
25,3,0.6019819,0,0.4,S,1.3
25,4,0.7986395,0,0.2,S,1.9
25,4,0.8274693,0,0.5,S,1.9
25,4,0.3572907,0,0.3,S,1.9
25,4,0.6814545,0,0.5,S,2.1
25,4,0.4495503,1,0.6,S,1.8
25,4,0.5593506,0,0.2,S,1.9
25,4,0.4878485,0,0.2,S,0.9
25,4,0.6282144,0,0.5,S,1.3
25,4,0.5225061,0,0.3,S,1.3
25,4,0.5675487,1,0.8,S,1.3
25,4,0.4867082,0,0.4,S,1.8
25,4,0.5226364,0,0.3,S,1.3
25,4,0.7925224,0,0.3,S,0.9
25,4,0.464531,0,0.2,S,0.9
25,4,0.4237884,0,0.3,S,2.1
25,4,0.5127277,0,0.2,S,2.1
25,4,0.6234887,1,0.7,S,1.9
25,4,0.5584601,0,0.4,S,1.6
25,4,0.4258939,0,0.3,S,1.1
25,4,0.4378153,0,0.2,S,1.3
25,4,0.4046674,0,0.2,S,1.3
25,4,0.3994892,0,0.4,S,0.9
25,4,0.394688,0,0.2,S,1.9
25,4,0.4990175,0,0.5,S,1.9
25,4,0.3626961,1,0.5,S,1.3
25,4,0.3875722,1,0.8,S,0.9
25,4,0.3985478,0,0.3,S,2.3
25,4,0.8263846,1,0.6,S,1.1
25,4,0.4909948,0,0.2,S,1.8
25,4,1.0698407,0,0.2,S,1.3
25,4,0.473721,0,0.2,S,1.6
25,4,0.5258513,1,0.8,S,1.1
25,4,0.4785908,1,0.7,S,2.3
25,4,0.3745444,1,0.8,S,1.3
25,4,0.8338992,0,0.6,S,1.1
25,4,0.5966348,1,0.6,S,2.3
25,4,0.4075234,0,0.4,S,2.3
25,4,0.4109136,0,0.2,S,1.3
25,4,0.4245566,0,0.4,S,1.6
25,4,0.4115058,0,0.5,S,2.1
25,4,0.4147392,0,0.4,S,2.1
25,4,0.4955375,0,0.5,S,2.3
25,4,0.373307,0,0.4,S,2.3
25,4,0.4526995,0,0.5,S,1.3
25,4,0.5454142,0,0.2,S,0.9
25,4,0.36555,1,0.8,S,2.3
25,4,0.4715391,0,0.5,S,1.3
25,4,0.4300672,0,0.3,S,1.9
25,4,0.3958202,0,0.3,S,1.3
25,4,0.3853973,0,0.4,S,2.3
25,4,0.4705444,0,0.6,S,0.9
25,4,0.3766386,1,0.8,S,1.8
25,4,0.4397349,0,0.2,S,1.8
25,4,0.3972214,0,0.5,S,1.1
25,4,0.5104631,1,0.6,S,2.3
25,4,0.3346521,1,0.6,S,2.3
25,4,0.9293568,0,0.7,S,2.1
25,4,0.2215992,1,0.7,S,1.6
25,4,0.4138559,1,0.6,S,0.9
25,4,0.4657912,0,0.2,S,1.3
25,4,0.4108461,0,0.2,S,1.9
25,4,0.5424211,0,0.6,S,1.8
25,4,0.3397076,1,0.8,S,2.3
25,4,0.384842,1,0.6,S,1.9
25,4,0.4465204,0,0.2,S,2.3
25,4,0.3693834,1,0.7,S,1.3
25,4,1.0015347,0,0.2,S,1.9
25,4,0.4096251,0,0.2,S,1.4
25,4,0.3864612,0,0.3,S,1.8
25,4,0.9646405,0,0.5,S,1.1
25,4,0.3794169,1,0.7,S,2.1
25,4,0.407498,0,0.3,S,1.9
25,4,0.4165351,0,0.2,S,2.3
26,1,0.4966782,1,0.5,S,1.1
26,1,0.4177475,1,0.7,S,2.1
26,1,0.5388244,0,0.4,S,2.3
26,1,0.542463,1,0.7,S,2.3
26,1,0.3269404,1,0.7,S,1.6
26,1,0.923728,1,0.6,S,1.1
26,1,0.4901983,0,0.4,S,1.8
26,1,0.2487947,1,0.8,S,2.3
26,1,0.5564587,0,0.5,S,1.6
26,1,0.3051923,1,0.7,S,1.1
26,1,0.2635489,1,0.8,S,1.6
26,1,0.2754192,1,0.8,S,1.4
26,1,0.2701851,1,0.7,S,1.8
26,1,0.4682079,0,0.5,S,2.3
26,1,0.4789426,0,0.4,S,1.4
26,1,0.5270561,1,0.2,S,2.3
26,1,0.5518614,1,0.6,S,0.9
26,1,0.3338761,1,0.7,S,2.3
26,1,1.0060422,0,0.5,S,2.1
26,1,0.6321155,0,0.4,S,1.8
26,1,0.6100781,0,0.2,S,1.8
26,1,0.4383579,0,0.2,S,0.9
26,1,0.4932694,0,0.2,S,1.9
26,1,0.5948237,1,0.5,S,1.1
26,1,0.5340892,1,0.7,S,1.8
26,1,0.9581075,1,0.5,S,1.9
26,1,0.3247591,0,0.4,S,1.4
26,1,0.7983211,0,0.3,S,1.8
26,1,0.6623065,0,0.4,S,1.6
26,1,0.4411692,1,0.6,S,1.3
26,1,0.7521572,1,0.8,S,1.8
26,1,0.3520561,1,0.7,S,1.6
26,1,0.5250274,1,0.6,S,0.9
26,1,1.5076869,0,0.3,S,2.1
26,1,0.8399181,0,0.3,S,1.1
26,1,0.4659967,1,0.7,S,1.1
26,1,0.6889797,1,0.6,S,2.3
26,1,0.3697428,1,0.4,S,0.9
26,1,0.5389292,0,0.4,S,1.8
26,1,0.5020842,1,0.8,S,1.1
26,1,0.6450185,1,0.7,S,1.9
26,1,0.4937379,0,0.5,S,2.3
26,1,0.6940344,0,0.3,S,1.8
26,1,1.3471724,0,0.4,S,1.9
26,1,1.438162,1,0.5,S,2.3
26,1,1.1559453,1,0.5,S,0.9
26,1,0.4518668,1,0.7,S,2.1
26,1,0.7727201,1,0.6,S,1.8
26,1,0.538165,0,0.2,S,0.9
26,1,0.3025327,1,0.7,S,1.9
26,1,0.3048429,1,0.8,S,1.3
26,1,1.1196632,0,0.4,S,1.9
26,1,0.4456561,1,0.7,S,1.1
26,1,0.7810689,0,0.5,S,2.3
26,1,1.0542794,0,0.6,S,2.1
26,1,1.0709441,0,0.3,S,1.1
26,1,0.6602253,0,0.3,S,1.1
26,1,0.5321693,0,0.5,S,0.9
26,1,0.5041368,0,0.4,S,1.6
26,1,0.4879082,0,0.5,S,0.9
26,1,0.5679961,1,0.7,S,1.6
26,1,0.4590657,0,0.3,S,1.4
26,1,0.6105271,0,0.3,S,2.1
26,1,0.5311773,1,0.7,S,1.1
26,1,0.3407223,1,0.7,S,1.1
26,1,0.5170206,1,0.7,S,1.9
26,1,0.4570596,1,0.7,S,1.8
26,1,0.2732627,1,0.7,S,1.8
26,1,0.5161432,0,0.5,S,1.1
26,1,0.6131859,0,0.4,S,1.4
26,1,0.3869998,1,0.8,S,2.1
26,1,0.4669081,1,0.8,S,1.4
26,1,0.406252,0,0.2,S,2.3
26,2,0.8635549,1,0.3,S,1.6
26,2,0.4240334,1,0.7,S,1.1
26,2,0.5130219,1,0.6,S,0.9
26,2,1.0561492,1,0.7,S,1.8
26,2,0.5614203,0,0.2,S,0.9
26,2,0.3510685,1,0.8,S,1.6
26,2,0.3042939,1,0.8,S,1.6
26,2,0.5210111,0,0.3,S,1.1
26,2,1.3879579,0,0.5,S,1.9
26,2,0.2971459,1,0.8,S,1.1
26,2,0.4281673,0,0.2,S,1.8
26,2,0.6910046,0,0.3,S,1.8
26,2,0.2798762,1,0.6,S,1.4
26,2,0.4841237,0,0.3,S,1.9
26,2,0.4359701,0,0.2,S,2.3
26,2,0.4719244,0,0.3,S,1.6
26,2,1.1097792,1,0.7,S,1.8
26,2,0.5328053,0,0.4,S,0.9
26,2,0.2587331,1,0.8,S,2.1
26,2,0.2319224,1,0.8,S,1.1
26,2,0.2610395,1,0.7,S,1.3
26,2,0.5080743,0,0.5,S,1.9
26,2,0.4372022,0,0.3,S,2.1
26,2,0.4494855,0,0.3,S,1.6
26,2,0.5111562,0,0.2,S,1.8
26,2,0.476213,0,0.4,S,0.9
26,2,0.5530204,1,0.5,S,1.9
26,2,1.6004845,1,0.6,S,1.8
26,2,0.3723055,0,0.6,S,0.9
26,2,1.214053,1,0.6,S,1.8
26,2,0.4374651,0,0.4,S,2.3
26,2,0.4811379,1,0.8,S,2.3
26,2,0.4250891,0,0.4,S,2.1
26,2,0.9671628,1,0.6,S,1.4
26,2,0.2230572,1,0.8,S,1.9
26,2,0.1998401,1,0.7,S,1.9
26,2,0.4339404,0,0.3,S,1.6
26,2,0.438201,0,0.4,S,2.3
26,2,0.5379072,0,0.2,S,1.8
26,2,0.2580312,1,0.8,S,1.4
26,2,0.4162577,1,0.8,S,1.9
26,2,1.4081662,1,0.6,S,2.1
26,2,0.4461292,0,0.2,S,1.8
26,2,0.6740977,0,0.3,S,1.1
26,2,0.4739008,0,0.3,S,2.1
26,2,0.3710587,1,0.7,S,1.1
26,2,1.1211629,1,0.8,S,1.3
26,2,0.4429384,0,0.2,S,1.9
26,2,0.3821093,1,0.5,S,2.3
26,2,0.2981838,1,0.7,S,1.4
26,2,0.2629689,1,0.5,S,1.1
26,2,0.2632987,1,0.8,S,1.6
26,2,0.3741207,1,0.8,S,1.4
26,2,0.4510506,0,0.5,S,1.8
26,2,1.0613554,1,0.5,S,0.9
26,2,0.4651414,1,0.6,S,1.1
26,2,0.5349273,0,0.4,S,1.9
26,2,1.302122,1,0.4,S,1.8
26,2,0.4371819,0,0.4,S,1.9
26,2,0.3762539,0,0.3,S,1.6
26,2,0.4498902,0,0.2,S,1.8
26,2,0.2570411,1,0.8,S,1.4
26,2,2.3052571,1,0.6,S,1.6
26,2,1.8577286,1,0.7,S,1.3
26,2,0.5232254,0,0.5,S,1.3
26,2,0.5029831,0,0.3,S,1.8
26,2,0.5909817,0,0.5,S,2.1
26,2,0.3076936,1,0.8,S,1.6
26,2,0.4930278,0,0.2,S,1.4
26,2,0.4130281,1,0.7,S,2.1
26,2,1.3270213,1,0.4,S,1.9
26,2,0.2660754,1,0.6,S,2.1
26,2,0.7407151,0,0.3,S,1.9
26,2,0.5828357,0,0.3,S,2.3
26,2,0.4810657,0,0.2,S,2.3
26,2,0.5508636,0,0.3,S,1.6
26,2,0.3950356,1,0.7,S,1.6
26,2,0.8829882,1,0.5,S,1.4
26,2,1.5478677,0,0.5,S,2.3
26,2,0.4180734,1,0.7,S,1.6
26,2,0.4450923,0,0.2,S,1.9
26,2,0.2351446,1,0.8,S,1.3
26,2,0.1980314,1,0.7,S,1.9
26,2,0.774125,1,0.5,S,1.6
26,3,0.3020377,1,0.6,S,1.1
26,3,0.4981285,0,0.3,S,1.6
26,3,0.383859,1,0.8,S,1.9
26,3,0.2261143,1,0.7,S,1.3
26,3,2.1741969,1,0.4,S,1.8
26,3,0.348246,1,0.6,S,1.4
26,3,0.4165063,0,0.2,S,1.6
26,3,0.2437839,1,0.5,S,1.6
26,3,0.4240101,0,0.2,S,1.3
26,3,0.3912675,0,0.2,S,1.3
26,3,1.2672831,1,0.4,S,1.1
26,3,0.2268833,1,0.5,S,2.3
26,3,0.3159444,1,0.4,S,1.9
26,3,0.4921507,0,0.2,S,1.3
26,3,0.4402562,0,0.2,S,1.8
26,3,0.2629343,1,0.8,S,1.8
26,3,0.2590221,1,0.8,S,1.9
26,3,1.4111951,0,0.4,S,1.4
26,3,0.3220661,1,0.5,S,1.6
26,3,0.2700833,1,0.7,S,0.9
26,3,0.2127393,1,0.8,S,0.9
26,3,0.2510557,1,0.6,S,1.4
26,3,0.4112633,1,0.3,S,1.8
26,3,0.3119529,1,0.6,S,1.1
26,3,0.1081706,1,0.6,S,2.3
26,3,0.449977,0,0.2,S,1.4
26,3,0.3347061,1,0.5,S,1.4
26,3,0.5370491,0,0.4,S,1.3
26,3,0.2540458,1,0.7,S,1.6
26,3,0.3789359,0,0.2,S,1.4
26,3,0.5101634,0,0.3,S,1.8
26,3,0.51463,0,0.3,S,1.3
26,3,0.3448579,1,0.5,S,1.6
26,3,0.2836606,1,0.7,S,1.3
26,3,0.6781123,0,0.4,S,1.1
26,3,0.6041829,0,0.4,S,1.9
26,3,0.214961,1,0.6,S,1.6
26,3,0.3478541,1,0.4,S,2.3
26,3,0.2851547,1,0.5,S,1.8
26,3,0.5351084,0,0.5,S,1.8
26,3,0.5339597,0,0.5,S,1.3
26,3,0.265561,1,0.7,S,0.9
26,3,0.311585,1,0.8,S,1.1
26,3,0.6600957,1,0.5,S,1.6
26,3,0.2908281,1,0.7,S,0.9
26,3,1.4838516,0,0.5,S,1.4
26,3,0.643813,1,0.7,S,1.6
26,3,0.7891453,1,0.5,S,2.1
26,3,0.2921313,1,0.6,S,1.9
26,3,0.5190372,0,0.4,S,1.9
26,3,0.4303726,0,0.2,S,1.3
26,3,0.4809995,0,0.2,S,2.3
26,3,0.4119936,0,0.2,S,1.1
26,3,0.3386226,1,0.4,S,1.6
26,3,1.4412019,0,0.5,S,1.6
26,3,0.6642516,0,0.2,S,1.6
26,3,0.4411075,1,0.6,S,2.3
26,3,0.5857344,0,0.2,S,2.3
26,3,0.281151,1,0.8,S,1.4
26,3,1.854987,1,0.5,S,1.9
26,3,0.7944092,0,0.5,S,1.4
26,3,1.2431444,1,0.6,S,1.9
26,3,0.4261452,0,0.2,S,0.9
26,3,0.3437862,1,0.7,S,1.9
26,3,0.7433582,0,0.5,S,2.1
26,3,1.1199936,0,0.4,S,1.6
26,3,1.6390896,0,0.3,S,1.1
26,3,0.4257805,0,0.2,S,0.9
26,3,0.2484084,1,0.8,S,1.8
26,3,0.4500725,0,0.2,S,1.8
26,3,0.5009172,0,0.4,S,1.3
26,3,0.2490478,1,0.7,S,1.3
26,3,0.3871252,1,0.7,S,1.9
26,4,0.4991723,0,0.3,S,1.6
26,4,0.5280472,0,0.3,S,1.6
26,4,0.3896568,0,0.3,S,1.8
26,4,0.2177018,1,0.8,S,1.6
26,4,0.2216362,1,0.6,S,1.8
26,4,0.7243654,1,0.4,S,1.9
26,4,0.2344747,1,0.6,S,2.3
26,4,0.5021411,0,0.5,S,1.3
26,4,0.1881844,1,0.5,S,1.8
26,4,1.4919426,1,0.4,S,1.9
26,4,2.2315015,1,0.8,S,0.9
26,4,0.5328797,0,0.3,S,1.4
26,4,0.41893,1,0.7,S,2.1
26,4,0.3368815,1,0.4,S,0.9
26,4,0.4080763,0,0.2,S,1.8
26,4,0.4020286,0,0.2,S,1.4
26,4,0.3580836,0,0.3,S,1.3
26,4,0.4550837,0,0.2,S,1.3
26,4,0.2150154,1,0.7,S,1.1
26,4,0.3690185,0,0.3,S,1.3
26,4,0.2300478,1,0.7,S,0.9
26,4,0.2607853,1,0.7,S,1.1
26,4,0.2735721,1,0.6,S,1.1
26,4,0.2212351,1,0.8,S,0.9
26,4,1.4456287,1,0.6,S,1.8
26,4,0.2213185,1,0.8,S,2.1
26,4,0.1750722,1,0.8,S,1.4
26,4,0.5452047,0,0.4,S,2.1
26,4,0.3459964,1,0.5,S,1.3
26,4,0.3251953,1,0.7,S,1.8
26,4,0.4590084,0,0.3,S,2.3
26,4,0.2330298,1,0.6,S,2.1
26,4,0.4091842,1,0.4,S,0.9
26,4,0.3220177,1,0.5,S,1.6
26,4,0.9050041,1,0.8,S,1.8
26,4,0.503681,0,0.3,S,1.9
26,4,0.226157,1,0.6,S,2.1
26,4,0.4988153,0,0.5,S,0.9
26,4,0.4514347,0,0.3,S,1.6
26,4,0.6727186,0,0.3,S,1.4
26,4,0.4678404,0,0.4,S,2.3
26,4,1.376204,1,0.4,S,1.9
26,4,0.3919868,0,0.3,S,0.9
26,4,0.4809481,0,0.5,S,1.6
26,4,0.5129495,0,0.6,S,1.4
26,4,0.9793151,1,0.6,S,2.3
26,4,0.2558897,1,0.8,S,1.4
26,4,0.6738855,0,0.5,S,1.1
26,4,0.2552038,1,0.8,S,2.1
26,4,0.1860704,1,0.7,S,1.8
26,4,0.5022728,0,0.3,S,1.3
26,4,0.2080039,1,0.8,S,1.6
26,4,0.2049681,1,0.7,S,1.3
26,4,0.7676953,1,0.7,S,1.3
26,4,0.4229446,0,0.2,S,2.3
26,4,0.2656459,1,0.8,S,2.1
26,4,0.6079581,0,0.6,S,1.6
26,4,0.3450948,1,0.7,S,2.1
26,4,0.2929967,1,0.8,S,1.8
26,4,1.1319207,0,0.4,S,1.9
26,4,0.469895,0,0.2,S,1.4
26,4,0.2850966,1,0.6,S,1.4
26,4,0.5520982,0,0.4,S,1.3
26,4,0.5643292,1,0.7,S,2.3
26,4,0.2799407,1,0.8,S,0.9
26,4,0.5233697,0,0.5,S,1.9
26,4,0.5109495,0,0.2,S,1.1
26,4,0.2973728,1,0.7,S,1.3
26,4,2.0551689,1,0.4,S,2.1
26,4,0.2509717,1,0.4,S,1.6
26,4,0.4951228,0,0.3,S,1.3
26,4,0.32677,1,0.4,S,1.4
26,4,0.4400041,0,0.2,S,2.1
26,4,0.4110481,0,0.3,S,1.1
26,4,0.9689576,1,0.4,S,1.6
26,4,1.0840177,1,0.3,S,1.1
26,4,0.3748785,1,0.7,S,1.8
26,4,0.6087255,0,0.5,S,1.3
26,4,0.2931264,1,0.5,S,1.1
26,4,1.7917575,0,0.5,S,1.1
26,4,0.2450709,1,0.7,S,1.3
26,4,0.9427012,0,0.4,S,2.1
26,4,0.2099005,1,0.6,S,1.4
26,4,0.305399,1,0.7,S,0.9
27,1,0.1834411,1,0.6,S,1.4
27,1,0.2209056,1,0.6,S,1.9
27,1,0.3102274,1,0.3,S,1.8
27,1,0.1146166,1,0.7,S,0.9
27,1,0.6795865,0,0.2,S,0.9
27,1,0.312684,1,0.4,S,1.4
27,1,0.5832771,0,0.4,S,1.8
27,1,0.5370133,0,0.2,S,1.9
27,1,0.5290332,1,0.2,S,1.9
27,1,0.6041988,0,0.4,S,2.1
27,1,0.5054953,0,0.4,S,1.8
27,1,0.232949,1,0.8,S,1.3
27,1,0.2043218,1,0.8,S,2.1
27,1,0.2664839,1,0.6,S,1.6
27,1,0.2852576,1,0.8,S,1.1
27,1,0.5501341,1,0.3,S,1.1
27,1,0.1631507,1,0.8,S,1.4
27,1,0.6131042,0,0.2,S,1.9
27,1,0.6384175,0,0.8,S,2.3
27,1,0.912548,0,0.6,S,2.1
27,1,0.3532112,1,0.6,S,1.4
27,1,1.2559599,0,0.3,S,1.6
27,1,0.4778055,0,0.3,S,1.3
27,1,0.4091429,0,0.6,S,2.3
27,1,0.3480838,1,0.8,S,2.1
27,1,0.6331263,0,0.2,S,2.1
27,1,0.6381922,0,0.4,S,1.6
27,1,0.5090784,1,0.7,S,0.9
27,1,0.804811,0,0.3,S,1.8
27,1,0.6181675,1,0.8,S,2.1
27,1,0.4770731,0,0.3,S,1.1
27,1,0.7679779,0,0.5,S,1.8
27,1,0.4966049,0,0.4,S,0.9
27,1,0.8300143,0,0.3,S,2.1
27,1,0.6420965,1,0.7,S,1.8
27,1,1.8656044,0,0.4,S,1.9
27,1,0.6812037,0,0.4,S,1.6
27,1,0.7451025,1,0.6,S,2.1
27,1,0.6332323,0,0.2,S,2.1
27,1,0.760036,1,0.6,S,0.9
27,1,0.0686112000000003,0,0.8,S,1.3
27,1,1.0428,0,0.4,S,1.8
27,1,0.7080962,0,0.3,S,1.8
27,1,0.7602649,1,0.8,S,1.8
27,1,0.9542554,0,0.5,S,1.3
27,1,0.4039603,1,0.8,S,1.9
27,1,1.1018011,1,0.7,S,2.1
27,1,0.553955,0,0.5,S,1.3
27,1,0.5868447,1,0.7,S,1.1
27,1,0.8500507,0,0.2,S,2.3
27,1,0.8001412,0,0.2,S,1.1
27,1,0.5287184,0,0.2,S,1.3
27,1,0.6974084,0,0.3,S,1.3
27,1,0.6350181,0,0.6,S,1.1
27,1,1.3695464,0,0.2,S,0.9
27,1,0.9080064,0,0.4,S,1.9
27,1,0.5259655,0,0.2,S,2.1
27,1,0.4044486,1,0.7,S,0.9
27,1,1.2149013,0,0.5,S,1.1
27,1,1.5282432,1,0.5,S,1.4
27,1,0.5693481,0,0.3,S,2.1
27,1,1.4502092,0,0.3,S,1.8
27,1,0.5292534,0,0.3,S,1.3
27,1,0.7590906,1,0.8,S,1.1
27,1,0.4829612,1,0.6,S,1.1
27,1,0.6019172,1,0.4,S,1.3
27,1,1.407939,1,0.7,S,2.1
27,1,0.3459498,1,0.5,S,1.8
27,1,0.6103418,0,0.3,S,1.3
27,1,0.5967466,0,0.7,S,1.9
27,1,0.329258,1,0.8,S,1.4
27,1,0.6282514,0,0.5,S,1.4
27,1,0.5941055,0,0.4,S,1.3
27,2,0.5018989,0,0.4,S,1.3
27,2,0.2877733,1,0.8,S,1.9
27,2,0.4709803,1,0.8,S,1.6
27,2,0.3641984,1,0.5,S,1.8
27,2,0.6271417,1,0.5,S,1.1
27,2,0.5850992,0,0.5,S,1.1
27,2,0.1263206,1,0.8,S,1.3
27,2,0.2940874,1,0.7,S,1.8
27,2,0.1928013,1,0.8,S,1.1
27,2,0.6657502,1,0.5,S,1.4
27,2,0.6628146,1,0.8,S,2.1
27,2,0.7550863,0,0.3,S,1.1
27,2,1.0749701,1,0.3,S,1.8
27,2,1.2648435,1,0.5,S,0.9
27,2,0.3801018,1,0.8,S,1.8
27,2,0.8941369,1,0.5,S,1.4
27,2,0.6069422,0,0.3,S,2.3
27,2,2.0087701,1,0.6,S,1.1
27,2,0.1630105,1,0.8,S,1.1
27,2,1.4761111,0,0.2,S,0.9
27,2,0.7702419,0,0.4,S,1.6
27,2,0.4369724,1,0.5,S,0.9
27,2,0.5500024,0,0.5,S,2.1
27,2,1.1100833,0,0.7,S,1.4
27,2,0.3271949,1,0.6,S,1.9
27,2,0.6598665,0,0.4,S,1.4
27,2,0.6118439,0,0.3,S,1.3
27,2,0.4898355,0,0.3,S,1.3
27,2,0.7787408,0,0.3,S,1.3
27,2,0.4711337,0,0.6,S,2.1
27,2,0.4528041,0,0.5,S,1.8
27,2,0.6962564,0,0.4,S,0.9
27,2,0.6089257,0,0.4,S,1.6
27,2,0.295407,1,0.8,S,1.3
27,2,0.5780408,0,0.3,S,1.6
27,2,0.4958032,0,0.5,S,1.8
27,2,0.7224218,0,0.4,S,1.9
27,2,0.4741602,0,0.7,S,1.8
27,2,0.6141963,0,0.8,S,2.3
27,2,0.3227556,1,0.7,S,1.6
27,2,0.7471015,1,0.7,S,1.9
27,2,0.4340118,1,0.5,S,2.1
27,2,0.3959765,1,0.8,S,2.3
27,2,0.5789952,0,0.4,S,1.1
27,2,0.6122091,0,0.2,S,1.8
27,2,0.5198549,1,0.8,S,2.3
27,2,0.3786875,1,0.7,S,1.3
27,2,0.7840035,0,0.3,S,1.6
27,2,0.701097,0,0.6,S,1.8
27,2,0.4257893,1,0.8,S,1.8
27,2,0.6158251,0,0.5,S,1.8
27,2,0.4651292,0,0.4,S,0.9
27,2,0.5121964,0,0.3,S,1.8
27,2,1.0290526,1,0.6,S,1.8
27,2,0.4426617,0,0.3,S,1.4
27,2,0.2530967,1,0.8,S,2.3
27,2,0.3533442,1,0.8,S,2.3
27,2,0.6382161,0,0.6,S,2.1
27,2,0.4509477,1,0.8,S,1.6
27,2,1.0269297,0,0.4,S,1.3
27,2,0.6438833,0,0.6,S,0.9
27,2,0.5825828,0,0.7,S,2.1
27,2,0.5988206,0,0.5,S,1.4
27,2,0.465878,0,0.6,S,1.9
27,2,0.5321607,0,0.3,S,2.1
27,2,0.9541961,0,0.3,S,1.4
27,2,0.3700299,1,0.8,S,1.8
27,2,0.9219957,1,0.8,S,1.9
27,2,0.9140936,0,0.4,S,0.9
27,2,0.4188311,0,0.6,S,1.9
27,2,0.5645597,0,0.3,S,2.1
27,3,0.6470869,0,0.3,S,1.4
27,3,0.9078539,0,0.2,S,2.3
27,3,0.5096942,0,0.5,S,1.8
27,3,0.5483061,0,0.3,S,1.6
27,3,1.1371369,0,0.5,S,1.3
27,3,0.7070189,0,0.6,S,1.8
27,3,0.648292,1,0.6,S,1.8
27,3,0.7305782,1,0.5,S,0.9
27,3,0.4110446,1,0.8,S,1.1
27,3,0.6702283,0,0.4,S,1.8
27,3,0.675209,0,0.2,S,2.1
27,3,0.4991935,1,0.6,S,2.3
27,3,0.7461406,1,0.5,S,1.8
27,3,0.4359501,0,0.5,S,2.3
27,3,0.4603883,0,0.6,S,1.8
27,3,0.3872164,1,0.6,S,2.3
27,3,0.5790835,0,0.2,S,2.1
27,3,0.6191421,0,0.2,S,1.8
27,3,0.5439111,1,0.6,S,2.1
27,3,0.9786554,1,0.7,S,1.4
27,3,1.6026786,0,0.5,S,1.8
27,3,0.5093367,0,0.2,S,1.3
27,3,0.6722838,0,0.4,S,2.3
27,3,1.1080029,0,0.2,S,1.9
27,3,0.6741463,0,0.8,S,1.6
27,3,2.239804,0,0.6,S,1.6
27,3,0.4488912,0,0.2,S,2.1
27,3,0.7778504,0,0.4,S,1.8
27,3,1.801263,0,0.8,S,1.9
27,3,0.5301713,1,0.8,S,1.4
27,3,0.3980066,1,0.6,S,1.3
27,3,0.5632882,0,0.2,S,1.9
27,3,0.4694197,0,0.6,S,1.4
27,3,0.6412132,0,0.5,S,0.9
27,3,0.3642101,1,0.7,S,1.3
27,3,0.4837091,0,0.3,S,1.8
27,3,1.363704,0,0.7,S,1.6
27,3,0.5655744,0,0.7,S,0.9
27,3,0.2568848,1,0.8,S,1.8
27,3,0.6747263,0,0.6,S,1.8
27,3,0.3906167,1,0.8,S,1.1
27,3,1.0362398,0,0.6,S,1.4
27,3,1.4521811,0,0.4,S,1.1
27,3,0.4091008,1,0.7,S,2.3
27,3,0.4901024,0,0.2,S,2.1
27,3,0.4451275,0,0.5,S,1.1
27,3,0.7091243,0,0.7,S,1.8
27,3,0.7978486,0,0.4,S,1.4
27,3,0.6419918,0,0.8,S,1.3
27,3,0.2058588,1,0.8,S,0.9
27,3,0.8250585,0,0.7,S,1.1
27,3,0.6820698,0,0.2,S,1.4
27,3,2.1119344,0,0.6,S,1.4
27,3,0.4792832,0,0.3,S,0.9
27,3,0.5231151,0,0.2,S,1.3
27,3,0.5220857,0,0.7,S,1.1
27,3,0.4518613,0,0.2,S,2.1
27,3,0.4065839,1,0.7,S,1.1
27,3,1.7671177,0,0.5,S,1.6
27,3,0.6017143,0,0.3,S,1.3
27,3,0.6679263,0,0.8,S,1.9
27,3,0.7635115,0,0.4,S,0.9
27,4,0.2728834,1,0.6,S,1.9
27,4,0.2470311,1,0.8,S,2.1
27,4,0.40508,1,0.6,S,2.3
27,4,0.6912681,0,0.6,S,1.4
27,4,0.2861645,1,0.8,S,0.9
27,4,0.8438596,0,0.5,S,0.9
27,4,0.3871567,0,0.4,S,1.6
27,4,0.2791636,1,0.6,S,1.9
27,4,0.9330334,0,0.6,S,1.3
27,4,0.5430513,0,0.3,S,1.6
27,4,1.0501403,0,0.4,S,0.9
27,4,0.367971,1,0.7,S,1.1
27,4,0.3570833,1,0.6,S,0.9
27,4,0.6259788,0,0.4,S,1.9
27,4,0.6770413,0,0.7,S,2.1
27,4,1.5739449,0,0.5,S,1.3
27,4,0.644443,0,0.6,S,2.1
27,4,0.513997,0,0.3,S,1.8
27,4,0.3673619,1,0.8,S,1.8
27,4,0.7879673,0,0.4,S,1.8
27,4,0.5478989,0,0.2,S,0.9
27,4,0.3704881,1,0.8,S,1.4
27,4,0.4443632,0,0.6,S,0.9
27,4,0.3290077,1,0.7,S,0.9
27,4,0.4501191,0,0.7,S,1.6
27,4,0.2760214,1,0.7,S,2.3
27,4,0.2509046,1,0.7,S,1.1
27,4,0.5160851,0,0.3,S,1.6
27,4,0.4441517,0,0.2,S,1.1
27,4,0.6682403,0,0.5,S,0.9
27,4,0.3820382,0,0.8,S,2.1
27,4,1.4228706,0,0.4,S,1.8
27,4,0.4868033,0,0.6,S,1.8
27,4,0.5361318,0,0.3,S,1.4
27,4,0.4930664,0,0.7,S,0.9
27,4,0.3512798,0,0.3,S,1.1
27,4,0.3383474,0,0.6,S,1.3
27,4,0.4238704,0,0.3,S,1.3
27,4,1.0150212,0,0.5,S,2.3
27,4,0.6037818,0,0.4,S,1.4
27,4,0.4554185,0,0.8,S,1.6
27,4,0.2859383,1,0.8,S,1.9
27,4,0.5153064,0,0.7,S,1.6
27,4,0.589836,0,0.7,S,2.1
27,4,0.4421238,0,0.3,S,1.9
27,4,0.2323254,1,0.8,S,1.3
27,4,0.5149208,0,0.4,S,2.3
27,4,0.4938248,1,0.7,S,1.1
27,4,0.9663746,0,0.4,S,1.4
27,4,0.5515296,0,0.2,S,1.4
27,4,0.6060869,0,0.2,S,1.9
27,4,0.8101083,0,0.2,S,1.1
27,4,0.64415,0,0.6,S,2.1
27,4,0.5401447,1,0.6,S,1.9
27,4,0.5864177,0,0.2,S,2.3
27,4,0.2860892,1,0.8,S,2.1
27,4,0.3209321,1,0.7,S,1.3
27,4,0.4373173,0,0.5,S,1.1
27,4,0.5211991,0,0.4,S,1.9
27,4,0.6391914,0,0.6,S,2.1
27,4,0.5938678,0,0.2,S,1.3
27,4,0.6493645,0,0.2,S,0.9
27,4,0.4612853,0,0.2,S,2.3
27,4,0.4380155,0,0.3,S,2.1
27,4,0.546978,0,0.3,S,0.9
27,4,0.6391555,0,0.3,S,1.6
28,1,1.1331304,1,0.2,S,2.1
28,1,1.2791883,0,0.3,S,1.1
28,1,0.4034001,1,0.7,S,2.3
28,1,1.153349,0,0.4,S,1.4
28,1,1.2553262,0,0.2,S,1.8
28,1,1.1593369,1,0.3,S,2.1
28,1,0.9438077,0,0.2,S,0.9
28,1,0.6430979,1,0.6,S,1.4
28,1,1.231008,1,0.3,S,1.4
28,1,0.6229613,1,0.6,S,1.3
28,1,0.5918526,1,0.5,S,1.9
28,1,0.8512553,0,0.2,S,1.4
28,1,1.5360915,1,0.2,S,1.8
28,1,0.4083448,1,0.7,S,1.3
28,1,1.756937,0,0.2,S,1.1
28,1,1.4099457,1,0.3,S,2.3
28,1,1.0948263,0,0.2,S,1.6
28,1,1.0387156,0,0.3,S,2.3
28,1,0.8407811,0,0.2,S,1.1
28,1,1.3129866,1,0.5,S,2.1
28,1,1.6582038,1,0.3,S,1.3
28,1,0.8029197,0,0.2,S,0.9
28,1,0.5896179,1,0.6,S,1.6
28,1,0.9039412,1,0.6,S,1.4
28,1,0.8749527,0,0.2,S,1.6
28,1,1.4407656,1,0.5,S,2.1
28,1,1.9468088,1,0.4,S,1.9
28,1,0.9446212,1,0.6,S,1.6
28,1,1.0075858,0,0.2,S,1.4
28,1,1.3845874,1,0.7,S,1.4
28,1,1.302036,0,0.2,S,2.1
28,1,0.9277817,1,0.8,S,2.3
28,1,0.7355487,1,0.8,S,1.4
28,1,1.4619163,1,0.4,S,1.9
28,1,1.413822,0,0.3,S,1.4
28,1,0.6487875,1,0.6,S,1.8
28,1,0.7749809,1,0.3,S,1.1
28,1,1.1935953,1,0.5,S,2.1
28,1,1.2988091,1,0.7,S,1.1
28,1,0.4270174,1,0.7,S,1.6
28,1,0.4131083,1,0.7,S,1.3
28,1,1.8074594,1,0.2,S,1.8
28,1,1.9789856,1,0.4,S,1.6
28,1,1.0805613,0,0.3,S,1.6
28,1,0.717522,1,0.4,S,1.9
28,1,0.6887254,1,0.5,S,1.4
28,1,1.0457803,1,0.6,S,0.9
28,1,0.8029244,1,0.7,S,1.1
28,1,0.8685214,0,0.2,S,1.3
28,1,1.4594663,1,0.3,S,2.1
28,1,2.2433087,1,0.3,S,1.6
28,1,2.4187513,0,0.6,S,0.9
28,1,0.5053829,1,0.8,S,1.9
28,1,0.6320803,1,0.5,S,1.8
28,1,0.542341,0,0.7,S,1.6
28,1,1.2227759,1,0.6,S,2.3
28,1,0.6746378,1,0.8,S,1.9
28,1,1.0230139,0,0.4,S,1.8
28,1,1.980413,0,0.3,S,1.8
28,1,0.5893826,1,0.8,S,1.1
28,1,0.4187468,1,0.7,S,2.1
28,1,1.8342124,1,0.3,S,2.3
28,1,1.0338359,0,0.3,S,1.1
28,1,1.5147834,1,0.4,S,2.3
28,1,0.8513024,0,0.3,S,1.3
28,1,0.60265,1,0.6,S,2.3
28,1,1.5900923,0,0.3,S,2.1
28,1,2.4336145,0,0.2,S,2.1
28,1,0.4058906,1,0.8,S,1.8
28,1,0.4247403,1,0.8,S,2.3
28,1,1.4588861,0,0.4,S,2.1
28,1,2.4500299,0,0.4,S,1.6
28,1,1.5416927,0,0.4,S,1.4
28,1,1.1838812,0,0.3,S,1.8
28,1,1.1028109,1,0.7,S,1.6
28,1,1.2301021,1,0.7,S,1.1
28,1,1.7747795,0,0.2,S,1.4
28,1,0.5429867,1,0.6,S,2.1
28,1,0.3215061,1,0.8,S,2.3
28,2,1.8200557,0,0.4,S,1.3
28,2,0.9264633,0,0.3,S,1.6
28,2,1.7497796,0,0.4,S,1.9
28,2,0.6137092,1,0.8,S,1.1
28,2,1.0177666,1,0.7,S,1.8
28,2,0.7497953,1,0.5,S,1.9
28,2,0.7020763,0,0.2,S,0.9
28,2,1.3496237,1,0.8,S,1.3
28,2,0.4537954,1,0.7,S,0.9
28,2,0.5755393,1,0.8,S,1.9
28,2,0.5522106,1,0.6,S,1.4
28,2,0.5816268,1,0.7,S,1.4
28,2,0.7278065,0,0.2,S,1.4
28,2,2.1479131,1,0.7,S,2.3
28,2,0.5216386,1,0.8,S,1.8
28,2,0.3713483,1,0.8,S,1.8
28,2,1.0611501,0,0.2,S,1.9
28,2,0.9361932,0,0.3,S,1.9
28,2,1.0118116,0,0.4,S,1.6
28,2,1.9636593,1,0.4,S,1.1
28,2,0.5388037,1,0.8,S,2.1
28,2,0.9988912,1,0.6,S,1.4
28,2,1.4188106,1,0.8,S,1.4
28,2,1.0596008,1,0.6,S,1.8
28,2,2.2900441,0,0.3,S,1.4
28,2,2.4626502,1,0.6,S,1.1
28,2,1.4222882,0,0.5,S,1.6
28,2,0.3628114,1,0.7,S,2.3
28,2,0.6176694,1,0.8,S,1.9
28,2,0.6260353,0,0.4,S,0.9
28,2,0.5549386,1,0.6,S,1.8
28,2,0.8179468,0,0.2,S,1.6
28,2,1.7006983,1,0.2,S,1.3
28,2,0.6103025,0,0.3,S,1.1
28,2,0.3698313,1,0.5,S,1.1
28,2,0.5805142,1,0.7,S,2.3
28,2,0.7426995,1,0.7,S,1.8
28,2,0.7209732,0,0.2,S,1.3
28,2,0.3257859,1,0.8,S,1.3
28,2,0.3956114,1,0.7,S,1.9
28,2,0.4946343,1,0.8,S,1.6
28,2,1.1175891,1,0.4,S,2.1
28,2,0.3332527,1,0.8,S,1.9
28,2,0.6609867,0,0.5,S,1.4
28,2,0.6586905,0,0.2,S,0.9
28,2,0.7499118,1,0.7,S,2.1
28,2,1.9125615,1,0.8,S,1.8
28,2,1.1790469,1,0.6,S,1.6
28,2,0.5978435,0,0.4,S,1.8
28,2,1.3988154,0,0.6,S,2.3
28,2,0.6875691,1,0.6,S,1.1
28,2,0.3558111,1,0.8,S,2.1
28,2,1.2088829,0,0.5,S,1.9
28,2,0.9183841,0,0.2,S,1.9
28,2,1.0668385,0,0.5,S,1.4
28,2,0.2715567,1,0.6,S,0.9
28,2,0.5126899,0,0.3,S,1.4
28,2,0.4775561,1,0.7,S,0.9
28,2,0.8345993,0,0.2,S,0.9
28,2,0.3769774,1,0.7,S,1.3
28,2,0.5635999,0,0.3,S,2.3
28,2,0.5428465,1,0.7,S,1.6
28,2,0.3828327,1,0.7,S,1.8
28,2,0.3916232,1,0.7,S,2.3
28,2,1.0289795,0,0.5,S,1.8
28,2,0.4468787,1,0.7,S,1.6
28,2,2.2737802,0,0.6,S,1.1
28,2,0.9510329,1,0.7,S,1.4
28,2,0.1450802,1,0.8,S,0.9
28,2,0.420748,1,0.5,S,1.9
28,2,0.4124574,1,0.5,S,2.3
28,2,0.3350194,1,0.6,S,1.4
28,2,1.1907903,0,0.2,S,1.3
28,2,0.2946486,1,0.8,S,1.6
28,3,1.1767526,0,0.4,S,1.8
28,3,0.8819576,1,0.7,S,2.3
28,3,0.4956362,1,0.5,S,1.3
28,3,0.7128418,0,0.4,S,1.6
28,3,1.2669291,1,0.3,S,1.1
28,3,1.3137571,1,0.4,S,2.1
28,3,0.4668061,1,0.7,S,0.9
28,3,0.3662588,1,0.6,S,1.6
28,3,1.9325062,0,0.3,S,1.9
28,3,1.2928644,1,0.5,S,0.9
28,3,0.576592,0,0.2,S,0.9
28,3,1.5647115,0,0.3,S,1.6
28,3,0.5554882,1,0.6,S,1.8
28,3,0.6548188,0,0.2,S,1.8
28,3,0.8507019,0,0.5,S,2.3
28,3,0.6111402,0,0.5,S,0.9
28,3,1.32484,0,0.3,S,1.1
28,3,0.5475749,1,0.6,S,1.3
28,3,0.4549977,1,0.5,S,2.3
28,3,0.9818188,0,0.3,S,1.4
28,3,0.8566958,0,0.4,S,1.6
28,3,0.3988696,1,0.6,S,1.9
28,3,0.9407184,0,0.8,S,1.4
28,3,0.2938277,1,0.8,S,1.4
28,3,0.7020789,0,0.3,S,2.3
28,3,0.4892691,0,0.8,S,2.3
28,3,0.3876499,1,0.8,S,2.3
28,3,0.5523958,1,0.8,S,2.3
28,3,0.6457523,0,0.3,S,2.3
28,3,1.2656097,0,0.3,S,1.9
28,3,0.6279394,1,0.6,S,0.9
28,3,0.4145909,1,0.8,S,2.3
28,3,0.702621,1,0.6,S,2.3
28,3,0.7839452,0,0.3,S,1.1
28,3,0.4097359,1,0.8,S,1.9
28,3,0.5537267,1,0.7,S,1.1
28,3,1.281302,0,0.4,S,2.3
28,3,0.9997864,0,0.5,S,1.9
28,3,0.5206377,0,0.5,S,1.9
28,3,0.5456047,0,0.3,S,2.1
28,3,0.7239725,0,0.4,S,1.6
28,3,0.6706302,0,0.4,S,0.9
28,3,0.3151127,1,0.8,S,1.4
28,3,0.6428271,0,0.3,S,1.8
28,3,0.4165287,0,0.4,S,1.4
28,3,0.3577157,1,0.7,S,2.1
28,3,0.3772636,1,0.8,S,0.9
28,3,0.6555107,0,0.3,S,1.6
28,3,0.313612,1,0.7,S,0.9
28,3,0.5109389,0,0.3,S,1.9
28,3,0.5835703,0,0.2,S,2.3
28,3,0.7139496,0,0.6,S,1.3
28,3,0.5449465,0,0.5,S,1.4
28,3,0.5464019,0,0.2,S,1.4
28,3,1.4190334,0,0.7,S,1.9
28,3,0.6607052,0,0.2,S,1.8
28,3,0.4268662,1,0.7,S,1.8
28,3,0.5034329,0,0.2,S,2.1
28,3,0.8720902,0,0.2,S,1.4
28,3,0.7225691,1,0.2,S,1.6
28,3,0.5880292,1,0.7,S,1.6
28,3,0.5096897,0,0.4,S,1.6
28,3,0.4856143,1,0.6,S,1.6
28,3,0.5127601,1,0.7,S,2.3
28,3,0.6387619,1,0.8,S,0.9
28,3,0.7408533,0,0.2,S,1.4
28,3,0.1515625,1,0.8,S,1.3
28,3,0.7316511,0,0.3,S,1.9
28,3,2.2925889,1,0.7,S,2.3
28,3,0.622207,0,0.4,S,0.9
28,3,0.7268762,1,0.5,S,1.1
28,4,0.5184557,1,0.5,S,1.6
28,4,0.5646703,1,0.7,S,2.1
28,4,0.3588192,1,0.8,S,1.4
28,4,0.3826099,1,0.6,S,2.3
28,4,0.4396503,0,0.3,S,2.3
28,4,0.5115137,0,0.3,S,0.9
28,4,0.4576744,0,0.2,S,1.6
28,4,0.3206716,1,0.8,S,1.6
28,4,0.5598725,1,0.7,S,2.3
28,4,0.4728488,1,0.6,S,2.3
28,4,0.127593,1,0.7,S,0.9
28,4,0.5539149,0,0.2,S,2.3
28,4,0.5234634,0,0.3,S,1.9
28,4,0.5258155,0,0.2,S,1.3
28,4,0.6188804,0,0.7,S,1.1
28,4,0.4758672,0,0.3,S,2.3
28,4,0.438869,1,0.6,S,1.4
28,4,0.3968373,1,0.8,S,1.9
28,4,0.4947329,0,0.2,S,2.1
28,4,0.5597103,1,0.6,S,2.3
28,4,0.5716457,0,0.3,S,1.3
28,4,1.008511,1,0.6,S,1.6
28,4,0.8258824,1,0.8,S,1.4
28,4,1.1218626,0,0.4,S,2.3
28,4,0.3278662,1,0.7,S,1.9
28,4,0.4798905,0,0.2,S,1.3
28,4,1.1825609,0,0.3,S,1.4
28,4,1.345831,1,0.7,S,0.9
28,4,0.371128,1,0.8,S,0.9
28,4,1.0627261,1,0.8,S,1.6
28,4,0.6157185,0,0.5,S,0.9
28,4,0.6944997,0,0.2,S,2.1
28,4,0.3990422,1,0.8,S,1.3
28,4,0.333678,1,0.8,S,1.1
28,4,1.3010981,0,0.6,S,1.3
28,4,0.6548832,1,0.5,S,2.3
28,4,0.7350426,0,0.3,S,1.9
28,4,0.6487909,0,0.2,S,0.9
28,4,0.3388356,1,0.8,S,2.3
28,4,0.7758775,0,0.3,S,1.4
28,4,0.6410203,0,0.7,S,2.3
28,4,0.6224297,0,0.3,S,2.3
28,4,0.9475552,1,0.7,S,1.8
28,4,0.5522755,0,0.3,S,0.9
28,4,0.4738217,0,0.4,S,1.4
28,4,0.5260019,1,0.7,S,1.1
28,4,0.85357,1,0.7,S,2.1
28,4,0.5847007,0,0.4,S,0.9
28,4,0.3657536,1,0.7,S,1.8
28,4,0.5274577,0,0.2,S,1.4
28,4,0.4477577,0,0.2,S,1.1
28,4,0.3655657,1,0.8,S,0.9
28,4,0.5776617,0,0.2,S,1.4
28,4,0.3539869,1,0.8,S,1.9
28,4,0.6617867,0,0.3,S,1.9
28,4,0.7281084,0,0.4,S,0.9
28,4,0.3578182,1,0.8,S,2.1
28,4,0.6417827,0,0.2,S,1.3
28,4,0.467806,1,0.7,S,1.3
28,4,0.4972023,1,0.6,S,0.9
28,4,0.4854308,1,0.6,S,1.8
28,4,0.567735,0,0.3,S,2.3
28,4,0.5315166,0,0.3,S,1.6
28,4,0.3586198,1,0.6,S,1.6
28,4,0.5109978,0,0.3,S,1.8
28,4,0.5626624,0,0.6,S,1.9
28,4,0.8027663,0,0.6,S,1.8
28,4,0.7326048,0,0.6,S,1.6
28,4,0.3616184,1,0.8,S,1.6
28,4,0.5258946,0,0.2,S,2.1
28,4,0.5607222,0,0.3,S,1.8
28,4,0.5087098,0,0.4,S,2.3
28,4,0.4750417,0,0.5,S,1.1
29,1,0.2978995,1,0.6,S,1.8
29,1,0.3861489,1,0.4,S,2.3
29,1,0.4175072,1,0.5,S,1.8
29,1,0.6268587,0,0.2,S,1.4
29,1,0.366231,1,0.5,S,1.9
29,1,0.3253788,1,0.7,S,1.8
29,1,0.3184916,1,0.7,S,1.4
29,1,0.4958397,0,0.4,S,1.8
29,1,0.8709847,0,0.4,S,2.1
29,1,0.3235138,1,0.8,S,1.3
29,1,1.0408884,1,0.5,S,1.1
29,1,0.6225997,1,0.6,S,1.3
29,1,0.7984163,1,0.4,S,1.9
29,1,0.7332558,1,0.5,S,1.1
29,1,1.0354228,1,0.4,S,2.3
29,1,0.6800111,0,0.2,S,1.6
29,1,1.1167927,0,0.2,S,1.6
29,1,0.4620592,1,0.5,S,1.1
29,1,0.4080366,1,0.5,S,1.3
29,1,0.8241059,1,0.4,S,1.8
29,1,0.3104543,1,0.8,S,2.3
29,1,0.4632758,1,0.3,S,1.4
29,1,0.8871727,1,0.7,S,1.1
29,1,0.7246572,1,0.8,S,2.1
29,1,0.923012,0,0.2,S,2.1
29,1,0.7870696,1,0.8,S,1.3
29,1,0.6992093,1,0.6,S,1.6
29,1,0.7220477,1,0.5,S,2.3
29,1,1.885137,0,0.2,S,1.1
29,1,1.9317174,0,0.6,S,1.4
29,1,0.551337,1,0.7,S,1.6
29,1,0.6972473,0,0.2,S,1.8
29,1,1.1511952,1,0.5,S,2.1
29,1,0.5597837,0,0.2,S,1.1
29,1,0.6371719,1,0.6,S,1.1
29,1,0.3198058,1,0.8,S,1.3
29,1,1.308416,0,0.2,S,1.9
29,1,0.37626,1,0.7,S,1.8
29,1,0.8888829,1,0.5,S,2.3
29,1,1.3982477,1,0.5,S,0.9
29,1,0.5432966,1,0.8,S,2.3
29,1,0.6771739,0,0.2,S,0.9
29,1,0.3530194,1,0.7,S,1.8
29,1,0.5932748,1,0.3,S,1.9
29,1,1.741697,1,0.6,S,1.9
29,1,0.3053233,1,0.8,S,1.6
29,1,0.3108886,1,0.8,S,2.3
29,1,0.6410843,0,0.2,S,1.3
29,1,0.4641037,1,0.5,S,2.1
29,1,0.6913405,0,0.3,S,1.4
29,1,0.4372912,1,0.6,S,0.9
29,1,0.7336088,1,0.5,S,1.9
29,1,1.8011851,1,0.8,S,1.1
29,1,0.3109568,1,0.7,S,1.8
29,1,0.2569858,1,0.8,S,1.6
29,1,0.4427666,1,0.5,S,2.3
29,1,0.5839633,0,0.2,S,2.3
29,1,1.3293209,0,0.8,S,1.4
29,1,0.9002719,0,0.4,S,1.1
29,1,0.3431412,1,0.7,S,1.9
29,1,0.3561457,1,0.5,S,2.1
29,1,0.5576792,1,0.4,S,1.9
29,1,0.5400739,1,0.7,S,1.1
29,1,0.5623163,1,0.7,S,1.1
29,1,0.6031681,0,0.4,S,1.6
29,1,0.8552688,0,0.5,S,0.9
29,1,0.4294458,1,0.5,S,0.9
29,2,0.2665267,1,0.6,S,0.9
29,2,0.8039671,0,0.2,S,2.3
29,2,0.500876,0,0.2,S,1.6
29,2,0.456127,1,0.8,S,1.3
29,2,0.3501689,1,0.5,S,1.8
29,2,0.3589931,1,0.8,S,0.9
29,2,0.4449253,1,0.5,S,2.3
29,2,0.4199137,1,0.5,S,1.3
29,2,0.3802602,1,0.7,S,1.9
29,2,0.4549383,0,0.4,S,1.9
29,2,0.5586745,1,0.6,S,1.9
29,2,0.7433419,1,0.2,S,1.3
29,2,0.5611821,0,0.2,S,1.3
29,2,0.36051,1,0.6,S,1.9
29,2,0.6509452,0,0.3,S,0.9
29,2,0.5512078,0,0.2,S,1.8
29,2,0.3380703,1,0.8,S,1.1
29,2,0.5221025,1,0.6,S,1.9
29,2,0.3227211,1,0.7,S,2.3
29,2,0.4861011,1,0.5,S,1.9
29,2,0.5899437,0,0.2,S,1.6
29,2,0.399231,1,0.6,S,2.1
29,2,0.3299599,1,0.8,S,0.9
29,2,0.334049,1,0.8,S,1.6
29,2,0.837267,0,0.3,S,1.6
29,2,0.5363101,0,0.3,S,1.8
29,2,0.5309173,1,0.7,S,2.3
29,2,0.4521707,1,0.6,S,2.1
29,2,0.2812433,1,0.8,S,1.1
29,2,0.3050743,1,0.8,S,1.6
29,2,0.5489135,1,0.5,S,1.8
29,2,0.4476912,1,0.6,S,2.3
29,2,1.5643536,1,0.6,S,1.6
29,2,0.2392079,1,0.8,S,0.9
29,2,0.8411137,1,0.6,S,2.1
29,2,0.9465514,0,0.3,S,1.8
29,2,0.8629798,0,0.6,S,1.4
29,2,0.8790445,1,0.6,S,1.9
29,2,0.5256856,0,0.2,S,1.4
29,2,0.5099904,0,0.3,S,1.6
29,2,0.4823471,1,0.7,S,1.8
29,2,0.3803252,1,0.7,S,1.8
29,2,0.3658431,1,0.7,S,2.1
29,2,0.4203053,1,0.6,S,1.9
29,2,0.5721186,1,0.8,S,1.1
29,2,0.4621575,1,0.5,S,1.9
29,2,0.6271087,1,0.8,S,2.1
29,2,0.6041021,0,0.2,S,1.8
29,2,0.466059,0,0.2,S,0.9
29,2,0.9333626,1,0.5,S,1.9
29,2,0.6059191,1,0.7,S,1.4
29,2,0.7823131,1,0.6,S,0.9
29,2,0.7545065,0,0.3,S,1.9
29,2,0.7381851,1,0.6,S,1.8
29,2,0.3210229,1,0.8,S,1.1
29,2,0.4999843,1,0.5,S,1.6
29,2,0.6332207,1,0.6,S,1.4
29,2,0.6590479,0,0.2,S,1.1
29,2,0.6779563,0,0.6,S,0.9
29,2,0.3519785,1,0.7,S,1.9
29,2,0.8631381,1,0.6,S,1.8
29,2,0.7258674,1,0.7,S,1.3
29,2,0.8398907,0,0.2,S,1.8
29,2,0.4931266,1,0.5,S,1.9
29,2,0.3671746,1,0.8,S,1.3
29,2,0.5851942,1,0.4,S,1.9
29,2,0.3129623,1,0.7,S,2.1
29,2,0.7320527,1,0.5,S,1.3
29,2,0.34048,1,0.7,S,1.1
29,2,0.7150783,0,0.5,S,1.8
29,2,0.8857249,0,0.4,S,1.9
29,2,0.2941667,1,0.7,S,1.8
29,3,0.74752,0,0.3,S,1.8
29,3,0.4030838,1,0.6,S,1.8
29,3,0.4929226,1,0.8,S,1.1
29,3,0.9261491,0,0.4,S,1.3
29,3,0.4162344,1,0.8,S,2.3
29,3,0.4810095,0,0.6,S,2.3
29,3,0.4547727,1,0.6,S,1.8
29,3,0.561356,0,0.3,S,1.9
29,3,0.4123559,0,0.5,S,1.9
29,3,0.3549527,1,0.8,S,2.3
29,3,0.600285,0,0.2,S,1.6
29,3,0.606275,0,0.2,S,1.8
29,3,0.5351762,1,0.7,S,2.1
29,3,1.0020374,0,0.4,S,2.1
29,3,0.5648016,0,0.2,S,1.9
29,3,0.5183235,0,0.3,S,1.8
29,3,0.4013075,1,0.5,S,1.3
29,3,0.5242187,0,0.2,S,1.6
29,3,0.795015,1,0.4,S,1.4
29,3,0.5252672,0,0.2,S,1.8
29,3,0.9200815,1,0.6,S,1.4
29,3,0.4741703,1,0.6,S,1.9
29,3,0.3451035,1,0.8,S,2.3
29,3,0.3791336,1,0.6,S,1.8
29,3,0.804828,0,0.3,S,1.1
29,3,0.700174,0,0.5,S,2.3
29,3,0.3571684,1,0.6,S,0.9
29,3,0.8970172,1,0.3,S,2.1
29,3,0.8640351,1,0.3,S,1.1
29,3,0.8262816,0,0.2,S,1.4
29,3,0.4255903,1,0.2,S,1.8
29,3,0.3692493,1,0.6,S,1.9
29,3,0.8552763,1,0.6,S,1.3
29,3,0.5058574,0,0.2,S,1.9
29,3,1.2838042,1,0.5,S,2.3
29,3,0.5460683,1,0.5,S,0.9
29,3,0.5271221,0,0.5,S,1.1
29,3,1.0570744,0,0.4,S,0.9
29,3,0.9253772,1,0.7,S,1.4
29,3,1.0452305,1,0.4,S,2.3
29,3,0.5293604,1,0.8,S,1.8
29,3,1.0330248,0,0.3,S,1.9
29,3,0.3269374,1,0.8,S,2.3
29,3,0.493119,0,0.3,S,2.1
29,3,0.5326993,0,0.4,S,1.3
29,3,0.4943236,0,0.2,S,1.1
29,3,0.4400155,1,0.7,S,1.3
29,3,0.9773518,1,0.5,S,2.1
29,3,0.4605573,1,0.8,S,1.8
29,3,0.4299618,1,0.7,S,1.8
29,3,0.4384003,1,0.2,S,0.9
29,3,0.4640705,1,0.4,S,1.6
29,3,1.0609411,1,0.5,S,2.1
29,3,0.5248379,1,0.8,S,1.4
29,3,0.5704296,0,0.2,S,1.6
29,3,0.4022223,1,0.7,S,2.1
29,3,0.617471,0,0.2,S,1.4
29,3,0.4222091,1,0.6,S,2.1
29,3,0.3523833,1,0.5,S,1.1
29,3,1.1771344,0,0.5,S,1.9
29,3,0.7292511,0,0.8,S,2.3
29,3,1.3889471,0,0.4,S,1.8
29,3,1.10066,0,0.8,S,1.9
29,3,0.7380079,0,0.3,S,1.9
29,3,0.5120061,0,0.3,S,1.1
29,3,0.4631921,0,0.2,S,1.3
29,3,0.6937376,0,0.3,S,0.9
29,3,1.4549908,1,0.6,S,1.4
29,3,0.3970025,1,0.8,S,1.9
29,3,0.4720248,0,0.3,S,1.6
29,3,0.3260798,1,0.7,S,2.1
29,3,0.5453078,0,0.3,S,1.8
29,3,0.5262997,1,0.6,S,1.3
29,3,0.3880861,1,0.8,S,1.6
29,3,1.1845084,1,0.3,S,1.8
29,3,0.8978138,0,0.2,S,1.3
29,3,0.7291093,0,0.5,S,1.6
29,3,0.3612174,0,0.4,S,1.6
29,3,0.3210348,1,0.6,S,1.9
29,3,0.3852089,0,0.3,S,1.8
29,3,0.2721807,1,0.8,S,1.3
29,4,0.2880805,1,0.6,S,1.9
29,4,0.7200912,1,0.7,S,2.3
29,4,0.3551316,1,0.8,S,1.3
29,4,0.5319845,0,0.5,S,1.3
29,4,1.0902496,1,0.8,S,2.3
29,4,0.3830986,1,0.7,S,2.1
29,4,0.6541574,0,0.3,S,1.9
29,4,0.9310794,1,0.6,S,1.9
29,4,0.4847603,1,0.8,S,1.6
29,4,0.419082,0,0.2,S,1.6
29,4,0.3522134,0,0.4,S,1.3
29,4,0.7150528,0,0.5,S,1.1
29,4,0.4430465,0,0.2,S,1.6
29,4,0.450202,0,0.2,S,0.9
29,4,0.4439552,0,0.6,S,1.1
29,4,0.3340905,0,0.3,S,2.1
29,4,0.4811025,1,0.6,S,1.3
29,4,0.4039674,1,0.6,S,1.4
29,4,0.352265,0,0.3,S,1.3
29,4,0.9022747,1,0.4,S,2.1
29,4,0.2519607,1,0.8,S,1.4
29,4,0.4871831,1,0.7,S,2.3
29,4,1.0912835,0,0.5,S,1.6
29,4,0.3903328,0,0.6,S,1.6
29,4,0.3600053,1,0.7,S,2.1
29,4,0.7865156,1,0.6,S,1.9
29,4,0.4342526,1,0.8,S,2.3
29,4,0.3835318,0,0.4,S,2.3
29,4,0.7201592,0,0.4,S,1.3
29,4,0.3911169,0,0.4,S,1.3
29,4,0.6662447,0,0.4,S,1.8
29,4,0.7228945,1,0.4,S,1.8
29,4,0.40024,0,0.4,S,1.9
29,4,0.5754011,0,0.3,S,1.6
29,4,0.5481284,0,0.5,S,2.1
29,4,0.4690055,0,0.2,S,1.8
29,4,0.3769062,1,0.5,S,1.4
29,4,0.5708961,0,0.5,S,1.6
29,4,0.3709975,1,0.8,S,1.9
29,4,0.9921632,1,0.4,S,2.1
29,4,0.7376104,1,0.4,S,0.9
29,4,0.4571977,0,0.3,S,2.3
29,4,1.2442286,0,0.2,S,1.3
29,4,0.4113306,0,0.6,S,1.9
29,4,0.7022286,0,0.4,S,0.9
29,4,0.3112845,1,0.6,S,1.8
29,4,0.8751857,0,0.3,S,1.8
29,4,0.4760775,0,0.3,S,2.3
29,4,0.6452317,0,0.3,S,1.1
29,4,1.230921,0,0.5,S,2.1
29,4,0.2602783,1,0.8,S,2.1
29,4,0.5140693,0,0.2,S,1.3
29,4,0.8462347,1,0.5,S,1.3
29,4,0.4723543,1,0.7,S,1.1
29,4,0.3932462,1,0.7,S,2.1
29,4,0.4191921,1,0.6,S,1.4
29,4,0.4523535,1,0.6,S,2.1
29,4,0.5886576,1,0.2,S,1.9
29,4,0.7734623,1,0.5,S,2.1
29,4,0.2452179,1,0.8,S,2.3
29,4,0.5920857,0,0.2,S,1.4
29,4,0.9890153,1,0.5,S,1.6
29,4,0.4470585,1,0.8,S,2.3
29,4,1.3200541,1,0.8,S,1.1
29,4,0.4783206,0,0.3,S,0.9
29,4,1.0253506,0,0.4,S,1.3
29,4,0.4271181,1,0.7,S,1.3
29,4,0.5924422,0,0.4,S,1.1
29,4,0.3929859,0,0.2,S,1.9
29,4,0.3949786,0,0.2,S,1.6
29,4,0.2869569,1,0.8,S,1.1
29,4,0.7623751,1,0.5,S,2.1
29,4,0.4101806,0,0.3,S,0.9
29,4,0.2690892,1,0.7,S,1.1
30,1,0.8315091,1,0.5,S,1.9
30,1,0.8184405,0,0.4,S,1.4
30,1,0.3727156,1,0.7,S,1.9
30,1,2.2066622,1,0.5,S,1.3
30,1,0.8650488,1,0.6,S,1.9
30,1,1.1217198,1,0.6,S,2.3
30,1,0.5974509,0,0.4,S,2.3
30,1,0.2675259,1,0.8,S,1.6
30,1,1.1725484,0,0.8,S,1.1
30,1,0.7033505,0,0.3,S,1.4
30,1,0.6113065,1,0.5,S,2.3
30,1,0.5867044,0,0.6,S,1.9
30,1,0.6305173,1,0.6,S,1.8
30,1,1.2182226,0,0.4,S,1.9
30,1,1.0609569,1,0.3,S,1.3
30,1,0.5362052,0,0.5,S,1.9
30,1,0.3201705,1,0.7,S,1.8
30,1,1.1668196,0,0.4,S,2.1
30,1,0.3639415,1,0.8,S,1.3
30,1,0.4949527,1,0.6,S,1.4
30,1,0.9923176,1,0.5,S,1.1
30,1,0.6150611,1,0.6,S,1.4
30,1,0.5429784,1,0.6,S,1.4
30,1,1.0126036,0,0.2,S,1.3
30,1,1.80219,1,0.8,S,1.4
30,1,0.3695729,1,0.5,S,2.3
30,1,0.873252,1,0.5,S,1.9
30,1,0.6840397,0,0.4,S,2.3
30,1,0.9179698,0,0.5,S,1.6
30,1,1.1206089,0,0.6,S,1.3
30,1,0.3302271,1,0.8,S,2.3
30,1,0.4339783,0,0.5,S,1.3
30,1,0.3292953,1,0.6,S,1.4
30,1,0.5111028,0,0.4,S,1.6
30,1,0.7745703,0,0.2,S,2.1
30,1,1.1694018,1,0.8,S,2.1
30,1,0.3759986,1,0.8,S,1.6
30,1,1.0670392,0,0.5,S,1.9
30,1,1.3444527,0,0.8,S,1.4
30,1,0.7551879,0,0.3,S,1.6
30,1,0.3310664,1,0.7,S,1.8
30,1,0.7759806,0,0.4,S,2.1
30,1,0.8724427,1,0.4,S,1.4
30,1,0.5018568,1,0.6,S,1.4
30,1,0.5331697,0,0.3,S,0.9
30,1,0.4851759,0,0.5,S,1.4
30,1,1.21507,0,0.5,S,2.1
30,1,0.5811763,0,0.4,S,1.3
30,1,0.6891361,0,0.4,S,1.8
30,1,0.5523203,0,0.2,S,1.4
30,1,0.4870287,1,0.6,S,1.3
30,1,0.4851194,1,0.5,S,0.9
30,1,0.4331419,1,0.6,S,1.8
30,1,1.087256,0,0.4,S,1.1
30,1,0.5882973,0,0.5,S,0.9
30,1,0.6752958,1,0.6,S,1.9
30,1,0.4172107,1,0.7,S,1.6
30,1,1.1852026,1,0.8,S,1.6
30,1,0.5688383,1,0.7,S,1.1
30,1,0.741093,0,0.7,S,1.3
30,1,1.3983268,1,0.5,S,2.1
30,1,0.4652874,1,0.7,S,1.9
30,1,1.2971615,1,0.6,S,2.3
30,1,0.3361593,1,0.7,S,2.1
30,1,0.6208306,1,0.5,S,1.3
30,1,0.3569649,1,0.8,S,1.1
30,1,0.6229328,0,0.3,S,1.8
30,1,1.8232594,1,0.5,S,1.3
30,1,0.8140094,1,0.7,S,2.1
30,1,1.5032796,0,0.5,S,2.1
30,2,1.4219106,1,0.4,S,1.1
30,2,0.6752304,0,0.3,S,1.6
30,2,0.4849695,1,0.5,S,2.3
30,2,0.3172905,1,0.8,S,1.9
30,2,0.9191834,0,0.5,S,2.3
30,2,0.3192628,0,0.3,S,1.3
30,2,0.7318026,0,0.2,S,1.4
30,2,1.1665522,1,0.6,S,2.3
30,2,0.3222479,1,0.8,S,1.9
30,2,0.5221276,0,0.3,S,1.9
30,2,0.614063,0,0.2,S,1.3
30,2,0.4669324,0,0.2,S,1.1
30,2,0.2733562,1,0.8,S,2.3
30,2,0.9942119,1,0.6,S,1.6
30,2,0.4610269,0,0.4,S,1.1
30,2,0.5090742,1,0.7,S,1.3
30,2,0.3621615,0,0.4,S,1.1
30,2,0.3341381,1,0.7,S,1.9
30,2,1.7389635,0,0.6,S,1.1
30,2,0.5300867,0,0.3,S,1.6
30,2,0.5841647,0,0.4,S,2.3
30,2,0.4300698,0,0.3,S,2.1
30,2,0.5281673,0,0.2,S,1.4
30,2,0.4212343,1,0.7,S,1.4
30,2,0.7065739,0,0.7,S,2.3
30,2,0.8157094,1,0.7,S,1.6
30,2,0.4330741,0,0.4,S,0.9
30,2,0.4249527,1,0.7,S,1.6
30,2,0.4958065,0,0.2,S,2.1
30,2,0.7690823,1,0.7,S,1.1
30,2,0.4525516,0,0.2,S,1.3
30,2,1.2173973,0,0.5,S,1.6
30,2,0.5200143,0,0.4,S,1.1
30,2,0.5684867,0,0.4,S,1.8
30,2,0.3600255,0,0.2,S,1.8
30,2,0.489758,0,0.6,S,1.3
30,2,0.3339881,1,0.8,S,1.6
30,2,0.4722065,0,0.3,S,1.9
30,2,0.3702736,1,0.8,S,0.9
30,2,0.5250482,0,0.2,S,1.1
30,2,0.3642338,0,0.4,S,2.3
30,2,0.8555295,0,0.8,S,1.6
30,2,0.3618987,0,0.5,S,1.9
30,2,0.4280718,1,0.6,S,1.6
30,2,2.264899,1,0.7,S,2.1
30,2,0.8468792,0,0.2,S,1.1
30,2,0.4858441,0,0.3,S,1.9
30,2,0.6155103,1,0.5,S,1.8
30,2,0.3344038,1,0.7,S,1.1
30,2,0.2739683,1,0.8,S,1.8
30,2,1.2672281,1,0.7,S,1.1
30,2,1.0072535,1,0.4,S,1.1
30,2,0.300255,1,0.8,S,1.4
30,2,1.0370356,0,0.4,S,1.3
30,2,0.8781419,0,0.6,S,1.4
30,2,0.9079209,1,0.7,S,1.1
30,2,0.7080836,0,0.5,S,1.3
30,2,0.5112389,0,0.3,S,0.9
30,2,0.9668941,1,0.5,S,1.4
30,2,2.3749169,1,0.7,S,2.1
30,2,0.2779119,1,0.8,S,1.4
30,2,0.4221885,0,0.2,S,1.9
30,2,0.3261558,1,0.7,S,1.6
30,2,0.799113,0,0.4,S,1.9
30,2,0.578428,1,0.6,S,1.4
30,2,1.0960206,0,0.5,S,1.4
30,2,0.4982713,1,0.5,S,1.9
30,3,1.4740578,1,0.5,S,2.3
30,3,1.7012865,0,0.2,S,0.9
30,3,0.4837394,1,0.6,S,2.1
30,3,0.2593974,1,0.8,S,1.9
30,3,0.6808376,0,0.3,S,1.6
30,3,0.3050158,1,0.7,S,1.8
30,3,0.5158593,1,0.7,S,0.9
30,3,1.1600304,1,0.3,S,1.9
30,3,2.429905,0,0.2,S,2.1
30,3,0.3820979,1,0.7,S,2.3
30,3,0.4434599,1,0.2,S,2.3
30,3,1.0691374,0,0.4,S,1.4
30,3,0.6971264,0,0.3,S,0.9
30,3,0.5498786,1,0.7,S,1.4
30,3,0.3839015,1,0.6,S,1.1
30,3,0.3355883,1,0.6,S,1.3
30,3,0.6920548,1,0.7,S,1.6
30,3,1.3881913,0,0.3,S,1.4
30,3,0.2770615,1,0.8,S,1.4
30,3,0.4101294,1,0.6,S,1.6
30,3,0.5210817,0,0.5,S,1.9
30,3,0.3985154,1,0.8,S,1.1
30,3,0.9050587,0,0.5,S,0.9
30,3,0.8211865,0,0.4,S,1.4
30,3,0.4537943,1,0.7,S,1.9
30,3,1.6009292,1,0.7,S,1.8
30,3,0.5871164,1,0.5,S,1.8
30,3,1.2503336,0,0.7,S,0.9
30,3,0.4901861,1,0.5,S,1.3
30,3,0.5909409,0,0.3,S,1.3
30,3,0.3050621,0,0.5,S,1.8
30,3,0.5512046,0,0.2,S,0.9
30,3,0.5110499,0,0.2,S,1.4
30,3,0.6013046,0,0.2,S,2.1
30,3,0.516112,0,0.3,S,2.3
30,3,0.1454743,1,0.8,S,1.9
30,3,0.6282244,0,0.3,S,1.4
30,3,1.8771613,1,0.7,S,2.3
30,3,0.3713087,1,0.8,S,1.4
30,3,0.5489491,1,0.6,S,1.4
30,3,0.2603742,1,0.7,S,2.3
30,3,0.7379185,0,0.4,S,1.3
30,3,0.4204021,0,0.4,S,1.1
30,3,1.3640878,1,0.6,S,1.4
30,3,0.3252634,1,0.5,S,1.9
30,3,0.7584373,0,0.4,S,1.3
30,3,1.1524718,1,0.6,S,1.3
30,3,0.4005392,1,0.6,S,1.3
30,3,0.6791909,0,0.2,S,1.1
30,3,0.8249823,0,0.4,S,1.3
30,3,0.816133,1,0.6,S,0.9
30,3,0.5569629,0,0.4,S,1.3
30,3,1.1499474,0,0.4,S,0.9
30,3,0.3178871,1,0.8,S,1.6
30,3,0.5978316,0,0.4,S,1.4
30,3,0.2570049,1,0.8,S,1.9
30,3,0.5992196,0,0.4,S,1.8
30,3,1.4471933,0,0.2,S,1.9
30,3,0.4179155,0,0.2,S,1.1
30,3,0.80834,1,0.6,S,2.1
30,3,0.226371,1,0.8,S,1.8
30,3,0.9950849,0,0.2,S,1.3
30,3,0.3765861,0,0.4,S,1.9
30,3,0.4643211,0,0.3,S,1.1
30,3,0.2783627,1,0.8,S,1.4
30,3,0.6677264,0,0.3,S,2.3
30,3,0.3231085,1,0.5,S,0.9
30,3,0.6820902,0,0.4,S,0.9
30,3,0.8618339,1,0.5,S,2.3
30,3,0.2677304,1,0.6,S,0.9
30,3,0.3743095,1,0.6,S,1.1
30,3,0.5616455,0,0.4,S,0.9
30,3,0.305136,1,0.6,S,2.3
30,3,0.7344556,1,0.8,S,1.8
30,3,0.5233515,0,0.2,S,1.8
30,4,0.9100122,0,0.2,S,1.8
30,4,0.9611896,1,0.5,S,2.3
30,4,0.2722537,1,0.5,S,1.4
30,4,1.1551488,1,0.7,S,1.9
30,4,0.3113014,1,0.6,S,1.6
30,4,0.6070274,0,0.2,S,2.3
30,4,0.4321352,0,0.2,S,1.8
30,4,1.0428188,1,0.5,S,1.1
30,4,0.2931687,1,0.5,S,1.6
30,4,0.3191363,1,0.6,S,2.1
30,4,0.6059304,1,0.6,S,1.6
30,4,1.319217,0,0.3,S,1.9
30,4,0.2190349,1,0.8,S,2.3
30,4,0.3311605,1,0.5,S,1.1
30,4,0.4780248,0,0.3,S,1.6
30,4,1.0912053,1,0.4,S,1.4
30,4,0.4500554,1,0.7,S,1.8
30,4,0.1913278,1,0.7,S,1.3
30,4,0.827043,1,0.7,S,2.1
30,4,0.4750669,0,0.5,S,1.6
30,4,0.5821272,0,0.4,S,1.6
30,4,0.6261273,1,0.4,S,2.3
30,4,0.3762061,1,0.8,S,1.1
30,4,0.447872,1,0.8,S,1.4
30,4,0.3522141,1,0.6,S,1.1
30,4,0.780782,1,0.4,S,1.8
30,4,0.4681339,0,0.3,S,1.3
30,4,0.2741479,0,0.3,S,1.9
30,4,0.1912448,1,0.8,S,0.9
30,4,0.4284934,0,0.5,S,1.8
30,4,1.0488845,0,0.2,S,1.6
30,4,0.4520191,0,0.4,S,1.9
30,4,0.6618075,1,0.7,S,1.9
30,4,0.620393,1,0.6,S,1.8
30,4,0.4421314,0,0.2,S,1.4
30,4,0.4073913,0,0.2,S,2.3
30,4,0.4582034,1,0.7,S,1.8
30,4,0.2371384,1,0.6,S,1.3
30,4,0.2930481,1,0.5,S,1.4
30,4,1.0501875,0,0.4,S,2.1
30,4,0.9408661,1,0.7,S,1.9
30,4,0.6660243,1,0.8,S,1.8
30,4,0.5997633,0,0.3,S,2.3
30,4,0.3791111,0,0.2,S,0.9
30,4,0.4105631,0,0.4,S,0.9
30,4,0.6021345,0,0.2,S,1.8
30,4,0.3071829,0,0.5,S,2.3
30,4,0.6023097,0,0.3,S,2.1
30,4,0.7182038,0,0.3,S,2.3
30,4,0.2719884,1,0.8,S,1.9
30,4,0.2312955,1,0.8,S,2.3
30,4,0.7018854,0,0.4,S,0.9
30,4,0.2809065,1,0.7,S,1.4
30,4,0.6936582,0,0.3,S,1.9
30,4,1.069056,1,0.8,S,1.6
30,4,0.3861776,1,0.4,S,1.1
30,4,0.7110388,0,0.3,S,1.8
30,4,0.5790575,1,0.7,S,1.1
30,4,1.5179936,1,0.5,S,1.8
30,4,0.7068713,1,0.6,S,2.3
30,4,1.4622063,0,0.4,S,0.9
30,4,0.4602801,0,0.3,S,2.3
30,4,0.3652272,0,0.3,S,1.9
30,4,0.4952671,0,0.2,S,1.9
30,4,0.2549815,1,0.6,S,1.6
30,4,0.5671426,0,0.2,S,1.9
30,4,0.405799,0,0.6,S,1.3
30,4,0.6423018,0,0.4,S,1.4
30,4,0.5142945,0,0.3,S,1.6
30,4,0.8962198,0,0.4,S,1.4
30,4,0.6093431,1,0.8,S,0.9
31,1,0.6726868,0,0.3,S,2.1
31,1,0.3349433,1,0.7,S,1.6
31,1,0.3487972,1,0.8,S,1.4
31,1,0.3218929,1,0.7,S,1.6
31,1,0.5516854,0,0.2,S,1.3
31,1,1.7115134,0,0.5,S,1.8
31,1,1.8756638,1,0.5,S,2.3
31,1,1.2667262,1,0.5,S,2.1
31,1,0.3577676,1,0.6,S,2.1
31,1,0.3396353,1,0.8,S,1.3
31,1,0.5537097,0,0.2,S,2.3
31,1,0.5695262,1,0.5,S,1.1
31,1,0.8129328,1,0.6,S,1.3
31,1,0.421552,1,0.8,S,1.1
31,1,0.6767366,0,0.4,S,1.8
31,1,0.5087508,0,0.5,S,1.4
31,1,1.9315325,1,0.8,S,2.1
31,1,0.3803426,1,0.8,S,2.3
31,1,0.8188677,1,0.8,S,1.8
31,1,0.3866715,1,0.6,S,1.1
31,1,1.3518093,1,0.6,S,1.1
31,1,1.1316866,0,0.4,S,2.1
31,1,1.3296881,1,0.8,S,1.4
31,1,0.696859,0,0.3,S,1.4
31,1,0.4408628,1,0.6,S,1.3
31,1,0.3749644,1,0.6,S,1.3
31,1,0.5157317,1,0.5,S,1.6
31,1,1.598847,0,0.5,S,1.3
31,1,0.2864177,1,0.7,S,1.1
31,1,0.5268718,0,0.2,S,1.6
31,1,0.3583739,1,0.8,S,2.1
31,1,0.6746003,0,0.4,S,1.1
31,1,0.3608332,1,0.8,S,0.9
31,1,0.622914,0,0.4,S,1.4
31,1,1.4936348,1,0.6,S,1.3
31,1,0.8013357,1,0.6,S,1.9
31,1,0.8687089,1,0.5,S,1.1
31,1,0.389764,1,0.6,S,1.1
31,1,0.5816977,0,0.3,S,1.3
31,1,1.24575,0,0.6,S,1.9
31,1,0.5576193,0,0.3,S,1.8
31,1,1.5828686,0,0.7,S,1.6
31,1,0.9196079,0,0.4,S,0.9
31,1,0.9127327,0,0.7,S,1.1
31,1,0.9068426,0,0.5,S,1.9
31,1,0.4889616,1,0.8,S,0.9
31,1,0.4847863,1,0.7,S,1.8
31,1,0.4847836,1,0.5,S,1.3
31,1,0.5398027,1,0.6,S,2.3
31,1,0.4867606,1,0.7,S,1.9
31,1,0.827702,0,0.2,S,2.3
31,1,0.5668184,0,0.2,S,1.8
31,1,0.4876183,0,0.2,S,1.4
31,1,0.6358096,0,0.2,S,2.3
31,1,0.4817841,0,0.5,S,1.6
31,1,0.4476711,0,0.3,S,1.6
31,1,0.612976,0,0.3,S,0.9
31,1,0.5009623,1,0.6,S,1.8
31,1,0.742785,1,0.7,S,0.9
31,1,0.3407911,1,0.8,S,1.8
31,1,0.4888377,1,0.5,S,0.9
31,1,0.389659,1,0.7,S,1.3
31,1,0.3666985,1,0.6,S,1.1
31,1,0.4349819,0,0.4,S,0.9
31,1,0.3907671,1,0.8,S,2.3
31,1,0.5167801,0,0.3,S,1.4
31,1,0.9678717,1,0.7,S,2.3
31,1,0.6207972,0,0.3,S,1.6
31,1,1.4957364,1,0.7,S,0.9
31,1,0.517775,0,0.4,S,1.4
31,1,0.5414559,0,0.8,S,2.1
31,1,0.5550602,1,0.7,S,2.1
31,1,1.0207882,1,0.7,S,1.4
31,2,0.4954885,1,0.8,S,1.6
31,2,0.3585747,1,0.6,S,0.9
31,2,0.8990416,0,0.3,S,2.1
31,2,2.1652843,1,0.5,S,0.9
31,2,0.9628974,0,0.3,S,1.6
31,2,0.7038031,0,0.3,S,1.3
31,2,0.5583645,0,0.2,S,1.8
31,2,1.0152223,1,0.4,S,0.9
31,2,0.612826,0,0.3,S,1.6
31,2,0.394652,1,0.8,S,1.6
31,2,0.5107413,0,0.2,S,1.4
31,2,0.3824387,1,0.7,S,1.1
31,2,0.9668962,1,0.6,S,1.4
31,2,1.0270872,0,0.8,S,1.8
31,2,0.6078335,1,0.6,S,1.1
31,2,0.8026748,0,0.4,S,0.9
31,2,0.4988192,1,0.5,S,1.8
31,2,0.55077,0,0.2,S,1.4
31,2,0.5667771,0,0.3,S,2.3
31,2,0.5317493,0,0.4,S,1.1
31,2,0.574828,0,0.3,S,1.9
31,2,0.5048959,0,0.2,S,2.3
31,2,1.0605927,0,0.4,S,0.9
31,2,0.508546,0,0.2,S,1.4
31,2,1.1013271,0,0.4,S,1.6
31,2,0.4718244,0,0.4,S,2.1
31,2,0.3706873,1,0.8,S,1.9
31,2,0.4275907,0,0.4,S,1.4
31,2,0.4558267,0,0.2,S,2.1
31,2,1.2684813,1,0.6,S,1.1
31,2,0.4184992,1,0.8,S,2.1
31,2,0.497747,0,0.3,S,1.3
31,2,1.0136933,0,0.3,S,1.1
31,2,0.9348637,0,0.3,S,1.9
31,2,0.4593509,1,0.6,S,1.4
31,2,0.3568543,1,0.8,S,1.3
31,2,0.7128611,0,0.3,S,1.3
31,2,0.6746185,0,0.2,S,2.3
31,2,0.4386025,0,0.3,S,2.3
31,2,0.5729333,0,0.6,S,0.9
31,2,0.8807639,1,0.6,S,0.9
31,2,0.4175167,0,0.5,S,0.9
31,2,0.4289792,0,0.4,S,1.8
31,2,1.4749564,0,0.5,S,1.6
31,2,0.5180175,0,0.2,S,1.4
31,2,0.3367817,1,0.6,S,1.8
31,2,0.5797465,0,0.4,S,1.3
31,2,0.9589768,0,0.7,S,0.9
31,2,1.1805533,0,0.4,S,2.3
31,2,0.5188344,0,0.4,S,1.8
31,2,0.4548465,1,0.6,S,1.8
31,2,0.5285558,0,0.4,S,1.9
31,2,1.3078256,1,0.6,S,1.4
31,2,0.4918196,1,0.5,S,0.9
31,2,0.4547357,1,0.8,S,1.3
31,2,0.5737657,0,0.4,S,1.4
31,2,1.0990777,0,0.6,S,1.6
31,2,0.9527509,0,0.6,S,1.6
31,2,0.5307591,0,0.2,S,2.1
31,2,0.4249603,1,0.8,S,1.1
31,2,1.2134358,0,0.6,S,2.1
31,2,0.4585349,0,0.3,S,1.3
31,2,0.7098019,1,0.7,S,1.9
31,2,0.7669815,0,0.5,S,1.4
31,2,0.6808331,0,0.3,S,1.6
31,2,0.4407405,0,0.3,S,1.6
31,2,0.492726,0,0.4,S,1.3
31,2,0.492589,0,0.3,S,1.8
31,2,1.1717051,1,0.6,S,1.8
31,2,0.2817322,1,0.8,S,1.9
31,2,0.9798643,0,0.7,S,1.3
31,2,0.991863,0,0.5,S,2.3
31,2,0.3679477,0,0.4,S,2.1
31,2,0.7458605,0,0.6,S,2.3
31,3,1.4647526,1,0.7,S,0.9
31,3,0.3549898,0,0.4,S,2.3
31,3,0.5049251,0,0.4,S,2.1
31,3,0.7436082,0,0.4,S,1.1
31,3,0.5125497,0,0.2,S,2.1
31,3,0.625564,0,0.3,S,1.1
31,3,0.6858228,0,0.5,S,2.1
31,3,0.3898259,0,0.5,S,1.6
31,3,1.2688277,0,0.6,S,2.3
31,3,1.2676933,1,0.7,S,1.3
31,3,0.8388401,0,0.5,S,0.9
31,3,0.4347217,0,0.4,S,1.9
31,3,0.5817533,0,0.3,S,0.9
31,3,1.3228585,1,0.7,S,1.8
31,3,0.4298101,1,0.8,S,0.9
31,3,0.6558197,0,0.4,S,1.3
31,3,0.372734,1,0.7,S,2.1
31,3,0.7425746,0,0.7,S,1.3
31,3,1.5227144,0,0.3,S,1.4
31,3,0.8455818,1,0.6,S,2.3
31,3,0.3759415,1,0.7,S,1.3
31,3,0.5867965,0,0.3,S,1.9
31,3,0.4468762,0,0.3,S,1.3
31,3,1.5935171,0,0.6,S,1.8
31,3,0.3825319,1,0.8,S,1.1
31,3,1.2175603,0,0.7,S,2.1
31,3,0.4376927,0,0.3,S,1.3
31,3,0.4259603,1,0.8,S,0.9
31,3,0.4535977,0,0.3,S,1.3
31,3,0.481956,1,0.8,S,1.8
31,3,0.66171,0,0.7,S,1.4
31,3,0.3657035,0,0.6,S,1.9
31,3,0.7009432,0,0.6,S,1.9
31,3,0.7060568,0,0.5,S,2.3
31,3,0.3719017,0,0.4,S,1.4
31,3,0.3506884,0,0.4,S,1.8
31,3,0.4457279,0,0.2,S,1.3
31,3,0.3569181,1,0.7,S,0.9
31,3,0.5087999,0,0.2,S,2.1
31,3,0.4467809,0,0.3,S,1.9
31,3,0.4956056,0,0.2,S,1.9
31,3,0.4587364,1,0.6,S,2.3
31,3,0.4698894,1,0.6,S,1.4
31,3,0.4187054,1,0.8,S,0.9
31,3,0.4418402,1,0.5,S,1.6
31,3,0.1299995,0,0.8,S,1.1
31,3,0.5798494,0,0.5,S,1.9
31,3,0.5277392,0,0.5,S,1.1
31,3,0.426576,0,0.2,S,1.6
31,3,0.4806861,0,0.8,S,2.3
31,3,0.8285822,0,0.5,S,1.3
31,3,0.9737438,0,0.5,S,1.1
31,3,1.3367502,0,0.5,S,1.6
31,3,0.4685301,0,0.6,S,1.6
31,3,0.5919028,0,0.6,S,2.1
31,3,0.4777391,0,0.3,S,1.3
31,3,0.5569568,0,0.2,S,2.1
31,3,1.641666,0,0.6,S,1.3
31,3,0.6727338,0,0.6,S,1.6
31,3,0.4706084,1,0.8,S,1.8
31,3,0.5180685,0,0.2,S,1.1
31,3,0.8046294,0,0.4,S,1.4
31,3,0.3870342,1,0.8,S,1.3
31,3,2.2550287,1,0.7,S,0.9
31,3,0.3999002,0,0.2,S,1.1
31,3,0.4486781,0,0.3,S,1.3
31,3,0.371677,0,0.4,S,1.8
31,3,0.3776218,0,0.3,S,1.8
31,3,1.6167912,0,0.8,S,1.8
31,3,0.4178819,0,0.6,S,1.9
31,3,0.8326407,0,0.7,S,1.9
31,3,0.3408713,0,0.4,S,2.1
31,3,1.1161374,0,0.8,S,1.6
31,3,0.5937599,0,0.5,S,2.3
31,3,0.2879126,1,0.8,S,2.3
31,3,0.8497944,1,0.4,S,1.4
31,4,0.333266,0,0.4,S,1.3
31,4,0.4596031,0,0.2,S,0.9
31,4,0.9924087,0,0.5,S,2.3
31,4,0.928745,0,0.6,S,1.4
31,4,0.5407068,0,0.2,S,0.9
31,4,0.3957766,0,0.2,S,1.8
31,4,0.5804671,0,0.6,S,1.6
31,4,0.4168773,0,0.3,S,1.6
31,4,0.3738477,0,0.3,S,2.3
31,4,0.6685414,0,0.4,S,1.1
31,4,0.8058004,0,0.8,S,2.1
31,4,0.3548499,0,0.5,S,1.9
31,4,0.45771,0,0.6,S,1.9
31,4,0.3828353,0,0.5,S,0.9
31,4,0.2128854,0,0.8,S,1.8
31,4,0.3845022,0,0.3,S,2.3
31,4,0.3059985,0,0.5,S,1.8
31,4,0.4887776,0,0.6,S,1.1
31,4,0.4778915,0,0.5,S,1.3
31,4,0.4417432,1,0.7,S,1.1
31,4,0.5734804,0,0.5,S,1.8
31,4,0.6155949,0,0.7,S,1.1
31,4,0.4086836,0,0.4,S,1.3
31,4,0.3575836,0,0.3,S,0.9
31,4,0.4159859,0,0.2,S,0.9
31,4,0.5071389,0,0.6,S,2.3
31,4,0.3780426,1,0.7,S,1.4
31,4,0.4220885,1,0.5,S,1.6
31,4,0.4409369,1,0.7,S,0.9
31,4,0.4468433,0,0.6,S,0.9
31,4,1.1676678,0,0.8,S,1.8
31,4,0.3866602,0,0.2,S,2.1
31,4,0.8905534,0,0.6,S,1.9
31,4,0.3488021,1,0.7,S,2.1
31,4,0.3827242,0,0.3,S,1.8
31,4,0.5705909,0,0.5,S,1.8
31,4,0.6095662,0,0.2,S,1.9
31,4,0.4019337,0,0.2,S,0.9
31,4,0.7129624,0,0.5,S,1.8
31,4,0.6507396,0,0.7,S,1.1
31,4,0.4199185,0,0.2,S,2.3
31,4,1.0488586,1,0.8,S,1.8
31,4,0.3787579,0,0.6,S,2.1
31,4,0.7347784,0,0.6,S,1.4
31,4,0.4258019,0,0.5,S,2.3
31,4,0.3686633,1,0.7,S,1.1
31,4,0.4997421,0,0.3,S,2.3
31,4,0.3826859,1,0.8,S,1.8
31,4,0.5878758,0,0.3,S,1.8
31,4,0.3832112,0,0.2,S,2.3
31,4,0.4406879,0,0.4,S,0.9
31,4,0.5987907,0,0.6,S,0.9
31,4,0.4698325,0,0.2,S,2.1
31,4,0.3568401,0,0.4,S,1.3
31,4,0.3916898,1,0.8,S,1.1
31,4,0.4007268,0,0.2,S,1.3
31,4,1.7614578,0,0.6,S,0.9
31,4,0.39968,0,0.4,S,1.1
31,4,0.4959349,0,0.6,S,2.3
31,4,0.3808117,0,0.3,S,1.8
31,4,2.3769351,0,0.6,S,2.1
31,4,0.4389056,1,0.7,S,1.4
31,4,0.5249038,0,0.2,S,1.8
31,4,0.4798735,0,0.4,S,1.9
31,4,0.6856652,0,0.6,S,2.1
31,4,0.396808,0,0.3,S,1.6
31,4,0.3447985,0,0.4,S,0.9
31,4,1.2907978,0,0.6,S,0.9
31,4,0.5338923,1,0.4,S,1.6
31,4,0.6207482,0,0.3,S,1.9
31,4,1.2647055,0,0.6,S,2.1
31,4,0.7297769,0,0.5,S,1.6
31,4,0.4050505,0,0.4,S,2.3
31,4,1.5030186,1,0.7,S,1.6
31,4,0.7809319,0,0.7,S,1.8
31,4,0.6195877,1,0.6,S,0.9
31,4,0.6747869,1,0.6,S,1.9
31,4,2.4708603,1,0.6,S,1.9
32,1,0.1782962,1,0.8,S,2.1
32,1,0.5838879,0,0.2,S,1.4
32,1,0.4582103,0,0.3,S,1.8
32,1,0.4159959,0,0.4,S,1.6
32,1,0.2168921,1,0.5,S,2.3
32,1,0.9052797,0,0.5,S,1.4
32,1,0.4818803,0,0.3,S,1.6
32,1,0.3708242,0,0.4,S,1.1
32,1,0.4714139,0,0.2,S,1.1
32,1,0.7807923,1,0.7,S,1.8
32,1,0.4873645,0,0.5,S,1.9
32,1,0.5227339,0,0.5,S,1.8
32,1,0.6919627,0,0.4,S,1.3
32,1,1.136015,1,0.5,S,2.3
32,1,0.5385234,1,0.7,S,1.9
32,1,0.8119004,1,0.4,S,2.1
32,1,0.4969844,0,0.3,S,1.3
32,1,0.7516127,1,0.6,S,1.6
32,1,0.4443815,1,0.6,S,2.1
32,1,0.6938014,0,0.5,S,0.9
32,1,0.5663358,0,0.5,S,0.9
32,1,0.6058806,0,0.4,S,1.9
32,1,0.3496929,1,0.7,S,1.3
32,1,0.2807021,1,0.6,S,2.3
32,1,0.4376509,0,0.2,S,1.6
32,1,0.7506643,0,0.5,S,1.8
32,1,0.3786985,1,0.7,S,1.9
32,1,0.9606852,0,0.4,S,0.9
32,1,0.0795873999999999,1,0.8,S,1.6
32,1,0.4558104,0,0.3,S,1.1
32,1,0.5398205,0,0.5,S,1.8
32,1,0.4737974,0,0.8,S,1.1
32,1,0.4508282,0,0.4,S,1.9
32,1,2.231214,1,0.8,S,0.9
32,1,1.4628266,0,0.4,S,1.8
32,1,0.5677795,0,0.5,S,1.3
32,1,0.8106664,0,0.7,S,2.3
32,1,0.4999794,1,0.8,S,1.1
32,1,0.3121716,1,0.7,S,2.1
32,1,1.1855873,0,0.5,S,2.1
32,1,0.4178651,0,0.4,S,1.9
32,1,0.1824814,1,0.8,S,1.8
32,1,0.1940316,1,0.8,S,1.3
32,1,0.6239889,0,0.2,S,1.1
32,1,0.6016568,0,0.4,S,1.4
32,1,0.5661933,0,0.7,S,1.8
32,1,0.4574639,0,0.8,S,1.9
32,1,0.4258599,0,0.3,S,2.3
32,1,0.5947,0,0.2,S,1.9
32,1,0.6480974,0,0.6,S,1.6
32,1,0.4456725,0,0.4,S,1.3
32,1,0.6029231,0,0.4,S,2.1
32,1,0.4520447,1,0.5,S,1.4
32,1,0.3317643,1,0.8,S,1.9
32,1,1.2696213,1,0.6,S,1.8
32,1,0.6283062,0,0.2,S,1.6
32,1,0.7761021,1,0.7,S,1.6
32,1,0.5757221,0,0.3,S,1.9
32,1,0.4237955,0,0.2,S,0.9
32,1,0.5078153,0,0.2,S,1.4
32,1,0.5188847,0,0.2,S,2.3
32,1,0.4708405,0,0.5,S,0.9
32,1,0.9066566,1,0.3,S,1.8
32,1,0.5056256,0,0.3,S,1.6
32,1,0.605068,0,0.3,S,1.9
32,1,0.9037106,1,0.3,S,1.3
32,1,1.891043,0,0.3,S,1.6
32,1,0.7236498,0,0.2,S,1.3
32,1,0.4199362,0,0.4,S,2.3
32,1,0.4598123,1,0.3,S,1.9
32,1,0.4977872,0,0.4,S,1.6
32,1,0.4228333,1,0.6,S,1.3
32,1,0.1645996,1,0.8,S,2.1
32,2,0.6137941,1,0.4,S,1.3
32,2,0.2616786,1,0.6,S,1.4
32,2,0.5366278,1,0.7,S,2.3
32,2,1.1456693,1,0.7,S,2.1
32,2,0.4805473,0,0.5,S,1.3
32,2,0.1094493,1,0.7,S,1.4
32,2,0.7285027,0,0.4,S,1.6
32,2,0.9165139,1,0.6,S,1.6
32,2,0.753947,1,0.7,S,2.1
32,2,1.3134689,0,0.3,S,1.3
32,2,0.1825477,1,0.7,S,1.6
32,2,0.9216416,0,0.5,S,2.1
32,2,0.6158474,0,0.4,S,1.6
32,2,0.9786116,0,0.4,S,1.4
32,2,0.1612011,1,0.7,S,1.3
32,2,1.2927515,1,0.7,S,1.3
32,2,0.2805049,1,0.5,S,2.3
32,2,0.0520105000000002,1,0.7,S,1.9
32,2,0.5677189,0,0.3,S,2.3
32,2,0.0879718,1,0.8,S,1.3
32,2,0.8304635,0,0.6,S,0.9
32,2,0.0957525000000001,1,0.8,S,2.3
32,2,0.76279,0,0.4,S,2.3
32,2,0.4566309,1,0.8,S,2.3
32,2,0.6174436,0,0.4,S,1.3
32,2,0.6809078,0,0.2,S,1.9
32,2,0.4564245,0,0.3,S,2.3
32,2,0.6829363,1,0.4,S,2.3
32,2,0.5255967,1,0.6,S,1.1
32,2,0.5157874,0,0.5,S,1.6
32,2,0.6887135,0,0.6,S,1.1
32,2,2.3886196,0,0.2,S,2.1
32,2,0.404559,1,0.7,S,1.1
32,2,0.6656526,0,0.3,S,1.6
32,2,0.613354,0,0.4,S,1.1
32,2,0.4075895,1,0.8,S,1.8
32,2,0.4312474,0,0.3,S,1.6
32,2,0.1901998,1,0.8,S,2.3
32,2,0.9535258,0,0.5,S,1.1
32,2,0.1058991,1,0.8,S,1.3
32,2,0.6956906,0,0.6,S,1.9
32,2,0.200857,1,0.4,S,2.1
32,2,0.6007664,0,0.2,S,2.1
32,2,0.7479701,1,0.7,S,2.1
32,2,0.4966518,1,0.6,S,2.3
32,2,0.6469143,0,0.4,S,1.4
32,2,0.5727564,0,0.3,S,2.3
32,2,0.5676528,0,0.3,S,2.3
32,2,0.7998921,0,0.7,S,1.9
32,2,0.6247708,0,0.3,S,1.6
32,2,0.5457337,0,0.2,S,1.9
32,2,0.9507428,0,0.5,S,1.6
32,2,0.5088889,0,0.3,S,2.3
32,2,0.4935287,0,0.2,S,1.8
32,2,0.2198657,1,0.6,S,1.9
32,2,0.9221634,0,0.3,S,2.1
32,2,1.2951325,0,0.6,S,1.4
32,2,0.1469357,1,0.5,S,1.6
32,2,0.5781934,0,0.4,S,1.6
32,2,0.4172913,1,0.4,S,1.6
32,2,0.494534,0,0.4,S,1.1
32,2,0.6108847,1,0.8,S,1.6
32,2,0.6451129,0,0.6,S,1.9
32,2,0.6595223,0,0.7,S,0.9
32,2,0.3938882,0,0.4,S,1.8
32,2,0.7269588,0,0.4,S,1.9
32,3,0.2891665,1,0.6,S,1.8
32,3,0.5876327,1,0.6,S,1.8
32,3,0.5347269,0,0.2,S,1.1
32,3,0.3579937,0,0.3,S,1.6
32,3,0.4809893,0,0.5,S,0.9
32,3,0.3737162,0,0.5,S,2.3
32,3,0.6639691,0,0.7,S,1.6
32,3,0.5836971,0,0.6,S,0.9
32,3,0.4516616,0,0.2,S,2.1
32,3,0.6695043,0,0.2,S,1.6
32,3,0.4017121,0,0.3,S,1.4
32,3,0.2903077,1,0.8,S,1.1
32,3,0.7095426,0,0.3,S,2.3
32,3,0.4848585,0,0.4,S,1.3
32,3,0.6258881,0,0.4,S,1.6
32,3,0.4958245,0,0.6,S,1.9
32,3,0.4222354,0,0.3,S,2.1
32,3,0.221009,0,0.6,S,2.1
32,3,0.3167962,0,0.4,S,2.1
32,3,0.4790808,0,0.3,S,1.1
32,3,1.0678577,1,0.6,S,1.6
32,3,0.4475257,1,0.8,S,1.4
32,3,0.4941215,0,0.6,S,1.3
32,3,0.3359461,0,0.5,S,1.9
32,3,0.5941122,0,0.4,S,1.3
32,3,0.6755229,0,0.2,S,1.6
32,3,0.4051665,1,0.8,S,1.6
32,3,0.5196706,0,0.3,S,0.9
32,3,0.3999504,0,0.6,S,2.1
32,3,0.4351536,1,0.6,S,0.9
32,3,0.3657834,0,0.3,S,1.3
32,3,0.870927,0,0.4,S,1.8
32,3,0.3466137,0,0.4,S,1.1
32,3,0.3567418,1,0.8,S,0.9
32,3,0.3282099,0,0.6,S,1.1
32,3,0.7006012,1,0.7,S,1.8
32,3,0.4936142,1,0.6,S,1.1
32,3,0.2966619,1,0.8,S,1.9
32,3,0.2250215,1,0.7,S,1.4
32,3,0.508479,0,0.3,S,2.1
32,3,0.5527968,0,0.7,S,2.1
32,3,0.5577749,0,0.7,S,0.9
32,3,0.6211572,0,0.3,S,2.3
32,3,0.4987925,0,0.2,S,0.9
32,3,0.3067067,0,0.4,S,1.4
32,3,0.7062368,0,0.3,S,1.1
32,3,0.6549175,0,0.3,S,1.4
32,3,0.2518322,1,0.5,S,2.3
32,3,0.5189883,0,0.2,S,1.1
32,3,0.6525852,1,0.5,S,1.6
32,3,0.2677932,1,0.5,S,0.9
32,3,0.0574494999999997,1,0.6,S,1.4
32,3,0.5767048,1,0.6,S,0.9
32,3,0.2659434,1,0.7,S,1.3
32,3,0.3580525,0,0.5,S,1.8
32,3,0.502632,0,0.3,S,1.9
32,3,0.2178824,1,0.8,S,1.8
32,3,0.5948758,1,0.7,S,2.1
32,3,0.5387342,0,0.3,S,1.6
32,3,0.0688274999999998,0,0.7,S,1.6
32,3,0.2079182,1,0.8,S,2.3
32,3,0.4746257,0,0.2,S,1.1
32,3,0.3176706,0,0.5,S,1.6
32,3,0.3530114,0,0.5,S,1.4
32,3,0.6384991,0,0.4,S,2.1
32,3,0.5093102,0,0.3,S,1.6
32,4,0.4740429,1,0.7,S,1.3
32,4,0.9030793,0,0.3,S,1.4
32,4,0.5017044,0,0.2,S,1.4
32,4,0.5633182,0,0.4,S,2.3
32,4,0.4481992,0,0.3,S,1.1
32,4,0.4114645,0,0.5,S,1.1
32,4,0.8484211,1,0.7,S,1.8
32,4,0.4946697,0,0.3,S,0.9
32,4,0.5434032,0,0.6,S,2.1
32,4,0.7932086,0,0.5,S,1.3
32,4,0.477786,0,0.3,S,0.9
32,4,0.4787148,1,0.6,S,1.3
32,4,0.4700708,0,0.4,S,1.4
32,4,0.5766321,0,0.3,S,2.3
32,4,0.468451,0,0.6,S,1.6
32,4,0.5121459,1,0.6,S,0.9
32,4,0.4432455,0,0.6,S,1.6
32,4,1.4556965,1,0.8,S,1.4
32,4,0.5928383,0,0.5,S,1.6
32,4,0.4141948,1,0.6,S,0.9
32,4,0.4856241,0,0.4,S,2.3
32,4,0.3827334,0,0.4,S,2.3
32,4,0.4602797,0,0.7,S,2.1
32,4,0.8835738,0,0.3,S,1.4
32,4,0.3965983,0,0.3,S,1.6
32,4,0.8769202,0,0.2,S,2.3
32,4,0.2999742,1,0.7,S,1.1
32,4,0.5389259,1,0.8,S,2.3
32,4,0.3596242,1,0.6,S,1.1
32,4,1.9326654,0,0.3,S,1.1
32,4,0.6075825,0,0.3,S,1.4
32,4,0.8868859,1,0.7,S,1.8
32,4,0.5647552,0,0.2,S,2.1
32,4,1.1098396,0,0.2,S,1.4
32,4,0.6897567,0,0.5,S,1.9
32,4,0.2337603,1,0.7,S,0.9
32,4,0.1930018,1,0.7,S,2.1
32,4,0.729826,0,0.4,S,1.8
32,4,0.6718253,0,0.5,S,2.1
32,4,0.465747,0,0.2,S,1.9
32,4,0.8167881,0,0.6,S,2.3
32,4,0.4329042,0,0.2,S,1.8
32,4,0.6379569,0,0.5,S,1.1
32,4,0.6248625,0,0.4,S,1.8
32,4,0.6392852,1,0.5,S,1.8
32,4,0.4976996,1,0.7,S,1.4
32,4,0.7016323,1,0.6,S,1.1
32,4,1.2498869,0,0.2,S,0.9
32,4,0.8492189,0,0.2,S,0.9
32,4,0.68111,0,0.5,S,1.3
32,4,0.5490609,0,0.4,S,0.9
32,4,0.3939059,0,0.5,S,1.1
32,4,0.6020587,0,0.3,S,2.1
32,4,0.4476971,0,0.2,S,1.9
32,4,0.5037821,0,0.2,S,2.3
32,4,0.6384523,0,0.5,S,1.4
32,4,0.9302252,0,0.8,S,1.4
32,4,0.6641359,0,0.7,S,0.9
32,4,0.2930345,1,0.6,S,1.8
32,4,0.6769958,0,0.2,S,1.1
32,4,0.4860595,0,0.7,S,1.9
32,4,0.9688191,1,0.8,S,2.3
32,4,0.5310193,1,0.7,S,1.6
32,4,0.7547168,0,0.5,S,1.8
32,4,0.7557822,1,0.7,S,2.3
32,4,0.5776985,1,0.7,S,1.3
32,4,0.4690015,1,0.7,S,2.3
32,4,0.3478746,0,0.4,S,1.3
32,4,0.3079398,1,0.8,S,2.1
32,4,1.0470108,0,0.8,S,2.1
32,4,0.6546749,0,0.2,S,2.3
32,4,0.0909887999999999,1,0.7,S,1.3
32,4,1.0800469,0,0.4,S,1.8
32,4,0.334567,0,0.4,S,1.4
32,4,0.4731942,1,0.6,S,1.6
32,4,0.2967934,1,0.7,S,0.9
33,1,0.4200321,1,0.8,S,1.3
33,1,0.4340058,1,0.6,S,1.3
33,1,0.5160792,1,0.4,S,1.8
33,1,0.3625722,1,0.6,S,1.8
33,1,0.4924586,1,0.4,S,1.1
33,1,0.3003627,1,0.6,S,1.3
33,1,0.6912071,0,0.3,S,1.3
33,1,0.2049845,1,0.8,S,1.3
33,1,1.2165143,0,0.3,S,1.4
33,1,0.3969541,1,0.5,S,1.4
33,1,0.3294253,1,0.8,S,2.3
33,1,0.5596458,0,0.4,S,2.3
33,1,0.8477442,1,0.5,S,2.1
33,1,0.680052,0,0.4,S,1.8
33,1,0.7852319,1,0.5,S,2.3
33,1,1.3200652,0,0.5,S,1.9
33,1,0.5865681,0,0.2,S,1.4
33,1,0.592409,0,0.4,S,2.3
33,1,0.5902332,0,0.5,S,1.6
33,1,0.6852156,1,0.6,S,1.3
33,1,0.5083353,1,0.5,S,1.1
33,1,0.8024224,1,0.5,S,1.3
33,1,0.3717118,1,0.6,S,1.4
33,1,0.9295686,0,0.4,S,1.8
33,1,0.5684876,0,0.4,S,1.6
33,1,0.2933869,1,0.8,S,2.1
33,1,0.5355948,0,0.4,S,0.9
33,1,0.5772432,0,0.2,S,2.1
33,1,0.4502651,1,0.6,S,2.1
33,1,0.546971,1,0.7,S,1.8
33,1,0.3394907,1,0.7,S,1.8
33,1,0.5072716,1,0.5,S,2.3
33,1,0.5463947,0,0.2,S,2.3
33,1,0.6635087,1,0.6,S,0.9
33,1,0.3964667,1,0.7,S,2.3
33,1,0.8364466,1,0.5,S,2.1
33,1,0.4974633,0,0.4,S,1.6
33,1,0.5394426,0,0.2,S,1.1
33,1,0.4623754,1,0.6,S,1.1
33,1,0.5544697,0,0.2,S,0.9
33,1,0.5494713,0,0.2,S,1.9
33,1,0.9857327,1,0.6,S,1.9
33,1,0.9053234,1,0.5,S,2.3
33,1,0.6425054,0,0.4,S,0.9
33,1,0.798341,0,0.3,S,0.9
33,1,0.5515814,0,0.2,S,0.9
33,1,0.6874767,0,0.4,S,1.6
33,1,0.7161437,0,0.4,S,1.1
33,1,0.4715022,1,0.6,S,1.9
33,1,0.5156735,0,0.3,S,1.4
33,1,0.573441,0,0.3,S,2.1
33,1,0.3526423,1,0.8,S,1.9
33,1,0.3152573,1,0.7,S,1.3
33,1,0.5793645,0,0.3,S,1.1
33,1,0.8114286,0,0.4,S,0.9
33,1,0.7034908,1,0.5,S,1.8
33,1,0.7450384,1,0.5,S,2.3
33,1,0.7763088,1,0.5,S,1.3
33,1,0.6082394,0,0.4,S,1.9
33,1,0.7267415,0,0.5,S,2.1
33,1,0.4332388,1,0.6,S,1.1
33,1,0.3355589,1,0.7,S,1.6
33,1,0.6197932,0,0.2,S,1.4
33,1,0.455224,0,0.4,S,2.3
33,1,0.4318063,1,0.5,S,1.6
33,1,0.3864406,1,0.7,S,1.4
33,1,0.6454611,1,0.5,S,2.3
33,1,0.3785095,1,0.7,S,1.1
33,1,0.9885177,1,0.3,S,1.1
33,2,1.0132424,0,0.4,S,2.1
33,2,0.5373474,0,0.2,S,1.9
33,2,0.5024352,0,0.2,S,2.3
33,2,0.6752459,0,0.2,S,1.8
33,2,0.5623919,1,0.6,S,1.1
33,2,0.3512773,1,0.8,S,1.3
33,2,0.8501951,0,0.2,S,2.3
33,2,0.4315287,1,0.6,S,1.1
33,2,0.6225099,1,0.7,S,1.9
33,2,0.415294,1,0.7,S,1.6
33,2,0.4120015,1,0.8,S,1.8
33,2,0.3393401,1,0.8,S,2.1
33,2,1.3734007,0,0.6,S,0.9
33,2,1.3990401,1,0.7,S,1.6
33,2,0.57216,1,0.7,S,2.3
33,2,0.9822745,1,0.8,S,1.1
33,2,0.8182362,0,0.4,S,1.9
33,2,0.6174127,0,0.4,S,1.9
33,2,0.5413726,1,0.8,S,2.1
33,2,0.8904403,0,0.2,S,2.1
33,2,0.8213728,0,0.3,S,1.8
33,2,0.8100435,0,0.2,S,2.1
33,2,0.7341941,1,0.6,S,1.3
33,2,0.7112375,0,0.3,S,1.1
33,2,0.3684012,1,0.8,S,2.1
33,2,0.7094697,0,0.3,S,1.3
33,2,0.4035156,1,0.8,S,1.4
33,2,0.7411081,0,0.3,S,1.8
33,2,0.4772464,1,0.7,S,1.8
33,2,0.6485219,0,0.2,S,1.8
33,2,0.3986164,1,0.8,S,1.6
33,2,0.5339877,0,0.4,S,1.6
33,2,0.6193734,0,0.4,S,1.3
33,2,0.5091589,1,0.6,S,2.1
33,2,0.6990591,0,0.5,S,1.4
33,2,0.4573279,1,0.7,S,0.9
33,2,0.6062636,1,0.6,S,2.3
33,2,0.5562378,0,0.3,S,1.8
33,2,1.2664739,1,0.8,S,1.1
33,2,1.0582448,1,0.6,S,1.1
33,2,0.732491,0,0.3,S,1.9
33,2,1.0202521,0,0.5,S,1.9
33,2,0.6442027,0,0.2,S,1.9
33,2,1.0535491,1,0.7,S,2.1
33,2,0.5923393,0,0.4,S,1.1
33,2,0.5824746,0,0.4,S,1.4
33,2,0.5132735,1,0.8,S,1.1
33,2,1.1344587,1,0.6,S,0.9
33,2,0.8995783,0,0.5,S,2.3
33,2,1.0583041,0,0.5,S,0.9
33,2,0.7356647,0,0.3,S,0.9
33,2,0.745413,1,0.7,S,1.9
33,2,0.7731864,0,0.4,S,1.4
33,2,0.7446129,0,0.4,S,0.9
33,2,0.955329,0,0.5,S,1.6
33,2,0.6423792,0,0.4,S,1.1
33,2,0.9244638,1,0.8,S,2.1
33,2,0.5912643,0,0.2,S,1.8
33,2,0.6143865,0,0.6,S,1.1
33,2,0.987392,0,0.6,S,0.9
33,2,0.4825535,0,0.3,S,1.8
33,2,0.4112838,1,0.8,S,2.1
33,2,0.5961216,0,0.6,S,1.8
33,2,0.5020208,0,0.5,S,1.8
33,2,0.9630757,0,0.8,S,1.1
33,2,0.4730265,0,0.4,S,1.4
33,2,0.5375786,0,0.3,S,1.6
33,2,0.5263847,0,0.3,S,0.9
33,2,0.5581732,0,0.2,S,2.1
33,3,0.5674713,0,0.3,S,1.3
33,3,0.5046802,0,0.2,S,2.3
33,3,0.5141262,0,0.3,S,1.3
33,3,0.5983753,0,0.2,S,2.3
33,3,0.5174027,1,0.7,S,1.8
33,3,0.5976162,0,0.5,S,1.3
33,3,0.7021778,1,0.7,S,0.9
33,3,0.4674629,0,0.5,S,0.9
33,3,1.1975023,1,0.5,S,1.4
33,3,1.1241982,0,0.6,S,1.3
33,3,0.6422889,1,0.6,S,2.1
33,3,0.8914029,0,0.3,S,1.6
33,3,0.4782819,0,0.3,S,1.6
33,3,0.554238,0,0.4,S,2.3
33,3,0.7464108,0,0.3,S,1.4
33,3,0.764224,1,0.7,S,2.1
33,3,0.4622254,1,0.8,S,1.3
33,3,0.6585829,0,0.2,S,2.1
33,3,1.521206,0,0.7,S,2.1
33,3,0.3805125,1,0.8,S,2.1
33,3,0.7283184,0,0.5,S,1.3
33,3,0.9469326,0,0.5,S,2.1
33,3,0.484693,1,0.7,S,1.4
33,3,0.8481269,1,0.5,S,1.4
33,3,0.7386321,0,0.2,S,1.3
33,3,0.6324046,0,0.4,S,1.8
33,3,0.4603421,0,0.3,S,1.4
33,3,0.5112541,1,0.5,S,2.3
33,3,0.4901262,0,0.4,S,1.4
33,3,0.939169,1,0.5,S,1.6
33,3,0.7342998,0,0.6,S,1.3
33,3,0.4503024,1,0.8,S,1.4
33,3,0.8001657,1,0.5,S,1.6
33,3,0.5862169,0,0.2,S,1.6
33,3,0.8714163,0,0.5,S,2.3
33,3,0.697943,0,0.4,S,0.9
33,3,0.4553856,1,0.8,S,2.1
33,3,0.6823039,0,0.6,S,2.3
33,3,0.6082466,0,0.2,S,1.8
33,3,0.5806835,1,0.8,S,0.9
33,3,0.4594361,1,0.7,S,1.1
33,3,0.7873149,1,0.5,S,1.4
33,3,0.4933189,0,0.3,S,1.1
33,3,0.4911874,0,0.5,S,1.9
33,3,0.7043785,0,0.2,S,1.6
33,3,0.6556025,1,0.7,S,0.9
33,3,0.4225063,1,0.7,S,1.1
33,3,0.6201462,0,0.3,S,1.1
33,3,1.0071219,1,0.8,S,2.1
33,3,0.6570749,0,0.2,S,2.1
33,3,0.624607,1,0.8,S,1.9
33,3,0.9467793,0,0.5,S,1.1
33,3,0.6791024,0,0.5,S,2.1
33,3,0.5714276,0,0.5,S,2.1
33,3,0.9957982,0,0.4,S,0.9
33,3,0.5687952,0,0.3,S,1.8
33,3,0.640123,1,0.7,S,1.6
33,3,0.5347617,0,0.5,S,1.8
33,3,0.4154,1,0.8,S,0.9
33,3,1.4538705,0,0.6,S,1.9
33,3,0.7981683,0,0.5,S,1.8
33,3,0.5106505,1,0.7,S,1.1
33,3,0.7811654,1,0.6,S,2.1
33,3,0.4362713,1,0.8,S,0.9
33,3,0.7323387,1,0.5,S,0.9
33,3,0.6942756,1,0.5,S,1.4
33,3,0.5815629,0,0.2,S,2.3
33,3,0.5894066,0,0.2,S,0.9
33,3,0.416438,0,0.4,S,1.3
33,3,0.5120654,0,0.2,S,1.3
33,3,0.4457281,0,0.7,S,1.3
33,3,0.5892164,0,0.3,S,2.3
33,3,0.4561084,0,0.4,S,1.9
33,3,0.3723881,0,0.4,S,2.3
33,3,0.4735588,1,0.8,S,1.3
33,3,0.5054315,0,0.2,S,1.3
33,3,0.6874847,0,0.7,S,1.1
33,4,0.5143024,0,0.2,S,1.6
33,4,0.424328,0,0.3,S,1.3
33,4,0.4524136,0,0.2,S,1.4
33,4,0.5643782,1,0.7,S,1.9
33,4,0.8344233,0,0.7,S,1.9
33,4,0.6273281,0,0.2,S,1.3
33,4,0.5793328,0,0.2,S,1.4
33,4,0.6663171,0,0.3,S,1.1
33,4,1.2333018,1,0.6,S,1.1
33,4,0.518344,0,0.3,S,1.6
33,4,0.4413215,0,0.3,S,1.8
33,4,0.3886462,0,0.4,S,2.1
33,4,0.7443279,0,0.5,S,1.9
33,4,1.0061905,0,0.4,S,2.1
33,4,0.551488,0,0.4,S,1.4
33,4,0.3862764,1,0.8,S,1.8
33,4,0.5153167,0,0.2,S,1.6
33,4,0.6061704,0,0.5,S,2.3
33,4,0.3891113,1,0.7,S,1.6
33,4,0.6413594,1,0.5,S,1.8
33,4,0.5207052,0,0.4,S,2.1
33,4,0.453527,0,0.2,S,0.9
33,4,0.4093632,1,0.7,S,2.1
33,4,0.3833543,1,0.7,S,1.4
33,4,0.4585854,0,0.3,S,2.3
33,4,0.5052154,1,0.7,S,1.3
33,4,0.3605715,0,0.3,S,1.3
33,4,0.4881354,0,0.3,S,1.6
33,4,0.4531343,0,0.5,S,2.1
33,4,0.4523264,1,0.8,S,1.1
33,4,0.4517701,1,0.7,S,1.8
33,4,0.596403,0,0.2,S,1.6
33,4,0.4422381,0,0.2,S,1.9
33,4,0.3943162,0,0.3,S,1.6
33,4,0.8224464,1,0.7,S,1.6
33,4,0.4544603,1,0.7,S,2.1
33,4,0.9276201,1,0.8,S,1.6
33,4,0.799661,0,0.7,S,2.1
33,4,0.4337599,1,0.7,S,1.6
33,4,0.4291817,0,0.3,S,2.1
33,4,0.479165,0,0.3,S,2.3
33,4,0.3192206,0,0.6,S,1.9
33,4,0.441452,0,0.5,S,1.1
33,4,0.3936021,0,0.4,S,1.6
33,4,0.5187069,0,0.4,S,1.6
33,4,0.4040373,0,0.4,S,1.1
33,4,0.4582817,0,0.2,S,1.4
33,4,0.3777292,1,0.8,S,1.6
33,4,0.3443042,1,0.8,S,1.3
33,4,0.3652978,0,0.5,S,1.9
33,4,0.6702815,1,0.6,S,1.9
33,4,0.6245266,0,0.4,S,1.4
33,4,0.4086264,0,0.4,S,1.6
33,4,0.4153114,0,0.2,S,1.3
33,4,0.3859233,0,0.4,S,1.3
33,4,0.4335908,0,0.5,S,2.1
33,4,0.2734522,0,0.5,S,1.4
33,4,0.414184,1,0.8,S,2.1
33,4,0.3920438,1,0.8,S,1.1
33,4,0.4014558,1,0.8,S,1.4
33,4,0.474067,0,0.6,S,1.8
33,4,0.3982954,0,0.4,S,2.1
33,4,0.5184483,1,0.5,S,1.6
33,4,0.4490914,0,0.2,S,1.3
33,4,0.4532987,1,0.6,S,1.3
33,4,0.6384745,0,0.4,S,0.9
33,4,0.4015253,0,0.3,S,2.1
33,4,0.3976653,1,0.8,S,1.6
33,4,0.3686499,1,0.7,S,1.8
33,4,0.6163479,0,0.4,S,1.3
33,4,0.2914916,1,0.8,S,1.4
33,4,0.6132924,0,0.4,S,1.1
33,4,0.3945168,1,0.8,S,1.4
33,4,0.5435523,0,0.3,S,1.8
33,4,0.4374593,0,0.2,S,0.9
34,1,0.2929462,1,0.8,S,1.6
34,1,0.5415877,0,0.3,S,2.1
34,1,0.9402273,1,0.6,S,1.3
34,1,1.0232372,0,0.4,S,1.4
34,1,0.2387519,1,0.7,S,0.9
34,1,0.434103,1,0.7,S,1.4
34,1,0.5185374,0,0.3,S,1.3
34,1,0.435282,0,0.3,S,1.6
34,1,0.7568236,0,0.5,S,1.8
34,1,0.3366303,1,0.7,S,1.9
34,1,0.6053512,1,0.6,S,1.9
34,1,0.5532243,1,0.8,S,1.6
34,1,0.6211259,0,0.5,S,2.3
34,1,1.0699837,1,0.5,S,1.4
34,1,0.2600004,1,0.8,S,1.9
34,1,0.6069831,0,0.2,S,1.9
34,1,0.6502617,0,0.2,S,1.1
34,1,0.7059203,0,0.5,S,1.3
34,1,0.7277267,0,0.2,S,1.8
34,1,1.0177184,0,0.5,S,2.3
34,1,0.4577071,1,0.4,S,1.1
34,1,0.8202389,0,0.4,S,1.9
34,1,0.6964184,1,0.4,S,1.6
34,1,1.0415718,1,0.6,S,0.9
34,1,0.4853426,0,0.3,S,1.1
34,1,1.1011476,0,0.3,S,1.4
34,1,0.5322873,0,0.3,S,1.3
34,1,0.8379553,1,0.5,S,2.1
34,1,0.5654391,0,0.3,S,1.6
34,1,0.4873884,1,0.6,S,2.1
34,1,0.4783455,0,0.4,S,1.4
34,1,0.7903265,0,0.3,S,1.1
34,1,0.5588209,1,0.7,S,0.9
34,1,0.6234778,1,0.6,S,1.1
34,1,0.521722,1,0.5,S,2.1
34,1,0.3867067,1,0.8,S,1.9
34,1,0.3441254,1,0.6,S,2.3
34,1,0.7634819,1,0.8,S,0.9
34,1,0.9313089,0,0.3,S,1.1
34,1,0.5849997,0,0.3,S,1.4
34,1,1.6819926,1,0.5,S,1.3
34,1,0.6230768,1,0.6,S,1.9
34,1,0.5749975,1,0.8,S,2.1
34,1,0.2684673,1,0.7,S,1.3
34,1,0.5606565,1,0.8,S,2.1
34,1,0.4035102,1,0.7,S,1.4
34,1,0.542722,0,0.2,S,2.1
34,1,0.5144289,1,0.7,S,2.1
34,1,0.5913639,1,0.7,S,2.1
34,1,1.5122086,0,0.2,S,1.8
34,1,0.5168964,0,0.3,S,0.9
34,1,0.3990625,1,0.5,S,1.1
34,1,0.6085418,1,0.7,S,1.8
34,1,0.2752559,1,0.8,S,0.9
34,1,0.3536396,1,0.8,S,1.3
34,1,0.2635358,1,0.8,S,2.1
34,1,0.4545973,1,0.6,S,1.9
34,1,0.4355372,1,0.8,S,2.1
34,1,1.1933318,1,0.8,S,2.3
34,1,1.0154513,0,0.5,S,0.9
34,1,0.4431212,1,0.5,S,2.3
34,1,0.5236726,0,0.4,S,1.6
34,1,0.9531255,0,0.5,S,1.9
34,1,1.0286871,1,0.3,S,1.6
34,1,0.5111363,0,0.3,S,0.9
34,1,0.6841838,1,0.8,S,1.4
34,1,0.664587,1,0.6,S,1.6
34,1,0.8544827,0,0.4,S,1.1
34,1,0.5137956,1,0.8,S,1.4
34,1,0.4076987,1,0.7,S,1.6
34,1,1.1746407,1,0.5,S,0.9
34,1,0.4063594,1,0.7,S,2.1
34,1,0.915475,1,0.5,S,2.3
34,1,0.4285729,1,0.6,S,2.3
34,1,0.8559584,0,0.3,S,1.6
34,1,0.6856216,1,0.6,S,1.3
34,1,0.5356608,1,0.5,S,1.9
34,1,0.2680779,1,0.8,S,1.8
34,1,0.3725548,1,0.7,S,1.6
34,1,0.5582412,0,0.2,S,1.9
34,2,0.5813727,1,0.5,S,1.8
34,2,0.5931863,0,0.4,S,2.3
34,2,0.6129156,0,0.2,S,1.4
34,2,0.8606299,0,0.2,S,0.9
34,2,1.2158929,0,0.3,S,1.9
34,2,0.7845603,0,0.3,S,1.3
34,2,0.8226566,0,0.3,S,1.9
34,2,0.7124703,1,0.8,S,1.9
34,2,0.451663,1,0.8,S,1.1
34,2,0.5180332,0,0.3,S,0.9
34,2,0.981143,1,0.4,S,2.3
34,2,1.0434874,1,0.8,S,2.3
34,2,0.8174665,1,0.7,S,1.8
34,2,1.0932212,0,0.4,S,2.3
34,2,1.2031703,1,0.6,S,0.9
34,2,0.5951149,1,0.6,S,1.8
34,2,0.5978226,0,0.2,S,0.9
34,2,0.7235544,1,0.4,S,1.1
34,2,0.5796634,0,0.3,S,2.3
34,2,0.5405542,0,0.3,S,2.1
34,2,1.1795617,1,0.7,S,1.1
34,2,1.6624598,0,0.4,S,1.3
34,2,0.9435786,1,0.5,S,2.1
34,2,0.9850579,0,0.3,S,1.8
34,2,0.477001,1,0.6,S,1.1
34,2,0.4762806,1,0.7,S,1.1
34,2,1.3232651,0,0.2,S,1.4
34,2,0.4384377,1,0.7,S,1.1
34,2,0.429235,1,0.6,S,1.3
34,2,1.3721824,0,0.4,S,1.6
34,2,0.6961302,0,0.2,S,1.1
34,2,0.3896554,1,0.7,S,1.1
34,2,0.4569833,1,0.6,S,1.1
34,2,0.4941534,1,0.5,S,1.1
34,2,1.2051457,1,0.6,S,1.9
34,2,0.6106161,0,0.4,S,1.6
34,2,0.5826456,1,0.8,S,2.1
34,2,1.0202062,0,0.3,S,1.1
34,2,1.405431,0,0.4,S,1.9
34,2,1.0601497,0,0.3,S,1.8
34,2,0.8077566,1,0.8,S,2.1
34,2,1.2659785,1,0.6,S,1.1
34,2,0.533446,1,0.8,S,1.9
34,2,0.934283,1,0.6,S,1.3
34,2,0.6815597,0,0.3,S,1.9
34,2,0.5048849,1,0.7,S,1.8
34,2,0.5970336,1,0.8,S,1.6
34,2,0.5781846,1,0.6,S,1.3
34,2,1.0545626,1,0.4,S,1.8
34,2,0.5395483,0,0.3,S,1.9
34,2,0.7960734,1,0.6,S,2.1
34,2,0.8941554,0,0.2,S,1.9
34,2,1.094666,1,0.8,S,1.3
34,2,0.7311035,0,0.3,S,2.3
34,2,0.7557781,0,0.5,S,1.4
34,2,2.2913903,1,0.5,S,1.6
34,2,0.7740453,0,0.2,S,1.3
34,2,1.2950454,1,0.7,S,1.8
34,2,0.8690943,0,0.4,S,1.4
34,2,1.2451204,0,0.3,S,1.6
34,2,1.4952262,1,0.6,S,1.1
34,2,0.5045196,1,0.6,S,0.9
34,2,0.5676241,1,0.5,S,1.9
34,2,1.1968343,1,0.5,S,1.1
34,2,0.9541386,1,0.5,S,1.1
34,2,0.7146185,1,0.6,S,1.8
34,2,0.49307,0,0.4,S,2.1
34,2,0.9501194,0,0.5,S,0.9
34,2,0.5341552,0,0.3,S,0.9
34,2,0.5461347,1,0.5,S,2.3
34,2,0.3776152,1,0.8,S,1.8
34,2,0.52663,1,0.7,S,0.9
34,2,1.0069308,0,0.2,S,1.3
34,2,0.6732144,0,0.2,S,1.1
34,2,0.8683934,1,0.5,S,1.9
34,3,0.2441135,1,0.8,S,1.3
34,3,0.3749657,1,0.4,S,2.1
34,3,0.6620795,0,0.2,S,1.4
34,3,0.4190013,1,0.8,S,2.3
34,3,0.7499591,0,0.2,S,1.8
34,3,0.7948513,1,0.2,S,1.9
34,3,1.102652,1,0.4,S,1.4
34,3,0.5361849,1,0.5,S,1.3
34,3,0.6214539,1,0.3,S,1.1
34,3,0.802456,0,0.3,S,1.8
34,3,1.0066002,0,0.2,S,2.3
34,3,0.7025863,1,0.5,S,2.1
34,3,0.7016505,0,0.3,S,2.1
34,3,0.5008263,1,0.7,S,1.9
34,3,0.3797775,1,0.8,S,0.9
34,3,0.4759588,1,0.8,S,1.8
34,3,0.7266185,0,0.2,S,1.1
34,3,0.7167047,0,0.3,S,2.1
34,3,0.6637652,0,0.2,S,2.1
34,3,0.3783963,1,0.8,S,2.3
34,3,0.6160085,1,0.4,S,1.1
34,3,0.7084023,0,0.2,S,1.3
34,3,0.6559173,0,0.3,S,1.6
34,3,0.875164,0,0.3,S,0.9
34,3,0.476176,1,0.8,S,1.1
34,3,0.8123225,0,0.4,S,1.9
34,3,1.8006598,0,0.3,S,1.3
34,3,0.4915563,1,0.7,S,2.1
34,3,0.4911691,1,0.5,S,1.9
34,3,0.7548185,0,0.2,S,1.3
34,3,0.3556318,1,0.7,S,2.1
34,3,0.4222926,1,0.5,S,0.9
34,3,0.5706079,1,0.7,S,1.3
34,3,0.766575,1,0.7,S,2.1
34,3,0.8482155,0,0.2,S,1.8
34,3,0.6517231,0,0.4,S,1.1
34,3,0.3724739,1,0.7,S,0.9
34,3,0.6469385,0,0.3,S,1.3
34,3,0.4010229,1,0.6,S,1.3
34,3,0.6318122,0,0.2,S,1.9
34,3,0.4228796,1,0.5,S,1.4
34,3,0.565383,0,0.2,S,1.6
34,3,0.690469,1,0.2,S,1.6
34,3,0.5131515,1,0.5,S,1.9
34,3,0.33765,1,0.7,S,1.1
34,3,0.571251,0,0.4,S,0.9
34,3,0.5543387,0,0.2,S,1.1
34,3,0.4695582,1,0.8,S,0.9
34,3,0.5471106,0,0.5,S,1.3
34,3,0.4157383,1,0.6,S,1.1
34,3,0.5547444,0,0.3,S,1.1
34,3,0.6091517,0,0.2,S,0.9
34,3,1.135955,0,0.4,S,1.6
34,3,1.0491185,1,0.4,S,2.1
34,3,0.9137537,0,0.5,S,2.3
34,3,0.7415118,0,0.4,S,1.6
34,3,0.4342135,1,0.7,S,1.4
34,3,1.0790046,1,0.4,S,2.1
34,3,0.4751622,1,0.6,S,1.3
34,3,0.4047753,1,0.5,S,2.1
34,3,0.6751877,0,0.4,S,1.3
34,3,0.3670069,1,0.8,S,0.9
34,3,0.4413353,1,0.6,S,1.1
34,3,1.4840742,0,0.2,S,1.9
34,3,0.4820976,0,0.3,S,1.4
34,3,0.3798855,1,0.7,S,1.4
34,3,0.9749254,1,0.8,S,0.9
34,3,0.6773409,0,0.4,S,1.8
34,3,0.3002118,1,0.8,S,1.4
34,3,2.028624,1,0.8,S,1.4
34,3,0.3338903,1,0.8,S,1.9
34,3,0.7562102,0,0.5,S,2.1
34,3,0.4634718,1,0.5,S,2.3
34,3,0.5797735,0,0.2,S,1.3
34,3,0.714613,1,0.6,S,1.9
34,3,0.5470718,0,0.2,S,2.3
34,3,0.6048741,0,0.4,S,0.9
34,3,0.8447448,0,0.4,S,1.4
34,4,0.4077455,1,0.8,S,1.8
34,4,0.3893649,1,0.4,S,1.6
34,4,0.5158717,1,0.5,S,1.3
34,4,0.2508305,1,0.7,S,1.8
34,4,0.2130841,1,0.8,S,1.4
34,4,0.4403844,1,0.6,S,2.3
34,4,0.9837857,0,0.2,S,2.3
34,4,0.4623192,1,0.6,S,1.1
34,4,0.7778172,0,0.2,S,2.3
34,4,0.5071927,1,0.8,S,1.3
34,4,0.5035038,1,0.8,S,1.6
34,4,0.2930983,1,0.7,S,2.3
34,4,1.4132057,1,0.5,S,2.1
34,4,1.0781309,1,0.5,S,2.1
34,4,0.4213387,1,0.8,S,1.4
34,4,0.5738773,0,0.2,S,1.9
34,4,0.7098095,0,0.2,S,1.3
34,4,0.8929523,1,0.6,S,1.3
34,4,0.4168716,1,0.6,S,1.1
34,4,0.6198883,0,0.2,S,0.9
34,4,0.8268646,1,0.6,S,2.1
34,4,0.6889495,0,0.2,S,1.6
34,4,1.2836711,0,0.2,S,1.8
34,4,0.7488761,0,0.2,S,1.4
34,4,0.4842485,1,0.5,S,1.6
34,4,0.9167197,1,0.7,S,2.3
34,4,1.9269443,0,0.4,S,2.1
34,4,0.9269316,0,0.3,S,0.9
34,4,0.4080849,1,0.7,S,2.3
34,4,0.6092244,0,0.3,S,0.9
34,4,0.5136595,0,0.3,S,1.6
34,4,0.4901967,1,0.8,S,0.9
34,4,0.8209005,1,0.6,S,2.1
34,4,0.5137977,1,0.5,S,2.1
34,4,0.5649009,1,0.4,S,2.1
34,4,0.5837289,1,0.5,S,1.1
34,4,0.6803655,0,0.2,S,1.1
34,4,0.6128885,1,0.7,S,1.1
34,4,0.6772317,1,0.4,S,1.3
34,4,0.7084637,1,0.3,S,1.3
34,4,0.3691671,1,0.8,S,1.9
34,4,1.1743718,0,0.3,S,1.4
34,4,0.6807045,0,0.2,S,0.9
34,4,0.9146996,1,0.4,S,0.9
34,4,0.4641528,1,0.7,S,1.3
34,4,0.9118687,1,0.5,S,1.3
34,4,0.4869292,1,0.6,S,2.1
34,4,0.7226036,0,0.2,S,1.1
34,4,1.1872453,0,0.3,S,1.6
34,4,0.4300813,1,0.6,S,0.9
34,4,0.5848273,0,0.3,S,2.1
34,4,0.4172094,1,0.8,S,1.4
34,4,0.7747315,0,0.2,S,1.1
34,4,0.6071716,0,0.2,S,1.8
34,4,0.3131097,1,0.8,S,1.6
34,4,0.6001863,0,0.3,S,2.1
34,4,1.6330033,0,0.6,S,1.4
34,4,0.4377155,1,0.5,S,1.8
34,4,0.4383099,1,0.6,S,1.3
34,4,0.9603294,1,0.4,S,1.8
34,4,0.3935145,1,0.7,S,1.8
34,4,0.9420224,1,0.6,S,0.9
34,4,0.6309656,0,0.2,S,0.9
34,4,0.4295931,1,0.7,S,1.3
34,4,0.4537371,1,0.8,S,1.6
34,4,0.5564472,1,0.5,S,0.9
34,4,1.1358922,1,0.6,S,0.9
34,4,0.2323101,1,0.6,S,1.1
34,4,0.4409648,1,0.6,S,1.9
34,4,1.3857741,0,0.5,S,2.3
34,4,0.6992554,0,0.3,S,1.8
34,4,0.6189136,0,0.2,S,2.1
34,4,0.5509417,1,0.5,S,1.1
34,4,1.2166353,0,0.4,S,0.9
34,4,0.9111577,1,0.4,S,0.9
34,4,0.6290184,0,0.3,S,1.1
34,4,0.4751016,1,0.7,S,1.4
35,1,0.4200321,1,0.8,S,1.3
35,1,0.4340058,1,0.6,S,1.3
35,1,0.5160792,1,0.4,S,1.8
35,1,0.3625722,1,0.6,S,1.8
35,1,0.4924586,1,0.4,S,1.1
35,1,0.3003627,1,0.6,S,1.3
35,1,0.6912071,0,0.3,S,1.3
35,1,0.2049845,1,0.8,S,1.3
35,1,1.2165143,0,0.3,S,1.4
35,1,0.3969541,1,0.5,S,1.4
35,1,0.3294253,1,0.8,S,2.3
35,1,0.5596458,0,0.4,S,2.3
35,1,0.8477442,1,0.5,S,2.1
35,1,0.680052,0,0.4,S,1.8
35,1,0.7852319,1,0.5,S,2.3
35,1,1.3200652,0,0.5,S,1.9
35,1,0.5865681,0,0.2,S,1.4
35,1,0.592409,0,0.4,S,2.3
35,1,0.5902332,0,0.5,S,1.6
35,1,0.6852156,1,0.6,S,1.3
35,1,0.5083353,1,0.5,S,1.1
35,1,0.8024224,1,0.5,S,1.3
35,1,0.3717118,1,0.6,S,1.4
35,1,0.9295686,0,0.4,S,1.8
35,1,0.5684876,0,0.4,S,1.6
35,1,0.2933869,1,0.8,S,2.1
35,1,0.5355948,0,0.4,S,0.9
35,1,0.5772432,0,0.2,S,2.1
35,1,0.4502651,1,0.6,S,2.1
35,1,0.546971,1,0.7,S,1.8
35,1,0.3394907,1,0.7,S,1.8
35,1,0.5072716,1,0.5,S,2.3
35,1,0.5463947,0,0.2,S,2.3
35,1,0.6635087,1,0.6,S,0.9
35,1,0.3964667,1,0.7,S,2.3
35,1,0.8364466,1,0.5,S,2.1
35,1,0.4974633,0,0.4,S,1.6
35,1,0.5394426,0,0.2,S,1.1
35,1,0.4623754,1,0.6,S,1.1
35,1,0.5544697,0,0.2,S,0.9
35,1,0.5494713,0,0.2,S,1.9
35,1,0.9857327,1,0.6,S,1.9
35,1,0.9053234,1,0.5,S,2.3
35,1,0.6425054,0,0.4,S,0.9
35,1,0.798341,0,0.3,S,0.9
35,1,0.5515814,0,0.2,S,0.9
35,1,0.6874767,0,0.4,S,1.6
35,1,0.7161437,0,0.4,S,1.1
35,1,0.4715022,1,0.6,S,1.9
35,1,0.5156735,0,0.3,S,1.4
35,1,0.573441,0,0.3,S,2.1
35,1,0.3526423,1,0.8,S,1.9
35,1,0.3152573,1,0.7,S,1.3
35,1,0.5793645,0,0.3,S,1.1
35,1,0.8114286,0,0.4,S,0.9
35,1,0.7034908,1,0.5,S,1.8
35,1,0.7450384,1,0.5,S,2.3
35,1,0.7763088,1,0.5,S,1.3
35,1,0.6082394,0,0.4,S,1.9
35,1,0.7267415,0,0.5,S,2.1
35,1,0.4332388,1,0.6,S,1.1
35,1,0.3355589,1,0.7,S,1.6
35,1,0.6197932,0,0.2,S,1.4
35,1,0.455224,0,0.4,S,2.3
35,1,0.4318063,1,0.5,S,1.6
35,1,0.3864406,1,0.7,S,1.4
35,1,0.6454611,1,0.5,S,2.3
35,1,0.3785095,1,0.7,S,1.1
35,1,0.9885177,1,0.3,S,1.1
35,2,1.0132424,0,0.4,S,2.1
35,2,0.5373474,0,0.2,S,1.9
35,2,0.5024352,0,0.2,S,2.3
35,2,0.6752459,0,0.2,S,1.8
35,2,0.5623919,1,0.6,S,1.1
35,2,0.3512773,1,0.8,S,1.3
35,2,0.8501951,0,0.2,S,2.3
35,2,0.4315287,1,0.6,S,1.1
35,2,0.6225099,1,0.7,S,1.9
35,2,0.415294,1,0.7,S,1.6
35,2,0.4120015,1,0.8,S,1.8
35,2,0.3393401,1,0.8,S,2.1
35,2,1.3734007,0,0.6,S,0.9
35,2,1.3990401,1,0.7,S,1.6
35,2,0.57216,1,0.7,S,2.3
35,2,0.9822745,1,0.8,S,1.1
35,2,0.8182362,0,0.4,S,1.9
35,2,0.6174127,0,0.4,S,1.9
35,2,0.5413726,1,0.8,S,2.1
35,2,0.8904403,0,0.2,S,2.1
35,2,0.8213728,0,0.3,S,1.8
35,2,0.8100435,0,0.2,S,2.1
35,2,0.7341941,1,0.6,S,1.3
35,2,0.7112375,0,0.3,S,1.1
35,2,0.3684012,1,0.8,S,2.1
35,2,0.7094697,0,0.3,S,1.3
35,2,0.4035156,1,0.8,S,1.4
35,2,0.7411081,0,0.3,S,1.8
35,2,0.4772464,1,0.7,S,1.8
35,2,0.6485219,0,0.2,S,1.8
35,2,0.3986164,1,0.8,S,1.6
35,2,0.5339877,0,0.4,S,1.6
35,2,0.6193734,0,0.4,S,1.3
35,2,0.5091589,1,0.6,S,2.1
35,2,0.6990591,0,0.5,S,1.4
35,2,0.4573279,1,0.7,S,0.9
35,2,0.6062636,1,0.6,S,2.3
35,2,0.5562378,0,0.3,S,1.8
35,2,1.2664739,1,0.8,S,1.1
35,2,1.0582448,1,0.6,S,1.1
35,2,0.732491,0,0.3,S,1.9
35,2,1.0202521,0,0.5,S,1.9
35,2,0.6442027,0,0.2,S,1.9
35,2,1.0535491,1,0.7,S,2.1
35,2,0.5923393,0,0.4,S,1.1
35,2,0.5824746,0,0.4,S,1.4
35,2,0.5132735,1,0.8,S,1.1
35,2,1.1344587,1,0.6,S,0.9
35,2,0.8995783,0,0.5,S,2.3
35,2,1.0583041,0,0.5,S,0.9
35,2,0.7356647,0,0.3,S,0.9
35,2,0.745413,1,0.7,S,1.9
35,2,0.7731864,0,0.4,S,1.4
35,2,0.7446129,0,0.4,S,0.9
35,2,0.955329,0,0.5,S,1.6
35,2,0.6423792,0,0.4,S,1.1
35,2,0.9244638,1,0.8,S,2.1
35,2,0.5912643,0,0.2,S,1.8
35,2,0.6143865,0,0.6,S,1.1
35,2,0.987392,0,0.6,S,0.9
35,2,0.4825535,0,0.3,S,1.8
35,2,0.4112838,1,0.8,S,2.1
35,2,0.5961216,0,0.6,S,1.8
35,2,0.5020208,0,0.5,S,1.8
35,2,0.9630757,0,0.8,S,1.1
35,2,0.4730265,0,0.4,S,1.4
35,2,0.5375786,0,0.3,S,1.6
35,2,0.5263847,0,0.3,S,0.9
35,2,0.5581732,0,0.2,S,2.1
35,3,0.5674713,0,0.3,S,1.3
35,3,0.5046802,0,0.2,S,2.3
35,3,0.5141262,0,0.3,S,1.3
35,3,0.5983753,0,0.2,S,2.3
35,3,0.5174027,1,0.7,S,1.8
35,3,0.5976162,0,0.5,S,1.3
35,3,0.7021778,1,0.7,S,0.9
35,3,0.4674629,0,0.5,S,0.9
35,3,1.1975023,1,0.5,S,1.4
35,3,1.1241982,0,0.6,S,1.3
35,3,0.6422889,1,0.6,S,2.1
35,3,0.8914029,0,0.3,S,1.6
35,3,0.4782819,0,0.3,S,1.6
35,3,0.554238,0,0.4,S,2.3
35,3,0.7464108,0,0.3,S,1.4
35,3,0.764224,1,0.7,S,2.1
35,3,0.4622254,1,0.8,S,1.3
35,3,0.6585829,0,0.2,S,2.1
35,3,1.521206,0,0.7,S,2.1
35,3,0.3805125,1,0.8,S,2.1
35,3,0.7283184,0,0.5,S,1.3
35,3,0.9469326,0,0.5,S,2.1
35,3,0.484693,1,0.7,S,1.4
35,3,0.8481269,1,0.5,S,1.4
35,3,0.7386321,0,0.2,S,1.3
35,3,0.6324046,0,0.4,S,1.8
35,3,0.4603421,0,0.3,S,1.4
35,3,0.5112541,1,0.5,S,2.3
35,3,0.4901262,0,0.4,S,1.4
35,3,0.939169,1,0.5,S,1.6
35,3,0.7342998,0,0.6,S,1.3
35,3,0.4503024,1,0.8,S,1.4
35,3,0.8001657,1,0.5,S,1.6
35,3,0.5862169,0,0.2,S,1.6
35,3,0.8714163,0,0.5,S,2.3
35,3,0.697943,0,0.4,S,0.9
35,3,0.4553856,1,0.8,S,2.1
35,3,0.6823039,0,0.6,S,2.3
35,3,0.6082466,0,0.2,S,1.8
35,3,0.5806835,1,0.8,S,0.9
35,3,0.4594361,1,0.7,S,1.1
35,3,0.7873149,1,0.5,S,1.4
35,3,0.4933189,0,0.3,S,1.1
35,3,0.4911874,0,0.5,S,1.9
35,3,0.7043785,0,0.2,S,1.6
35,3,0.6556025,1,0.7,S,0.9
35,3,0.4225063,1,0.7,S,1.1
35,3,0.6201462,0,0.3,S,1.1
35,3,1.0071219,1,0.8,S,2.1
35,3,0.6570749,0,0.2,S,2.1
35,3,0.624607,1,0.8,S,1.9
35,3,0.9467793,0,0.5,S,1.1
35,3,0.6791024,0,0.5,S,2.1
35,3,0.5714276,0,0.5,S,2.1
35,3,0.9957982,0,0.4,S,0.9
35,3,0.5687952,0,0.3,S,1.8
35,3,0.640123,1,0.7,S,1.6
35,3,0.5347617,0,0.5,S,1.8
35,3,0.4154,1,0.8,S,0.9
35,3,1.4538705,0,0.6,S,1.9
35,3,0.7981683,0,0.5,S,1.8
35,3,0.5106505,1,0.7,S,1.1
35,3,0.7811654,1,0.6,S,2.1
35,3,0.4362713,1,0.8,S,0.9
35,3,0.7323387,1,0.5,S,0.9
35,3,0.6942756,1,0.5,S,1.4
35,3,0.5815629,0,0.2,S,2.3
35,3,0.5894066,0,0.2,S,0.9
35,3,0.416438,0,0.4,S,1.3
35,3,0.5120654,0,0.2,S,1.3
35,3,0.4457281,0,0.7,S,1.3
35,3,0.5892164,0,0.3,S,2.3
35,3,0.4561084,0,0.4,S,1.9
35,3,0.3723881,0,0.4,S,2.3
35,3,0.4735588,1,0.8,S,1.3
35,3,0.5054315,0,0.2,S,1.3
35,3,0.6874847,0,0.7,S,1.1
35,4,0.5143024,0,0.2,S,1.6
35,4,0.424328,0,0.3,S,1.3
35,4,0.4524136,0,0.2,S,1.4
35,4,0.5643782,1,0.7,S,1.9
35,4,0.8344233,0,0.7,S,1.9
35,4,0.6273281,0,0.2,S,1.3
35,4,0.5793328,0,0.2,S,1.4
35,4,0.6663171,0,0.3,S,1.1
35,4,1.2333018,1,0.6,S,1.1
35,4,0.518344,0,0.3,S,1.6
35,4,0.4413215,0,0.3,S,1.8
35,4,0.3886462,0,0.4,S,2.1
35,4,0.7443279,0,0.5,S,1.9
35,4,1.0061905,0,0.4,S,2.1
35,4,0.551488,0,0.4,S,1.4
35,4,0.3862764,1,0.8,S,1.8
35,4,0.5153167,0,0.2,S,1.6
35,4,0.6061704,0,0.5,S,2.3
35,4,0.3891113,1,0.7,S,1.6
35,4,0.6413594,1,0.5,S,1.8
35,4,0.5207052,0,0.4,S,2.1
35,4,0.453527,0,0.2,S,0.9
35,4,0.4093632,1,0.7,S,2.1
35,4,0.3833543,1,0.7,S,1.4
35,4,0.4585854,0,0.3,S,2.3
35,4,0.5052154,1,0.7,S,1.3
35,4,0.3605715,0,0.3,S,1.3
35,4,0.4881354,0,0.3,S,1.6
35,4,0.4531343,0,0.5,S,2.1
35,4,0.4523264,1,0.8,S,1.1
35,4,0.4517701,1,0.7,S,1.8
35,4,0.596403,0,0.2,S,1.6
35,4,0.4422381,0,0.2,S,1.9
35,4,0.3943162,0,0.3,S,1.6
35,4,0.8224464,1,0.7,S,1.6
35,4,0.4544603,1,0.7,S,2.1
35,4,0.9276201,1,0.8,S,1.6
35,4,0.799661,0,0.7,S,2.1
35,4,0.4337599,1,0.7,S,1.6
35,4,0.4291817,0,0.3,S,2.1
35,4,0.479165,0,0.3,S,2.3
35,4,0.3192206,0,0.6,S,1.9
35,4,0.441452,0,0.5,S,1.1
35,4,0.3936021,0,0.4,S,1.6
35,4,0.5187069,0,0.4,S,1.6
35,4,0.4040373,0,0.4,S,1.1
35,4,0.4582817,0,0.2,S,1.4
35,4,0.3777292,1,0.8,S,1.6
35,4,0.3443042,1,0.8,S,1.3
35,4,0.3652978,0,0.5,S,1.9
35,4,0.6702815,1,0.6,S,1.9
35,4,0.6245266,0,0.4,S,1.4
35,4,0.4086264,0,0.4,S,1.6
35,4,0.4153114,0,0.2,S,1.3
35,4,0.3859233,0,0.4,S,1.3
35,4,0.4335908,0,0.5,S,2.1
35,4,0.2734522,0,0.5,S,1.4
35,4,0.414184,1,0.8,S,2.1
35,4,0.3920438,1,0.8,S,1.1
35,4,0.4014558,1,0.8,S,1.4
35,4,0.474067,0,0.6,S,1.8
35,4,0.3982954,0,0.4,S,2.1
35,4,0.5184483,1,0.5,S,1.6
35,4,0.4490914,0,0.2,S,1.3
35,4,0.4532987,1,0.6,S,1.3
35,4,0.6384745,0,0.4,S,0.9
35,4,0.4015253,0,0.3,S,2.1
35,4,0.3976653,1,0.8,S,1.6
35,4,0.3686499,1,0.7,S,1.8
35,4,0.6163479,0,0.4,S,1.3
35,4,0.2914916,1,0.8,S,1.4
35,4,0.6132924,0,0.4,S,1.1
35,4,0.3945168,1,0.8,S,1.4
35,4,0.5435523,0,0.3,S,1.8
35,4,0.4374593,0,0.2,S,0.9
