subject,response,duration,hist
1,1,0.8,R
1,0,0.3,R
1,1,0.4,R
1,0,0.3,R
1,1,0.8,R
1,1,0.8,R
1,0,0.2,R
1,0,0.2,R
1,0,0.2,R
1,0,0.4,R
1,1,0.7,R
1,0,0.4,R
1,0,0.5,R
1,1,0.6,R
1,0,0.3,R
1,0,0.6,R
1,0,0.4,R
1,0,0.2,R
1,0,0.2,R
1,0,0.3,R
1,1,0.8,R
1,0,0.5,R
1,1,0.7,R
1,0,0.4,R
1,0,0.4,R
1,0,0.6,R
1,1,0.8,R
1,1,0.8,R
1,0,0.3,R
1,0,0.2,R
1,0,0.3,R
1,0,0.3,R
1,1,0.8,R
1,0,0.4,R
1,1,0.7,R
1,0,0.7,R
1,1,0.8,R
1,0,0.4,R
1,1,0.8,R
1,0,0.2,R
1,0,0.3,R
1,1,0.6,R
1,0,0.4,R
1,0,0.2,R
1,0,0.2,R
1,1,0.7,R
1,0,0.3,R
1,0,0.3,R
1,0,0.7,R
1,0,0.3,R
1,0,0.2,R
1,0,0.5,R
1,1,0.8,R
1,0,0.5,R
1,0,0.6,R
1,0,0.2,R
1,1,0.8,R
1,1,0.5,R
1,1,0.7,R
1,0,0.4,R
1,1,0.6,R
1,0,0.3,R
1,0,0.5,R
1,0,0.2,R
1,0,0.3,R
1,1,0.7,R
1,1,0.7,R
1,0,0.6,R
1,0,0.6,R
1,0,0.5,R
1,1,0.5,R
1,1,0.5,R
1,1,0.6,R
1,1,0.8,R
1,1,0.3,R
1,1,0.8,R
1,1,0.7,R
1,1,0.8,R
1,1,0.6,R
1,1,0.5,R
1,1,0.5,R
1,1,0.6,R
1,0,0.3,R
1,0,0.3,R
1,0,0.5,R
1,0,0.4,R
1,0,0.3,R
1,0,0.3,R
1,1,0.5,R
1,0,0.2,R
1,1,0.5,R
1,1,0.8,R
1,0,0.4,R
1,0,0.7,R
1,1,0.7,R
1,1,0.7,R
1,1,0.4,R
1,0,0.4,R
1,1,0.7,R
1,0,0.6,R
1,0,0.2,R
1,1,0.7,R
1,1,0.5,R
1,0,0.5,R
1,0,0.5,R
1,0,0.2,R
1,1,0.4,R
1,0,0.3,R
1,1,0.2,R
1,0,0.4,R
1,1,0.4,R
1,1,0.4,R
1,1,0.6,R
1,1,0.7,R
1,1,0.7,R
1,0,0.7,R
1,0,0.6,R
1,0,0.6,R
1,0,0.3,R
1,1,0.5,R
1,0,0.3,R
1,1,0.8,R
1,0,0.2,R
1,1,0.7,R
1,0,0.3,R
1,0,0.4,R
1,0,0.6,R
1,0,0.5,R
1,1,0.8,R
1,1,0.7,R
1,0,0.4,R
1,0,0.3,R
1,0,0.4,R
1,0,0.5,R
1,0,0.4,R
1,0,0.3,R
1,1,0.7,R
1,0,0.5,R
1,1,0.5,R
1,0,0.4,R
1,0,0.3,R
1,0,0.5,R
1,0,0.3,R
1,1,0.7,R
1,1,0.8,R
1,1,0.7,R
1,0,0.4,R
1,1,0.6,R
1,0,0.3,R
1,1,0.7,R
1,0,0.3,R
1,0,0.2,R
1,1,0.5,R
1,1,0.6,R
1,1,0.7,R
1,1,0.6,R
1,0,0.2,R
1,0,0.5,R
1,1,0.7,R
1,1,0.2,R
1,1,0.5,R
1,1,0.7,R
1,0,0.3,R
1,1,0.7,R
1,0,0.3,R
1,0,0.2,R
1,1,0.3,R
1,0,0.3,R
1,1,0.5,R
1,1,0.6,R
1,1,0.6,R
1,1,0.7,R
1,0,0.2,R
1,1,0.6,R
1,0,0.2,R
1,1,0.6,R
1,0,0.2,R
1,1,0.6,R
1,0,0.2,R
1,0,0.3,R
1,1,0.8,R
1,0,0.2,R
1,0,0.4,R
1,0,0.3,R
1,1,0.8,R
1,1,0.5,R
1,0,0.2,R
1,0,0.2,R
1,1,0.6,R
1,0,0.3,R
1,1,0.5,R
1,0,0.3,R
1,0,0.4,R
1,0,0.4,R
1,0,0.3,R
1,0,0.5,R
1,1,0.3,R
1,0,0.3,R
1,1,0.8,R
1,0,0.4,R
1,0,0.3,R
1,1,0.7,R
1,1,0.7,R
1,1,0.7,R
1,0,0.2,R
1,1,0.5,R
1,1,0.7,R
1,1,0.8,R
1,1,0.7,R
1,0,0.7,R
1,0,0.3,R
1,0,0.5,R
1,1,0.7,R
1,1,0.3,R
1,0,0.4,R
1,0,0.4,R
1,0,0.4,R
1,0,0.2,R
1,1,0.7,R
1,0,0.2,R
1,1,0.6,R
1,1,0.4,R
1,1,0.7,R
1,1,0.5,R
1,1,0.6,R
1,0,0.5,R
1,0,0.4,R
1,0,0.3,R
1,0,0.6,R
1,0,0.6,R
1,0,0.3,R
1,1,0.6,R
1,1,0.7,R
1,0,0.3,R
1,0,0.3,R
1,0,0.2,R
1,1,0.8,R
1,1,0.5,R
1,1,0.7,R
1,0,0.6,R
1,0,0.3,R
1,1,0.8,R
1,1,0.7,R
1,0,0.4,R
1,0,0.2,R
1,0,0.5,R
1,0,0.3,R
1,1,0.5,R
1,0,0.3,R
1,1,0.6,R
1,1,0.6,R
1,0,0.4,R
1,0,0.2,R
1,0,0.5,R
1,0,0.4,R
1,0,0.4,R
1,1,0.8,R
1,0,0.4,R
1,1,0.8,R
1,1,0.7,R
1,0,0.3,R
1,0,0.3,R
1,1,0.6,R
1,0,0.5,R
1,1,0.6,R
1,0,0.3,R
1,0,0.7,R
1,0,0.5,R
1,1,0.5,R
1,0,0.5,R
1,0,0.4,R
1,1,0.8,R
1,1,0.5,R
1,0,0.5,R
1,0,0.3,R
1,0,0.5,R
1,0,0.5,R
1,0,0.2,R
1,0,0.2,R
1,0,0.5,R
1,0,0.2,R
1,1,0.7,R
2,1,0.4,R
2,1,0.7,R
2,1,0.7,R
2,0,0.3,R
2,1,0.7,R
2,1,0.4,R
2,1,0.6,R
2,1,0.4,R
2,1,0.6,R
2,1,0.4,R
2,1,0.4,R
2,0,0.4,R
2,1,0.6,R
2,0,0.3,R
2,0,0.2,R
2,1,0.5,R
2,1,0.7,R
2,0,0.2,R
2,0,0.4,R
2,0,0.4,R
2,1,0.4,R
2,0,0.4,R
2,0,0.2,R
2,0,0.3,R
2,1,0.8,R
2,1,0.7,R
2,0,0.2,R
2,0,0.4,R
2,0,0.4,R
2,1,0.6,R
2,0,0.4,R
2,0,0.4,R
2,0,0.2,R
2,0,0.4,R
2,0,0.2,R
2,0,0.5,R
2,0,0.3,R
2,1,0.7,R
2,1,0.5,R
2,0,0.2,R
2,0,0.5,R
2,0,0.4,R
2,0,0.6,R
2,0,0.2,R
2,0,0.2,R
2,1,0.6,R
2,0,0.4,R
2,0,0.5,R
2,0,0.8,R
2,0,0.6,R
2,0,0.2,R
2,0,0.3,R
2,1,0.7,R
2,1,0.5,R
2,0,0.3,R
2,1,0.7,R
2,0,0.2,R
2,0,0.2,R
2,1,0.6,R
2,1,0.6,R
2,0,0.4,R
2,1,0.5,R
2,0,0.5,R
2,0,0.4,R
2,1,0.8,R
2,1,0.5,R
2,1,0.5,R
2,0,0.4,R
2,1,0.7,R
2,1,0.5,R
2,0,0.2,R
2,1,0.5,R
2,1,0.5,R
2,0,0.6,R
2,1,0.7,R
2,1,0.8,R
2,0,0.2,R
2,0,0.2,R
2,1,0.6,R
2,0,0.2,R
2,0,0.5,R
2,1,0.7,R
2,1,0.7,R
2,1,0.5,R
2,0,0.5,R
2,0,0.5,R
2,0,0.2,R
2,0,0.4,R
2,0,0.5,R
2,0,0.6,R
2,0,0.6,R
2,0,0.4,R
2,1,0.7,R
2,0,0.2,R
2,1,0.8,R
2,1,0.5,R
2,1,0.8,R
2,1,0.7,R
2,1,0.8,R
2,0,0.3,R
2,0,0.4,R
2,1,0.6,R
2,0,0.3,R
2,1,0.7,R
2,0,0.6,R
2,0,0.3,R
2,0,0.3,R
2,0,0.3,R
2,1,0.7,R
2,0,0.4,R
2,0,0.5,R
2,0,0.3,R
2,0,0.8,R
2,0,0.8,R
2,1,0.6,R
2,1,0.8,R
2,1,0.7,R
2,0,0.7,R
2,1,0.7,R
2,0,0.4,R
2,0,0.4,R
2,0,0.6,R
2,0,0.5,R
2,1,0.8,R
2,0,0.5,R
2,0,0.4,R
2,0,0.7,R
2,0,0.3,R
2,0,0.2,R
2,0,0.4,R
2,1,0.8,R
2,1,0.8,R
2,0,0.5,R
2,1,0.5,R
2,0,0.4,R
2,1,0.8,R
2,0,0.5,R
2,1,0.8,R
2,1,0.8,R
2,0,0.3,R
2,1,0.7,R
2,0,0.4,R
2,0,0.2,R
2,0,0.5,R
2,1,0.8,R
2,0,0.4,R
2,0,0.5,R
2,0,0.3,R
2,1,0.8,R
2,1,0.8,R
2,1,0.6,R
2,1,0.6,R
2,0,0.4,R
2,0,0.3,R
2,1,0.7,R
2,0,0.5,R
2,0,0.7,R
2,1,0.7,R
2,0,0.2,R
2,1,0.7,R
2,1,0.7,R
2,0,0.4,R
2,1,0.8,R
2,0,0.3,R
2,0,0.3,R
2,0,0.4,R
2,0,0.5,R
2,1,0.7,R
2,1,0.6,R
2,0,0.6,R
2,1,0.8,R
2,1,0.8,R
2,0,0.2,R
2,0,0.7,R
2,0,0.5,R
2,1,0.8,R
2,0,0.4,R
2,0,0.5,R
2,1,0.7,R
2,0,0.2,R
2,0,0.4,R
2,1,0.8,R
2,0,0.5,R
2,0,0.4,R
2,0,0.2,R
2,0,0.2,R
2,0,0.6,R
2,0,0.7,R
2,0,0.5,R
2,0,0.6,R
2,0,0.6,R
2,0,0.3,R
2,1,0.8,R
2,0,0.6,R
2,1,0.8,R
2,0,0.5,R
2,0,0.3,R
2,1,0.6,R
2,0,0.7,R
2,0,0.3,R
2,0,0.2,R
2,0,0.2,R
2,0,0.4,R
2,0,0.7,R
2,0,0.6,R
2,1,0.7,R
2,0,0.2,R
2,1,0.6,R
2,0,0.8,R
2,0,0.3,R
2,1,0.8,R
2,0,0.4,R
2,0,0.4,R
2,1,0.7,R
2,0,0.2,R
2,0,0.2,R
2,0,0.6,R
2,0,0.5,R
2,0,0.7,R
2,1,0.7,R
2,0,0.6,R
2,1,0.6,R
2,1,0.7,R
2,1,0.7,R
2,0,0.2,R
2,0,0.3,R
2,1,0.7,R
2,1,0.6,R
2,1,0.8,R
2,1,0.6,R
2,0,0.5,R
2,0,0.3,R
2,0,0.3,R
2,1,0.6,R
2,1,0.5,R
2,1,0.7,R
2,0,0.3,R
2,1,0.5,R
2,1,0.5,R
2,1,0.7,R
2,0,0.4,R
2,1,0.7,R
2,1,0.5,R
2,1,0.6,R
2,0,0.6,R
2,0,0.4,R
2,1,0.8,R
2,0,0.2,R
2,0,0.4,R
2,0,0.2,R
2,1,0.8,R
2,0,0.4,R
2,0,0.2,R
2,0,0.5,R
2,0,0.3,R
2,0,0.4,R
2,1,0.8,R
2,0,0.4,R
2,0,0.2,R
2,0,0.2,R
2,0,0.4,R
2,0,0.3,R
2,1,0.8,R
2,1,0.7,R
2,0,0.2,R
2,1,0.8,R
2,0,0.2,R
2,1,0.6,R
2,0,0.2,R
2,1,0.8,R
2,1,0.8,R
2,0,0.6,R
2,1,0.8,R
2,0,0.8,R
2,0,0.7,R
2,0,0.2,R
2,0,0.2,R
2,0,0.5,R
2,1,0.8,R
2,0,0.5,R
2,0,0.4,R
2,1,0.8,R
2,0,0.7,R
2,0,0.4,R
2,0,0.3,R
2,0,0.3,R
2,1,0.8,R
2,1,0.8,R
2,0,0.6,R
2,0,0.3,R
2,0,0.7,R
2,0,0.4,R
2,0,0.2,R
3,1,0.8,R
3,0,0.2,R
3,0,0.2,R
3,0,0.3,R
3,1,0.4,R
3,1,0.5,R
3,1,0.6,R
3,0,0.2,R
3,0,0.4,R
3,1,0.7,R
3,0,0.5,R
3,0,0.3,R
3,0,0.6,R
3,0,0.2,R
3,0,0.5,R
3,0,0.5,R
3,0,0.3,R
3,1,0.7,R
3,1,0.6,R
3,1,0.8,R
3,0,0.4,R
3,0,0.7,R
3,1,0.7,R
3,0,0.5,R
3,1,0.8,R
3,0,0.2,R
3,0,0.5,R
3,0,0.3,R
3,1,0.6,R
3,0,0.3,R
3,0,0.3,R
3,0,0.3,R
3,0,0.5,R
3,0,0.6,R
3,0,0.6,R
3,0,0.4,R
3,0,0.2,R
3,1,0.8,R
3,1,0.8,R
3,0,0.2,R
3,0,0.5,R
3,0,0.5,R
3,1,0.6,R
3,1,0.5,R
3,1,0.5,R
3,1,0.6,R
3,1,0.7,R
3,1,0.7,R
3,0,0.2,R
3,0,0.5,R
3,0,0.7,R
3,1,0.6,R
3,0,0.2,R
3,1,0.8,R
3,0,0.4,R
3,0,0.6,R
3,0,0.4,R
3,1,0.8,R
3,0,0.5,R
3,0,0.2,R
3,0,0.2,R
3,0,0.3,R
3,0,0.2,R
3,1,0.5,R
3,1,0.7,R
3,1,0.8,R
3,0,0.2,R
3,0,0.3,R
3,0,0.2,R
3,0,0.2,R
3,1,0.8,R
3,0,0.5,R
3,0,0.2,R
3,1,0.8,R
3,1,0.6,R
3,0,0.2,R
3,0,0.2,R
3,1,0.6,R
3,0,0.4,R
3,0,0.5,R
3,0,0.4,R
3,1,0.7,R
3,0,0.2,R
3,1,0.7,R
3,0,0.3,R
3,1,0.7,R
3,1,0.8,R
3,0,0.3,R
3,1,0.8,R
3,0,0.6,R
3,0,0.7,R
3,1,0.5,R
3,1,0.5,R
3,1,0.6,R
3,1,0.8,R
3,0,0.5,R
3,0,0.4,R
3,1,0.7,R
3,0,0.2,R
3,0,0.4,R
3,0,0.2,R
3,0,0.2,R
3,1,0.8,R
3,0,0.5,R
3,1,0.8,R
3,1,0.8,R
3,1,0.6,R
3,1,0.8,R
3,0,0.4,R
3,1,0.7,R
3,0,0.4,R
3,0,0.4,R
3,1,0.6,R
3,0,0.2,R
3,0,0.5,R
3,0,0.4,R
3,0,0.4,R
3,0,0.2,R
3,0,0.2,R
3,0,0.2,R
3,0,0.4,R
3,1,0.6,R
3,1,0.6,R
3,0,0.4,R
3,1,0.7,R
3,0,0.2,R
3,0,0.4,R
3,0,0.2,R
3,0,0.4,R
3,1,0.8,R
3,0,0.2,R
3,1,0.4,R
3,1,0.4,R
3,1,0.5,R
3,1,0.6,R
3,0,0.4,R
3,1,0.8,R
3,0,0.3,R
3,0,0.2,R
3,0,0.3,R
3,0,0.4,R
3,1,0.7,R
3,0,0.4,R
3,1,0.8,R
3,0,0.3,R
3,0,0.5,R
3,1,0.4,R
3,0,0.2,R
3,1,0.6,R
3,1,0.7,R
3,0,0.5,R
3,0,0.3,R
3,0,0.6,R
3,1,0.8,R
3,0,0.6,R
3,1,0.7,R
3,1,0.8,R
3,0,0.5,R
3,0,0.6,R
3,1,0.6,R
3,0,0.2,R
3,0,0.3,R
3,0,0.2,R
3,1,0.8,R
3,0,0.2,R
3,1,0.6,R
3,0,0.4,R
3,1,0.8,R
3,1,0.5,R
3,0,0.4,R
3,0,0.5,R
3,0,0.3,R
3,1,0.7,R
3,1,0.8,R
3,0,0.5,R
3,0,0.2,R
3,1,0.7,R
3,0,0.5,R
3,0,0.3,R
3,0,0.6,R
3,0,0.5,R
2,1,0.6,R
2,1,0.7,R
2,1,0.7,R
2,0,0.2,R
2,0,0.3,R
2,1,0.7,R
2,1,0.6,R
2,1,0.8,R
2,1,0.6,R
2,0,0.5,R
2,0,0.3,R
2,0,0.3,R
2,1,0.6,R
2,1,0.5,R
2,1,0.7,R
2,0,0.3,R
2,1,0.5,R
2,1,0.5,R
2,1,0.7,R
2,0,0.4,R
2,1,0.7,R
2,1,0.5,R
2,1,0.6,R
2,0,0.6,R
2,0,0.4,R
2,1,0.8,R
2,0,0.2,R
2,0,0.4,R
2,0,0.2,R
2,1,0.8,R
2,0,0.4,R
2,0,0.2,R
2,0,0.5,R
2,0,0.3,R
2,0,0.4,R
2,1,0.8,R
2,0,0.4,R
2,0,0.2,R
2,0,0.2,R
2,0,0.4,R
2,0,0.3,R
2,1,0.8,R
2,1,0.7,R
2,0,0.2,R
2,1,0.8,R
2,0,0.2,R
2,1,0.6,R
2,0,0.2,R
2,1,0.8,R
2,1,0.8,R
2,0,0.6,R
2,1,0.8,R
2,0,0.8,R
2,0,0.7,R
2,0,0.2,R
2,0,0.2,R
2,0,0.5,R
2,1,0.8,R
2,0,0.5,R
2,0,0.4,R
2,1,0.8,R
2,0,0.7,R
2,0,0.4,R
2,0,0.3,R
2,0,0.3,R
2,1,0.8,R
2,1,0.8,R
2,0,0.6,R
2,0,0.3,R
2,0,0.7,R
2,0,0.4,R
2,0,0.2,R
4,1,0.7,R
4,0,0.2,R
4,0,0.3,R
4,1,0.7,R
4,1,0.8,R
4,1,0.7,R
4,1,0.8,R
4,0,0.4,R
4,1,0.7,R
4,1,0.7,R
4,0,0.5,R
4,1,0.7,R
4,1,0.6,R
4,0,0.4,R
4,1,0.7,R
4,0,0.2,R
4,1,0.7,R
4,1,0.8,R
4,1,0.8,R
4,1,0.7,R
4,1,0.7,R
4,1,0.6,R
4,1,0.7,R
4,1,0.8,R
4,0,0.5,R
4,1,0.8,R
4,1,0.4,R
4,1,0.7,R
4,0,0.3,R
4,1,0.8,R
4,1,0.7,R
4,1,0.8,R
4,0,0.2,R
4,0,0.5,R
4,0,0.6,R
4,0,0.3,R
4,1,0.7,R
4,0,0.2,R
4,0,0.2,R
4,0,0.2,R
4,1,0.5,R
4,0,0.4,R
4,1,0.7,R
4,1,0.6,R
4,1,0.5,R
4,1,0.5,R
4,0,0.7,R
4,0,0.2,R
4,0,0.3,R
4,1,0.5,R
4,0,0.2,R
4,0,0.4,R
4,1,0.8,R
4,1,0.5,R
4,0,0.2,R
4,0,0.8,R
4,1,0.8,R
4,1,0.8,R
4,1,0.8,R
4,1,0.6,R
4,1,0.8,R
4,1,0.4,R
4,0,0.3,R
4,0,0.5,R
4,1,0.5,R
4,1,0.7,R
4,0,0.7,R
4,0,0.3,R
4,1,0.6,R
4,1,0.7,R
4,1,0.8,R
4,1,0.5,R
4,1,0.7,R
4,1,0.3,R
4,1,0.7,R
4,1,0.8,R
4,1,0.6,R
4,1,0.8,R
4,0,0.4,R
4,0,0.5,R
4,1,0.4,R
4,1,0.5,R
4,1,0.6,R
4,1,0.8,R
4,1,0.6,R
4,0,0.3,R
4,1,0.6,R
4,0,0.3,R
4,1,0.8,R
4,0,0.4,R
4,1,0.2,R
4,1,0.8,R
4,0,0.2,R
4,0,0.6,R
4,0,0.5,R
4,0,0.5,R
4,1,0.6,R
4,0,0.3,R
4,0,0.7,R
4,1,0.7,R
4,1,0.8,R
4,1,0.7,R
4,0,0.4,R
4,1,0.5,R
4,1,0.6,R
4,0,0.2,R
4,0,0.4,R
4,0,0.2,R
4,1,0.4,R
4,1,0.3,R
4,0,0.2,R
4,1,0.5,R
4,1,0.7,R
4,0,0.4,R
4,1,0.6,R
4,1,0.8,R
4,0,0.4,R
4,0,0.7,R
4,0,0.2,R
4,0,0.4,R
4,1,0.7,R
4,1,0.5,R
4,0,0.5,R
4,1,0.6,R
4,1,0.6,R
4,1,0.7,R
4,0,0.2,R
4,0,0.2,R
4,1,0.6,R
4,0,0.3,R
4,0,0.5,R
4,0,0.4,R
4,0,0.2,R
4,0,0.4,R
4,0,0.4,R
4,0,0.6,R
4,0,0.6,R
4,1,0.7,R
4,0,0.2,R
4,0,0.2,R
4,0,0.3,R
4,0,0.3,R
4,0,0.6,R
4,1,0.8,R
4,1,0.8,R
4,0,0.6,R
4,1,0.8,R
4,0,0.2,R
4,1,0.5,R
4,0,0.3,R
4,1,0.8,R
4,0,0.5,R
4,1,0.8,R
4,1,0.5,R
4,1,0.3,R
4,1,0.3,R
4,0,0.4,R
4,0,0.3,R
4,1,0.6,R
4,0,0.4,R
4,0,0.5,R
4,1,0.7,R
4,0,0.3,R
4,1,0.7,R
4,1,0.8,R
4,0,0.5,R
4,1,0.6,R
4,1,0.6,R
4,0,0.5,R
4,0,0.2,R
4,0,0.7,R
4,0,0.2,R
4,0,0.2,R
4,1,0.8,R
4,0,0.4,R
4,0,0.2,R
4,0,0.3,R
4,1,0.7,R
4,0,0.5,R
4,1,0.7,R
4,0,0.6,R
4,0,0.5,R
4,1,0.6,R
4,0,0.5,R
4,0,0.6,R
4,0,0.2,R
4,1,0.6,R
4,0,0.4,R
4,0,0.6,R
4,0,0.3,R
4,0,0.2,R
4,0,0.5,R
4,0,0.5,R
4,0,0.3,R
4,0,0.4,R
4,1,0.5,R
4,0,0.2,R
4,1,0.6,R
4,0,0.7,R
4,0,0.2,R
4,0,0.5,R
4,0,0.4,R
4,1,0.8,R
4,0,0.3,R
4,0,0.3,R
4,1,0.6,R
4,0,0.5,R
4,1,0.5,R
4,1,0.5,R
4,1,0.8,R
4,0,0.2,R
4,0,0.6,R
4,0,0.7,R
4,0,0.8,R
4,0,0.3,R
4,0,0.5,R
4,0,0.5,R
4,0,0.3,R
4,1,0.8,R
4,0,0.4,R
4,0,0.4,R
4,1,0.8,R
4,1,0.3,R
4,0,0.4,R
4,1,0.6,R
4,1,0.8,R
4,1,0.4,R
4,0,0.3,R
4,1,0.7,R
4,1,0.6,R
4,1,0.8,R
4,1,0.6,R
4,1,0.8,R
4,0,0.3,R
4,1,0.8,R
4,1,0.8,R
4,0,0.4,R
4,0,0.2,R
4,0,0.7,R
4,0,0.2,R
4,0,0.4,R
4,0,0.6,R
4,0,0.3,R
4,0,0.5,R
4,0,0.3,R
4,1,0.5,R
4,1,0.4,R
4,1,0.8,R
4,0,0.2,R
4,0,0.5,R
4,0,0.4,R
4,0,0.2,R
4,0,0.7,R
4,0,0.3,R
4,0,0.3,R
4,0,0.8,R
4,1,0.4,R
4,0,0.3,R
4,0,0.5,R
4,0,0.3,R
4,0,0.2,R
4,1,0.4,R
4,0,0.3,R
4,0,0.5,R
4,0,0.3,R
4,1,0.8,R
4,1,0.8,R
4,1,0.7,R
4,0,0.5,R
4,0,0.4,R
4,0,0.2,R
4,0,0.3,R
4,0,0.3,R
4,0,0.2,R
4,0,0.2,R
4,0,0.3,R
4,0,0.5,R
4,1,0.5,R
4,0,0.2,R
4,1,0.8,R
4,0,0.4,R
4,0,0.2,R
5,0,0.4,R
5,1,0.6,R
5,0,0.5,R
5,1,0.8,R
5,0,0.7,R
5,0,0.3,R
5,0,0.3,R
5,1,0.8,R
5,0,0.5,R
5,0,0.6,R
5,1,0.8,R
5,0,0.2,R
5,1,0.8,R
5,0,0.5,R
5,0,0.2,R
5,0,0.4,R
5,0,0.5,R
5,0,0.4,R
5,1,0.7,R
5,0,0.4,R
5,0,0.4,R
5,1,0.7,R
5,0,0.2,R
5,0,0.2,R
5,1,0.6,R
5,0,0.3,R
5,0,0.2,R
5,1,0.8,R
5,0,0.4,R
5,0,0.3,R
5,0,0.4,R
5,0,0.7,R
5,1,0.7,R
5,1,0.5,R
5,0,0.5,R
5,1,0.7,R
5,0,0.5,R
5,0,0.3,R
5,0,0.6,R
5,0,0.6,R
5,0,0.7,R
5,0,0.3,R
5,0,0.4,R
5,0,0.4,R
5,0,0.4,R
5,0,0.5,R
5,0,0.3,R
5,1,0.5,R
5,0,0.4,R
5,0,0.5,R
5,0,0.6,R
5,0,0.2,R
5,0,0.6,R
5,0,0.4,R
5,0,0.2,R
5,0,0.4,R
5,0,0.5,R
5,1,0.7,R
5,0,0.5,R
5,0,0.5,R
5,0,0.2,R
5,0,0.2,R
5,0,0.6,R
5,1,0.6,R
5,0,0.2,R
5,1,0.8,R
5,0,0.6,R
5,0,0.4,R
5,0,0.8,R
5,0,0.4,R
5,1,0.8,R
5,0,0.4,R
5,0,0.2,R
5,0,0.2,R
5,1,0.6,R
5,0,0.3,R
5,1,0.7,R
5,0,0.7,R
5,1,0.5,R
5,0,0.5,R
5,0,0.2,R
5,0,0.3,R
5,0,0.2,R
5,0,0.2,R
5,0,0.2,R
5,1,0.7,R
5,1,0.5,R
5,1,0.7,R
5,1,0.6,R
5,1,0.8,R
5,0,0.5,R
5,0,0.4,R
5,0,0.7,R
5,0,0.4,R
5,0,0.6,R
5,1,0.8,R
5,1,0.7,R
5,0,0.5,R
5,0,0.3,R
5,0,0.5,R
5,0,0.3,R
5,1,0.8,R
5,0,0.7,R
5,1,0.8,R
5,1,0.6,R
5,1,0.8,R
5,0,0.6,R
5,0,0.3,R
5,1,0.7,R
5,0,0.2,R
5,1,0.6,R
5,0,0.2,R
5,0,0.2,R
5,0,0.5,R
5,1,0.7,R
5,1,0.7,R
5,1,0.6,R
5,1,0.6,R
5,1,0.8,R
5,1,0.7,R
5,0,0.4,R
5,1,0.6,R
5,1,0.7,R
5,1,0.7,R
5,1,0.6,R
5,0,0.2,R
5,1,0.6,R
5,1,0.6,R
5,1,0.8,R
5,1,0.6,R
5,0,0.6,R
5,0,0.2,R
5,0,0.2,R
5,1,0.8,R
5,0,0.4,R
5,0,0.2,R
5,0,0.6,R
5,1,0.5,R
5,1,0.6,R
5,1,0.4,R
5,0,0.2,R
5,1,0.7,R
5,1,0.7,R
5,1,0.6,R
5,1,0.5,R
5,0,0.4,R
5,1,0.8,R
5,1,0.7,R
5,0,0.5,R
5,0,0.3,R
5,1,0.3,R
5,0,0.2,R
5,1,0.7,R
5,1,0.4,R
5,0,0.4,R
5,0,0.4,R
5,1,0.6,R
5,1,0.8,R
5,1,0.5,R
5,1,0.8,R
5,1,0.8,R
5,0,0.5,R
5,0,0.5,R
5,1,0.6,R
5,0,0.2,R
5,1,0.8,R
5,0,0.2,R
5,0,0.3,R
5,0,0.2,R
5,1,0.7,R
5,0,0.2,R
5,0,0.3,R
5,0,0.3,R
5,0,0.3,R
5,0,0.3,R
5,0,0.4,R
5,1,0.7,R
5,0,0.5,R
5,1,0.5,R
5,1,0.5,R
5,1,0.5,R
5,0,0.3,R
5,1,0.8,R
5,1,0.7,R
5,0,0.2,R
5,0,0.2,R
5,1,0.7,R
5,1,0.6,R
5,1,0.6,R
5,0,0.2,R
5,0,0.4,R
5,0,0.4,R
5,1,0.8,R
5,1,0.8,R
5,1,0.5,R
5,1,0.8,R
5,1,0.6,R
5,1,0.8,R
5,0,0.3,R
5,0,0.4,R
5,0,0.5,R
5,1,0.7,R
5,1,0.6,R
5,0,0.2,R
5,0,0.4,R
5,0,0.6,R
5,1,0.6,R
5,0,0.4,R
5,1,0.8,R
5,0,0.5,R
5,0,0.5,R
5,0,0.4,R
5,1,0.8,R
5,0,0.3,R
5,1,0.7,R
5,1,0.5,R
5,1,0.6,R
5,0,0.3,R
5,0,0.3,R
5,0,0.2,R
5,0,0.3,R
5,0,0.4,R
5,1,0.7,R
5,1,0.5,R
5,0,0.3,R
5,1,0.7,R
5,1,0.5,R
5,1,0.8,R
5,1,0.7,R
5,1,0.7,R
5,0,0.4,R
5,0,0.4,R
5,0,0.3,R
5,1,0.6,R
5,0,0.2,R
5,1,0.7,R
5,1,0.8,R
5,0,0.3,R
5,0,0.3,R
5,1,0.7,R
5,1,0.8,R
5,1,0.7,R
5,1,0.5,R
5,1,0.8,R
5,1,0.8,R
5,0,0.2,R
5,1,0.8,R
5,1,0.6,R
5,0,0.4,R
5,0,0.2,R
5,1,0.8,R
5,1,0.7,R
5,0,0.5,R
5,0,0.4,R
5,0,0.4,R
5,1,0.8,R
5,0,0.3,R
5,1,0.7,R
5,0,0.2,R
5,1,0.7,R
5,0,0.6,R
5,1,0.8,R
5,1,0.8,R
5,1,0.6,R
5,0,0.4,R
5,0,0.2,R
5,0,0.2,R
5,0,0.3,R
5,1,0.5,R
5,1,0.7,R
5,1,0.6,R
5,0,0.2,R
5,0,0.2,R
5,1,0.8,R
5,0,0.2,R
5,1,0.8,R
5,0,0.3,R
5,1,0.7,R
5,0,0.4,R
5,1,0.8,R
5,1,0.6,R
5,1,0.8,R
5,0,0.3,R
5,1,0.7,R
5,1,0.8,R
5,0,0.2,R
5,0,0.2,R
5,0,0.4,R
5,1,0.7,R
5,1,0.7,R
5,0,0.5,R
5,1,0.7,R
5,1,0.6,R
5,0,0.2,R
5,0,0.3,R
5,0,0.3,R
5,1,0.7,R
6,0,0.2,R
6,0,0.4,R
6,0,0.2,R
6,1,0.5,R
6,1,0.6,R
6,0,0.3,R
6,1,0.7,R
6,0,0.2,R
6,1,0.5,R
6,0,0.3,R
6,1,0.7,R
6,0,0.3,R
6,0,0.4,R
6,0,0.3,R
6,1,0.6,R
6,1,0.7,R
6,0,0.2,R
6,1,0.7,R
6,1,0.6,R
6,1,0.8,R
6,1,0.8,R
6,1,0.6,R
6,0,0.2,R
6,1,0.5,R
6,0,0.2,R
6,1,0.7,R
6,0,0.3,R
6,0,0.5,R
6,0,0.3,R
6,0,0.3,R
6,0,0.2,R
6,0,0.4,R
6,1,0.6,R
6,0,0.2,R
6,1,0.8,R
6,0,0.2,R
6,0,0.2,R
6,1,0.6,R
6,0,0.3,R
6,0,0.2,R
6,1,0.8,R
6,0,0.3,R
6,0,0.4,R
6,1,0.6,R
6,0,0.5,R
6,1,0.8,R
6,1,0.8,R
6,1,0.7,R
6,1,0.8,R
6,0,0.3,R
6,1,0.7,R
6,1,0.6,R
6,0,0.3,R
6,0,0.3,R
6,1,0.6,R
6,0,0.4,R
6,0,0.4,R
6,1,0.6,R
6,1,0.5,R
6,1,0.8,R
6,1,0.5,R
6,0,0.2,R
6,1,0.6,R
6,0,0.2,R
6,1,0.8,R
6,0,0.4,R
6,1,0.8,R
6,0,0.5,R
6,1,0.7,R
6,0,0.2,R
6,1,0.7,R
6,0,0.5,R
6,0,0.4,R
6,1,0.8,R
6,1,0.8,R
6,0,0.4,R
6,0,0.2,R
6,0,0.5,R
6,0,0.5,R
6,0,0.2,R
6,0,0.5,R
6,1,0.8,R
6,1,0.7,R
6,0,0.2,R
6,1,0.8,R
6,0,0.2,R
6,0,0.5,R
6,0,0.3,R
6,0,0.4,R
6,1,0.8,R
6,0,0.6,R
6,0,0.8,R
6,0,0.7,R
6,0,0.4,R
6,0,0.3,R
6,0,0.3,R
6,0,0.4,R
6,1,0.7,R
6,1,0.7,R
6,0,0.4,R
6,1,0.7,R
6,0,0.5,R
6,1,0.7,R
6,1,0.7,R
6,1,0.8,R
6,0,0.3,R
6,1,0.8,R
6,0,0.5,R
6,0,0.5,R
6,0,0.4,R
6,1,0.8,R
6,0,0.5,R
6,1,0.6,R
6,1,0.6,R
6,0,0.2,R
6,0,0.4,R
6,1,0.6,R
6,1,0.8,R
6,0,0.5,R
6,1,0.6,R
6,0,0.7,R
6,1,0.6,R
6,0,0.5,R
6,0,0.6,R
6,0,0.5,R
6,0,0.4,R
6,0,0.5,R
6,0,0.4,R
6,0,0.7,R
6,0,0.2,R
6,0,0.3,R
6,0,0.5,R
6,1,0.6,R
6,1,0.5,R
6,1,0.6,R
6,0,0.7,R
6,1,0.7,R
6,0,0.7,R
6,0,0.4,R
6,0,0.2,R
6,1,0.6,R
6,0,0.4,R
6,1,0.6,R
6,0,0.3,R
6,1,0.8,R
6,0,0.3,R
6,1,0.8,R
6,0,0.2,R
6,1,0.8,R
6,1,0.7,R
6,1,0.4,R
6,1,0.8,R
6,0,0.3,R
6,1,0.8,R
6,1,0.6,R
6,1,0.5,R
6,0,0.3,R
6,1,0.8,R
6,1,0.7,R
6,1,0.5,R
6,0,0.2,R
6,1,0.5,R
6,1,0.5,R
6,1,0.4,R
6,0,0.4,R
6,1,0.7,R
6,1,0.6,R
6,1,0.8,R
6,1,0.7,R
6,1,0.8,R
6,1,0.8,R
6,1,0.7,R
6,1,0.7,R
6,0,0.2,R
6,1,0.8,R
6,1,0.6,R
6,1,0.6,R
6,0,0.4,R
6,1,0.7,R
6,1,0.8,R
6,0,0.5,R
6,0,0.2,R
6,1,0.5,R
6,0,0.4,R
6,1,0.7,R
6,1,0.8,R
6,1,0.6,R
6,1,0.6,R
6,0,0.3,R
6,1,0.7,R
6,1,0.7,R
6,1,0.7,R
6,1,0.6,R
6,1,0.5,R
6,0,0.4,R
6,1,0.6,R
6,1,0.8,R
6,1,0.6,R
6,0,0.4,R
6,1,0.8,R
6,0,0.2,R
6,1,0.8,R
6,0,0.4,R
6,1,0.5,R
6,0,0.2,R
6,0,0.2,R
6,1,0.7,R
6,1,0.5,R
6,0,0.3,R
6,1,0.7,R
6,0,0.3,R
6,1,0.8,R
6,1,0.7,R
6,1,0.7,R
6,1,0.7,R
6,1,0.8,R
6,0,0.2,R
6,1,0.7,R
6,0,0.3,R
6,0,0.2,R
6,1,0.8,R
6,1,0.7,R
6,1,0.6,R
6,1,0.8,R
6,1,0.8,R
6,0,0.4,R
6,1,0.7,R
6,1,0.8,R
6,1,0.7,R
6,0,0.5,R
6,0,0.5,R
6,1,0.6,R
6,0,0.2,R
6,1,0.8,R
6,0,0.3,R
6,0,0.2,R
6,0,0.2,R
6,1,0.8,R
6,1,0.5,R
6,1,0.5,R
6,0,0.4,R
6,0,0.2,R
6,1,0.6,R
6,0,0.3,R
6,0,0.3,R
6,0,0.4,R
6,0,0.3,R
6,0,0.4,R
6,1,0.8,R
6,0,0.2,R
6,0,0.2,R
6,1,0.7,R
6,0,0.4,R
6,1,0.7,R
6,1,0.5,R
6,0,0.2,R
6,0,0.3,R
6,0,0.3,R
6,1,0.6,R
6,0,0.2,R
6,0,0.3,R
6,1,0.7,R
6,1,0.7,R
6,1,0.8,R
6,1,0.7,R
6,1,0.7,R
6,1,0.7,R
6,0,0.4,R
6,1,0.8,R
6,0,0.2,R
6,1,0.6,R
6,0,0.3,R
6,1,0.8,R
6,0,0.3,R
6,1,0.6,R
6,1,0.8,R
6,1,0.7,R
6,0,0.4,R
6,1,0.6,R
6,0,0.5,R
6,1,0.7,R
6,1,0.6,R
6,1,0.7,R
7,0,0.5,R
7,0,0.2,R
7,1,0.4,R
7,1,0.6,R
7,0,0.2,R
7,0,0.4,R
7,1,0.7,R
7,0,0.4,R
7,1,0.8,R
7,0,0.3,R
7,1,0.8,R
7,1,0.8,R
7,0,0.6,R
7,0,0.3,R
7,0,0.5,R
7,0,0.3,R
7,1,0.8,R
7,0,0.4,R
7,1,0.6,R
7,1,0.5,R
7,1,0.7,R
7,1,0.7,R
7,1,0.8,R
7,1,0.7,R
7,1,0.6,R
7,0,0.6,R
7,1,0.6,R
7,0,0.4,R
7,0,0.2,R
7,1,0.7,R
7,1,0.4,R
7,1,0.6,R
7,1,0.6,R
7,1,0.6,R
7,1,0.6,R
7,0,0.2,R
7,0,0.2,R
7,1,0.6,R
7,1,0.8,R
7,1,0.6,R
7,0,0.6,R
7,1,0.6,R
7,1,0.6,R
7,0,0.3,R
7,0,0.3,R
7,0,0.3,R
7,0,0.2,R
7,1,0.8,R
7,1,0.6,R
7,1,0.6,R
7,1,0.8,R
7,0,0.4,R
7,0,0.3,R
7,0,0.4,R
7,0,0.5,R
7,0,0.2,R
7,0,0.6,R
7,1,0.7,R
7,0,0.2,R
7,0,0.5,R
7,1,0.6,R
7,0,0.4,R
7,0,0.5,R
7,0,0.4,R
7,1,0.6,R
7,1,0.6,R
7,1,0.8,R
7,0,0.4,R
7,1,0.4,R
7,1,0.8,R
7,1,0.8,R
7,1,0.7,R
7,1,0.6,R
7,1,0.7,R
7,1,0.8,R
7,0,0.4,R
7,0,0.5,R
7,1,0.7,R
7,1,0.8,R
7,0,0.4,R
7,0,0.3,R
7,0,0.2,R
7,0,0.3,R
7,1,0.6,R
7,0,0.3,R
7,0,0.4,R
7,0,0.5,R
7,0,0.2,R
7,1,0.5,R
7,1,0.6,R
7,0,0.3,R
7,1,0.5,R
7,1,0.8,R
7,0,0.5,R
7,1,0.8,R
7,1,0.8,R
7,1,0.5,R
7,0,0.3,R
7,1,0.7,R
7,1,0.5,R
7,0,0.2,R
7,1,0.7,R
7,0,0.4,R
7,0,0.3,R
7,1,0.6,R
7,1,0.6,R
7,0,0.2,R
7,1,0.7,R
7,1,0.5,R
7,1,0.5,R
7,1,0.5,R
7,1,0.7,R
7,1,0.7,R
7,1,0.5,R
7,1,0.7,R
7,1,0.7,R
7,1,0.5,R
7,1,0.5,R
7,0,0.4,R
7,1,0.5,R
7,0,0.3,R
7,1,0.7,R
7,0,0.2,R
7,1,0.8,R
7,0,0.3,R
7,1,0.8,R
7,0,0.5,R
7,1,0.4,R
7,0,0.5,R
7,1,0.4,R
7,1,0.6,R
7,1,0.7,R
7,1,0.6,R
7,0,0.2,R
7,1,0.5,R
7,0,0.2,R
7,1,0.7,R
7,1,0.7,R
7,1,0.5,R
7,0,0.3,R
7,1,0.5,R
7,1,0.5,R
7,0,0.3,R
7,1,0.5,R
7,1,0.7,R
7,1,0.4,R
7,1,0.7,R
7,1,0.6,R
7,1,0.6,R
7,1,0.6,R
7,0,0.2,R
7,1,0.7,R
7,0,0.3,R
7,1,0.6,R
7,1,0.8,R
7,1,0.5,R
7,0,0.4,R
7,0,0.2,R
7,1,0.8,R
7,1,0.6,R
7,1,0.6,R
7,0,0.7,R
7,1,0.8,R
7,1,0.5,R
7,0,0.3,R
7,1,0.7,R
7,0,0.3,R
7,0,0.4,R
7,0,0.2,R
7,0,0.3,R
7,0,0.4,R
7,1,0.7,R
7,1,0.6,R
7,1,0.7,R
7,1,0.6,R
7,0,0.4,R
7,1,0.6,R
7,0,0.3,R
7,1,0.7,R
7,1,0.8,R
7,1,0.6,R
7,0,0.4,R
7,0,0.2,R
7,0,0.3,R
7,1,0.8,R
7,1,0.5,R
7,1,0.7,R
7,1,0.7,R
7,1,0.7,R
7,1,0.6,R
7,1,0.5,R
7,1,0.7,R
7,1,0.7,R
7,1,0.6,R
7,0,0.4,R
7,1,0.8,R
7,0,0.3,R
7,0,0.7,R
7,0,0.2,R
7,0,0.6,R
7,1,0.8,R
7,1,0.8,R
7,0,0.4,R
7,1,0.7,R
7,1,0.4,R
7,0,0.2,R
7,1,0.6,R
7,0,0.3,R
7,1,0.6,R
7,1,0.8,R
7,0,0.3,R
7,0,0.3,R
7,1,0.5,R
7,1,0.6,R
7,1,0.7,R
7,1,0.4,R
7,1,0.6,R
7,1,0.5,R
7,1,0.6,R
7,0,0.3,R
7,1,0.6,R
7,1,0.5,R
7,1,0.7,R
7,1,0.4,R
7,1,0.5,R
7,1,0.5,R
7,1,0.8,R
7,0,0.2,R
7,1,0.6,R
7,1,0.7,R
7,1,0.5,R
7,1,0.6,R
7,1,0.5,R
7,0,0.2,R
7,1,0.6,R
7,0,0.2,R
7,1,0.5,R
7,0,0.2,R
7,1,0.4,R
7,1,0.4,R
7,1,0.5,R
7,0,0.2,R
7,0,0.3,R
7,1,0.7,R
7,0,0.3,R
7,1,0.8,R
7,1,0.4,R
7,1,0.7,R
7,1,0.8,R
7,1,0.7,R
7,0,0.3,R
7,1,0.4,R
7,1,0.8,R
7,0,0.6,R
7,1,0.5,R
7,1,0.7,R
7,1,0.7,R
7,0,0.2,R
7,1,0.5,R
7,1,0.5,R
7,1,0.6,R
7,1,0.7,R
7,0,0.2,R
7,1,0.6,R
7,1,0.8,R
7,1,0.5,R
7,0,0.4,R
7,1,0.6,R
7,1,0.5,R
7,0,0.3,R
7,0,0.2,R
7,1,0.4,R
7,0,0.3,R
7,1,0.7,R
7,1,0.4,R
7,1,0.8,R
7,1,0.6,R
7,1,0.4,R
7,0,0.2,R
7,0,0.4,R
7,1,0.7,R
7,0,0.4,R
7,1,0.7,R
7,1,0.5,R
7,1,0.6,R
7,1,0.4,R
7,1,0.6,R
7,1,0.8,R
7,0,0.4,R
7,0,0.2,R
7,1,0.8,R
8,1,0.7,R
8,1,0.6,R
8,0,0.2,R
8,0,0.5,R
8,0,0.5,R
8,0,0.2,R
8,0,0.4,R
8,0,0.3,R
8,1,0.8,R
8,0,0.2,R
8,0,0.5,R
8,0,0.7,R
8,0,0.4,R
8,0,0.2,R
8,0,0.8,R
8,0,0.7,R
8,0,0.6,R
8,1,0.5,R
8,0,0.2,R
8,1,0.5,R
8,1,0.8,R
8,0,0.6,R
8,0,0.2,R
8,0,0.4,R
8,1,0.8,R
8,0,0.5,R
8,0,0.3,R
8,0,0.2,R
8,0,0.2,R
8,0,0.2,R
8,0,0.8,R
8,1,0.8,R
8,1,0.7,R
8,1,0.8,R
8,1,0.7,R
8,0,0.7,R
8,0,0.2,R
8,0,0.5,R
8,0,0.2,R
8,0,0.6,R
8,0,0.7,R
8,0,0.6,R
8,0,0.4,R
8,0,0.3,R
8,0,0.3,R
8,0,0.4,R
8,0,0.3,R
8,0,0.3,R
8,1,0.8,R
8,0,0.2,R
8,0,0.2,R
8,0,0.8,R
8,0,0.7,R
8,0,0.2,R
8,0,0.8,R
8,0,0.2,R
8,0,0.4,R
8,1,0.8,R
8,0,0.4,R
8,0,0.4,R
8,0,0.8,R
8,1,0.4,R
8,1,0.3,R
8,0,0.2,R
8,0,0.3,R
8,1,0.7,R
8,0,0.6,R
8,0,0.4,R
8,1,0.6,R
8,0,0.4,R
8,0,0.4,R
8,0,0.5,R
8,0,0.4,R
8,0,0.3,R
8,0,0.2,R
8,0,0.5,R
8,0,0.6,R
8,1,0.8,R
8,0,0.7,R
8,1,0.3,R
8,1,0.5,R
8,0,0.2,R
8,0,0.2,R
8,0,0.2,R
8,1,0.7,R
8,0,0.2,R
8,1,0.8,R
8,1,0.4,R
8,0,0.2,R
8,0,0.3,R
8,0,0.3,R
8,1,0.7,R
8,1,0.8,R
8,1,0.3,R
8,0,0.3,R
8,1,0.8,R
8,0,0.2,R
8,1,0.7,R
8,1,0.8,R
8,1,0.4,R
8,0,0.5,R
8,1,0.7,R
8,0,0.4,R
8,1,0.7,R
8,0,0.4,R
8,0,0.8,R
8,0,0.5,R
8,1,0.8,R
8,1,0.8,R
8,0,0.3,R
8,0,0.4,R
8,1,0.7,R
8,1,0.5,R
8,0,0.2,R
8,1,0.3,R
8,1,0.7,R
8,1,0.8,R
8,0,0.4,R
8,0,0.5,R
8,0,0.4,R
8,0,0.2,R
8,1,0.8,R
8,1,0.8,R
8,1,0.6,R
8,0,0.2,R
8,0,0.3,R
8,1,0.8,R
8,0,0.5,R
8,1,0.5,R
8,0,0.3,R
8,0,0.4,R
8,0,0.4,R
8,1,0.6,R
8,0,0.6,R
8,1,0.6,R
8,1,0.7,R
8,1,0.7,R
8,1,0.6,R
8,1,0.6,R
8,1,0.3,R
8,0,0.3,R
8,1,0.5,R
8,0,0.2,R
8,1,0.8,R
8,0,0.3,R
8,0,0.6,R
8,0,0.2,R
8,1,0.8,R
8,1,0.7,R
8,1,0.7,R
8,1,0.7,R
8,0,0.3,R
8,1,0.5,R
8,0,0.3,R
8,1,0.4,R
8,1,0.7,R
8,0,0.2,R
8,1,0.7,R
8,1,0.7,R
8,0,0.8,R
8,1,0.7,R
8,1,0.6,R
8,0,0.3,R
8,1,0.7,R
8,0,0.3,R
8,0,0.6,R
8,0,0.4,R
8,1,0.8,R
8,0,0.2,R
8,0,0.5,R
8,0,0.2,R
8,1,0.5,R
8,1,0.7,R
8,0,0.4,R
8,1,0.5,R
8,1,0.4,R
8,0,0.6,R
8,0,0.2,R
8,1,0.6,R
8,0,0.5,R
8,1,0.8,R
8,1,0.7,R
8,1,0.6,R
8,1,0.6,R
8,0,0.2,R
8,0,0.8,R
8,1,0.6,R
8,1,0.4,R
8,0,0.3,R
8,0,0.5,R
8,0,0.4,R
8,1,0.6,R
8,0,0.3,R
8,1,0.6,R
8,1,0.4,R
8,0,0.3,R
8,0,0.7,R
8,0,0.5,R
8,0,0.7,R
8,1,0.5,R
8,1,0.5,R
8,0,0.3,R
8,0,0.3,R
8,1,0.5,R
8,1,0.4,R
8,0,0.4,R
8,0,0.5,R
8,0,0.3,R
8,0,0.2,R
8,1,0.7,R
8,0,0.3,R
8,1,0.7,R
8,1,0.7,R
8,0,0.3,R
8,0,0.3,R
8,1,0.6,R
8,0,0.2,R
8,0,0.3,R
8,0,0.5,R
8,1,0.7,R
8,0,0.4,R
8,1,0.4,R
8,0,0.3,R
8,1,0.4,R
8,1,0.6,R
8,1,0.7,R
8,1,0.6,R
8,1,0.7,R
8,0,0.2,R
8,0,0.5,R
8,1,0.3,R
8,0,0.3,R
8,0,0.3,R
8,0,0.2,R
8,0,0.2,R
8,1,0.6,R
8,1,0.7,R
8,0,0.2,R
8,0,0.2,R
8,1,0.7,R
8,0,0.2,R
8,1,0.5,R
8,1,0.8,R
8,0,0.6,R
8,0,0.7,R
8,0,0.2,R
8,1,0.8,R
8,1,0.6,R
8,1,0.7,R
8,1,0.5,R
8,0,0.5,R
8,1,0.8,R
8,1,0.4,R
8,0,0.2,R
8,1,0.6,R
8,0,0.2,R
8,0,0.6,R
8,1,0.7,R
8,0,0.4,R
8,0,0.7,R
8,0,0.8,R
8,1,0.5,R
8,1,0.8,R
8,1,0.4,R
8,0,0.2,R
8,0,0.2,R
8,0,0.4,R
8,0,0.4,R
8,0,0.2,R
8,0,0.3,R
8,0,0.2,R
8,1,0.6,R
8,1,0.5,R
8,0,0.8,R
8,0,0.8,R
8,0,0.6,R
8,1,0.6,R
8,1,0.6,R
8,0,0.3,R
8,1,0.8,R
8,0,0.4,R
8,1,0.4,R
8,1,0.6,R
8,1,0.7,R
8,1,0.5,R
8,1,0.5,R
8,1,0.7,R
8,1,0.7,R
8,0,0.3,R
8,0,0.3,R
8,1,0.7,R
8,1,0.7,R
8,1,0.7,R
8,0,0.8,R
8,1,0.8,R
8,1,0.5,R
8,0,0.5,R
8,0,0.2,R
8,0,0.2,R
8,1,0.3,R
8,0,0.4,R
8,0,0.5,R
8,0,0.2,R
9,1,0.4,R
9,1,0.7,R
9,1,0.5,R
9,0,0.2,R
9,1,0.6,R
9,0,0.3,R
9,0,0.3,R
9,1,0.7,R
9,0,0.3,R
9,0,0.3,R
9,0,0.4,R
9,0,0.4,R
9,1,0.8,R
9,0,0.5,R
9,0,0.4,R
9,1,0.7,R
9,0,0.4,R
9,0,0.6,R
9,1,0.6,R
9,0,0.2,R
9,1,0.5,R
9,1,0.6,R
9,0,0.3,R
9,0,0.3,R
9,1,0.7,R
9,0,0.5,R
9,1,0.6,R
9,1,0.8,R
9,0,0.2,R
9,1,0.7,R
9,1,0.7,R
9,0,0.4,R
9,0,0.2,R
9,1,0.7,R
9,0,0.5,R
9,1,0.6,R
9,1,0.4,R
9,0,0.3,R
9,1,0.8,R
9,1,0.3,R
9,1,0.6,R
9,0,0.4,R
9,0,0.2,R
9,1,0.6,R
9,0,0.3,R
9,1,0.6,R
9,0,0.3,R
9,1,0.8,R
9,0,0.5,R
9,0,0.2,R
9,1,0.6,R
9,0,0.5,R
9,0,0.3,R
9,0,0.4,R
9,1,0.4,R
9,0,0.2,R
9,0,0.5,R
9,1,0.8,R
9,0,0.4,R
9,1,0.7,R
9,1,0.8,R
9,0,0.2,R
9,0,0.3,R
9,0,0.2,R
9,1,0.4,R
9,0,0.3,R
9,1,0.4,R
9,1,0.6,R
9,0,0.3,R
9,0,0.5,R
9,0,0.5,R
9,1,0.8,R
9,0,0.2,R
9,0,0.4,R
9,0,0.2,R
9,0,0.3,R
9,0,0.2,R
9,1,0.8,R
9,1,0.5,R
9,0,0.2,R
9,1,0.7,R
9,0,0.4,R
9,1,0.5,R
9,1,0.8,R
9,1,0.5,R
9,1,0.3,R
9,0,0.3,R
9,0,0.5,R
9,1,0.7,R
9,0,0.6,R
9,0,0.2,R
9,1,0.6,R
9,0,0.6,R
9,0,0.3,R
9,0,0.2,R
9,0,0.5,R
9,1,0.6,R
9,1,0.5,R
9,1,0.8,R
9,1,0.6,R
9,1,0.7,R
9,0,0.2,R
9,1,0.6,R
9,1,0.8,R
9,0,0.5,R
9,0,0.6,R
9,1,0.7,R
9,0,0.5,R
9,1,0.8,R
9,1,0.7,R
9,1,0.7,R
9,1,0.7,R
9,0,0.5,R
9,1,0.6,R
9,1,0.4,R
9,0,0.2,R
9,1,0.7,R
9,0,0.5,R
9,1,0.7,R
9,1,0.5,R
9,0,0.3,R
9,0,0.4,R
9,1,0.7,R
9,1,0.8,R
9,0,0.4,R
9,1,0.8,R
9,1,0.7,R
9,0,0.3,R
9,1,0.5,R
9,1,0.7,R
9,0,0.2,R
9,0,0.8,R
9,0,0.2,R
9,0,0.3,R
9,1,0.6,R
9,1,0.4,R
9,0,0.2,R
9,1,0.5,R
9,0,0.7,R
9,1,0.6,R
9,0,0.3,R
9,1,0.7,R
9,1,0.8,R
9,1,0.8,R
9,1,0.8,R
9,0,0.2,R
9,0,0.5,R
9,0,0.3,R
9,1,0.5,R
9,0,0.5,R
9,1,0.8,R
9,1,0.8,R
9,1,0.7,R
9,0,0.5,R
9,0,0.8,R
9,0,0.3,R
9,0,0.6,R
9,0,0.4,R
9,0,0.3,R
9,1,0.4,R
9,0,0.6,R
9,1,0.5,R
9,0,0.4,R
9,0,0.5,R
9,0,0.3,R
9,1,0.8,R
9,1,0.7,R
9,1,0.8,R
9,1,0.6,R
9,0,0.2,R
9,0,0.3,R
9,1,0.8,R
9,1,0.7,R
9,0,0.5,R
9,1,0.7,R
9,1,0.8,R
9,0,0.3,R
9,1,0.7,R
9,0,0.4,R
9,1,0.8,R
9,1,0.8,R
9,0,0.4,R
9,1,0.7,R
9,0,0.2,R
9,1,0.8,R
9,1,0.7,R
9,0,0.5,R
9,1,0.3,R
9,1,0.6,R
9,1,0.6,R
9,1,0.5,R
9,0,0.2,R
9,1,0.7,R
9,1,0.6,R
9,0,0.3,R
9,1,0.8,R
9,0,0.3,R
9,0,0.3,R
9,1,0.4,R
9,0,0.4,R
9,1,0.5,R
9,1,0.7,R
9,1,0.8,R
9,0,0.3,R
9,1,0.7,R
9,1,0.6,R
9,0,0.4,R
9,1,0.7,R
9,1,0.6,R
9,0,0.2,R
9,0,0.3,R
9,0,0.4,R
9,0,0.7,R
9,0,0.4,R
9,0,0.5,R
9,1,0.5,R
9,0,0.2,R
9,0,0.2,R
9,1,0.6,R
9,1,0.3,R
9,1,0.5,R
9,1,0.7,R
9,1,0.7,R
9,1,0.5,R
9,0,0.4,R
9,0,0.2,R
9,1,0.8,R
9,1,0.8,R
9,0,0.4,R
9,1,0.5,R
9,1,0.7,R
9,1,0.8,R
9,0,0.2,R
9,1,0.6,R
9,0,0.5,R
9,0,0.3,R
9,0,0.5,R
9,1,0.7,R
9,1,0.5,R
9,0,0.2,R
9,0,0.4,R
9,0,0.4,R
9,1,0.7,R
9,0,0.3,R
9,0,0.3,R
9,1,0.7,R
9,1,0.5,R
9,0,0.4,R
9,0,0.2,R
9,1,0.6,R
9,0,0.3,R
9,0,0.3,R
9,1,0.8,R
9,1,0.8,R
9,1,0.6,R
9,1,0.6,R
9,0,0.2,R
9,0,0.5,R
9,0,0.3,R
9,1,0.7,R
9,1,0.7,R
9,0,0.5,R
9,0,0.2,R
9,1,0.5,R
9,1,0.7,R
9,1,0.8,R
9,0,0.5,R
9,0,0.2,R
9,0,0.6,R
9,0,0.3,R
9,0,0.7,R
9,0,0.2,R
9,0,0.4,R
9,0,0.2,R
9,0,0.3,R
9,1,0.3,R
9,0,0.2,R
9,1,0.8,R
9,1,0.7,R
9,0,0.2,R
9,1,0.7,R
9,0,0.4,R
9,1,0.8,R
9,0,0.2,R
9,0,0.2,R
9,1,0.5,R
9,0,0.5,R
9,1,0.8,R
9,1,0.7,R
9,1,0.6,R
10,1,0.5,R
10,1,0.6,R
10,0,0.2,R
10,1,0.5,R
10,0,0.5,R
10,0,0.4,R
10,0,0.2,R
10,1,0.8,R
10,1,0.7,R
10,0,0.4,R
10,0,0.2,R
10,1,0.7,R
10,1,0.7,R
10,1,0.5,R
10,0,0.4,R
10,1,0.7,R
10,0,0.3,R
10,0,0.5,R
10,0,0.6,R
10,1,0.7,R
10,0,0.3,R
10,1,0.8,R
10,1,0.6,R
10,0,0.3,R
10,0,0.4,R
10,0,0.2,R
10,0,0.3,R
10,0,0.2,R
10,0,0.3,R
10,0,0.3,R
10,0,0.3,R
10,1,0.8,R
10,0,0.3,R
10,0,0.3,R
10,1,0.5,R
10,0,0.2,R
10,0,0.5,R
10,1,0.6,R
10,1,0.7,R
10,0,0.3,R
10,1,0.6,R
10,1,0.7,R
10,1,0.7,R
10,1,0.8,R
10,1,0.6,R
10,1,0.8,R
10,0,0.5,R
10,1,0.5,R
10,1,0.8,R
10,1,0.6,R
10,0,0.2,R
10,1,0.7,R
10,1,0.6,R
10,1,0.7,R
10,0,0.3,R
10,0,0.5,R
10,0,0.3,R
10,0,0.2,R
10,0,0.4,R
10,0,0.2,R
10,0,0.4,R
10,1,0.6,R
10,1,0.7,R
10,0,0.3,R
10,1,0.5,R
10,0,0.3,R
10,0,0.4,R
10,1,0.5,R
10,1,0.5,R
10,1,0.5,R
10,1,0.8,R
10,1,0.8,R
10,0,0.2,R
10,0,0.2,R
10,1,0.5,R
10,1,0.8,R
10,0,0.3,R
10,0,0.3,R
10,1,0.6,R
10,1,0.3,R
10,1,0.7,R
10,0,0.3,R
10,1,0.6,R
10,1,0.6,R
10,1,0.8,R
10,1,0.5,R
10,0,0.2,R
10,1,0.6,R
10,1,0.7,R
10,1,0.7,R
10,0,0.2,R
10,0,0.3,R
10,1,0.7,R
10,1,0.8,R
10,0,0.4,R
10,1,0.6,R
10,0,0.6,R
10,0,0.2,R
10,0,0.3,R
10,1,0.6,R
10,1,0.5,R
10,1,0.5,R
10,1,0.5,R
10,1,0.8,R
10,1,0.7,R
10,0,0.2,R
10,0,0.2,R
10,0,0.4,R
10,0,0.4,R
10,0,0.3,R
10,1,0.8,R
10,1,0.6,R
10,1,0.7,R
10,0,0.3,R
10,1,0.7,R
10,1,0.7,R
10,0,0.4,R
10,0,0.5,R
10,0,0.3,R
10,0,0.3,R
10,1,0.7,R
10,1,0.6,R
10,1,0.7,R
10,0,0.3,R
10,1,0.8,R
10,1,0.8,R
10,0,0.3,R
10,0,0.4,R
10,1,0.5,R
10,0,0.5,R
10,1,0.7,R
10,1,0.5,R
10,0,0.3,R
10,1,0.7,R
10,1,0.6,R
10,1,0.5,R
10,1,0.7,R
10,0,0.2,R
10,1,0.7,R
10,0,0.3,R
10,1,0.8,R
10,1,0.6,R
10,1,0.8,R
10,1,0.6,R
10,1,0.7,R
10,1,0.5,R
10,0,0.3,R
10,1,0.6,R
10,0,0.5,R
10,1,0.6,R
10,1,0.7,R
10,1,0.3,R
10,1,0.5,R
10,1,0.7,R
10,1,0.7,R
10,1,0.2,R
10,1,0.7,R
10,1,0.6,R
10,0,0.2,R
10,1,0.6,R
10,1,0.8,R
10,0,0.3,R
10,1,0.6,R
10,1,0.7,R
10,0,0.3,R
10,0,0.4,R
10,0,0.2,R
10,1,0.7,R
10,1,0.8,R
10,1,0.5,R
10,1,0.8,R
10,1,0.5,R
10,0,0.3,R
10,0,0.2,R
10,1,0.7,R
10,0,0.4,R
10,0,0.5,R
10,1,0.8,R
10,0,0.3,R
10,1,0.5,R
10,0,0.5,R
10,0,0.4,R
10,1,0.6,R
10,1,0.7,R
10,1,0.8,R
10,1,0.7,R
10,1,0.5,R
10,1,0.8,R
10,1,0.5,R
10,0,0.2,R
10,0,0.3,R
10,1,0.5,R
10,1,0.5,R
10,0,0.2,R
10,1,0.6,R
10,0,0.2,R
10,0,0.3,R
10,1,0.7,R
10,1,0.8,R
10,1,0.6,R
10,1,0.6,R
10,1,0.6,R
10,1,0.8,R
10,1,0.8,R
10,0,0.2,R
10,1,0.6,R
10,1,0.5,R
10,0,0.5,R
10,1,0.6,R
10,1,0.6,R
10,1,0.7,R
10,1,0.7,R
10,1,0.6,R
10,1,0.5,R
10,1,0.7,R
10,1,0.5,R
10,1,0.4,R
10,0,0.3,R
10,1,0.7,R
10,1,0.5,R
10,0,0.2,R
10,0,0.4,R
10,1,0.8,R
10,1,0.6,R
10,1,0.8,R
10,0,0.3,R
10,1,0.8,R
10,1,0.7,R
10,1,0.5,R
10,1,0.7,R
10,1,0.7,R
10,0,0.3,R
10,1,0.5,R
10,1,0.8,R
10,1,0.3,R
10,1,0.5,R
10,1,0.5,R
10,0,0.2,R
10,0,0.2,R
10,1,0.8,R
10,1,0.7,R
10,1,0.7,R
10,1,0.5,R
10,1,0.6,R
10,0,0.3,R
10,1,0.8,R
10,0,0.4,R
10,1,0.8,R
10,1,0.6,R
10,1,0.7,R
10,0,0.4,R
10,1,0.8,R
10,1,0.5,R
10,0,0.3,R
10,1,0.7,R
10,1,0.5,R
10,0,0.4,R
10,0,0.4,R
10,0,0.3,R
10,0,0.5,R
10,0,0.4,R
10,1,0.7,R
10,0,0.3,R
10,0,0.6,R
10,0,0.5,R
10,1,0.7,R
10,1,0.8,R
10,1,0.8,R
10,0,0.3,R
10,1,0.7,R
10,1,0.6,R
10,0,0.3,R
10,1,0.5,R
10,0,0.4,R
10,1,0.8,R
10,1,0.8,R
10,0,0.3,R
10,0,0.5,R
10,1,0.7,R
10,0,0.5,R
10,0,0.3,R
10,1,0.8,R
10,0,0.5,R
10,0,0.2,R
10,1,0.7,R
10,1,0.8,R
10,0,0.5,R
10,1,0.5,R
10,0,0.2,R
10,1,0.5,R
10,0,0.3,R
10,1,0.8,R
10,0,0.3,R
10,1,0.6,R
10,1,0.5,R
10,1,0.7,R
10,0,0.2,R
10,0,0.5,R
10,0,0.5,R
10,1,0.7,R
10,0,0.5,R
10,1,0.7,R
10,0,0.4,R
10,1,0.6,R
10,1,0.6,R
10,1,0.6,R
10,1,0.6,R
10,0,0.5,R
10,1,0.6,R
10,0,0.3,R
10,0,0.5,R
10,0,0.5,R
10,1,0.7,R
10,0,0.2,R
10,1,0.8,R
11,1,0.3,R
11,1,0.4,R
11,0,0.3,R
11,1,0.4,R
11,1,0.5,R
11,1,0.5,R
11,0,0.2,R
11,1,0.5,R
11,0,0.2,R
11,0,0.4,R
11,1,0.6,R
11,0,0.2,R
11,1,0.6,R
11,1,0.5,R
11,1,0.7,R
11,0,0.2,R
11,1,0.7,R
11,0,0.2,R
11,0,0.2,R
11,0,0.2,R
11,0,0.2,R
11,1,0.3,R
11,0,0.4,R
11,1,0.5,R
11,1,0.5,R
11,1,0.4,R
11,1,0.4,R
11,1,0.6,R
11,1,0.3,R
11,0,0.3,R
11,0,0.2,R
11,0,0.5,R
11,0,0.3,R
11,1,0.5,R
11,0,0.3,R
11,0,0.3,R
11,0,0.3,R
11,0,0.4,R
11,1,0.7,R
11,1,0.4,R
11,1,0.5,R
11,0,0.3,R
11,1,0.6,R
11,1,0.4,R
11,1,0.4,R
11,1,0.6,R
11,0,0.3,R
11,1,0.7,R
11,1,0.7,R
11,0,0.4,R
11,1,0.6,R
11,0,0.2,R
11,1,0.5,R
11,1,0.3,R
11,1,0.5,R
11,1,0.3,R
11,1,0.6,R
11,0,0.5,R
11,0,0.3,R
11,0,0.2,R
11,0,0.4,R
11,0,0.2,R
11,0,0.2,R
11,0,0.2,R
11,0,0.6,R
11,0,0.2,R
11,1,0.6,R
11,1,0.5,R
11,0,0.3,R
11,0,0.4,R
11,1,0.6,R
11,1,0.4,R
11,1,0.6,R
11,0,0.3,R
11,1,0.7,R
11,1,0.4,R
11,0,0.8,R
11,1,0.3,R
11,1,0.4,R
11,0,0.2,R
11,1,0.7,R
11,0,0.6,R
11,0,0.2,R
11,1,0.7,R
11,1,0.5,R
11,0,0.3,R
11,1,0.7,R
11,1,0.5,R
11,1,0.4,R
11,0,0.6,R
11,1,0.6,R
11,0,0.5,R
11,1,0.5,R
11,0,0.2,R
11,1,0.7,R
11,1,0.7,R
11,1,0.8,R
11,1,0.4,R
11,0,0.2,R
11,0,0.3,R
11,1,0.7,R
11,0,0.7,R
11,1,0.7,R
11,1,0.5,R
11,1,0.5,R
11,0,0.3,R
11,0,0.2,R
11,1,0.7,R
11,0,0.2,R
11,1,0.5,R
11,1,0.6,R
11,0,0.2,R
11,0,0.4,R
11,0,0.5,R
11,0,0.6,R
11,1,0.6,R
11,0,0.5,R
11,0,0.4,R
11,0,0.5,R
11,0,0.2,R
11,1,0.8,R
11,0,0.3,R
11,1,0.6,R
11,0,0.4,R
11,0,0.4,R
11,0,0.3,R
11,1,0.6,R
11,0,0.2,R
11,1,0.8,R
11,0,0.4,R
11,1,0.6,R
11,1,0.6,R
11,0,0.4,R
11,0,0.2,R
11,1,0.8,R
11,0,0.3,R
11,1,0.5,R
11,0,0.3,R
11,1,0.7,R
11,0,0.3,R
11,0,0.6,R
11,0,0.3,R
11,1,0.8,R
11,1,0.4,R
11,0,0.2,R
11,1,0.6,R
11,0,0.4,R
11,1,0.4,R
11,1,0.6,R
11,1,0.4,R
11,1,0.6,R
11,1,0.2,R
11,1,0.5,R
11,1,0.5,R
11,1,0.7,R
11,1,0.2,R
11,1,0.3,R
11,0,0.3,R
11,0,0.8,R
11,0,0.2,R
11,1,0.6,R
11,1,0.4,R
11,0,0.3,R
11,1,0.5,R
11,1,0.5,R
11,1,0.4,R
11,1,0.6,R
11,0,0.3,R
11,1,0.4,R
11,1,0.6,R
11,1,0.5,R
11,1,0.6,R
11,0,0.2,R
11,1,0.5,R
11,1,0.6,R
11,1,0.3,R
11,0,0.2,R
11,1,0.5,R
11,1,0.3,R
11,0,0.4,R
11,1,0.7,R
11,1,0.7,R
11,1,0.4,R
11,1,0.3,R
11,1,0.8,R
11,1,0.6,R
11,0,0.3,R
11,1,0.5,R
11,1,0.4,R
12,1,0.5,R
12,1,0.7,R
12,1,0.7,R
12,1,0.5,R
12,1,0.5,R
12,1,0.8,R
12,0,0.3,R
12,0,0.3,R
12,0,0.2,R
12,1,0.7,R
12,0,0.2,R
12,1,0.5,R
12,1,0.6,R
12,0,0.2,R
12,1,0.4,R
12,1,0.5,R
12,1,0.7,R
12,1,0.6,R
12,1,0.6,R
12,1,0.6,R
12,1,0.5,R
12,1,0.4,R
12,1,0.5,R
12,1,0.6,R
12,1,0.5,R
12,1,0.4,R
12,1,0.8,R
12,1,0.7,R
12,0,0.2,R
12,1,0.8,R
12,1,0.8,R
12,0,0.3,R
12,0,0.6,R
12,1,0.6,R
12,1,0.5,R
12,1,0.4,R
12,1,0.4,R
12,0,0.3,R
12,1,0.6,R
12,0,0.2,R
12,1,0.8,R
12,1,0.4,R
12,0,0.6,R
12,1,0.6,R
12,1,0.5,R
12,0,0.2,R
12,0,0.4,R
12,0,0.2,R
12,1,0.8,R
12,1,0.7,R
12,0,0.3,R
12,0,0.5,R
12,0,0.3,R
12,1,0.7,R
12,1,0.7,R
12,1,0.6,R
12,0,0.3,R
12,1,0.7,R
12,0,0.3,R
12,1,0.8,R
12,1,0.8,R
12,1,0.7,R
12,1,0.7,R
12,0,0.6,R
12,0,0.3,R
12,0,0.3,R
12,1,0.8,R
12,1,0.4,R
12,0,0.2,R
12,0,0.5,R
12,1,0.5,R
12,1,0.7,R
12,1,0.8,R
12,0,0.2,R
12,1,0.6,R
12,1,0.4,R
12,1,0.7,R
12,1,0.8,R
12,0,0.3,R
12,0,0.4,R
12,1,0.8,R
12,1,0.7,R
12,1,0.6,R
12,1,0.3,R
12,0,0.3,R
12,1,0.6,R
12,0,0.4,R
12,1,0.7,R
12,0,0.2,R
12,0,0.6,R
12,0,0.2,R
12,1,0.6,R
12,0,0.5,R
12,1,0.4,R
12,0,0.6,R
12,0,0.2,R
12,0,0.2,R
12,0,0.3,R
12,1,0.5,R
12,1,0.8,R
12,0,0.7,R
12,0,0.3,R
12,1,0.4,R
12,0,0.2,R
12,0,0.3,R
12,0,0.3,R
12,0,0.3,R
12,1,0.6,R
12,0,0.3,R
12,1,0.8,R
12,1,0.7,R
12,1,0.8,R
12,0,0.3,R
12,1,0.7,R
12,0,0.2,R
12,0,0.2,R
12,1,0.7,R
12,1,0.7,R
12,0,0.2,R
12,0,0.5,R
12,0,0.8,R
12,1,0.8,R
12,1,0.7,R
12,0,0.8,R
12,0,0.6,R
12,0,0.5,R
12,0,0.4,R
12,1,0.8,R
12,1,0.6,R
12,1,0.4,R
12,1,0.7,R
12,1,0.8,R
12,0,0.6,R
12,1,0.4,R
12,0,0.3,R
12,0,0.3,R
12,0,0.3,R
12,1,0.6,R
12,1,0.5,R
12,0,0.7,R
12,1,0.4,R
12,1,0.4,R
12,1,0.8,R
12,1,0.4,R
12,1,0.6,R
12,0,0.3,R
12,1,0.5,R
12,1,0.8,R
12,0,0.6,R
12,0,0.4,R
12,0,0.8,R
12,0,0.7,R
12,0,0.3,R
12,1,0.7,R
12,0,0.2,R
12,1,0.7,R
12,0,0.3,R
12,1,0.7,R
12,0,0.6,R
12,0,0.5,R
12,0,0.7,R
12,0,0.2,R
12,1,0.8,R
12,1,0.8,R
12,0,0.4,R
12,0,0.2,R
12,1,0.8,R
12,0,0.4,R
12,0,0.7,R
12,1,0.6,R
12,1,0.8,R
12,1,0.5,R
12,0,0.4,R
12,0,0.5,R
12,1,0.3,R
12,0,0.3,R
12,0,0.5,R
12,0,0.8,R
12,1,0.6,R
12,0,0.5,R
12,0,0.5,R
12,0,0.2,R
12,1,0.6,R
12,1,0.7,R
12,1,0.5,R
12,1,0.6,R
12,1,0.8,R
12,0,0.3,R
12,0,0.6,R
12,0,0.3,R
12,0,0.7,R
12,0,0.7,R
12,1,0.6,R
12,0,0.5,R
12,0,0.3,R
12,0,0.3,R
12,0,0.4,R
12,1,0.5,R
12,1,0.6,R
12,1,0.3,R
12,1,0.4,R
12,0,0.8,R
12,0,0.6,R
12,0,0.5,R
12,1,0.3,R
12,1,0.7,R
12,1,0.8,R
12,0,0.2,R
12,0,0.5,R
12,1,0.6,R
12,1,0.3,R
12,1,0.7,R
12,0,0.2,R
12,0,0.3,R
12,1,0.8,R
12,1,0.3,R
12,0,0.5,R
12,1,0.7,R
12,1,0.6,R
12,0,0.3,R
12,0,0.2,R
12,0,0.2,R
12,0,0.6,R
12,1,0.6,R
12,0,0.5,R
12,1,0.5,R
12,0,0.3,R
12,1,0.4,R
12,1,0.6,R
12,0,0.5,R
12,1,0.6,R
12,0,0.6,R
12,0,0.3,R
12,0,0.4,R
12,1,0.8,R
12,1,0.8,R
12,0,0.4,R
12,0,0.4,R
12,0,0.4,R
12,0,0.2,R
12,0,0.2,R
12,1,0.6,R
12,0,0.6,R
12,0,0.3,R
12,0,0.6,R
12,0,0.5,R
12,1,0.3,R
12,1,0.7,R
12,0,0.3,R
12,0,0.2,R
12,0,0.4,R
12,0,0.5,R
12,1,0.2,R
12,0,0.4,R
12,1,0.4,R
12,0,0.5,R
12,1,0.6,R
12,0,0.8,R
12,0,0.5,R
12,1,0.7,R
12,0,0.3,R
12,1,0.6,R
12,0,0.5,R
12,1,0.2,R
12,1,0.8,R
12,0,0.3,R
12,0,0.2,R
12,0,0.4,R
12,0,0.5,R
12,1,0.7,R
12,0,0.4,R
12,0,0.5,R
12,0,0.8,R
12,0,0.3,R
12,0,0.2,R
12,0,0.4,R
12,0,0.2,R
12,0,0.2,R
12,0,0.8,R
12,0,0.2,R
12,0,0.7,R
12,1,0.4,R
12,1,0.7,R
12,1,0.7,R
12,0,0.6,R
12,1,0.5,R
12,1,0.8,R
12,1,0.7,R
12,0,0.4,R
13,1,0.8,R
13,0,0.2,R
13,1,0.6,R
13,0,0.2,R
13,0,0.2,R
13,0,0.2,R
13,1,0.5,R
13,1,0.7,R
13,1,0.6,R
13,1,0.8,R
13,0,0.3,R
13,0,0.5,R
13,0,0.2,R
13,0,0.3,R
13,0,0.4,R
13,0,0.2,R
13,0,0.3,R
13,1,0.8,R
13,1,0.8,R
13,1,0.8,R
13,1,0.8,R
13,1,0.8,R
13,1,0.6,R
13,1,0.8,R
13,0,0.2,R
13,1,0.6,R
13,0,0.4,R
13,1,0.8,R
13,0,0.2,R
13,0,0.3,R
13,1,0.7,R
13,0,0.4,R
13,0,0.3,R
13,0,0.3,R
13,1,0.6,R
13,0,0.3,R
13,1,0.7,R
13,1,0.4,R
13,1,0.7,R
13,1,0.7,R
13,0,0.2,R
13,0,0.4,R
13,1,0.5,R
13,1,0.3,R
13,0,0.2,R
13,0,0.5,R
13,0,0.2,R
13,1,0.3,R
13,1,0.6,R
13,0,0.3,R
13,1,0.7,R
13,1,0.7,R
13,1,0.8,R
13,0,0.5,R
13,1,0.6,R
13,1,0.5,R
13,1,0.8,R
13,0,0.3,R
13,1,0.8,R
13,1,0.6,R
13,0,0.4,R
13,1,0.6,R
13,1,0.6,R
13,0,0.3,R
13,1,0.8,R
13,1,0.8,R
13,1,0.5,R
13,1,0.8,R
13,1,0.8,R
13,1,0.8,R
13,0,0.2,R
13,0,0.2,R
13,1,0.5,R
13,0,0.2,R
13,1,0.4,R
13,1,0.7,R
13,1,0.7,R
13,1,0.5,R
13,1,0.8,R
13,0,0.3,R
13,0,0.5,R
13,1,0.8,R
13,0,0.3,R
13,1,0.5,R
13,1,0.8,R
13,1,0.7,R
13,0,0.3,R
13,0,0.4,R
13,1,0.8,R
13,1,0.4,R
13,0,0.2,R
13,1,0.5,R
13,0,0.3,R
13,1,0.8,R
13,1,0.6,R
13,1,0.7,R
13,0,0.3,R
13,0,0.5,R
13,0,0.5,R
13,1,0.5,R
13,1,0.5,R
13,1,0.8,R
13,0,0.5,R
13,1,0.7,R
13,0,0.6,R
13,1,0.7,R
13,1,0.8,R
13,1,0.6,R
13,0,0.2,R
13,1,0.7,R
13,1,0.7,R
13,0,0.4,R
13,0,0.3,R
13,1,0.6,R
13,0,0.3,R
13,0,0.3,R
13,1,0.6,R
13,0,0.4,R
13,0,0.3,R
13,0,0.2,R
13,1,0.7,R
13,1,0.6,R
13,0,0.2,R
13,1,0.5,R
13,0,0.2,R
13,0,0.2,R
13,0,0.3,R
13,0,0.2,R
13,1,0.8,R
13,0,0.5,R
13,0,0.5,R
13,1,0.7,R
13,1,0.7,R
13,1,0.7,R
13,0,0.2,R
13,1,0.5,R
13,1,0.4,R
13,1,0.6,R
13,1,0.7,R
13,1,0.6,R
13,1,0.8,R
13,0,0.3,R
13,0,0.4,R
13,0,0.5,R
13,1,0.7,R
13,1,0.8,R
13,0,0.2,R
13,0,0.6,R
13,0,0.3,R
13,0,0.3,R
13,0,0.5,R
13,0,0.4,R
13,1,0.6,R
13,1,0.7,R
13,0,0.2,R
13,0,0.3,R
13,0,0.4,R
13,1,0.5,R
13,0,0.3,R
13,0,0.5,R
13,1,0.7,R
13,1,0.8,R
13,1,0.6,R
13,0,0.5,R
13,1,0.8,R
13,0,0.4,R
13,0,0.2,R
13,1,0.5,R
13,0,0.4,R
13,0,0.2,R
13,0,0.5,R
13,0,0.5,R
13,1,0.7,R
13,0,0.5,R
13,1,0.8,R
13,0,0.2,R
13,1,0.8,R
13,0,0.5,R
13,1,0.8,R
13,0,0.2,R
13,1,0.5,R
13,1,0.8,R
13,1,0.7,R
13,1,0.7,R
13,1,0.8,R
13,0,0.5,R
13,0,0.4,R
13,0,0.3,R
13,1,0.4,R
13,0,0.4,R
13,0,0.2,R
13,0,0.5,R
13,1,0.6,R
13,1,0.6,R
13,1,0.8,R
13,1,0.8,R
13,0,0.3,R
13,0,0.3,R
13,1,0.8,R
13,0,0.5,R
13,1,0.8,R
13,0,0.2,R
13,1,0.7,R
13,0,0.4,R
13,0,0.3,R
13,1,0.5,R
13,1,0.6,R
13,1,0.7,R
13,1,0.7,R
13,0,0.2,R
13,1,0.5,R
13,1,0.6,R
13,0,0.4,R
13,0,0.4,R
13,0,0.3,R
13,0,0.4,R
13,1,0.6,R
13,0,0.4,R
13,0,0.2,R
13,1,0.5,R
13,0,0.5,R
13,1,0.4,R
13,0,0.3,R
13,1,0.6,R
13,0,0.2,R
13,1,0.7,R
13,0,0.4,R
13,1,0.7,R
13,1,0.7,R
13,0,0.2,R
13,0,0.2,R
13,1,0.6,R
13,0,0.2,R
13,0,0.3,R
13,1,0.5,R
13,1,0.8,R
13,0,0.5,R
13,1,0.6,R
13,0,0.2,R
13,0,0.3,R
13,1,0.5,R
13,1,0.8,R
13,1,0.8,R
13,0,0.2,R
13,1,0.6,R
13,0,0.4,R
13,0,0.2,R
13,1,0.7,R
13,1,0.8,R
13,1,0.6,R
13,0,0.3,R
13,1,0.8,R
13,1,0.8,R
13,1,0.6,R
13,0,0.5,R
13,1,0.7,R
13,1,0.5,R
13,1,0.5,R
13,1,0.8,R
13,0,0.3,R
13,1,0.5,R
13,1,0.5,R
13,1,0.8,R
13,1,0.5,R
13,1,0.7,R
13,0,0.2,R
13,1,0.8,R
13,0,0.5,R
13,0,0.3,R
13,1,0.5,R
13,0,0.2,R
13,1,0.6,R
13,0,0.4,R
13,0,0.2,R
13,0,0.2,R
13,1,0.5,R
13,0,0.3,R
13,1,0.7,R
13,0,0.4,R
13,0,0.3,R
13,1,0.6,R
13,0,0.2,R
13,1,0.6,R
13,1,0.6,R
13,0,0.4,R
13,0,0.3,R
13,1,0.8,R
13,0,0.5,R
13,1,0.6,R
13,0,0.3,R
13,0,0.2,R
13,1,0.8,R
13,0,0.2,R
13,0,0.3,R
13,1,0.8,R
13,0,0.3,R
13,0,0.3,R
13,0,0.5,R
13,1,0.8,R
13,1,0.7,R
13,1,0.6,R
13,0,0.5,R
13,1,0.8,R
13,1,0.6,R
13,1,0.6,R
13,0,0.5,R
13,1,0.7,R
13,1,0.8,R
13,1,0.8,R
13,0,0.2,R
13,1,0.8,R
13,1,0.6,R
13,1,0.6,R
13,0,0.4,R
14,1,0.5,R
14,0,0.3,R
14,1,0.6,R
14,1,0.8,R
14,1,0.8,R
14,1,0.7,R
14,1,0.6,R
14,0,0.3,R
14,1,0.6,R
14,0,0.4,R
14,1,0.5,R
14,1,0.8,R
14,0,0.4,R
14,0,0.4,R
14,0,0.3,R
14,0,0.3,R
14,1,0.5,R
14,0,0.2,R
14,1,0.5,R
14,1,0.7,R
14,1,0.6,R
14,0,0.4,R
14,1,0.5,R
14,0,0.2,R
14,0,0.2,R
14,1,0.7,R
14,1,0.7,R
14,1,0.8,R
14,0,0.4,R
14,1,0.4,R
14,1,0.8,R
14,0,0.4,R
14,0,0.2,R
14,1,0.8,R
14,1,0.6,R
14,1,0.7,R
14,1,0.5,R
14,1,0.8,R
14,1,0.5,R
14,1,0.4,R
14,0,0.4,R
14,1,0.4,R
14,0,0.2,R
14,0,0.5,R
14,0,0.2,R
14,1,0.7,R
14,1,0.6,R
14,1,0.6,R
14,0,0.5,R
14,1,0.8,R
14,0,0.6,R
14,0,0.8,R
14,1,0.6,R
14,1,0.7,R
14,1,0.8,R
14,1,0.8,R
14,1,0.7,R
14,1,0.7,R
14,0,0.3,R
14,0,0.3,R
14,1,0.6,R
14,1,0.7,R
14,0,0.4,R
14,0,0.5,R
14,0,0.4,R
14,1,0.5,R
14,0,0.2,R
14,0,0.3,R
14,1,0.5,R
14,1,0.8,R
14,1,0.8,R
14,0,0.4,R
14,1,0.7,R
14,0,0.5,R
14,1,0.5,R
14,0,0.2,R
14,0,0.7,R
14,0,0.6,R
14,1,0.8,R
14,1,0.4,R
14,1,0.7,R
14,0,0.2,R
14,0,0.2,R
14,0,0.2,R
14,0,0.2,R
14,1,0.5,R
14,1,0.7,R
14,1,0.7,R
14,1,0.8,R
14,1,0.5,R
14,1,0.5,R
14,1,0.8,R
14,0,0.2,R
14,1,0.6,R
14,1,0.6,R
14,1,0.6,R
14,0,0.2,R
14,1,0.6,R
14,1,0.7,R
14,1,0.7,R
14,0,0.4,R
14,1,0.4,R
14,0,0.2,R
14,1,0.7,R
14,1,0.7,R
14,0,0.2,R
14,0,0.3,R
14,1,0.7,R
14,1,0.4,R
14,0,0.3,R
14,0,0.3,R
14,0,0.4,R
14,0,0.6,R
14,0,0.3,R
14,1,0.7,R
14,1,0.5,R
14,1,0.7,R
14,0,0.2,R
14,0,0.4,R
14,1,0.8,R
14,1,0.8,R
14,1,0.8,R
14,1,0.7,R
14,0,0.2,R
14,1,0.3,R
14,1,0.5,R
14,1,0.7,R
14,1,0.7,R
14,0,0.2,R
14,1,0.8,R
14,1,0.6,R
14,1,0.6,R
14,1,0.5,R
14,1,0.7,R
14,1,0.6,R
14,1,0.2,R
14,1,0.7,R
14,0,0.3,R
14,0,0.2,R
14,1,0.8,R
14,0,0.3,R
14,1,0.5,R
14,0,0.4,R
14,1,0.8,R
14,1,0.4,R
14,1,0.4,R
14,0,0.5,R
14,1,0.7,R
14,1,0.5,R
14,1,0.6,R
14,1,0.3,R
14,0,0.2,R
14,1,0.8,R
14,0,0.3,R
14,1,0.4,R
14,1,0.8,R
14,1,0.8,R
14,0,0.6,R
14,1,0.3,R
14,0,0.2,R
14,1,0.4,R
14,1,0.6,R
14,0,0.4,R
14,1,0.6,R
14,1,0.4,R
14,0,0.3,R
14,1,0.4,R
14,0,0.2,R
14,1,0.8,R
14,1,0.8,R
14,1,0.8,R
14,0,0.3,R
14,1,0.4,R
14,1,0.7,R
14,0,0.3,R
14,0,0.2,R
14,1,0.5,R
14,1,0.6,R
14,1,0.6,R
14,1,0.6,R
14,1,0.8,R
14,1,0.4,R
14,1,0.3,R
14,0,0.3,R
14,0,0.4,R
14,0,0.3,R
14,0,0.3,R
14,1,0.5,R
14,0,0.2,R
14,1,0.8,R
14,0,0.2,R
14,0,0.2,R
14,1,0.8,R
14,1,0.5,R
14,1,0.4,R
14,1,0.5,R
14,1,0.5,R
14,1,0.4,R
14,0,0.3,R
14,1,0.7,R
14,1,0.4,R
14,1,0.4,R
14,0,0.4,R
14,1,0.5,R
14,1,0.8,R
14,0,0.3,R
14,0,0.2,R
14,1,0.4,R
14,1,0.7,R
14,1,0.5,R
14,1,0.5,R
14,1,0.6,R
14,0,0.6,R
14,1,0.8,R
14,1,0.8,R
14,1,0.6,R
14,1,0.7,R
14,1,0.7,R
14,1,0.8,R
14,1,0.6,R
14,1,0.7,R
14,0,0.3,R
14,1,0.8,R
14,0,0.3,R
14,0,0.4,R
14,0,0.4,R
14,0,0.5,R
14,0,0.2,R
14,0,0.3,R
14,0,0.3,R
14,0,0.8,R
14,1,0.8,R
14,0,0.6,R
14,1,0.2,R
14,1,0.8,R
14,0,0.2,R
14,0,0.6,R
14,0,0.5,R
14,1,0.4,R
14,0,0.4,R
14,0,0.6,R
14,0,0.6,R
14,0,0.4,R
14,0,0.7,R
14,0,0.8,R
14,0,0.6,R
14,0,0.6,R
14,1,0.8,R
14,0,0.3,R
14,0,0.4,R
14,0,0.3,R
14,0,0.8,R
14,1,0.7,R
14,1,0.7,R
14,1,0.6,R
14,0,0.5,R
14,1,0.5,R
14,1,0.7,R
14,1,0.4,R
14,0,0.2,R
14,0,0.2,R
14,1,0.5,R
14,1,0.7,R
14,1,0.4,R
14,1,0.6,R
14,1,0.8,R
14,0,0.4,R
14,0,0.2,R
14,1,0.7,R
14,0,0.2,R
14,1,0.7,R
14,0,0.5,R
14,0,0.2,R
14,1,0.7,R
14,1,0.8,R
14,1,0.8,R
14,0,0.3,R
14,0,0.2,R
14,1,0.8,R
14,0,0.5,R
14,0,0.7,R
14,0,0.2,R
14,0,0.8,R
14,0,0.3,R
14,1,0.4,R
14,0,0.4,R
14,0,0.3,R
14,1,0.7,R
14,0,0.2,R
14,0,0.7,R
14,0,0.6,R
14,0,0.4,R
14,0,0.4,R
14,0,0.4,R
14,0,0.5,R
14,0,0.4,R
15,1,0.3,R
15,1,0.5,R
15,0,0.3,R
15,1,0.5,R
15,1,0.7,R
15,1,0.6,R
15,0,0.3,R
15,1,0.5,R
15,0,0.3,R
15,1,0.7,R
15,0,0.2,R
15,1,0.5,R
15,0,0.3,R
15,0,0.2,R
15,1,0.6,R
15,0,0.2,R
15,1,0.8,R
15,1,0.6,R
15,1,0.8,R
15,0,0.2,R
15,0,0.3,R
15,0,0.3,R
15,0,0.2,R
15,1,0.5,R
15,0,0.2,R
15,1,0.6,R
15,0,0.5,R
15,0,0.4,R
15,0,0.2,R
15,0,0.4,R
15,0,0.2,R
15,0,0.4,R
15,0,0.2,R
15,0,0.5,R
15,1,0.5,R
15,0,0.2,R
15,0,0.2,R
15,0,0.2,R
15,0,0.2,R
15,1,0.6,R
15,0,0.5,R
15,0,0.3,R
15,1,0.5,R
15,0,0.5,R
15,0,0.3,R
15,1,0.7,R
15,1,0.6,R
15,0,0.3,R
15,1,0.5,R
15,0,0.3,R
15,0,0.3,R
15,1,0.7,R
15,1,0.5,R
15,0,0.4,R
15,1,0.5,R
15,1,0.8,R
15,1,0.6,R
15,0,0.2,R
15,0,0.4,R
15,0,0.3,R
15,0,0.3,R
15,0,0.3,R
15,0,0.3,R
15,0,0.4,R
15,0,0.4,R
15,1,0.5,R
15,1,0.3,R
15,0,0.5,R
15,1,0.6,R
15,0,0.2,R
15,1,0.7,R
15,1,0.4,R
15,0,0.2,R
15,1,0.4,R
15,0,0.2,R
15,0,0.2,R
15,1,0.6,R
15,0,0.2,R
15,1,0.6,R
15,0,0.2,R
15,0,0.3,R
15,1,0.4,R
15,0,0.3,R
15,1,0.5,R
15,1,0.6,R
15,0,0.2,R
15,0,0.3,R
15,0,0.2,R
15,1,0.2,R
15,1,0.8,R
15,0,0.4,R
15,0,0.6,R
15,0,0.6,R
15,0,0.2,R
15,1,0.6,R
15,0,0.2,R
15,1,0.5,R
15,0,0.4,R
15,0,0.2,R
15,1,0.8,R
15,1,0.7,R
15,0,0.2,R
15,0,0.2,R
15,0,0.4,R
15,1,0.7,R
15,1,0.7,R
15,0,0.2,R
15,0,0.2,R
15,0,0.2,R
15,0,0.3,R
15,0,0.2,R
15,0,0.2,R
15,1,0.6,R
15,0,0.4,R
15,0,0.4,R
15,0,0.4,R
15,1,0.3,R
15,0,0.4,R
15,1,0.6,R
15,0,0.2,R
15,0,0.2,R
15,0,0.4,R
15,0,0.4,R
15,0,0.2,R
15,1,0.8,R
15,0,0.3,R
15,0,0.4,R
15,1,0.6,R
15,1,0.6,R
15,1,0.6,R
15,0,0.2,R
15,0,0.2,R
15,1,0.6,R
15,0,0.4,R
15,0,0.4,R
15,0,0.4,R
15,0,0.3,R
15,0,0.3,R
15,1,0.8,R
15,1,0.8,R
15,0,0.5,R
15,0,0.4,R
15,1,0.4,R
15,1,0.8,R
15,0,0.3,R
15,1,0.6,R
15,1,0.4,R
15,0,0.2,R
15,0,0.3,R
15,0,0.2,R
15,1,0.7,R
15,1,0.5,R
15,1,0.5,R
15,0,0.3,R
15,0,0.3,R
15,0,0.3,R
15,1,0.6,R
15,0,0.3,R
15,0,0.3,R
15,0,0.2,R
15,1,0.6,R
15,0,0.3,R
15,0,0.3,R
15,0,0.2,R
15,1,0.7,R
15,0,0.2,R
15,1,0.5,R
16,1,0.6,R
16,1,0.8,R
16,1,0.5,R
16,1,0.6,R
16,1,0.8,R
16,1,0.5,R
16,1,0.8,R
16,0,0.5,R
16,1,0.8,R
16,1,0.6,R
16,1,0.5,R
16,0,0.2,R
16,1,0.6,R
16,1,0.5,R
16,0,0.3,R
16,0,0.6,R
16,1,0.6,R
16,1,0.7,R
16,0,0.3,R
16,0,0.4,R
16,1,0.7,R
16,1,0.7,R
16,0,0.2,R
16,0,0.5,R
16,1,0.5,R
16,1,0.7,R
16,0,0.4,R
16,1,0.7,R
16,0,0.6,R
16,0,0.4,R
16,1,0.8,R
16,1,0.6,R
16,0,0.4,R
16,0,0.5,R
16,0,0.2,R
16,1,0.8,R
16,1,0.8,R
16,0,0.2,R
16,1,0.8,R
16,0,0.5,R
16,0,0.5,R
16,0,0.3,R
16,0,0.3,R
16,0,0.5,R
16,0,0.5,R
16,0,0.7,R
16,1,0.7,R
16,0,0.7,R
16,0,0.2,R
16,0,0.2,R
16,0,0.8,R
16,0,0.2,R
16,0,0.2,R
16,0,0.2,R
16,0,0.2,R
16,1,0.8,R
16,1,0.5,R
16,1,0.7,R
16,0,0.3,R
16,0,0.4,R
16,1,0.7,R
16,0,0.4,R
16,0,0.3,R
16,1,0.8,R
16,1,0.5,R
16,0,0.4,R
16,0,0.4,R
16,1,0.8,R
16,1,0.6,R
16,1,0.6,R
16,0,0.3,R
16,0,0.5,R
16,1,0.8,R
16,1,0.8,R
16,0,0.3,R
16,1,0.8,R
16,1,0.6,R
16,0,0.3,R
16,0,0.2,R
16,1,0.8,R
16,0,0.2,R
16,1,0.6,R
16,0,0.5,R
16,0,0.4,R
16,0,0.2,R
16,0,0.5,R
16,1,0.5,R
16,0,0.3,R
16,0,0.2,R
16,0,0.5,R
16,1,0.6,R
16,1,0.8,R
16,1,0.6,R
16,1,0.8,R
16,0,0.3,R
16,1,0.6,R
16,0,0.2,R
16,0,0.4,R
16,0,0.2,R
16,1,0.7,R
16,1,0.6,R
16,0,0.3,R
16,0,0.5,R
16,0,0.4,R
16,0,0.6,R
16,0,0.4,R
16,1,0.8,R
16,0,0.2,R
16,1,0.5,R
16,1,0.7,R
16,0,0.3,R
16,0,0.2,R
16,1,0.4,R
16,0,0.3,R
16,0,0.4,R
16,0,0.2,R
16,0,0.3,R
16,1,0.7,R
16,1,0.8,R
16,1,0.7,R
16,0,0.3,R
16,1,0.7,R
16,0,0.2,R
16,0,0.4,R
16,1,0.6,R
16,0,0.3,R
16,1,0.8,R
16,0,0.5,R
16,1,0.7,R
16,1,0.8,R
16,1,0.5,R
16,1,0.8,R
16,0,0.3,R
16,1,0.7,R
16,1,0.8,R
16,0,0.4,R
16,0,0.7,R
16,1,0.8,R
16,1,0.6,R
16,1,0.4,R
16,0,0.2,R
16,1,0.7,R
16,0,0.2,R
16,1,0.5,R
16,1,0.5,R
16,1,0.3,R
16,0,0.7,R
16,1,0.6,R
16,0,0.3,R
16,1,0.7,R
16,1,0.7,R
16,1,0.7,R
16,1,0.6,R
16,0,0.2,R
16,1,0.4,R
16,0,0.3,R
16,1,0.8,R
16,0,0.3,R
16,0,0.2,R
16,1,0.5,R
16,1,0.4,R
16,1,0.7,R
16,0,0.2,R
16,1,0.7,R
16,0,0.2,R
16,0,0.2,R
16,0,0.4,R
16,1,0.5,R
16,1,0.5,R
16,0,0.3,R
16,1,0.6,R
16,1,0.5,R
16,0,0.3,R
16,0,0.6,R
16,0,0.2,R
16,1,0.6,R
16,0,0.3,R
16,0,0.3,R
16,0,0.4,R
16,0,0.3,R
16,1,0.5,R
16,0,0.4,R
16,0,0.5,R
16,0,0.2,R
16,0,0.3,R
16,1,0.8,R
16,1,0.6,R
16,0,0.2,R
16,0,0.2,R
16,1,0.8,R
16,0,0.6,R
16,1,0.7,R
16,1,0.7,R
16,1,0.6,R
16,0,0.3,R
16,1,0.6,R
16,0,0.3,R
16,1,0.7,R
16,1,0.6,R
16,1,0.5,R
16,1,0.7,R
16,1,0.7,R
16,0,0.2,R
16,1,0.7,R
16,1,0.5,R
16,1,0.4,R
16,1,0.6,R
16,1,0.8,R
16,1,0.3,R
16,1,0.7,R
16,1,0.5,R
16,1,0.8,R
16,1,0.6,R
16,1,0.6,R
16,1,0.4,R
16,0,0.4,R
16,1,0.4,R
16,1,0.5,R
16,0,0.3,R
16,1,0.8,R
16,0,0.2,R
16,0,0.2,R
16,0,0.2,R
16,0,0.2,R
16,1,0.4,R
16,0,0.2,R
16,0,0.3,R
16,1,0.8,R
16,1,0.8,R
16,0,0.4,R
16,1,0.6,R
16,1,0.8,R
16,1,0.3,R
16,1,0.4,R
16,1,0.8,R
16,1,0.5,R
16,0,0.2,R
16,1,0.4,R
16,0,0.2,R
16,1,0.6,R
16,1,0.8,R
16,0,0.2,R
16,1,0.5,R
16,1,0.7,R
16,1,0.5,R
16,1,0.6,R
16,1,0.4,R
16,1,0.4,R
16,1,0.8,R
16,1,0.3,R
16,0,0.2,R
16,1,0.6,R
16,0,0.6,R
16,0,0.3,R
16,0,0.3,R
16,0,0.2,R
16,1,0.6,R
16,1,0.3,R
16,1,0.8,R
16,0,0.3,R
16,1,0.7,R
16,0,0.2,R
16,1,0.7,R
16,1,0.7,R
16,0,0.3,R
16,0,0.3,R
16,0,0.5,R
16,0,0.4,R
16,1,0.4,R
16,1,0.7,R
16,1,0.7,R
16,1,0.7,R
16,1,0.5,R
16,1,0.5,R
16,1,0.8,R
16,1,0.8,R
16,1,0.5,R
16,1,0.8,R
16,1,0.3,R
16,1,0.7,R
17,1,0.8,R
17,1,0.6,R
17,0,0.5,R
17,1,0.7,R
17,0,0.2,R
17,0,0.3,R
17,0,0.5,R
17,1,0.8,R
17,1,0.7,R
17,0,0.5,R
17,1,0.7,R
17,1,0.8,R
17,1,0.7,R
17,0,0.4,R
17,0,0.4,R
17,1,0.7,R
17,1,0.7,R
17,0,0.5,R
17,0,0.6,R
17,0,0.5,R
17,1,0.8,R
17,1,0.8,R
17,0,0.4,R
17,0,0.4,R
17,0,0.5,R
17,0,0.4,R
17,0,0.3,R
17,1,0.7,R
17,0,0.4,R
17,1,0.8,R
17,0,0.7,R
17,0,0.5,R
17,0,0.3,R
17,1,0.6,R
17,0,0.6,R
17,0,0.2,R
17,0,0.6,R
17,0,0.2,R
17,0,0.5,R
17,1,0.6,R
17,0,0.3,R
17,0,0.3,R
17,0,0.4,R
17,1,0.7,R
17,0,0.6,R
17,1,0.7,R
17,1,0.8,R
17,0,0.4,R
17,0,0.6,R
17,0,0.6,R
17,0,0.3,R
17,0,0.3,R
17,0,0.7,R
17,0,0.4,R
17,0,0.6,R
17,0,0.4,R
17,0,0.4,R
17,0,0.3,R
17,1,0.8,R
17,0,0.6,R
17,0,0.5,R
17,1,0.6,R
17,0,0.3,R
17,0,0.5,R
17,1,0.6,R
17,0,0.5,R
17,0,0.5,R
17,0,0.4,R
17,1,0.6,R
17,0,0.3,R
17,0,0.6,R
17,0,0.3,R
17,1,0.5,R
17,0,0.6,R
17,0,0.3,R
17,1,0.7,R
17,0,0.2,R
17,0,0.3,R
17,0,0.5,R
17,1,0.7,R
17,1,0.7,R
17,1,0.5,R
17,1,0.5,R
17,1,0.8,R
17,0,0.3,R
17,0,0.3,R
17,0,0.2,R
17,1,0.7,R
17,0,0.2,R
17,1,0.5,R
17,1,0.6,R
17,0,0.2,R
17,0,0.4,R
17,1,0.5,R
17,1,0.7,R
17,1,0.6,R
17,1,0.6,R
17,1,0.6,R
17,0,0.5,R
17,0,0.4,R
17,0,0.5,R
17,1,0.6,R
17,0,0.5,R
17,0,0.4,R
17,1,0.8,R
17,1,0.7,R
17,0,0.2,R
17,1,0.8,R
17,1,0.8,R
17,0,0.3,R
17,1,0.6,R
17,0,0.6,R
17,0,0.5,R
17,0,0.4,R
17,0,0.4,R
17,1,0.8,R
17,0,0.5,R
17,0,0.3,R
17,1,0.6,R
17,0,0.2,R
17,1,0.8,R
17,0,0.4,R
17,0,0.6,R
17,1,0.6,R
17,0,0.5,R
17,0,0.2,R
17,0,0.4,R
17,0,0.2,R
17,1,0.8,R
17,1,0.7,R
17,0,0.3,R
17,1,0.5,R
17,0,0.3,R
17,1,0.7,R
17,1,0.7,R
17,0,0.6,R
17,0,0.3,R
17,1,0.7,R
17,0,0.3,R
17,1,0.8,R
17,1,0.8,R
17,0,0.7,R
17,1,0.7,R
17,0,0.6,R
17,0,0.3,R
17,0,0.3,R
17,1,0.8,R
17,0,0.4,R
17,0,0.2,R
17,0,0.4,R
17,0,0.4,R
17,1,0.8,R
17,1,0.5,R
17,1,0.8,R
17,1,0.5,R
17,1,0.7,R
17,0,0.2,R
17,1,0.8,R
17,0,0.2,R
17,1,0.8,R
17,0,0.3,R
17,1,0.5,R
17,1,0.7,R
17,0,0.3,R
17,1,0.7,R
17,0,0.3,R
17,1,0.7,R
17,1,0.7,R
17,0,0.3,R
17,0,0.2,R
17,1,0.4,R
17,1,0.7,R
17,1,0.7,R
17,0,0.5,R
17,0,0.3,R
17,0,0.5,R
17,0,0.5,R
17,0,0.2,R
17,0,0.3,R
17,1,0.7,R
17,1,0.7,R
17,0,0.5,R
17,0,0.5,R
17,0,0.5,R
17,0,0.5,R
17,1,0.8,R
17,1,0.7,R
17,0,0.3,R
17,1,0.4,R
17,1,0.5,R
17,0,0.2,R
17,1,0.8,R
17,1,0.7,R
17,0,0.4,R
17,1,0.8,R
17,0,0.2,R
17,0,0.6,R
17,1,0.8,R
17,0,0.4,R
17,1,0.7,R
17,0,0.3,R
17,0,0.2,R
17,1,0.7,R
17,0,0.4,R
17,0,0.2,R
17,1,0.6,R
17,0,0.5,R
17,0,0.4,R
17,0,0.2,R
17,0,0.5,R
17,0,0.3,R
17,0,0.5,R
17,0,0.2,R
17,0,0.4,R
17,1,0.8,R
17,0,0.5,R
17,1,0.8,R
17,1,0.8,R
17,1,0.7,R
17,0,0.3,R
17,0,0.3,R
17,0,0.4,R
17,0,0.4,R
17,0,0.4,R
17,1,0.7,R
17,1,0.8,R
17,0,0.4,R
17,1,0.6,R
17,1,0.6,R
17,0,0.3,R
17,0,0.2,R
17,1,0.7,R
17,0,0.3,R
17,1,0.6,R
17,0,0.3,R
17,0,0.3,R
17,1,0.8,R
17,1,0.5,R
17,0,0.3,R
17,1,0.5,R
17,0,0.3,R
17,1,0.6,R
17,0,0.3,R
17,1,0.4,R
17,1,0.8,R
17,0,0.5,R
17,1,0.8,R
17,0,0.2,R
17,1,0.5,R
17,1,0.5,R
17,0,0.6,R
17,0,0.4,R
17,0,0.4,R
17,1,0.7,R
17,1,0.7,R
17,0,0.5,R
17,0,0.2,R
17,1,0.5,R
17,0,0.2,R
17,1,0.8,R
17,0,0.7,R
17,0,0.5,R
17,1,0.8,R
17,0,0.4,R
17,0,0.5,R
17,0,0.4,R
17,1,0.8,R
17,1,0.6,R
17,0,0.4,R
17,0,0.5,R
17,0,0.3,R
17,1,0.7,R
17,0,0.4,R
17,0,0.3,R
17,1,0.7,R
17,0,0.5,R
17,0,0.3,R
17,0,0.2,R
17,1,0.8,R
17,0,0.3,R
17,1,0.7,R
17,1,0.6,R
17,0,0.3,R
17,0,0.6,R
17,0,0.2,R
17,1,0.8,R
17,1,0.7,R
17,1,0.7,R
17,0,0.4,R
17,1,0.7,R
17,0,0.4,R
17,1,0.8,R
17,0,0.4,R
17,0,0.2,R
17,1,0.7,R
17,0,0.4,R
17,0,0.6,R
17,1,0.7,R
17,0,0.4,R
17,1,0.8,R
17,1,0.6,R
17,0,0.3,R
17,1,0.7,R
17,0,0.4,R
17,0,0.2,R
18,1,0.8,R
18,0,0.2,R
18,1,0.3,R
18,1,0.6,R
18,1,0.6,R
18,1,0.7,R
18,0,0.3,R
18,1,0.8,R
18,0,0.4,R
18,0,0.2,R
18,0,0.6,R
18,1,0.8,R
18,1,0.7,R
18,1,0.5,R
18,1,0.4,R
18,1,0.7,R
18,0,0.2,R
18,0,0.4,R
18,0,0.4,R
18,0,0.3,R
18,1,0.5,R
18,0,0.2,R
18,1,0.8,R
18,0,0.4,R
18,0,0.2,R
18,1,0.7,R
18,0,0.3,R
18,1,0.7,R
18,1,0.7,R
18,0,0.3,R
18,1,0.6,R
18,1,0.7,R
18,1,0.7,R
18,0,0.3,R
18,0,0.6,R
18,0,0.3,R
18,0,0.2,R
18,1,0.6,R
18,0,0.3,R
18,1,0.7,R
18,1,0.7,R
18,1,0.8,R
18,0,0.3,R
18,1,0.8,R
18,0,0.4,R
18,1,0.6,R
18,1,0.6,R
18,1,0.6,R
18,1,0.5,R
18,0,0.5,R
18,0,0.4,R
18,0,0.4,R
18,1,0.6,R
18,1,0.6,R
18,0,0.4,R
18,0,0.4,R
18,1,0.8,R
18,0,0.5,R
18,0,0.4,R
18,0,0.5,R
18,0,0.8,R
18,1,0.7,R
18,1,0.5,R
18,1,0.8,R
18,0,0.4,R
18,1,0.7,R
18,1,0.8,R
18,0,0.5,R
18,0,0.5,R
18,0,0.6,R
18,1,0.7,R
18,0,0.2,R
18,0,0.2,R
18,0,0.2,R
18,1,0.8,R
18,0,0.3,R
18,1,0.4,R
18,0,0.4,R
18,1,0.3,R
18,0,0.2,R
18,1,0.5,R
18,0,0.2,R
18,1,0.7,R
18,0,0.7,R
18,1,0.7,R
18,0,0.2,R
18,1,0.5,R
18,0,0.2,R
18,0,0.3,R
18,1,0.8,R
18,1,0.7,R
18,0,0.2,R
18,1,0.6,R
18,1,0.6,R
18,0,0.3,R
18,0,0.3,R
18,1,0.4,R
18,1,0.5,R
18,0,0.6,R
18,1,0.4,R
18,1,0.5,R
18,1,0.8,R
18,1,0.7,R
18,0,0.3,R
18,1,0.5,R
18,1,0.5,R
18,1,0.6,R
18,1,0.8,R
18,0,0.4,R
18,0,0.2,R
18,0,0.3,R
18,0,0.4,R
18,1,0.8,R
18,0,0.3,R
18,1,0.6,R
18,0,0.6,R
18,1,0.5,R
18,0,0.3,R
18,0,0.4,R
18,1,0.4,R
18,1,0.8,R
18,1,0.8,R
18,0,0.2,R
18,0,0.3,R
18,1,0.6,R
18,0,0.2,R
18,1,0.7,R
18,1,0.6,R
18,0,0.2,R
18,0,0.2,R
18,1,0.6,R
18,1,0.7,R
18,1,0.6,R
18,1,0.6,R
18,1,0.8,R
18,1,0.6,R
18,1,0.4,R
18,1,0.5,R
18,1,0.7,R
18,1,0.8,R
18,1,0.7,R
18,0,0.2,R
18,0,0.4,R
18,1,0.8,R
18,0,0.4,R
18,1,0.6,R
18,1,0.7,R
18,1,0.5,R
18,0,0.2,R
18,1,0.6,R
18,1,0.8,R
18,0,0.4,R
18,0,0.4,R
18,0,0.2,R
18,1,0.4,R
18,1,0.4,R
18,0,0.2,R
18,1,0.6,R
18,0,0.2,R
18,1,0.6,R
18,0,0.5,R
18,1,0.7,R
18,1,0.7,R
18,1,0.6,R
18,1,0.8,R
18,0,0.5,R
18,0,0.3,R
18,1,0.7,R
18,0,0.3,R
18,1,0.6,R
18,0,0.4,R
18,1,0.8,R
18,0,0.4,R
18,0,0.4,R
18,0,0.5,R
18,0,0.3,R
18,1,0.5,R
18,0,0.3,R
18,1,0.7,R
18,1,0.6,R
18,1,0.5,R
18,1,0.6,R
18,0,0.2,R
18,1,0.4,R
18,1,0.6,R
18,0,0.3,R
18,0,0.2,R
18,1,0.6,R
18,0,0.4,R
18,1,0.5,R
18,1,0.7,R
18,1,0.3,R
18,1,0.8,R
18,1,0.6,R
18,0,0.3,R
18,0,0.4,R
18,0,0.3,R
18,1,0.7,R
18,1,0.8,R
18,1,0.5,R
18,1,0.8,R
18,1,0.2,R
18,0,0.2,R
18,1,0.5,R
18,0,0.4,R
18,1,0.6,R
18,1,0.7,R
18,1,0.8,R
18,1,0.6,R
18,1,0.8,R
18,0,0.3,R
18,0,0.3,R
18,0,0.2,R
18,0,0.4,R
18,0,0.3,R
18,0,0.5,R
18,1,0.8,R
18,1,0.7,R
18,1,0.5,R
18,0,0.2,R
18,1,0.7,R
18,1,0.6,R
18,0,0.2,R
18,1,0.5,R
18,1,0.5,R
18,1,0.7,R
18,1,0.8,R
18,1,0.7,R
18,1,0.8,R
18,1,0.5,R
18,0,0.3,R
18,1,0.7,R
18,1,0.4,R
18,1,0.5,R
18,1,0.6,R
18,1,0.8,R
18,1,0.7,R
18,1,0.7,R
18,0,0.3,R
18,1,0.5,R
18,1,0.7,R
18,1,0.8,R
18,0,0.2,R
18,1,0.7,R
18,1,0.6,R
18,0,0.4,R
18,0,0.4,R
18,1,0.8,R
18,1,0.5,R
18,1,0.5,R
18,0,0.3,R
18,1,0.3,R
18,1,0.3,R
18,0,0.2,R
18,0,0.2,R
18,1,0.5,R
18,1,0.8,R
18,1,0.4,R
18,1,0.8,R
18,1,0.6,R
18,0,0.3,R
18,0,0.3,R
18,1,0.8,R
18,1,0.7,R
18,1,0.5,R
18,1,0.4,R
18,0,0.2,R
18,1,0.6,R
18,1,0.8,R
18,0,0.4,R
18,1,0.4,R
18,1,0.8,R
18,1,0.5,R
18,1,0.5,R
18,1,0.8,R
18,0,0.2,R
18,1,0.8,R
18,1,0.7,R
18,0,0.3,R
18,1,0.7,R
18,0,0.2,R
18,1,0.8,R
19,1,0.8,R
19,0,0.2,R
19,1,0.7,R
19,1,0.5,R
19,1,0.4,R
19,1,0.6,R
19,0,0.7,R
19,1,0.5,R
19,0,0.5,R
19,0,0.2,R
19,0,0.4,R
19,1,0.8,R
19,1,0.6,R
19,0,0.2,R
19,1,0.3,R
19,1,0.8,R
19,1,0.8,R
19,1,0.2,R
19,1,0.8,R
19,1,0.6,R
19,1,0.8,R
19,0,0.4,R
19,1,0.4,R
19,1,0.4,R
19,0,0.5,R
19,0,0.6,R
19,0,0.4,R
19,1,0.7,R
19,1,0.8,R
19,0,0.4,R
19,0,0.4,R
19,0,0.3,R
19,1,0.7,R
19,0,0.6,R
19,0,0.3,R
19,1,0.8,R
19,1,0.8,R
19,1,0.5,R
19,0,0.5,R
19,0,0.3,R
19,0,0.2,R
19,1,0.7,R
19,0,0.6,R
19,1,0.7,R
19,0,0.3,R
19,0,0.5,R
19,0,0.6,R
19,1,0.7,R
19,1,0.7,R
19,1,0.8,R
19,1,0.5,R
19,1,0.5,R
19,0,0.7,R
19,1,0.8,R
19,0,0.8,R
19,1,0.7,R
19,1,0.8,R
19,0,0.6,R
19,1,0.8,R
19,1,0.5,R
19,0,0.8,R
19,0,0.8,R
19,1,0.3,R
19,1,0.7,R
19,0,0.5,R
19,1,0.6,R
19,1,0.8,R
19,0,0.4,R
19,0,0.5,R
19,1,0.7,R
19,0,0.5,R
19,0,0.2,R
19,0,0.7,R
19,0,0.4,R
19,1,0.5,R
19,1,0.7,R
19,1,0.6,R
19,1,0.6,R
19,0,0.3,R
19,1,0.6,R
19,1,0.8,R
19,0,0.6,R
19,0,0.2,R
19,1,0.6,R
19,0,0.7,R
19,0,0.4,R
19,0,0.3,R
19,0,0.4,R
19,0,0.4,R
19,0,0.4,R
19,1,0.8,R
19,0,0.2,R
19,0,0.5,R
19,1,0.7,R
19,0,0.2,R
19,1,0.8,R
19,0,0.4,R
19,1,0.7,R
19,1,0.4,R
19,1,0.7,R
19,1,0.8,R
19,1,0.8,R
19,0,0.5,R
19,1,0.7,R
19,0,0.5,R
19,0,0.2,R
19,0,0.4,R
19,0,0.2,R
19,0,0.8,R
19,1,0.7,R
19,1,0.2,R
19,0,0.2,R
19,0,0.4,R
19,1,0.8,R
19,1,0.6,R
19,0,0.3,R
19,1,0.6,R
19,1,0.7,R
19,0,0.5,R
19,0,0.5,R
19,0,0.4,R
19,0,0.2,R
19,0,0.5,R
19,0,0.4,R
19,0,0.6,R
19,1,0.2,R
19,0,0.2,R
19,1,0.8,R
19,0,0.4,R
19,0,0.2,R
19,0,0.2,R
19,1,0.8,R
19,0,0.6,R
19,1,0.6,R
19,0,0.2,R
19,1,0.6,R
19,1,0.6,R
19,1,0.7,R
19,0,0.3,R
19,0,0.4,R
19,1,0.8,R
19,0,0.5,R
19,0,0.2,R
19,0,0.3,R
19,1,0.8,R
19,1,0.4,R
19,1,0.4,R
19,0,0.4,R
19,0,0.4,R
19,0,0.2,R
19,0,0.2,R
19,1,0.6,R
19,0,0.2,R
19,0,0.4,R
19,0,0.3,R
19,1,0.7,R
19,1,0.7,R
19,1,0.8,R
19,0,0.5,R
19,1,0.7,R
19,1,0.3,R
19,1,0.8,R
19,0,0.6,R
19,0,0.6,R
19,0,0.5,R
19,0,0.5,R
19,1,0.7,R
19,1,0.4,R
19,0,0.6,R
19,0,0.7,R
19,0,0.3,R
19,0,0.5,R
19,0,0.5,R
19,1,0.7,R
19,1,0.8,R
19,0,0.5,R
19,1,0.8,R
19,1,0.7,R
19,0,0.2,R
19,1,0.7,R
19,0,0.2,R
19,1,0.7,R
19,0,0.7,R
19,1,0.8,R
19,0,0.5,R
19,1,0.8,R
19,0,0.5,R
19,0,0.3,R
19,1,0.4,R
19,1,0.5,R
19,0,0.3,R
19,0,0.2,R
19,1,0.6,R
19,1,0.7,R
19,0,0.5,R
19,0,0.5,R
19,1,0.7,R
19,1,0.6,R
19,0,0.2,R
19,1,0.6,R
19,0,0.3,R
19,0,0.7,R
19,1,0.7,R
19,0,0.4,R
19,0,0.2,R
19,0,0.3,R
19,0,0.5,R
19,0,0.4,R
19,0,0.4,R
19,0,0.3,R
19,1,0.8,R
19,0,0.3,R
19,1,0.7,R
19,0,0.2,R
19,1,0.6,R
19,1,0.6,R
19,0,0.7,R
19,1,0.8,R
19,0,0.2,R
19,1,0.4,R
19,1,0.4,R
19,0,0.4,R
19,1,0.2,R
19,0,0.6,R
19,0,0.3,R
19,0,0.6,R
19,0,0.4,R
19,0,0.2,R
19,0,0.4,R
19,1,0.7,R
19,0,0.2,R
19,1,0.5,R
19,0,0.2,R
19,0,0.5,R
19,1,0.4,R
19,1,0.6,R
19,1,0.4,R
19,1,0.5,R
19,1,0.8,R
19,0,0.4,R
19,0,0.3,R
19,0,0.5,R
19,1,0.6,R
19,1,0.8,R
19,0,0.2,R
19,0,0.2,R
19,1,0.3,R
19,0,0.3,R
19,0,0.3,R
19,0,0.2,R
19,1,0.7,R
19,0,0.4,R
19,1,0.7,R
19,0,0.4,R
19,0,0.5,R
19,1,0.7,R
19,0,0.3,R
19,0,0.4,R
19,1,0.8,R
19,1,0.6,R
19,1,0.5,R
19,1,0.4,R
19,1,0.7,R
19,0,0.3,R
19,1,0.8,R
19,1,0.7,R
19,0,0.3,R
19,1,0.8,R
19,0,0.2,R
19,0,0.2,R
19,0,0.3,R
19,1,0.6,R
19,1,0.5,R
19,1,0.5,R
19,0,0.3,R
19,1,0.6,R
19,0,0.6,R
19,0,0.3,R
19,0,0.4,R
19,0,0.3,R
19,0,0.5,R
19,1,0.6,R
19,0,0.4,R
19,1,0.6,R
19,1,0.8,R
19,1,0.8,R
20,1,0.8,R
20,1,0.6,R
20,0,0.3,R
20,1,0.7,R
20,1,0.4,R
20,1,0.7,R
20,0,0.4,R
20,1,0.5,R
20,0,0.3,R
20,1,0.6,R
20,1,0.8,R
20,1,0.7,R
20,1,0.7,R
20,1,0.5,R
20,1,0.7,R
20,0,0.3,R
20,1,0.8,R
20,1,0.3,R
20,0,0.2,R
20,0,0.2,R
20,1,0.4,R
20,1,0.5,R
20,1,0.5,R
20,1,0.7,R
20,0,0.3,R
20,1,0.6,R
20,1,0.7,R
20,1,0.6,R
20,0,0.3,R
20,1,0.7,R
20,1,0.8,R
20,0,0.3,R
20,1,0.4,R
20,0,0.2,R
20,0,0.3,R
20,1,0.6,R
20,1,0.4,R
20,1,0.6,R
20,0,0.3,R
20,0,0.3,R
20,1,0.8,R
20,0,0.2,R
20,1,0.4,R
20,0,0.5,R
20,0,0.2,R
20,1,0.7,R
20,1,0.5,R
20,0,0.3,R
20,1,0.4,R
20,1,0.7,R
20,0,0.5,R
20,0,0.3,R
20,1,0.6,R
20,1,0.6,R
20,1,0.7,R
20,0,0.2,R
20,0,0.6,R
20,0,0.2,R
20,1,0.7,R
20,0,0.5,R
20,0,0.4,R
20,0,0.4,R
20,1,0.8,R
20,0,0.5,R
20,0,0.3,R
20,0,0.4,R
20,0,0.7,R
20,1,0.4,R
20,0,0.4,R
20,0,0.5,R
20,1,0.6,R
20,0,0.2,R
20,1,0.6,R
20,0,0.2,R
20,0,0.2,R
20,1,0.7,R
20,0,0.5,R
20,1,0.7,R
20,0,0.5,R
20,0,0.2,R
20,1,0.5,R
20,1,0.7,R
20,1,0.8,R
20,1,0.4,R
20,1,0.6,R
20,1,0.8,R
20,1,0.8,R
20,0,0.5,R
20,0,0.2,R
20,0,0.2,R
20,0,0.5,R
20,0,0.4,R
20,0,0.6,R
20,0,0.2,R
20,0,0.3,R
20,1,0.8,R
20,0,0.6,R
20,0,0.4,R
20,0,0.3,R
20,0,0.6,R
20,1,0.6,R
20,0,0.2,R
20,1,0.6,R
20,1,0.6,R
20,1,0.6,R
20,1,0.8,R
20,0,0.3,R
20,0,0.2,R
20,1,0.5,R
20,1,0.7,R
20,0,0.3,R
20,1,0.7,R
20,0,0.5,R
20,0,0.2,R
20,1,0.8,R
20,1,0.8,R
20,0,0.4,R
20,1,0.7,R
20,0,0.5,R
20,0,0.4,R
20,1,0.7,R
20,0,0.5,R
20,1,0.5,R
20,0,0.2,R
20,0,0.5,R
20,0,0.6,R
20,0,0.3,R
20,1,0.7,R
20,1,0.8,R
20,1,0.8,R
20,1,0.8,R
20,1,0.7,R
20,0,0.5,R
20,0,0.5,R
20,1,0.5,R
20,0,0.4,R
20,1,0.6,R
20,1,0.8,R
20,0,0.5,R
20,1,0.7,R
20,0,0.4,R
20,1,0.6,R
20,0,0.2,R
20,0,0.3,R
20,1,0.4,R
20,1,0.8,R
20,1,0.8,R
20,1,0.6,R
20,1,0.4,R
20,0,0.4,R
20,0,0.5,R
20,1,0.6,R
20,0,0.4,R
20,1,0.8,R
20,0,0.6,R
20,0,0.3,R
20,0,0.3,R
20,1,0.7,R
20,1,0.6,R
20,0,0.5,R
20,1,0.7,R
20,0,0.3,R
20,1,0.7,R
20,0,0.2,R
20,1,0.6,R
20,0,0.5,R
20,0,0.3,R
20,1,0.8,R
20,0,0.5,R
20,1,0.7,R
20,0,0.5,R
20,0,0.3,R
20,1,0.5,R
20,1,0.4,R
20,1,0.7,R
20,1,0.8,R
20,0,0.5,R
20,0,0.4,R
20,0,0.2,R
20,0,0.4,R
20,0,0.3,R
20,1,0.8,R
20,0,0.2,R
20,1,0.8,R
20,0,0.5,R
20,1,0.6,R
20,1,0.6,R
20,1,0.6,R
20,1,0.5,R
20,0,0.5,R
20,1,0.8,R
20,1,0.8,R
20,0,0.4,R
20,1,0.8,R
20,1,0.8,R
20,0,0.4,R
20,0,0.2,R
20,0,0.4,R
20,1,0.6,R
20,0,0.2,R
20,1,0.8,R
20,1,0.8,R
20,1,0.4,R
20,0,0.2,R
20,0,0.5,R
20,0,0.2,R
20,0,0.5,R
20,0,0.5,R
20,0,0.4,R
20,1,0.8,R
20,0,0.2,R
20,1,0.8,R
20,1,0.6,R
20,1,0.5,R
20,1,0.4,R
20,1,0.8,R
20,0,0.2,R
20,1,0.5,R
20,0,0.2,R
20,0,0.3,R
20,1,0.6,R
20,1,0.8,R
20,1,0.6,R
20,1,0.8,R
20,0,0.4,R
20,1,0.7,R
20,1,0.6,R
20,0,0.3,R
20,0,0.3,R
20,1,0.7,R
20,1,0.5,R
20,0,0.3,R
20,0,0.3,R
20,0,0.3,R
20,0,0.3,R
20,0,0.3,R
20,0,0.2,R
20,0,0.4,R
20,1,0.6,R
20,1,0.8,R
20,0,0.4,R
20,1,0.6,R
20,1,0.5,R
20,0,0.2,R
20,1,0.6,R
20,1,0.5,R
20,0,0.3,R
20,0,0.2,R
20,1,0.5,R
20,1,0.6,R
20,0,0.3,R
20,1,0.8,R
20,0,0.2,R
20,1,0.6,R
20,1,0.7,R
20,1,0.6,R
20,1,0.6,R
20,1,0.6,R
20,1,0.8,R
20,1,0.7,R
20,0,0.2,R
20,1,0.7,R
20,0,0.2,R
20,1,0.6,R
20,1,0.6,R
20,1,0.8,R
20,0,0.4,R
20,1,0.4,R
20,1,0.7,R
20,1,0.7,R
20,0,0.4,R
20,0,0.4,R
20,1,0.8,R
20,0,0.2,R
20,0,0.3,R
20,1,0.5,R
21,0,0.4,R
21,1,0.4,R
21,1,0.5,R
21,1,0.6,R
21,0,0.2,R
21,0,0.2,R
21,1,0.7,R
21,1,0.6,R
21,1,0.4,R
21,1,0.4,R
21,0,0.2,R
21,1,0.7,R
21,0,0.4,R
21,1,0.4,R
21,0,0.2,R
21,1,0.8,R
21,1,0.6,R
21,1,0.8,R
21,0,0.2,R
21,1,0.6,R
21,0,0.2,R
21,0,0.3,R
21,1,0.5,R
21,1,0.7,R
21,0,0.3,R
21,0,0.2,R
21,0,0.2,R
21,0,0.3,R
21,0,0.4,R
21,1,0.4,R
21,0,0.4,R
21,1,0.5,R
21,0,0.4,R
21,0,0.4,R
21,0,0.4,R
21,1,0.7,R
21,1,0.6,R
21,1,0.6,R
21,0,0.2,R
21,1,0.7,R
21,0,0.4,R
21,1,0.7,R
21,1,0.6,R
21,0,0.3,R
21,1,0.5,R
21,1,0.8,R
21,1,0.8,R
21,1,0.7,R
21,1,0.4,R
21,1,0.5,R
21,1,0.8,R
21,1,0.6,R
21,0,0.3,R
21,0,0.7,R
21,0,0.4,R
21,1,0.7,R
21,1,0.7,R
21,1,0.5,R
21,1,0.7,R
21,1,0.8,R
21,0,0.5,R
21,1,0.7,R
21,1,0.6,R
21,0,0.2,R
21,0,0.3,R
21,1,0.7,R
21,1,0.5,R
21,1,0.4,R
21,0,0.3,R
21,0,0.2,R
21,1,0.6,R
21,1,0.6,R
21,1,0.7,R
21,1,0.6,R
21,1,0.7,R
21,1,0.5,R
21,0,0.6,R
21,0,0.3,R
21,1,0.5,R
21,0,0.2,R
21,1,0.5,R
21,1,0.7,R
21,1,0.6,R
21,1,0.2,R
21,1,0.8,R
21,1,0.5,R
21,1,0.4,R
21,1,0.6,R
21,0,0.3,R
21,0,0.2,R
21,1,0.8,R
21,0,0.3,R
21,1,0.8,R
21,0,0.5,R
21,1,0.7,R
21,1,0.8,R
21,1,0.8,R
21,1,0.8,R
21,0,0.3,R
21,1,0.7,R
21,1,0.6,R
21,0,0.2,R
21,0,0.5,R
21,0,0.4,R
21,0,0.2,R
21,1,0.8,R
21,0,0.4,R
21,1,0.7,R
21,1,0.7,R
21,0,0.2,R
21,0,0.4,R
21,0,0.5,R
21,1,0.7,R
21,0,0.6,R
21,1,0.7,R
21,1,0.5,R
21,0,0.3,R
21,0,0.3,R
21,0,0.2,R
21,0,0.6,R
21,1,0.5,R
21,1,0.8,R
21,1,0.7,R
21,0,0.4,R
21,0,0.6,R
21,0,0.6,R
21,0,0.5,R
21,1,0.7,R
21,1,0.8,R
21,1,0.8,R
21,1,0.5,R
21,0,0.5,R
21,1,0.5,R
21,0,0.8,R
21,0,0.7,R
21,0,0.2,R
21,1,0.5,R
21,1,0.5,R
21,0,0.6,R
21,1,0.5,R
21,1,0.7,R
21,0,0.5,R
21,1,0.8,R
21,0,0.3,R
21,1,0.7,R
21,0,0.3,R
21,0,0.4,R
21,0,0.4,R
21,1,0.8,R
21,0,0.3,R
21,0,0.2,R
21,1,0.5,R
21,1,0.5,R
21,1,0.6,R
21,0,0.2,R
21,1,0.5,R
21,1,0.6,R
21,0,0.3,R
21,1,0.5,R
21,1,0.5,R
21,0,0.3,R
21,0,0.3,R
21,0,0.2,R
21,1,0.7,R
21,1,0.8,R
21,1,0.7,R
21,0,0.5,R
21,0,0.6,R
21,1,0.5,R
21,1,0.4,R
21,0,0.3,R
21,0,0.2,R
21,0,0.2,R
21,1,0.8,R
21,1,0.6,R
21,1,0.5,R
21,1,0.3,R
21,0,0.3,R
21,0,0.3,R
21,0,0.4,R
21,0,0.3,R
21,0,0.5,R
21,1,0.7,R
21,0,0.5,R
21,0,0.6,R
21,0,0.2,R
21,0,0.2,R
21,1,0.7,R
21,0,0.2,R
21,1,0.7,R
21,0,0.3,R
21,1,0.5,R
21,1,0.8,R
21,1,0.7,R
21,1,0.6,R
21,0,0.4,R
21,1,0.7,R
21,1,0.8,R
21,1,0.7,R
21,0,0.2,R
21,1,0.6,R
21,0,0.3,R
21,0,0.2,R
21,1,0.7,R
21,0,0.4,R
21,1,0.8,R
21,1,0.8,R
21,0,0.2,R
21,1,0.6,R
21,0,0.7,R
21,1,0.6,R
21,0,0.4,R
21,0,0.4,R
21,1,0.6,R
21,1,0.5,R
21,1,0.8,R
21,0,0.8,R
21,0,0.4,R
21,0,0.5,R
21,0,0.5,R
21,1,0.8,R
21,1,0.7,R
21,0,0.5,R
21,0,0.2,R
21,1,0.8,R
21,0,0.3,R
21,0,0.4,R
21,0,0.3,R
21,0,0.3,R
21,1,0.6,R
21,0,0.8,R
21,0,0.3,R
21,0,0.7,R
21,0,0.2,R
21,0,0.4,R
21,1,0.5,R
21,0,0.7,R
21,1,0.6,R
21,1,0.6,R
21,0,0.3,R
21,1,0.8,R
21,1,0.7,R
21,0,0.5,R
21,0,0.2,R
21,0,0.4,R
21,0,0.5,R
21,0,0.2,R
21,0,0.2,R
21,1,0.6,R
21,0,0.5,R
21,0,0.3,R
21,1,0.6,R
21,0,0.5,R
21,1,0.8,R
21,0,0.2,R
21,0,0.2,R
21,0,0.8,R
21,1,0.7,R
21,0,0.2,R
21,1,0.7,R
21,0,0.6,R
21,0,0.3,R
21,0,0.3,R
21,0,0.8,R
21,1,0.4,R
21,1,0.7,R
21,0,0.3,R
21,1,0.6,R
21,0,0.5,R
21,0,0.2,R
21,0,0.2,R
21,0,0.2,R
21,1,0.5,R
21,0,0.6,R
21,1,0.8,R
21,0,0.2,R
21,0,0.5,R
21,0,0.5,R
21,1,0.4,R
21,1,0.5,R
21,1,0.8,R
21,0,0.2,R
21,1,0.4,R
21,1,0.4,R
22,1,0.5,R
22,1,0.7,R
22,1,0.7,R
22,1,0.5,R
22,1,0.5,R
22,1,0.8,R
22,0,0.3,R
22,1,0.3,R
22,0,0.2,R
22,1,0.7,R
22,0,0.2,R
22,1,0.5,R
22,1,0.6,R
22,0,0.2,R
22,1,0.4,R
22,1,0.5,R
22,1,0.7,R
22,1,0.6,R
22,1,0.6,R
22,1,0.6,R
22,1,0.5,R
22,1,0.4,R
22,1,0.5,R
22,1,0.6,R
22,1,0.5,R
22,0,0.4,R
22,1,0.8,R
22,1,0.7,R
22,0,0.2,R
22,1,0.8,R
22,1,0.8,R
22,0,0.3,R
22,1,0.6,R
22,1,0.6,R
22,1,0.5,R
22,0,0.4,R
22,0,0.4,R
22,1,0.8,R
22,0,0.5,R
22,0,0.3,R
22,1,0.6,R
22,0,0.2,R
22,1,0.8,R
22,0,0.4,R
22,1,0.6,R
22,1,0.6,R
22,1,0.5,R
22,0,0.2,R
22,0,0.4,R
22,0,0.2,R
22,1,0.8,R
22,1,0.7,R
22,0,0.3,R
22,1,0.5,R
22,0,0.3,R
22,1,0.7,R
22,1,0.7,R
22,1,0.6,R
22,0,0.3,R
22,1,0.7,R
22,0,0.3,R
22,1,0.8,R
22,1,0.8,R
22,1,0.7,R
22,1,0.7,R
22,1,0.6,R
22,0,0.3,R
22,0,0.3,R
22,1,0.8,R
22,0,0.4,R
22,0,0.2,R
22,1,0.7,R
22,0,0.2,R
22,1,0.8,R
22,0,0.4,R
22,0,0.2,R
22,1,0.7,R
22,0,0.2,R
22,0,0.2,R
22,0,0.2,R
22,1,0.8,R
22,0,0.4,R
22,1,0.5,R
22,0,0.2,R
22,0,0.6,R
22,1,0.5,R
22,1,0.5,R
22,0,0.4,R
22,1,0.8,R
22,0,0.7,R
22,1,0.4,R
22,0,0.3,R
22,0,0.5,R
22,0,0.2,R
22,1,0.6,R
22,1,0.8,R
22,0,0.5,R
22,1,0.5,R
22,1,0.5,R
22,1,0.6,R
22,1,0.6,R
22,0,0.2,R
22,0,0.3,R
22,0,0.2,R
22,1,0.6,R
22,0,0.3,R
22,0,0.5,R
22,1,0.7,R
22,1,0.8,R
22,0,0.2,R
22,1,0.7,R
22,1,0.7,R
22,0,0.3,R
22,0,0.3,R
22,1,0.8,R
22,0,0.2,R
22,1,0.6,R
22,1,0.8,R
22,1,0.3,R
22,0,0.2,R
22,1,0.6,R
22,1,0.6,R
22,0,0.4,R
22,0,0.2,R
22,0,0.4,R
22,0,0.3,R
22,0,0.2,R
22,0,0.5,R
22,0,0.3,R
22,0,0.3,R
22,1,0.8,R
22,1,0.5,R
22,0,0.3,R
22,0,0.3,R
22,0,0.5,R
22,0,0.2,R
22,1,0.6,R
22,1,0.7,R
22,1,0.8,R
22,0,0.4,R
22,1,0.6,R
22,0,0.3,R
22,1,0.4,R
22,1,0.5,R
22,0,0.4,R
22,0,0.3,R
22,1,0.6,R
22,1,0.8,R
22,1,0.6,R
22,1,0.7,R
22,1,0.5,R
22,0,0.4,R
22,1,0.7,R
22,1,0.7,R
22,1,0.5,R
22,0,0.2,R
22,0,0.3,R
22,0,0.4,R
22,1,0.8,R
22,0,0.3,R
22,0,0.2,R
22,1,0.7,R
22,1,0.7,R
22,0,0.3,R
22,1,0.7,R
22,1,0.8,R
22,0,0.2,R
22,0,0.4,R
22,1,0.8,R
22,1,0.5,R
22,1,0.7,R
22,1,0.7,R
22,1,0.7,R
22,0,0.4,R
22,1,0.6,R
22,1,0.8,R
22,1,0.8,R
22,0,0.3,R
22,0,0.4,R
22,0,0.4,R
22,0,0.2,R
22,0,0.2,R
22,0,0.3,R
22,0,0.3,R
22,0,0.3,R
22,1,0.7,R
22,1,0.7,R
22,0,0.2,R
22,0,0.2,R
22,0,0.5,R
22,1,0.7,R
22,1,0.5,R
22,1,0.8,R
22,0,0.4,R
22,1,0.8,R
22,0,0.4,R
22,0,0.5,R
22,0,0.3,R
22,1,0.6,R
22,0,0.5,R
22,1,0.2,R
22,0,0.2,R
22,1,0.7,R
22,0,0.2,R
22,1,0.5,R
22,1,0.7,R
22,1,0.7,R
22,0,0.5,R
22,1,0.5,R
22,1,0.8,R
22,0,0.3,R
22,0,0.3,R
22,0,0.2,R
22,1,0.7,R
22,0,0.2,R
22,0,0.5,R
22,1,0.6,R
22,0,0.2,R
22,0,0.4,R
22,0,0.5,R
22,1,0.7,R
22,1,0.6,R
22,1,0.6,R
22,1,0.6,R
22,1,0.5,R
22,1,0.4,R
22,1,0.5,R
22,1,0.6,R
22,0,0.5,R
22,0,0.4,R
22,1,0.8,R
22,1,0.7,R
22,0,0.2,R
22,1,0.8,R
22,0,0.3,R
22,1,0.6,R
22,1,0.6,R
22,1,0.5,R
22,0,0.4,R
22,0,0.4,R
22,1,0.8,R
22,1,0.5,R
22,0,0.3,R
22,0,0.6,R
22,0,0.2,R
22,1,0.8,R
22,0,0.4,R
22,1,0.6,R
22,1,0.6,R
22,1,0.5,R
22,0,0.2,R
22,0,0.4,R
22,0,0.2,R
22,1,0.8,R
22,1,0.7,R
22,0,0.3,R
22,0,0.5,R
22,0,0.3,R
22,1,0.7,R
22,1,0.7,R
22,1,0.6,R
22,0,0.3,R
22,1,0.7,R
22,0,0.3,R
22,1,0.8,R
22,1,0.8,R
22,1,0.7,R
22,1,0.7,R
22,1,0.6,R
22,0,0.3,R
22,0,0.3,R
22,1,0.8,R
22,1,0.4,R
22,0,0.2,R
23,1,0.6,R
23,0,0.4,R
23,1,0.8,R
23,1,0.8,R
23,0,0.5,R
23,1,0.6,R
23,0,0.5,R
23,1,0.7,R
23,0,0.8,R
23,1,0.6,R
23,0,0.2,R
23,1,0.5,R
23,1,0.6,R
23,0,0.5,R
23,1,0.8,R
23,0,0.3,R
23,0,0.2,R
23,1,0.7,R
23,1,0.7,R
23,0,0.2,R
23,1,0.6,R
23,0,0.2,R
23,0,0.3,R
23,1,0.8,R
23,0,0.5,R
23,0,0.4,R
23,0,0.2,R
23,0,0.4,R
23,0,0.2,R
23,1,0.7,R
23,0,0.3,R
23,1,0.8,R
23,1,0.8,R
23,0,0.2,R
23,1,0.8,R
23,1,0.8,R
23,1,0.8,R
23,0,0.3,R
23,1,0.7,R
23,0,0.6,R
23,0,0.4,R
23,0,0.2,R
23,0,0.6,R
23,0,0.5,R
23,0,0.5,R
23,0,0.4,R
23,1,0.4,R
23,0,0.3,R
23,1,0.6,R
23,0,0.4,R
23,0,0.3,R
23,0,0.6,R
23,1,0.7,R
23,0,0.2,R
23,1,0.6,R
23,1,0.2,R
23,1,0.5,R
23,1,0.4,R
23,1,0.7,R
23,1,0.8,R
23,1,0.8,R
23,0,0.5,R
23,0,0.5,R
23,0,0.3,R
23,1,0.8,R
23,0,0.5,R
23,1,0.7,R
23,0,0.2,R
23,0,0.2,R
23,0,0.5,R
23,1,0.4,R
23,1,0.8,R
23,1,0.8,R
23,1,0.8,R
23,1,0.7,R
23,0,0.6,R
23,0,0.3,R
23,0,0.2,R
23,0,0.3,R
23,1,0.6,R
23,0,0.6,R
23,0,0.2,R
23,1,0.8,R
23,1,0.3,R
23,0,0.2,R
23,0,0.6,R
23,0,0.4,R
23,0,0.5,R
23,0,0.3,R
23,0,0.7,R
23,0,0.5,R
23,0,0.3,R
23,0,0.4,R
23,0,0.3,R
23,0,0.2,R
23,0,0.4,R
23,0,0.3,R
23,0,0.4,R
23,0,0.3,R
23,0,0.3,R
23,0,0.2,R
23,0,0.2,R
23,1,0.5,R
23,1,0.6,R
23,1,0.4,R
23,1,0.6,R
23,1,0.8,R
23,0,0.3,R
23,0,0.4,R
23,1,0.8,R
23,0,0.3,R
23,0,0.4,R
23,0,0.4,R
23,1,0.8,R
23,0,0.3,R
23,0,0.5,R
23,1,0.8,R
23,0,0.3,R
23,0,0.5,R
23,0,0.6,R
23,1,0.6,R
23,1,0.3,R
23,0,0.5,R
23,1,0.5,R
23,1,0.7,R
23,0,0.5,R
23,0,0.2,R
23,1,0.7,R
23,0,0.4,R
23,0,0.6,R
23,1,0.4,R
23,0,0.3,R
23,1,0.5,R
23,0,0.2,R
23,0,0.6,R
23,0,0.2,R
23,0,0.3,R
23,0,0.6,R
23,0,0.2,R
23,0,0.5,R
23,0,0.4,R
23,0,0.2,R
23,0,0.7,R
23,1,0.7,R
23,0,0.4,R
23,1,0.7,R
23,0,0.3,R
23,1,0.6,R
23,0,0.5,R
23,0,0.5,R
23,1,0.6,R
23,0,0.3,R
23,0,0.6,R
23,0,0.7,R
23,0,0.6,R
23,0,0.7,R
23,0,0.2,R
23,0,0.3,R
23,1,0.7,R
23,1,0.7,R
23,0,0.3,R
23,0,0.4,R
23,0,0.2,R
23,0,0.6,R
23,0,0.7,R
23,0,0.2,R
23,0,0.4,R
23,0,0.5,R
23,0,0.2,R
23,0,0.2,R
23,0,0.4,R
23,0,0.3,R
23,1,0.6,R
23,1,0.8,R
23,1,0.8,R
23,0,0.4,R
23,0,0.4,R
23,1,0.8,R
23,0,0.7,R
23,0,0.4,R
23,0,0.5,R
23,1,0.8,R
23,0,0.2,R
23,0,0.4,R
23,0,0.3,R
23,1,0.7,R
23,0,0.8,R
23,0,0.5,R
23,0,0.2,R
23,0,0.4,R
23,0,0.4,R
23,0,0.2,R
23,0,0.3,R
23,0,0.6,R
23,0,0.6,R
23,0,0.2,R
23,1,0.5,R
23,1,0.5,R
23,0,0.3,R
23,0,0.5,R
23,0,0.4,R
23,0,0.4,R
23,1,0.6,R
23,1,0.7,R
23,0,0.2,R
23,0,0.3,R
23,1,0.7,R
23,1,0.5,R
23,0,0.5,R
23,0,0.2,R
23,1,0.6,R
23,0,0.4,R
23,1,0.6,R
23,1,0.5,R
23,1,0.3,R
23,1,0.6,R
23,1,0.4,R
23,0,0.2,R
23,0,0.4,R
23,1,0.6,R
23,1,0.5,R
23,1,0.6,R
23,1,0.7,R
23,0,0.2,R
23,1,0.6,R
23,0,0.7,R
23,1,0.8,R
23,0,0.2,R
23,1,0.4,R
23,0,0.3,R
23,0,0.2,R
23,0,0.2,R
23,1,0.8,R
23,1,0.8,R
23,1,0.6,R
23,1,0.5,R
23,0,0.3,R
23,0,0.5,R
23,1,0.4,R
23,0,0.3,R
23,0,0.6,R
23,0,0.2,R
23,1,0.6,R
23,1,0.6,R
23,0,0.6,R
23,1,0.8,R
23,1,0.5,R
23,1,0.7,R
23,1,0.7,R
23,0,0.3,R
23,1,0.6,R
23,1,0.7,R
23,0,0.4,R
23,1,0.5,R
23,1,0.5,R
23,1,0.2,R
23,0,0.2,R
23,1,0.3,R
23,1,0.2,R
23,1,0.8,R
23,0,0.2,R
23,1,0.5,R
23,1,0.5,R
23,1,0.8,R
23,0,0.2,R
23,1,0.7,R
23,1,0.7,R
23,1,0.7,R
23,1,0.5,R
23,0,0.4,R
23,0,0.5,R
23,1,0.6,R
23,1,0.6,R
23,1,0.8,R
23,1,0.8,R
23,1,0.5,R
23,1,0.7,R
23,0,0.2,R
23,0,0.2,R
23,1,0.6,R
24,0,0.2,R
24,1,0.5,R
24,0,0.4,R
24,1,0.8,R
24,1,0.8,R
24,1,0.7,R
24,1,0.7,R
24,0,0.5,R
24,1,0.6,R
24,0,0.2,R
24,0,0.4,R
24,1,0.5,R
24,0,0.5,R
24,1,0.7,R
24,1,0.5,R
24,0,0.4,R
24,1,0.8,R
24,1,0.5,R
24,0,0.2,R
24,1,0.8,R
24,1,0.7,R
24,1,0.8,R
24,0,0.4,R
24,1,0.7,R
24,0,0.3,R
24,0,0.5,R
24,1,0.8,R
24,1,0.8,R
24,0,0.2,R
24,0,0.3,R
24,0,0.5,R
24,1,0.7,R
24,0,0.6,R
24,1,0.7,R
24,0,0.3,R
24,0,0.3,R
24,0,0.4,R
24,1,0.6,R
24,0,0.6,R
24,1,0.8,R
24,0,0.6,R
24,0,0.6,R
24,0,0.2,R
24,1,0.7,R
24,0,0.4,R
24,0,0.3,R
24,1,0.5,R
24,0,0.3,R
24,0,0.3,R
24,1,0.7,R
24,1,0.7,R
24,0,0.4,R
24,1,0.5,R
24,0,0.6,R
24,0,0.3,R
24,1,0.8,R
24,0,0.2,R
24,1,0.6,R
24,1,0.7,R
24,0,0.2,R
24,0,0.2,R
24,0,0.4,R
24,0,0.3,R
24,1,0.5,R
24,1,0.7,R
24,1,0.5,R
24,0,0.4,R
24,0,0.2,R
24,1,0.6,R
24,1,0.4,R
24,0,0.4,R
24,0,0.3,R
24,1,0.7,R
24,1,0.8,R
24,1,0.6,R
24,0,0.5,R
24,1,0.8,R
24,1,0.8,R
24,0,0.3,R
24,1,0.6,R
24,0,0.5,R
24,1,0.6,R
24,0,0.3,R
24,0,0.3,R
24,0,0.2,R
24,1,0.5,R
24,1,0.5,R
24,1,0.5,R
24,0,0.2,R
24,0,0.5,R
24,0,0.2,R
24,1,0.6,R
24,0,0.4,R
24,1,0.5,R
24,1,0.8,R
24,1,0.7,R
24,0,0.2,R
24,0,0.4,R
24,0,0.4,R
24,0,0.2,R
24,0,0.3,R
24,0,0.3,R
24,1,0.7,R
24,0,0.3,R
24,0,0.5,R
24,1,0.7,R
24,0,0.5,R
24,0,0.5,R
24,0,0.2,R
24,0,0.4,R
24,0,0.4,R
24,1,0.7,R
24,1,0.7,R
24,0,0.2,R
24,0,0.3,R
24,0,0.2,R
24,0,0.4,R
24,1,0.4,R
24,1,0.6,R
24,1,0.7,R
24,1,0.7,R
24,1,0.6,R
24,0,0.6,R
24,0,0.3,R
24,1,0.8,R
24,0,0.2,R
24,1,0.6,R
24,1,0.6,R
24,0,0.3,R
24,0,0.3,R
24,0,0.5,R
24,0,0.4,R
24,1,0.6,R
24,1,0.7,R
24,1,0.7,R
24,1,0.7,R
24,0,0.3,R
24,1,0.6,R
24,0,0.4,R
24,0,0.3,R
24,0,0.3,R
24,0,0.3,R
24,1,0.7,R
24,0,0.4,R
24,1,0.5,R
24,0,0.2,R
24,0,0.3,R
24,1,0.8,R
24,0,0.2,R
24,0,0.2,R
24,0,0.5,R
24,1,0.7,R
24,0,0.3,R
24,0,0.2,R
24,1,0.6,R
24,1,0.4,R
24,0,0.2,R
24,0,0.2,R
24,1,0.7,R
24,1,0.4,R
24,0,0.2,R
24,1,0.5,R
24,1,0.5,R
24,1,0.6,R
24,0,0.2,R
24,1,0.8,R
24,1,0.7,R
24,0,0.4,R
24,1,0.8,R
24,1,0.8,R
24,1,0.6,R
24,1,0.7,R
24,0,0.3,R
24,1,0.3,R
24,1,0.8,R
24,1,0.7,R
24,0,0.5,R
24,0,0.3,R
24,1,0.5,R
24,1,0.8,R
24,1,0.7,R
24,0,0.3,R
24,0,0.2,R
24,1,0.8,R
24,1,0.8,R
24,1,0.8,R
24,1,0.6,R
24,1,0.6,R
24,0,0.4,R
24,1,0.6,R
24,1,0.4,R
24,0,0.2,R
24,1,0.7,R
24,1,0.8,R
24,1,0.4,R
24,0,0.2,R
24,0,0.3,R
24,0,0.2,R
24,1,0.8,R
24,1,0.7,R
24,0,0.4,R
24,1,0.5,R
24,0,0.4,R
24,0,0.3,R
24,0,0.2,R
24,0,0.4,R
24,1,0.7,R
24,1,0.6,R
24,0,0.3,R
24,0,0.5,R
24,1,0.5,R
24,0,0.2,R
24,1,0.5,R
24,1,0.5,R
24,0,0.2,R
24,0,0.4,R
24,0,0.4,R
24,1,0.7,R
24,1,0.8,R
24,1,0.6,R
24,1,0.8,R
24,0,0.4,R
24,0,0.3,R
24,1,0.6,R
24,0,0.3,R
24,0,0.2,R
24,0,0.3,R
24,1,0.4,R
24,1,0.7,R
24,1,0.4,R
24,1,0.7,R
24,1,0.5,R
24,1,0.6,R
24,1,0.8,R
24,1,0.6,R
24,1,0.6,R
24,1,0.7,R
24,1,0.6,R
24,0,0.4,R
24,1,0.8,R
24,0,0.2,R
24,0,0.4,R
24,1,0.7,R
24,1,0.8,R
24,0,0.2,R
24,1,0.6,R
24,1,0.8,R
24,1,0.8,R
24,0,0.4,R
24,0,0.2,R
24,0,0.4,R
24,0,0.4,R
24,1,0.5,R
24,0,0.4,R
24,1,0.5,R
24,1,0.8,R
24,0,0.4,R
24,1,0.8,R
24,1,0.8,R
24,1,0.6,R
24,1,0.7,R
24,0,0.3,R
24,1,0.5,R
24,1,0.8,R
24,0,0.3,R
24,1,0.5,R
24,1,0.7,R
24,0,0.3,R
24,0,0.3,R
24,0,0.2,R
24,0,0.8,R
24,0,0.2,R
24,0,0.4,R
24,1,0.5,R
24,0,0.2,R
24,1,0.7,R
24,0,0.4,R
24,0,0.3,R
24,0,0.3,R
24,0,0.3,R
24,1,0.6,R
24,1,0.7,R
24,0,0.3,R
24,0,0.2,R
24,1,0.7,R
24,1,0.7,R
24,1,0.7,R
24,1,0.7,R
24,0,0.2,R
24,1,0.4,R
24,1,0.8,R
24,0,0.4,R
24,1,0.6,R
24,1,0.8,R
24,1,0.7,R
24,1,0.6,R
24,0,0.2,R
24,1,0.5,R
24,1,0.3,R
24,0,0.3,R
24,1,0.7,R
24,0,0.4,R
24,1,0.6,R
24,1,0.7,R
25,1,0.6,R
25,1,0.4,R
25,1,0.8,R
25,0,0.6,R
25,0,0.4,R
25,1,0.8,R
25,0,0.7,R
25,0,0.3,R
25,0,0.3,R
25,0,0.4,R
25,1,0.7,R
25,1,0.8,R
25,1,0.8,R
25,1,0.8,R
25,0,0.4,R
25,1,0.8,R
25,1,0.8,R
25,0,0.4,R
25,1,0.8,R
25,0,0.2,R
25,0,0.3,R
25,0,0.4,R
25,1,0.8,R
25,1,0.5,R
25,1,0.4,R
25,1,0.6,R
25,1,0.7,R
25,0,0.2,R
25,0,0.4,R
25,1,0.6,R
25,0,0.4,R
25,0,0.3,R
25,0,0.2,R
25,0,0.8,R
25,1,0.8,R
25,1,0.7,R
25,0,0.2,R
25,1,0.7,R
25,1,0.5,R
25,0,0.5,R
25,1,0.8,R
25,0,0.2,R
25,1,0.7,R
25,0,0.3,R
25,1,0.6,R
25,0,0.3,R
25,0,0.2,R
25,0,0.6,R
25,0,0.7,R
25,0,0.2,R
25,0,0.2,R
25,0,0.2,R
25,0,0.5,R
25,0,0.8,R
25,1,0.8,R
25,0,0.8,R
25,0,0.5,R
25,0,0.4,R
25,0,0.4,R
25,0,0.5,R
25,1,0.8,R
25,0,0.6,R
25,0,0.2,R
25,0,0.3,R
25,0,0.6,R
25,0,0.5,R
25,0,0.7,R
25,0,0.2,R
25,0,0.5,R
25,0,0.2,R
25,0,0.5,R
25,1,0.7,R
25,1,0.8,R
25,0,0.3,R
25,0,0.4,R
25,0,0.2,R
25,1,0.7,R
25,1,0.8,R
25,1,0.8,R
25,0,0.2,R
25,0,0.4,R
25,0,0.2,R
25,0,0.3,R
25,0,0.2,R
25,1,0.4,R
25,0,0.4,R
25,1,0.5,R
25,0,0.2,R
25,1,0.6,R
25,0,0.5,R
25,1,0.6,R
25,1,0.6,R
25,1,0.7,R
25,0,0.2,R
25,0,0.3,R
25,0,0.7,R
25,1,0.7,R
25,1,0.7,R
25,1,0.8,R
25,0,0.6,R
25,0,0.5,R
25,0,0.2,R
25,0,0.4,R
25,0,0.4,R
25,1,0.8,R
25,1,0.8,R
25,1,0.8,R
25,0,0.6,R
25,0,0.4,R
25,1,0.7,R
25,0,0.3,R
25,0,0.3,R
25,0,0.3,R
25,0,0.4,R
25,0,0.4,R
25,0,0.2,R
25,1,0.6,R
25,0,0.4,R
25,1,0.6,R
25,1,0.6,R
25,0,0.3,R
25,0,0.6,R
25,1,0.6,R
25,1,0.8,R
25,0,0.3,R
25,0,0.8,R
25,0,0.3,R
25,1,0.7,R
25,1,0.8,R
25,1,0.7,R
25,0,0.3,R
25,1,0.6,R
25,1,0.7,R
25,1,0.7,R
25,0,0.5,R
25,1,0.7,R
25,0,0.3,R
25,0,0.2,R
25,1,0.7,R
25,1,0.8,R
25,0,0.3,R
25,0,0.4,R
25,1,0.8,R
25,1,0.6,R
25,0,0.5,R
25,0,0.3,R
25,1,0.5,R
25,0,0.2,R
25,1,0.5,R
25,0,0.2,R
25,1,0.8,R
25,0,0.4,R
25,0,0.4,R
25,0,0.3,R
25,0,0.2,R
25,1,0.8,R
25,0,0.4,R
25,0,0.5,R
25,0,0.2,R
25,1,0.6,R
25,1,0.8,R
25,1,0.7,R
25,1,0.7,R
25,1,0.7,R
25,1,0.5,R
25,1,0.7,R
25,1,0.8,R
25,1,0.4,R
25,1,0.8,R
25,1,0.8,R
25,0,0.3,R
25,1,0.8,R
25,0,0.4,R
25,0,0.4,R
25,1,0.6,R
25,0,0.2,R
25,0,0.2,R
25,1,0.5,R
25,0,0.2,R
25,1,0.6,R
25,1,0.5,R
25,1,0.5,R
25,1,0.6,R
25,1,0.8,R
25,0,0.2,R
25,0,0.4,R
25,1,0.8,R
25,0,0.3,R
25,1,0.6,R
25,0,0.2,R
25,0,0.4,R
25,1,0.7,R
25,0,0.3,R
25,1,0.8,R
25,0,0.3,R
25,0,0.4,R
25,1,0.8,R
25,0,0.2,R
25,0,0.5,R
25,0,0.3,R
25,0,0.3,R
25,1,0.8,R
25,0,0.8,R
25,1,0.8,R
25,1,0.7,R
25,0,0.3,R
25,0,0.2,R
25,0,0.3,R
25,0,0.3,R
25,0,0.6,R
25,0,0.4,R
25,0,0.2,R
25,0,0.8,R
25,0,0.5,R
25,0,0.2,R
25,0,0.6,R
25,0,0.3,R
25,0,0.2,R
25,0,0.2,R
25,0,0.6,R
25,0,0.5,R
25,0,0.6,R
25,0,0.7,R
25,1,0.6,R
25,0,0.8,R
25,0,0.2,R
25,1,0.7,R
25,0,0.2,R
25,1,0.7,R
25,0,0.2,R
25,0,0.2,R
25,1,0.7,R
25,1,0.8,R
25,0,0.3,R
25,1,0.6,R
25,0,0.2,R
25,1,0.8,R
25,0,0.3,R
25,1,0.6,R
25,0,0.6,R
25,1,0.5,R
25,0,0.4,R
25,1,0.7,R
25,1,0.8,R
25,0,0.6,R
25,1,0.8,R
25,1,0.7,R
25,0,0.2,R
25,0,0.2,R
25,1,0.7,R
25,1,0.7,R
25,0,0.4,R
25,0,0.3,R
25,0,0.3,R
25,1,0.7,R
25,1,0.8,R
25,0,0.2,R
25,1,0.7,R
25,0,0.3,R
25,0,0.2,R
25,0,0.2,R
25,0,0.4,R
25,0,0.4,R
25,1,0.8,R
25,1,0.8,R
25,0,0.2,R
25,0,0.6,R
25,1,0.8,R
25,1,0.8,R
25,0,0.5,R
25,1,0.7,R
25,1,0.5,R
25,1,0.8,R
25,0,0.4,R
25,0,0.4,R
25,0,0.5,R
25,1,0.8,R
25,0,0.2,R
25,0,0.2,R
25,1,0.6,R
25,1,0.8,R
25,1,0.7,R
25,1,0.6,R
25,0,0.4,R
25,1,0.7,R
25,0,0.6,R
25,1,0.5,R
25,0,0.5,R
25,1,0.6,R
25,1,0.8,R
25,0,0.8,R
25,1,0.8,R
25,0,0.4,R
25,1,0.6,R
25,0,0.3,R
25,1,0.7,R
25,0,0.5,R
25,0,0.4,R
25,1,0.7,R
25,1,0.8,R
25,0,0.2,R
26,1,0.5,R
26,1,0.6,R
26,0,0.5,R
26,1,0.6,R
26,1,0.6,R
26,1,0.8,R
26,0,0.5,R
26,1,0.7,R
26,0,0.4,R
26,0,0.4,R
26,0,0.2,R
26,1,0.6,R
26,0,0.3,R
26,1,0.7,R
26,1,0.8,R
26,1,0.2,R
26,1,0.5,R
26,0,0.5,R
26,0,0.2,R
26,0,0.2,R
26,1,0.6,R
26,1,0.6,R
26,0,0.2,R
26,0,0.2,R
26,0,0.3,R
26,0,0.3,R
26,1,0.8,R
26,0,0.3,R
26,1,0.8,R
26,0,0.3,R
26,1,0.6,R
26,1,0.7,R
26,1,0.6,R
26,0,0.3,R
26,1,0.7,R
26,0,0.2,R
26,1,0.5,R
26,0,0.5,R
26,1,0.8,R
26,0,0.2,R
26,1,0.6,R
26,0,0.2,R
26,0,0.5,R
26,0,0.5,R
26,1,0.8,R
26,0,0.6,R
26,1,0.8,R
26,0,0.4,R
26,1,0.8,R
26,0,0.4,R
26,1,0.7,R
26,1,0.7,R
26,0,0.5,R
26,0,0.6,R
26,1,0.8,R
26,0,0.4,R
26,1,0.7,R
26,0,0.2,R
26,1,0.7,R
26,1,0.5,R
26,0,0.2,R
26,0,0.4,R
26,1,0.6,R
26,0,0.4,R
26,0,0.5,R
26,1,0.8,R
26,1,0.7,R
26,0,0.3,R
26,0,0.2,R
26,1,0.5,R
26,1,0.6,R
26,1,0.8,R
26,0,0.2,R
26,1,0.6,R
26,1,0.4,R
26,1,0.6,R
26,1,0.6,R
26,1,0.7,R
26,1,0.8,R
26,0,0.2,R
26,1,0.7,R
26,0,0.5,R
26,1,0.6,R
26,1,0.7,R
26,1,0.6,R
26,1,0.7,R
26,1,0.6,R
26,0,0.2,R
26,0,0.4,R
26,0,0.4,R
26,0,0.5,R
26,1,0.5,R
26,0,0.4,R
26,1,0.7,R
26,1,0.7,R
26,0,0.3,R
26,1,0.8,R
26,1,0.6,R
26,0,0.5,R
26,1,0.8,R
26,1,0.4,R
26,1,0.5,R
26,1,0.8,R
26,0,0.4,R
26,0,0.2,R
26,0,0.4,R
26,0,0.3,R
26,0,0.5,R
26,0,0.4,R
26,0,0.2,R
26,0,0.4,R
26,1,0.7,R
26,0,0.2,R
26,0,0.2,R
26,0,0.4,R
26,0,0.2,R
26,1,0.4,R
26,0,0.3,R
26,0,0.3,R
26,1,0.5,R
26,1,0.8,R
26,1,0.8,R
26,1,0.6,R
26,0,0.2,R
26,0,0.5,R
26,0,0.4,R
26,1,0.7,R
26,0,0.5,R
26,1,0.5,R
26,0,0.6,R
26,0,0.4,R
26,0,0.5,R
26,1,0.6,R
26,1,0.7,R
26,1,0.7,R
26,1,0.8,R
26,0,0.3,R
26,1,0.6,R
26,0,0.3,R
26,1,0.8,R
26,0,0.3,R
26,1,0.5,R
26,1,0.6,R
26,1,0.7,R
26,1,0.7,R
26,1,0.8,R
26,0,0.6,R
26,1,0.7,R
26,0,0.4,R
26,0,0.3,R
26,1,0.6,R
26,0,0.2,R
26,1,0.8,R
26,1,0.8,R
26,1,0.5,R
26,0,0.2,R
26,1,0.8,R
26,1,0.8,R
26,0,0.2,R
26,1,0.6,R
26,0,0.2,R
26,0,0.5,R
26,0,0.4,R
26,1,0.6,R
26,1,0.8,R
26,0,0.4,R
26,0,0.4,R
26,0,0.4,R
26,1,0.8,R
26,0,0.3,R
26,1,0.7,R
26,1,0.8,R
26,1,0.5,R
26,0,0.4,R
26,1,0.7,R
26,1,0.6,R
26,0,0.5,R
26,1,0.8,R
26,0,0.3,R
26,0,0.3,R
26,1,0.5,R
26,0,0.4,R
26,0,0.4,R
26,0,0.3,R
26,1,0.5,R
26,1,0.8,R
26,0,0.2,R
26,1,0.5,R
26,0,0.4,R
26,1,0.7,R
26,1,0.7,R
26,1,0.6,R
26,0,0.2,R
26,0,0.2,R
26,1,0.6,R
26,0,0.3,R
26,0,0.2,R
26,0,0.3,R
26,1,0.8,R
26,0,0.5,R
26,0,0.5,R
26,0,0.3,R
26,1,0.6,R
26,1,0.7,R
26,0,0.3,R
26,1,0.7,R
26,1,0.6,R
26,0,0.2,R
26,0,0.2,R
26,1,0.5,R
26,1,0.7,R
26,1,0.7,R
26,1,0.7,R
26,0,0.3,R
26,1,0.4,R
26,0,0.2,R
26,1,0.6,R
26,1,0.8,R
26,1,0.4,R
26,1,0.6,R
26,1,0.6,R
26,1,0.6,R
26,1,0.6,R
26,1,0.3,R
26,1,0.8,R
26,0,0.4,R
26,1,0.8,R
26,0,0.6,R
26,1,0.8,R
26,0,0.3,R
26,0,0.4,R
26,0,0.4,R
26,1,0.5,R
26,0,0.4,R
26,1,0.4,R
26,1,0.7,R
26,0,0.5,R
26,1,0.8,R
26,1,0.8,R
26,0,0.2,R
26,1,0.4,R
26,1,0.5,R
26,1,0.7,R
26,1,0.8,R
26,1,0.8,R
26,0,0.4,R
26,0,0.4,R
26,1,0.8,R
26,0,0.7,R
26,1,0.6,R
26,1,0.7,R
26,0,0.3,R
26,0,0.4,R
26,0,0.4,R
26,1,0.7,R
26,0,0.3,R
26,0,0.5,R
26,0,0.3,R
26,0,0.2,R
26,0,0.5,R
26,1,0.8,R
26,1,0.5,R
26,1,0.7,R
26,0,0.3,R
26,0,0.4,R
26,0,0.2,R
26,1,0.5,R
26,0,0.3,R
26,0,0.3,R
26,1,0.5,R
26,0,0.5,R
26,1,0.8,R
26,1,0.8,R
26,1,0.7,R
26,0,0.2,R
26,1,0.7,R
27,0,0.3,R
27,0,0.2,R
27,0,0.4,R
27,0,0.7,R
27,0,0.6,R
27,0,0.4,R
27,0,0.5,R
27,1,0.7,R
27,0,0.2,R
27,1,0.7,R
27,0,0.2,R
27,1,0.6,R
27,1,0.8,R
27,0,0.3,R
27,1,0.2,R
27,0,0.6,R
27,0,0.3,R
27,1,0.6,R
27,0,0.4,R
27,0,0.5,R
27,1,0.5,R
27,0,0.4,R
27,1,0.6,R
27,0,0.2,R
27,0,0.4,R
27,0,0.2,R
27,1,0.7,R
27,1,0.8,R
27,0,0.2,R
27,1,0.4,R
27,1,0.5,R
27,0,0.2,R
27,1,0.8,R
27,0,0.5,R
27,0,0.4,R
27,1,0.4,R
27,0,0.2,R
27,1,0.8,R
27,0,0.5,R
27,0,0.3,R
27,0,0.2,R
27,0,0.3,R
27,1,0.8,R
27,1,0.6,R
27,1,0.7,R
27,1,0.8,R
27,1,0.7,R
27,0,0.6,R
27,1,0.7,R
27,1,0.6,R
27,0,0.4,R
27,0,0.2,R
27,0,0.5,R
27,1,0.7,R
27,1,0.8,R
27,0,0.2,R
27,0,0.3,R
27,0,0.2,R
27,0,0.3,R
27,0,0.2,R
27,0,0.3,R
27,1,0.5,R
27,1,0.7,R
27,0,0.2,R
27,1,0.7,R
27,0,0.4,R
27,1,0.6,R
27,1,0.6,R
27,1,0.5,R
27,0,0.5,R
27,0,0.3,R
27,1,0.6,R
27,0,0.3,R
27,0,0.2,R
27,0,0.3,R
27,1,0.2,R
27,0,0.4,R
27,1,0.7,R
27,1,0.8,R
27,1,0.7,R
27,1,0.6,R
27,0,0.3,R
27,1,0.8,R
27,1,0.7,R
27,0,0.5,R
27,1,0.6,R
27,0,0.2,R
27,1,0.5,R
27,0,0.4,R
27,0,0.2,R
27,1,0.8,R
27,0,0.5,R
27,1,0.7,R
27,0,0.2,R
27,0,0.3,R
27,0,0.5,R
27,1,0.6,R
27,1,0.8,R
27,0,0.6,R
27,0,0.2,R
27,0,0.5,R
27,1,0.8,R
27,0,0.4,R
27,0,0.6,R
27,1,0.7,R
27,1,0.6,R
27,1,0.4,R
27,1,0.8,R
27,0,0.5,R
27,0,0.6,R
27,1,0.6,R
27,0,0.5,R
27,1,0.8,R
27,0,0.2,R
27,1,0.4,R
27,0,0.4,R
27,0,0.4,R
27,1,0.5,R
27,0,0.4,R
27,0,0.3,R
27,0,0.2,R
27,0,0.2,R
27,1,0.7,R
27,0,0.5,R
27,1,0.8,R
27,1,0.7,R
27,0,0.5,R
27,0,0.5,R
27,0,0.5,R
27,0,0.5,R
27,0,0.2,R
27,1,0.7,R
27,0,0.6,R
27,1,0.8,R
27,0,0.3,R
27,1,0.6,R
27,0,0.2,R
27,0,0.3,R
27,1,0.7,R
27,0,0.2,R
27,0,0.3,R
27,0,0.2,R
27,0,0.3,R
27,0,0.6,R
27,0,0.2,R
27,0,0.2,R
27,1,0.7,R
27,0,0.2,R
27,1,0.4,R
27,1,0.5,R
27,0,0.4,R
27,1,0.6,R
27,0,0.3,R
27,1,0.6,R
27,1,0.7,R
27,1,0.4,R
27,1,0.7,R
27,1,0.7,R
27,1,0.3,R
27,0,0.2,R
27,1,0.7,R
27,1,0.7,R
27,1,0.4,R
27,0,0.2,R
27,1,0.8,R
27,1,0.8,R
27,0,0.3,R
27,0,0.3,R
27,1,0.8,R
27,1,0.5,R
27,0,0.4,R
27,0,0.4,R
27,1,0.5,R
27,0,0.2,R
27,0,0.3,R
27,0,0.3,R
27,1,0.6,R
27,0,0.2,R
27,0,0.4,R
27,1,0.8,R
27,1,0.8,R
27,1,0.8,R
27,1,0.7,R
27,0,0.2,R
27,1,0.7,R
27,1,0.8,R
27,0,0.3,R
27,0,0.2,R
27,0,0.4,R
27,1,0.7,R
27,1,0.8,R
27,0,0.5,R
27,1,0.6,R
27,0,0.2,R
27,0,0.2,R
27,1,0.7,R
27,0,0.6,R
27,1,0.7,R
27,0,0.3,R
27,0,0.3,R
27,0,0.7,R
27,1,0.5,R
27,1,0.6,R
27,1,0.7,R
27,0,0.4,R
27,0,0.4,R
27,1,0.7,R
27,1,0.8,R
27,1,0.7,R
27,1,0.8,R
27,1,0.7,R
27,0,0.7,R
27,0,0.5,R
27,0,0.5,R
27,1,0.5,R
27,0,0.2,R
27,1,0.6,R
27,0,0.3,R
27,1,0.8,R
27,0,0.4,R
27,1,0.5,R
27,0,0.3,R
27,0,0.3,R
27,1,0.8,R
27,0,0.2,R
27,0,0.7,R
27,0,0.2,R
27,1,0.8,R
27,0,0.2,R
27,0,0.2,R
27,0,0.2,R
27,0,0.3,R
27,0,0.2,R
27,0,0.2,R
27,0,0.2,R
27,1,0.6,R
27,1,0.6,R
27,0,0.3,R
27,1,0.8,R
27,1,0.6,R
27,1,0.7,R
27,1,0.8,R
27,0,0.2,R
27,0,0.2,R
27,0,0.5,R
27,0,0.2,R
27,1,0.5,R
27,0,0.3,R
27,0,0.3,R
27,1,0.5,R
27,0,0.7,R
27,1,0.7,R
27,1,0.4,R
27,0,0.3,R
27,0,0.3,R
27,0,0.4,R
27,0,0.2,R
27,0,0.4,R
27,0,0.5,R
27,1,0.4,R
27,1,0.8,R
27,0,0.3,R
27,0,0.2,R
27,1,0.7,R
27,1,0.8,R
27,0,0.3,R
27,0,0.2,R
27,1,0.6,R
27,0,0.4,R
27,1,0.7,R
27,1,0.8,R
27,0,0.4,R
27,1,0.8,R
27,0,0.5,R
27,0,0.5,R
27,0,0.4,R
27,0,0.4,R
27,0,0.6,R
27,0,0.3,R
27,0,0.5,R
27,0,0.6,R
27,0,0.3,R
27,0,0.7,R
27,0,0.3,R
27,1,0.7,R
27,0,0.3,R
27,0,0.2,R
27,1,0.2,R
27,1,0.7,R
27,0,0.3,R
27,0,0.3,R
27,0,0.2,R
27,0,0.5,R
27,1,0.6,R
27,0,0.2,R
27,1,0.6,R
27,1,0.8,R
27,0,0.3,R
28,1,0.8,R
28,1,0.5,R
28,1,0.7,R
28,1,0.6,R
28,1,0.6,R
28,0,0.3,R
28,1,0.5,R
28,1,0.5,R
28,1,0.6,R
28,0,0.6,R
28,1,0.4,R
28,1,0.8,R
28,1,0.5,R
28,0,0.2,R
28,1,0.5,R
28,1,0.3,R
28,1,0.5,R
28,1,0.7,R
28,1,0.6,R
28,0,0.2,R
28,0,0.7,R
28,1,0.6,R
28,0,0.3,R
28,1,0.8,R
28,1,0.2,R
28,1,0.7,R
28,1,0.7,R
28,1,0.5,R
28,1,0.6,R
28,0,0.3,R
28,1,0.6,R
28,1,0.8,R
28,0,0.2,R
28,1,0.4,R
28,0,0.3,R
28,0,0.2,R
28,1,0.6,R
28,1,0.8,R
28,1,0.6,R
28,0,0.3,R
28,1,0.6,R
28,0,0.4,R
28,1,0.7,R
28,0,0.2,R
28,0,0.2,R
28,1,0.5,R
28,1,0.5,R
28,1,0.4,R
28,1,0.7,R
28,1,0.7,R
28,1,0.4,R
28,1,0.7,R
28,1,0.6,R
28,0,0.5,R
28,1,0.5,R
28,1,0.6,R
28,1,0.7,R
28,1,0.6,R
28,1,0.8,R
28,0,0.3,R
28,1,0.7,R
28,1,0.6,R
28,1,0.8,R
28,0,0.3,R
28,0,0.2,R
28,1,0.6,R
28,1,0.7,R
28,0,0.4,R
28,1,0.5,R
28,0,0.2,R
28,1,0.6,R
28,0,0.3,R
28,1,0.6,R
28,1,0.7,R
28,0,0.4,R
28,1,0.7,R
28,1,0.7,R
28,0,0.3,R
28,1,0.8,R
28,0,0.6,R
28,1,0.5,R
28,0,0.3,R
28,0,0.3,R
28,1,0.6,R
28,1,0.7,R
28,1,0.7,R
28,1,0.6,R
28,0,0.8,R
28,0,0.2,R
28,0,0.4,R
28,0,0.4,R
28,0,0.5,R
28,1,0.6,R
28,0,0.2,R
28,0,0.3,R
28,1,0.8,R
28,0,0.5,R
28,1,0.7,R
28,0,0.5,R
28,1,0.5,R
28,1,0.8,R
28,1,0.5,R
28,0,0.8,R
28,0,0.8,R
28,1,0.5,R
28,0,0.4,R
28,1,0.5,R
28,0,0.2,R
28,1,0.8,R
28,0,0.3,R
28,0,0.4,R
28,1,0.8,R
28,0,0.4,R
28,0,0.5,R
28,1,0.7,R
28,1,0.8,R
28,1,0.7,R
28,1,0.6,R
28,0,0.3,R
28,0,0.2,R
28,0,0.8,R
28,0,0.3,R
28,1,0.4,R
28,0,0.2,R
28,1,0.7,R
28,0,0.5,R
28,0,0.4,R
28,0,0.6,R
28,0,0.2,R
28,0,0.2,R
28,0,0.2,R
28,0,0.3,R
28,1,0.6,R
28,1,0.8,R
28,0,0.8,R
28,0,0.2,R
28,1,0.7,R
28,0,0.4,R
28,1,0.8,R
28,0,0.2,R
28,1,0.7,R
28,1,0.5,R
28,0,0.7,R
28,1,0.7,R
28,1,0.5,R
28,0,0.4,R
28,1,0.6,R
28,0,0.4,R
28,1,0.7,R
28,0,0.4,R
28,1,0.5,R
28,0,0.3,R
28,1,0.8,R
28,0,0.5,R
28,1,0.4,R
28,0,0.5,R
28,0,0.3,R
28,1,0.6,R
28,1,0.8,R
28,0,0.5,R
28,0,0.8,R
28,0,0.3,R
28,1,0.7,R
28,1,0.8,R
28,1,0.7,R
28,0,0.6,R
28,0,0.7,R
28,1,0.8,R
28,0,0.3,R
28,1,0.6,R
28,1,0.8,R
28,0,0.6,R
28,1,0.7,R
28,0,0.4,R
28,1,0.5,R
28,0,0.3,R
28,0,0.7,R
28,0,0.4,R
28,0,0.5,R
28,0,0.4,R
28,0,0.2,R
28,1,0.8,R
28,1,0.6,R
28,1,0.8,R
28,0,0.2,R
28,1,0.8,R
28,1,0.5,R
28,0,0.5,R
28,1,0.6,R
28,1,0.8,R
28,0,0.6,R
28,0,0.3,R
28,1,0.3,R
28,0,0.3,R
28,0,0.5,R
28,0,0.5,R
28,1,0.7,R
28,1,0.6,R
28,0,0.2,R
28,0,0.3,R
28,0,0.3,R
28,0,0.2,R
28,1,0.6,R
28,1,0.7,R
28,0,0.6,R
28,0,0.8,R
28,0,0.8,R
28,1,0.7,R
28,1,0.6,R
28,1,0.7,R
28,1,0.6,R
28,0,0.3,R
28,1,0.5,R
28,0,0.2,R
28,0,0.2,R
28,0,0.3,R
28,1,0.8,R
28,0,0.4,R
28,0,0.2,R
28,0,0.4,R
28,1,0.8,R
28,1,0.8,R
28,1,0.6,R
28,1,0.3,R
28,1,0.7,R
28,1,0.8,R
28,0,0.4,R
28,0,0.2,R
28,0,0.4,R
28,0,0.2,R
28,0,0.2,R
28,1,0.7,R
28,0,0.2,R
28,1,0.8,R
28,0,0.4,R
28,0,0.3,R
28,0,0.2,R
28,0,0.3,R
28,0,0.3,R
28,1,0.6,R
28,0,0.3,R
28,1,0.5,R
28,0,0.2,R
28,0,0.3,R
28,0,0.4,R
28,1,0.5,R
28,1,0.6,R
28,0,0.6,R
28,1,0.7,R
28,0,0.6,R
28,1,0.7,R
28,1,0.5,R
28,1,0.4,R
28,1,0.7,R
28,0,0.2,R
28,0,0.5,R
28,0,0.3,R
28,1,0.7,R
28,0,0.4,R
28,1,0.8,R
28,1,0.8,R
28,0,0.5,R
28,1,0.8,R
28,0,0.3,R
28,1,0.6,R
28,1,0.7,R
28,0,0.2,R
28,0,0.6,R
28,1,0.8,R
28,1,0.8,R
28,0,0.2,R
28,0,0.5,R
28,0,0.3,R
28,1,0.8,R
28,1,0.8,R
28,0,0.2,R
28,1,0.7,R
28,0,0.5,R
28,0,0.2,R
28,0,0.2,R
28,1,0.8,R
29,1,0.4,R
29,0,0.3,R
29,0,0.3,R
29,0,0.2,R
29,1,0.6,R
29,0,0.6,R
29,1,0.7,R
29,0,0.2,R
29,1,0.6,R
29,1,0.5,R
29,0,0.4,R
29,1,0.5,R
29,0,0.2,R
29,0,0.3,R
29,1,0.8,R
29,1,0.8,R
29,0,0.5,R
29,0,0.2,R
29,1,0.7,R
29,0,0.2,R
29,1,0.5,R
29,1,0.7,R
29,1,0.6,R
29,1,0.7,R
29,0,0.6,R
29,1,0.5,R
29,0,0.4,R
29,1,0.8,R
29,1,0.5,R
29,0,0.6,R
29,1,0.6,R
29,1,0.5,R
29,1,0.7,R
29,0,0.5,R
29,0,0.5,R
29,1,0.5,R
29,1,0.3,R
29,1,0.5,R
29,0,0.2,R
29,0,0.6,R
29,1,0.6,R
29,0,0.3,R
29,0,0.3,R
29,1,0.8,R
29,0,0.3,R
29,1,0.7,R
29,1,0.6,R
29,1,0.7,R
29,0,0.3,R
29,0,0.3,R
29,1,0.7,R
29,0,0.4,R
29,0,0.4,R
29,0,0.7,R
29,0,0.5,R
29,0,0.2,R
29,0,0.3,R
29,0,0.2,R
29,0,0.4,R
29,0,0.2,R
29,0,0.3,R
29,1,0.7,R
29,1,0.8,R
29,1,0.7,R
29,1,0.4,R
29,0,0.2,R
29,1,0.8,R
29,0,0.2,R
29,0,0.2,R
29,1,0.5,R
29,0,0.4,R
29,1,0.8,R
29,0,0.6,R
29,1,0.8,R
29,0,0.4,R
29,0,0.7,R
29,0,0.4,R
29,0,0.3,R
29,0,0.3,R
29,0,0.4,R
29,0,0.6,R
29,0,0.8,R
29,1,0.5,R
29,1,0.6,R
29,0,0.2,R
29,0,0.3,R
29,0,0.6,R
29,0,0.4,R
29,0,0.4,R
29,0,0.3,R
29,1,0.7,R
29,0,0.4,R
29,1,0.8,R
29,1,0.8,R
29,1,0.6,R
29,1,0.5,R
29,1,0.8,R
29,1,0.6,R
29,1,0.6,R
29,0,0.8,R
29,0,0.6,R
29,1,0.8,R
29,0,0.4,R
29,0,0.4,R
29,0,0.4,R
29,0,0.2,R
29,0,0.3,R
29,0,0.5,R
29,1,0.5,R
29,1,0.7,R
29,1,0.7,R
29,1,0.4,R
29,0,0.4,R
29,1,0.4,R
29,1,0.6,R
29,0,0.3,R
29,1,0.7,R
29,1,0.6,R
29,1,0.8,R
29,1,0.5,R
29,0,0.3,R
29,0,0.2,R
29,0,0.5,R
29,0,0.2,R
29,1,0.7,R
29,0,0.5,R
29,1,0.7,R
29,1,0.3,R
29,1,0.7,R
29,0,0.2,R
29,1,0.7,R
29,1,0.6,R
29,1,0.7,R
29,0,0.4,R
29,0,0.4,R
29,1,0.8,R
29,0,0.5,R
29,1,0.6,R
29,1,0.8,R
29,0,0.5,R
29,0,0.4,R
29,0,0.2,R
29,0,0.4,R
29,1,0.5,R
29,1,0.8,R
29,1,0.8,R
29,1,0.8,R
29,0,0.3,R
29,0,0.7,R
29,1,0.5,R
29,1,0.6,R
29,1,0.5,R
29,1,0.6,R
29,0,0.8,R
29,0,0.3,R
29,0,0.2,R
29,0,0.2,R
29,0,0.4,R
29,1,0.7,R
29,0,0.2,R
29,0,0.4,R
29,1,0.7,R
29,0,0.4,R
29,0,0.4,R
29,0,0.2,R
29,0,0.8,R
29,1,0.7,R
29,0,0.3,R
29,0,0.3,R
29,1,0.5,R
29,0,0.4,R
29,1,0.4,R
29,1,0.7,R
29,1,0.8,R
29,0,0.2,R
29,0,0.3,R
29,1,0.5,R
29,0,0.4,R
29,0,0.2,R
29,1,0.4,R
29,0,0.5,R
29,0,0.3,R
29,1,0.4,R
29,0,0.3,R
29,1,0.8,R
29,0,0.2,R
29,1,0.8,R
29,1,0.8,R
29,1,0.8,R
29,0,0.3,R
29,1,0.7,R
29,1,0.7,R
29,1,0.7,R
29,0,0.4,R
29,0,0.6,R
29,0,0.3,R
29,0,0.2,R
29,1,0.7,R
29,0,0.2,R
29,0,0.4,R
29,1,0.8,R
29,0,0.2,R
29,0,0.2,R
29,0,0.6,R
29,0,0.5,R
29,1,0.7,R
29,1,0.5,R
29,1,0.8,R
29,0,0.2,R
29,0,0.3,R
29,1,0.6,R
29,0,0.4,R
29,1,0.8,R
29,0,0.3,R
29,0,0.5,R
29,1,0.7,R
29,1,0.8,R
29,0,0.2,R
29,0,0.6,R
29,1,0.8,R
29,0,0.2,R
29,0,0.2,R
29,0,0.3,R
29,0,0.3,R
29,0,0.3,R
29,0,0.3,R
29,1,0.8,R
29,0,0.4,R
29,1,0.8,R
29,1,0.8,R
29,1,0.8,R
29,1,0.8,R
29,0,0.5,R
29,0,0.3,R
29,0,0.4,R
29,1,0.8,R
29,0,0.5,R
29,0,0.8,R
29,0,0.2,R
29,0,0.2,R
29,1,0.8,R
29,0,0.2,R
29,0,0.6,R
29,0,0.5,R
29,1,0.5,R
29,1,0.7,R
29,1,0.6,R
29,0,0.2,R
29,0,0.7,R
29,0,0.2,R
29,0,0.7,R
29,0,0.4,R
29,1,0.8,R
29,0,0.4,R
29,1,0.5,R
29,0,0.8,R
29,0,0.2,R
29,0,0.7,R
29,0,0.3,R
29,0,0.2,R
29,0,0.3,R
29,0,0.6,R
29,0,0.4,R
29,1,0.5,R
29,1,0.5,R
29,1,0.6,R
29,1,0.8,R
29,0,0.4,R
29,0,0.6,R
29,1,0.5,R
29,1,0.8,R
29,0,0.2,R
29,1,0.6,R
29,0,0.6,R
29,1,0.6,R
29,1,0.7,R
29,0,0.3,R
29,0,0.6,R
29,0,0.3,R
29,0,0.2,R
29,1,0.8,R
29,0,0.4,R
29,1,0.8,R
29,1,0.8,R
29,1,0.7,R
29,1,0.7,R
29,0,0.6,R
29,0,0.6,R
29,0,0.3,R
29,0,0.7,R
29,1,0.8,R
29,1,0.8,R
29,0,0.2,R
29,1,0.7,R
29,1,0.5,R
29,0,0.2,R
29,0,0.3,R
29,1,0.8,R
29,1,0.8,R
29,0,0.3,R
29,1,0.6,R
29,1,0.8,R
29,0,0.6,R
29,1,0.8,R
30,1,0.4,R
30,1,0.4,R
30,1,0.6,R
30,1,0.5,R
30,1,0.7,R
30,1,0.8,R
30,0,0.5,R
30,0,0.3,R
30,1,0.6,R
30,0,0.2,R
30,0,0.7,R
30,1,0.7,R
30,0,0.4,R
30,1,0.8,R
30,1,0.7,R
30,0,0.4,R
30,1,0.5,R
30,1,0.8,R
30,1,0.6,R
30,0,0.8,R
30,0,0.3,R
30,0,0.5,R
30,0,0.2,R
30,1,0.7,R
30,0,0.4,R
30,0,0.4,R
30,0,0.5,R
30,0,0.4,R
30,1,0.5,R
30,1,0.5,R
30,0,0.5,R
30,0,0.2,R
30,0,0.7,R
30,1,0.6,R
30,0,0.5,R
30,0,0.2,R
30,0,0.5,R
30,1,0.8,R
30,0,0.4,R
30,0,0.3,R
30,1,0.7,R
30,0,0.4,R
30,1,0.6,R
30,0,0.5,R
30,0,0.6,R
30,1,0.5,R
30,0,0.2,R
30,0,0.2,R
30,0,0.3,R
30,0,0.5,R
30,0,0.2,R
30,0,0.5,R
30,1,0.4,R
30,1,0.6,R
30,0,0.2,R
30,0,0.3,R
30,1,0.8,R
30,1,0.4,R
30,0,0.2,R
30,0,0.2,R
30,1,0.8,R
30,0,0.6,R
30,0,0.5,R
30,0,0.3,R
30,1,0.5,R
30,0,0.4,R
30,0,0.7,R
30,0,0.5,R
30,1,0.6,R
30,0,0.8,R
30,1,0.6,R
30,1,0.5,R
30,1,0.5,R
30,0,0.3,R
30,1,0.6,R
30,1,0.8,R
30,0,0.2,R
30,0,0.3,R
30,1,0.4,R
30,0,0.4,R
30,1,0.4,R
30,1,0.6,R
30,1,0.2,R
30,1,0.3,R
30,0,0.2,R
30,1,0.4,R
30,1,0.3,R
30,0,0.5,R
30,1,0.5,R
30,0,0.2,R
30,1,0.5,R
30,1,0.7,R
30,1,0.6,R
30,1,0.5,R
30,0,0.4,R
30,0,0.4,R
30,0,0.6,R
30,0,0.5,R
30,0,0.2,R
30,1,0.4,R
30,1,0.8,R
30,0,0.2,R
30,0,0.3,R
30,1,0.8,R
30,1,0.8,R
30,0,0.4,R
30,1,0.6,R
30,1,0.7,R
30,1,0.5,R
30,1,0.6,R
30,0,0.4,R
30,0,0.7,R
30,0,0.2,R
30,0,0.5,R
30,1,0.7,R
30,1,0.7,R
30,0,0.4,R
30,1,0.8,R
30,0,0.4,R
30,1,0.8,R
30,0,0.5,R
30,0,0.5,R
30,0,0.4,R
30,0,0.7,R
30,0,0.7,R
30,1,0.8,R
30,1,0.8,R
30,0,0.4,R
30,0,0.3,R
30,0,0.2,R
30,1,0.6,R
30,1,0.7,R
30,1,0.8,R
30,0,0.7,R
30,0,0.4,R
30,0,0.4,R
30,0,0.3,R
30,0,0.2,R
30,0,0.8,R
30,0,0.7,R
30,0,0.4,R
30,0,0.5,R
30,0,0.2,R
30,1,0.8,R
30,1,0.5,R
30,1,0.5,R
30,1,0.8,R
30,1,0.5,R
30,1,0.6,R
30,1,0.8,R
30,1,0.8,R
30,0,0.3,R
30,1,0.6,R
30,0,0.3,R
30,1,0.8,R
30,1,0.7,R
30,1,0.4,R
30,0,0.7,R
30,0,0.2,R
30,0,0.4,R
30,0,0.5,R
30,1,0.5,R
30,1,0.6,R
30,1,0.6,R
30,0,0.5,R
30,0,0.2,R
30,1,0.6,R
30,1,0.5,R
30,1,0.6,R
30,1,0.8,R
30,0,0.3,R
30,1,0.5,R
30,1,0.4,R
30,0,0.3,R
30,0,0.3,R
30,0,0.2,R
30,1,0.5,R
30,1,0.7,R
30,1,0.7,R
30,0,0.3,R
30,0,0.3,R
30,0,0.4,R
30,1,0.5,R
30,0,0.3,R
30,1,0.7,R
30,1,0.5,R
30,1,0.8,R
30,0,0.6,R
30,0,0.6,R
30,1,0.7,R
30,0,0.3,R
30,0,0.2,R
30,1,0.8,R
30,0,0.3,R
30,0,0.2,R
30,1,0.7,R
30,0,0.2,R
30,0,0.4,R
30,0,0.2,R
30,0,0.2,R
30,0,0.3,R
30,1,0.5,R
30,0,0.3,R
30,0,0.4,R
30,1,0.8,R
30,1,0.7,R
30,0,0.4,R
30,0,0.4,R
30,0,0.5,R
30,1,0.8,R
30,1,0.8,R
30,0,0.2,R
30,0,0.2,R
30,1,0.6,R
30,0,0.2,R
30,1,0.8,R
30,1,0.6,R
30,0,0.4,R
30,1,0.7,R
30,1,0.6,R
30,0,0.4,R
30,0,0.2,R
30,0,0.5,R
30,1,0.8,R
30,1,0.5,R
30,0,0.7,R
30,1,0.8,R
30,0,0.2,R
30,1,0.8,R
30,0,0.2,R
30,1,0.7,R
30,0,0.8,R
30,0,0.4,R
30,1,0.5,R
30,1,0.2,R
30,0,0.5,R
30,0,0.4,R
30,1,0.7,R
30,1,0.5,R
30,1,0.8,R
30,1,0.6,R
30,1,0.7,R
30,1,0.6,R
30,0,0.8,R
30,0,0.6,R
30,1,0.4,R
30,0,0.3,R
30,0,0.5,R
30,1,0.8,R
30,0,0.5,R
30,1,0.7,R
30,0,0.6,R
30,0,0.2,R
30,0,0.6,R
30,1,0.6,R
30,0,0.3,R
30,1,0.3,R
30,0,0.2,R
30,1,0.8,R
30,0,0.5,R
30,0,0.6,R
30,0,0.4,R
30,0,0.2,R
30,0,0.2,R
30,0,0.3,R
30,0,0.2,R
30,1,0.8,R
30,0,0.2,R
30,0,0.2,R
30,1,0.2,R
30,0,0.6,R
30,0,0.2,R
30,0,0.4,R
30,1,0.7,R
30,1,0.6,R
30,0,0.3,R
30,1,0.7,R
30,0,0.2,R
30,0,0.6,R
30,1,0.6,R
30,0,0.2,R
30,1,0.7,R
30,0,0.3,R
30,1,0.8,R
30,1,0.6,R
30,1,0.7,R
30,0,0.3,R
30,0,0.3,R
30,0,0.8,R
30,0,0.5,R
30,1,0.8,R
30,0,0.4,R
30,1,0.8,R
30,0,0.3,R
30,0,0.3,R
31,0,0.3,R
31,1,0.7,R
31,1,0.5,R
31,0,0.2,R
31,0,0.5,R
31,1,0.5,R
31,0,0.2,R
31,1,0.8,R
31,1,0.5,R
31,0,0.3,R
31,1,0.5,R
31,1,0.5,R
31,1,0.6,R
31,0,0.3,R
31,0,0.5,R
31,1,0.7,R
31,0,0.3,R
31,1,0.8,R
31,1,0.7,R
31,0,0.2,R
31,0,0.5,R
31,1,0.7,R
31,0,0.6,R
31,0,0.3,R
31,1,0.8,R
31,0,0.2,R
31,1,0.5,R
31,0,0.7,R
31,0,0.4,R
31,0,0.2,R
31,0,0.7,R
31,1,0.8,R
31,1,0.7,R
31,1,0.8,R
31,1,0.7,R
31,0,0.5,R
31,0,0.2,R
31,0,0.4,R
31,1,0.6,R
31,0,0.4,R
31,0,0.4,R
31,1,0.7,R
31,1,0.6,R
31,1,0.8,R
31,0,0.5,R
31,1,0.8,R
31,0,0.4,R
31,1,0.8,R
31,0,0.3,R
31,0,0.4,R
31,0,0.5,R
31,0,0.4,R
31,1,0.7,R
31,1,0.8,R
31,1,0.7,R
31,1,0.8,R
31,1,0.4,R
31,1,0.8,R
31,1,0.5,R
31,0,0.3,R
31,1,0.8,R
31,0,0.4,R
31,0,0.4,R
31,0,0.7,R
31,0,0.3,R
31,1,0.8,R
31,0,0.2,R
31,1,0.5,R
31,0,0.3,R
31,0,0.3,R
31,1,0.6,R
31,1,0.6,R
31,1,0.8,R
31,0,0.4,R
31,1,0.6,R
31,0,0.5,R
31,0,0.4,R
31,1,0.6,R
31,0,0.3,R
31,0,0.3,R
31,1,0.5,R
31,1,0.8,R
31,1,0.5,R
31,1,0.8,R
31,1,0.8,R
31,1,0.8,R
31,1,0.8,R
31,1,0.8,R
31,0,0.2,R
31,0,0.4,R
31,0,0.6,R
31,1,0.8,R
31,1,0.7,R
31,1,0.3,R
31,0,0.3,R
31,0,0.2,R
31,0,0.2,R
31,1,0.6,R
31,1,0.8,R
31,0,0.3,R
31,0,0.5,R
31,0,0.4,R
31,0,0.3,R
31,0,0.2,R
31,0,0.3,R
31,0,0.2,R
31,0,0.4,R
31,1,0.8,R
31,0,0.4,R
31,0,0.5,R
31,0,0.5,R
31,1,0.6,R
31,1,0.5,R
31,0,0.3,R
31,1,0.7,R
31,1,0.3,R
31,1,0.7,R
31,1,0.7,R
31,0,0.3,R
31,1,0.8,R
31,1,0.7,R
31,0,0.2,R
31,0,0.8,R
31,0,0.2,R
31,1,0.8,R
31,0,0.5,R
31,0,0.3,R
31,1,0.6,R
31,1,0.8,R
31,0,0.4,R
31,0,0.2,R
31,0,0.5,R
31,0,0.2,R
31,1,0.6,R
31,0,0.3,R
31,0,0.2,R
31,1,0.7,R
31,1,0.6,R
31,0,0.6,R
31,1,0.5,R
31,1,0.7,R
31,1,0.8,R
31,0,0.6,R
31,0,0.6,R
31,0,0.5,R
31,0,0.2,R
31,0,0.3,R
31,0,0.2,R
31,0,0.4,R
31,1,0.8,R
31,0,0.6,R
31,0,0.2,R
31,0,0.3,R
31,0,0.2,R
31,1,0.8,R
31,0,0.4,R
31,1,0.5,R
31,0,0.3,R
31,0,0.4,R
31,1,0.4,R
31,1,0.8,R
31,1,0.5,R
31,1,0.7,R
31,1,0.7,R
31,1,0.8,R
31,0,0.3,R
31,0,0.5,R
31,0,0.2,R
31,0,0.5,R
31,1,0.6,R
31,0,0.4,R
31,0,0.5,R
31,0,0.4,R
31,0,0.5,R
31,0,0.4,R
31,1,0.7,R
31,0,0.3,R
31,1,0.8,R
31,1,0.7,R
31,1,0.8,R
31,1,0.8,R
31,0,0.4,R
31,0,0.5,R
31,0,0.3,R
31,0,0.6,R
31,0,0.8,R
31,0,0.2,R
31,0,0.5,R
31,0,0.6,R
31,0,0.2,R
31,0,0.5,R
31,0,0.8,R
31,0,0.6,R
31,0,0.8,R
31,0,0.2,R
31,1,0.8,R
31,1,0.6,R
31,0,0.6,R
31,0,0.4,R
31,0,0.4,R
31,1,0.8,R
31,1,0.5,R
31,1,0.7,R
31,1,0.7,R
31,0,0.2,R
31,1,0.8,R
31,0,0.4,R
31,0,0.3,R
31,0,0.4,R
31,1,0.7,R
31,1,0.7,R
31,0,0.7,R
31,0,0.3,R
31,1,0.7,R
31,0,0.3,R
31,0,0.8,R
31,1,0.8,R
31,1,0.8,R
31,1,0.7,R
31,1,0.8,R
31,1,0.7,R
31,1,0.8,R
31,0,0.4,R
31,1,0.7,R
31,0,0.5,R
31,0,0.3,R
31,1,0.8,R
31,0,0.6,R
31,0,0.4,R
31,0,0.5,R
31,0,0.4,R
31,0,0.5,R
31,1,0.8,R
31,1,0.8,R
31,1,0.4,R
31,0,0.3,R
31,0,0.5,R
31,0,0.4,R
31,0,0.7,R
31,1,0.8,R
31,0,0.8,R
31,0,0.2,R
31,0,0.2,R
31,0,0.6,R
31,0,0.2,R
31,0,0.2,R
31,0,0.3,R
31,0,0.4,R
31,0,0.3,R
31,1,0.7,R
31,1,0.7,R
31,0,0.3,R
31,0,0.2,R
31,0,0.4,R
31,0,0.2,R
31,0,0.2,R
31,0,0.8,R
31,1,0.7,R
31,1,0.8,R
31,0,0.5,R
31,0,0.5,R
31,0,0.5,R
31,0,0.5,R
31,0,0.8,R
31,0,0.4,R
31,1,0.7,R
31,1,0.8,R
31,1,0.7,R
31,1,0.7,R
31,0,0.3,R
31,0,0.6,R
31,0,0.3,R
31,0,0.3,R
31,0,0.2,R
31,0,0.7,R
31,1,0.8,R
31,0,0.2,R
31,0,0.6,R
31,1,0.6,R
31,1,0.7,R
31,0,0.5,R
31,0,0.2,R
31,1,0.8,R
31,1,0.8,R
31,1,0.6,R
31,1,0.7,R
31,0,0.2,R
31,1,0.5,R
31,0,0.3,R
31,0,0.5,R
31,0,0.2,R
31,0,0.5,R
32,1,0.7,R
32,0,0.2,R
32,1,0.6,R
32,1,0.8,R
32,0,0.5,R
32,0,0.3,R
32,0,0.4,R
32,0,0.2,R
32,0,0.2,R
32,0,0.7,R
32,1,0.6,R
32,0,0.4,R
32,0,0.7,R
32,1,0.8,R
32,1,0.5,R
32,0,0.4,R
32,0,0.4,R
32,0,0.4,R
32,1,0.7,R
32,1,0.6,R
32,1,0.4,R
32,0,0.7,R
32,0,0.8,R
32,1,0.6,R
32,0,0.5,R
32,1,0.8,R
32,0,0.6,R
32,0,0.5,R
32,0,0.4,R
32,1,0.3,R
32,1,0.6,R
32,0,0.2,R
32,0,0.4,R
32,0,0.4,R
32,0,0.5,R
32,0,0.2,R
32,0,0.2,R
32,0,0.3,R
32,0,0.3,R
32,0,0.4,R
32,0,0.3,R
32,1,0.7,R
32,1,0.5,R
32,0,0.3,R
32,0,0.3,R
32,1,0.5,R
32,0,0.3,R
32,1,0.7,R
32,1,0.6,R
32,1,0.5,R
32,1,0.6,R
32,0,0.2,R
32,1,0.8,R
32,0,0.3,R
32,0,0.5,R
32,1,0.8,R
32,0,0.6,R
32,1,0.5,R
32,0,0.3,R
32,0,0.8,R
32,0,0.2,R
32,0,0.2,R
32,0,0.4,R
32,1,0.5,R
32,0,0.5,R
32,1,0.6,R
32,0,0.5,R
32,1,0.6,R
32,1,0.7,R
32,0,0.2,R
32,0,0.2,R
32,0,0.4,R
32,0,0.3,R
32,0,0.3,R
32,0,0.4,R
32,1,0.5,R
32,1,0.6,R
32,0,0.3,R
32,1,0.8,R
32,0,0.3,R
32,0,0.2,R
32,1,0.8,R
32,0,0.4,R
32,1,0.6,R
32,0,0.4,R
32,1,0.6,R
32,1,0.6,R
32,0,0.3,R
32,1,0.8,R
32,1,0.7,R
32,0,0.4,R
32,1,0.7,R
32,0,0.5,R
32,0,0.4,R
32,0,0.3,R
32,0,0.8,R
32,1,0.5,R
32,1,0.7,R
32,1,0.7,R
32,1,0.4,R
32,0,0.6,R
32,0,0.4,R
32,0,0.4,R
32,1,0.6,R
32,1,0.6,R
32,1,0.7,R
32,0,0.2,R
32,1,0.6,R
32,0,0.2,R
32,0,0.6,R
32,0,0.2,R
32,0,0.3,R
32,0,0.6,R
32,1,0.8,R
32,0,0.2,R
32,0,0.4,R
32,0,0.2,R
32,1,0.7,R
32,0,0.2,R
32,0,0.5,R
32,1,0.5,R
32,0,0.3,R
32,1,0.7,R
32,0,0.2,R
32,0,0.4,R
32,0,0.2,R
32,1,0.6,R
32,1,0.7,R
32,1,0.7,R
32,0,0.5,R
32,0,0.5,R
32,0,0.3,R
32,0,0.7,R
32,0,0.4,R
32,0,0.2,R
32,0,0.8,R
32,0,0.4,R
32,0,0.4,R
32,0,0.6,R
32,0,0.3,R
32,0,0.5,R
32,1,0.8,R
32,0,0.2,R
32,0,0.2,R
32,0,0.2,R
32,1,0.6,R
32,1,0.6,R
32,0,0.2,R
32,0,0.6,R
32,0,0.2,R
32,1,0.7,R
32,1,0.6,R
32,1,0.7,R
32,1,0.6,R
32,0,0.4,R
32,1,0.6,R
32,1,0.4,R
32,0,0.4,R
32,1,0.5,R
32,0,0.2,R
32,0,0.2,R
32,0,0.3,R
32,1,0.8,R
32,0,0.7,R
32,0,0.2,R
32,0,0.7,R
32,0,0.3,R
32,1,0.5,R
32,0,0.5,R
32,1,0.8,R
32,0,0.6,R
32,1,0.5,R
32,0,0.2,R
32,0,0.2,R
32,1,0.7,R
32,1,0.5,R
32,1,0.7,R
32,0,0.6,R
32,0,0.2,R
32,0,0.4,R
32,1,0.8,R
32,0,0.4,R
32,1,0.7,R
32,0,0.3,R
32,1,0.5,R
32,1,0.4,R
32,0,0.2,R
32,0,0.5,R
32,0,0.2,R
32,0,0.8,R
32,1,0.7,R
32,0,0.5,R
32,0,0.3,R
32,0,0.2,R
32,0,0.5,R
32,1,0.7,R
32,1,0.7,R
32,0,0.5,R
32,0,0.5,R
32,1,0.8,R
32,0,0.3,R
32,0,0.3,R
32,0,0.2,R
32,1,0.7,R
32,0,0.2,R
32,0,0.5,R
32,0,0.6,R
32,0,0.2,R
32,0,0.4,R
32,1,0.5,R
32,1,0.7,R
32,1,0.6,R
32,1,0.6,R
32,1,0.6,R
32,1,0.5,R
32,0,0.4,R
32,0,0.5,R
32,0,0.6,R
32,0,0.5,R
32,0,0.4,R
32,1,0.8,R
32,1,0.7,R
32,0,0.2,R
32,1,0.8,R
32,1,0.8,R
32,0,0.3,R
32,0,0.5,R
32,0,0.4,R
32,1,0.4,R
32,0,0.6,R
32,0,0.2,R
32,1,0.4,R
32,0,0.6,R
32,0,0.6,R
32,0,0.5,R
32,0,0.2,R
32,0,0.4,R
32,0,0.2,R
32,1,0.7,R
32,0,0.3,R
32,0,0.5,R
32,0,0.3,R
32,1,0.7,R
32,0,0.3,R
32,1,0.7,R
32,0,0.3,R
32,0,0.8,R
32,1,0.8,R
32,1,0.6,R
32,0,0.4,R
32,0,0.2,R
33,1,0.5,R
33,1,0.8,R
33,1,0.5,R
33,0,0.4,R
33,1,0.5,R
33,0,0.4,R
33,1,0.8,R
33,1,0.6,R
33,1,0.6,R
33,1,0.6,R
33,0,0.2,R
33,1,0.6,R
33,0,0.2,R
33,0,0.4,R
33,0,0.2,R
33,0,0.2,R
33,0,0.3,R
33,1,0.8,R
33,1,0.7,R
33,0,0.2,R
33,1,0.6,R
33,0,0.2,R
33,1,0.8,R
33,0,0.4,R
33,1,0.8,R
33,1,0.6,R
33,1,0.7,R
33,0,0.2,R
33,1,0.7,R
33,0,0.4,R
33,1,0.6,R
33,0,0.3,R
33,1,0.7,R
33,1,0.5,R
33,0,0.5,R
33,1,0.5,R
33,0,0.3,R
33,0,0.2,R
33,1,0.8,R
33,0,0.4,R
33,0,0.2,R
33,1,0.6,R
33,0,0.2,R
33,1,0.6,R
33,1,0.7,R
33,1,0.7,R
33,1,0.7,R
33,0,0.2,R
33,0,0.2,R
33,1,0.7,R
33,0,0.3,R
33,1,0.6,R
33,1,0.5,R
33,1,0.5,R
33,0,0.4,R
33,1,0.8,R
33,1,0.8,R
33,0,0.4,R
33,0,0.2,R
33,0,0.3,R
33,1,0.5,R
33,1,0.5,R
33,0,0.2,R
33,0,0.3,R
33,1,0.8,R
33,1,0.8,R
33,1,0.7,R
33,0,0.4,R
33,0,0.6,R
33,0,0.3,R
33,0,0.5,R
33,0,0.3,R
33,1,0.4,R
33,1,0.8,R
33,0,0.2,R
33,0,0.4,R
33,0,0.4,R
33,1,0.8,R
33,1,0.7,R
33,1,0.4,R
33,1,0.5,R
33,0,0.2,R
33,0,0.3,R
33,0,0.2,R
33,0,0.2,R
33,1,0.7,R
33,1,0.6,R
33,0,0.4,R
33,1,0.7,R
33,0,0.4,R
33,0,0.4,R
33,0,0.4,R
33,1,0.7,R
33,0,0.4,R
33,1,0.8,R
33,0,0.3,R
33,0,0.4,R
33,1,0.8,R
33,0,0.3,R
33,1,0.7,R
33,0,0.3,R
33,0,0.3,R
33,1,0.8,R
33,1,0.7,R
33,0,0.4,R
33,1,0.6,R
33,0,0.3,R
33,1,0.6,R
33,1,0.6,R
33,0,0.2,R
33,1,0.8,R
33,1,0.6,R
33,1,0.6,R
33,1,0.5,R
33,0,0.3,R
33,1,0.8,R
33,0,0.5,R
33,0,0.3,R
33,0,0.3,R
33,1,0.7,R
33,1,0.7,R
33,1,0.6,R
33,0,0.4,R
33,1,0.7,R
33,1,0.6,R
33,0,0.2,R
33,0,0.6,R
33,0,0.4,R
33,0,0.4,R
33,1,0.8,R
33,0,0.3,R
33,0,0.3,R
33,0,0.4,R
33,1,0.8,R
33,0,0.3,R
33,0,0.5,R
33,0,0.3,R
33,0,0.4,R
33,0,0.3,R
33,1,0.7,R
33,0,0.5,R
33,0,0.4,R
33,1,0.6,R
33,1,0.6,R
33,1,0.5,R
33,1,0.6,R
33,1,0.6,R
33,1,0.7,R
33,0,0.4,R
33,0,0.6,R
33,0,0.4,R
33,0,0.5,R
33,0,0.5,R
33,0,0.3,R
33,1,0.7,R
33,0,0.2,R
33,0,0.4,R
33,0,0.2,R
33,1,0.7,R
33,0,0.3,R
33,0,0.3,R
33,0,0.4,R
33,1,0.8,R
33,0,0.4,R
33,0,0.5,R
33,1,0.8,R
33,0,0.4,R
33,0,0.2,R
33,0,0.4,R
33,1,0.7,R
33,0,0.6,R
33,0,0.2,R
33,1,0.8,R
33,0,0.3,R
33,1,0.6,R
33,0,0.2,R
33,0,0.2,R
33,1,0.5,R
33,0,0.5,R
33,1,0.7,R
33,0,0.4,R
33,0,0.3,R
33,1,0.8,R
33,1,0.7,R
33,0,0.2,R
33,0,0.3,R
33,0,0.5,R
33,0,0.4,R
33,0,0.3,R
33,1,0.7,R
33,0,0.4,R
33,0,0.2,R
33,1,0.8,R
33,0,0.2,R
33,0,0.4,R
33,0,0.5,R
33,0,0.5,R
33,1,0.8,R
33,1,0.8,R
33,1,0.8,R
33,0,0.2,R
33,0,0.4,R
33,0,0.5,R
33,0,0.4,R
33,0,0.5,R
33,0,0.2,R
33,1,0.7,R
33,0,0.4,R
33,1,0.8,R
33,1,0.8,R
33,1,0.7,R
33,0,0.4,R
33,1,0.7,R
33,1,0.7,R
33,0,0.3,R
33,0,0.4,R
33,0,0.5,R
33,0,0.2,R
33,1,0.6,R
33,0,0.6,R
33,0,0.5,R
33,0,0.2,R
33,1,0.6,R
33,0,0.5,R
33,0,0.7,R
33,0,0.2,R
33,1,0.8,R
33,0,0.2,R
33,1,0.8,R
33,1,0.6,R
33,1,0.7,R
33,0,0.2,R
33,1,0.7,R
33,0,0.6,R
33,1,0.5,R
33,1,0.6,R
33,0,0.4,R
33,1,0.8,R
33,1,0.8,R
33,1,0.8,R
33,0,0.3,R
33,0,0.3,R
33,1,0.8,R
33,0,0.6,R
33,1,0.8,R
33,0,0.4,R
33,1,0.7,R
33,0,0.8,R
33,0,0.3,R
33,1,0.5,R
33,1,0.6,R
33,1,0.6,R
33,1,0.6,R
33,0,0.5,R
33,0,0.2,R
33,0,0.6,R
33,1,0.8,R
33,1,0.6,R
33,1,0.8,R
33,0,0.7,R
33,0,0.5,R
33,1,0.7,R
33,0,0.4,R
33,0,0.6,R
33,1,0.7,R
33,0,0.7,R
33,0,0.2,R
33,0,0.2,R
33,1,0.6,R
33,0,0.4,R
33,1,0.6,R
33,1,0.5,R
33,1,0.8,R
33,0,0.5,R
33,0,0.4,R
33,0,0.7,R
33,0,0.4,R
33,1,0.6,R
33,0,0.2,R
33,1,0.8,R
33,0,0.5,R
33,1,0.6,R
33,0,0.3,R
33,1,0.5,R
33,1,0.6,R
33,1,0.8,R
33,0,0.3,R
33,0,0.4,R
33,1,0.8,R
33,0,0.5,R
33,0,0.5,R
33,0,0.2,R
33,0,0.2,R
33,0,0.4,R
33,0,0.2,R
33,0,0.4,R
33,0,0.2,R
33,0,0.4,R
33,0,0.5,R
33,0,0.5,R
33,0,0.2,R
33,0,0.3,R
33,1,0.5,R
33,1,0.6,R
33,1,0.7,R
33,0,0.2,R
33,1,0.7,R
34,1,0.6,R
34,0,0.4,R
34,1,0.6,R
34,1,0.6,R
34,1,0.6,R
34,0,0.5,R
34,1,0.7,R
34,0,0.3,R
34,0,0.4,R
34,1,0.8,R
34,0,0.4,R
34,1,0.8,R
34,0,0.4,R
34,1,0.6,R
34,0,0.4,R
34,1,0.5,R
34,0,0.3,R
34,1,0.5,R
34,0,0.5,R
34,1,0.5,R
34,1,0.8,R
34,1,0.4,R
34,1,0.4,R
34,0,0.2,R
34,1,0.8,R
34,1,0.8,R
34,0,0.4,R
34,0,0.4,R
34,1,0.5,R
34,0,0.2,R
34,0,0.3,R
34,1,0.6,R
34,1,0.4,R
34,0,0.4,R
34,0,0.3,R
34,0,0.5,R
34,0,0.5,R
34,1,0.7,R
34,1,0.5,R
34,0,0.2,R
34,1,0.6,R
34,0,0.3,R
34,0,0.3,R
34,0,0.6,R
34,0,0.2,R
34,1,0.4,R
34,0,0.3,R
34,1,0.5,R
34,0,0.5,R
34,0,0.4,R
34,0,0.5,R
34,0,0.5,R
34,0,0.2,R
34,1,0.6,R
34,1,0.7,R
34,1,0.4,R
34,1,0.7,R
34,1,0.7,R
34,1,0.7,R
34,0,0.3,R
34,0,0.2,R
34,0,0.3,R
34,0,0.3,R
34,1,0.6,R
34,0,0.4,R
34,0,0.5,R
34,0,0.3,R
34,0,0.2,R
34,1,0.8,R
34,1,0.6,R
34,0,0.3,R
34,0,0.3,R
34,1,0.8,R
34,1,0.4,R
34,0,0.4,R
34,1,0.6,R
34,0,0.4,R
34,1,0.6,R
34,1,0.6,R
34,0,0.2,R
34,1,0.6,R
34,0,0.3,R
34,0,0.3,R
34,1,0.6,R
34,0,0.2,R
34,1,0.7,R
34,1,0.6,R
34,1,0.8,R
34,0,0.2,R
34,1,0.8,R
34,0,0.3,R
34,0,0.6,R
34,0,0.2,R
34,0,0.3,R
34,1,0.6,R
34,1,0.8,R
34,1,0.6,R
34,0,0.4,R
34,1,0.6,R
34,1,0.6,R
34,0,0.2,R
34,0,0.2,R
34,1,0.6,R
34,0,0.4,R
34,1,0.8,R
34,0,0.4,R
34,1,0.3,R
34,0,0.2,R
34,0,0.3,R
34,0,0.2,R
34,1,0.6,R
34,1,0.5,R
34,1,0.8,R
34,0,0.4,R
34,1,0.5,R
34,1,0.4,R
34,0,0.3,R
34,0,0.3,R
34,1,0.8,R
34,1,0.4,R
34,1,0.5,R
34,0,0.2,R
34,1,0.7,R
34,1,0.5,R
34,1,0.8,R
34,1,0.7,R
34,1,0.5,R
34,1,0.8,R
34,1,0.7,R
34,0,0.2,R
34,1,0.8,R
34,0,0.3,R
34,1,0.7,R
34,0,0.2,R
34,1,0.5,R
34,0,0.3,R
34,0,0.3,R
34,1,0.7,R
34,1,0.6,R
34,1,0.6,R
34,0,0.3,R
34,0,0.3,R
34,1,0.8,R
34,0,0.3,R
34,1,0.5,R
34,0,0.3,R
34,1,0.8,R
34,0,0.2,R
34,1,0.6,R
34,1,0.7,R
34,1,0.6,R
34,1,0.4,R
34,1,0.6,R
34,1,0.5,R
34,1,0.8,R
34,0,0.3,R
34,1,0.3,R
34,1,0.4,R
34,0,0.3,R
34,0,0.3,R
34,1,0.6,R
34,0,0.2,R
34,1,0.8,R
34,1,0.8,R
34,0,0.2,R
34,1,0.5,R
34,1,0.5,R
34,1,0.6,R
34,1,0.5,R
34,0,0.4,R
34,1,0.7,R
34,1,0.4,R
34,1,0.5,R
34,1,0.7,R
34,1,0.7,R
34,1,0.6,R
34,0,0.4,R
34,1,0.8,R
34,0,0.4,R
34,1,0.7,R
34,1,0.5,R
34,1,0.6,R
34,0,0.4,R
34,1,0.6,R
34,1,0.7,R
34,1,0.6,R
34,1,0.7,R
34,1,0.8,R
34,1,0.6,R
34,1,0.8,R
34,0,0.5,R
34,0,0.4,R
34,0,0.4,R
34,0,0.4,R
34,0,0.4,R
34,1,0.7,R
34,1,0.8,R
34,1,0.8,R
34,0,0.4,R
34,0,0.5,R
34,1,0.6,R
34,0,0.3,R
34,1,0.7,R
34,1,0.8,R
34,0,0.2,R
34,0,0.3,R
34,0,0.7,R
34,0,0.2,R
34,0,0.6,R
34,0,0.3,R
34,1,0.6,R
34,1,0.4,R
34,1,0.6,R
34,1,0.4,R
34,1,0.4,R
34,0,0.5,R
34,0,0.3,R
34,1,0.6,R
34,0,0.3,R
34,1,0.7,R
34,0,0.5,R
34,1,0.8,R
34,1,0.5,R
34,1,0.8,R
34,0,0.3,R
34,1,0.5,R
34,1,0.3,R
34,1,0.5,R
34,0,0.4,R
34,0,0.3,R
34,1,0.4,R
34,1,0.4,R
34,1,0.7,R
34,1,0.6,R
34,1,0.7,R
34,1,0.3,R
34,1,0.7,R
34,0,0.3,R
34,0,0.2,R
34,1,0.5,R
34,1,0.8,R
34,1,0.4,R
34,0,0.3,R
34,0,0.2,R
34,1,0.6,R
34,1,0.5,R
34,1,0.5,R
34,1,0.8,R
34,1,0.6,R
34,1,0.5,R
34,0,0.2,R
34,0,0.3,R
34,0,0.2,R
34,1,0.8,R
34,1,0.5,R
34,1,0.8,R
34,1,0.6,R
34,1,0.5,R
34,0,0.2,R
34,0,0.2,R
34,0,0.3,R
34,0,0.4,R
34,1,0.8,R
34,1,0.4,R
34,1,0.7,R
34,1,0.5,R
34,1,0.6,R
34,0,0.2,R
34,0,0.2,R
34,1,0.7,R
34,1,0.7,R
34,1,0.6,R
34,0,0.4,R
34,1,0.8,R
34,0,0.4,R
34,0,0.2,R
34,0,0.2,R
34,1,0.4,R
34,1,0.7,R
34,0,0.4,R
34,0,0.5,R
35,1,0.5,R
35,1,0.8,R
35,1,0.5,R
35,0,0.4,R
35,1,0.5,R
35,0,0.4,R
35,1,0.8,R
35,1,0.6,R
35,1,0.6,R
35,1,0.6,R
35,0,0.2,R
35,1,0.6,R
35,0,0.2,R
35,0,0.4,R
35,0,0.2,R
35,0,0.2,R
35,0,0.3,R
35,1,0.8,R
35,1,0.7,R
35,0,0.2,R
35,1,0.6,R
35,0,0.2,R
35,1,0.8,R
35,0,0.4,R
35,1,0.8,R
35,1,0.6,R
35,1,0.7,R
35,0,0.2,R
35,1,0.7,R
35,0,0.4,R
35,1,0.6,R
35,0,0.3,R
35,1,0.7,R
35,1,0.5,R
35,0,0.5,R
35,1,0.5,R
35,0,0.3,R
35,0,0.2,R
35,1,0.8,R
35,0,0.4,R
35,0,0.2,R
35,1,0.6,R
35,0,0.2,R
35,1,0.6,R
35,1,0.7,R
35,1,0.7,R
35,1,0.7,R
35,0,0.2,R
35,0,0.2,R
35,1,0.7,R
35,0,0.3,R
35,1,0.6,R
35,1,0.5,R
35,1,0.5,R
35,0,0.4,R
35,1,0.8,R
35,1,0.8,R
35,0,0.4,R
35,0,0.2,R
35,0,0.3,R
35,1,0.5,R
35,1,0.5,R
35,0,0.2,R
35,0,0.3,R
35,1,0.8,R
35,1,0.8,R
35,1,0.7,R
35,0,0.4,R
35,0,0.6,R
35,0,0.3,R
35,0,0.5,R
35,0,0.3,R
35,1,0.4,R
35,1,0.8,R
35,0,0.2,R
35,0,0.4,R
35,0,0.4,R
35,1,0.8,R
35,1,0.7,R
35,1,0.4,R
35,1,0.5,R
35,0,0.2,R
35,0,0.3,R
35,0,0.2,R
35,0,0.2,R
35,1,0.7,R
35,1,0.6,R
35,0,0.4,R
35,1,0.7,R
35,0,0.4,R
35,0,0.4,R
35,0,0.4,R
35,1,0.7,R
35,0,0.4,R
35,1,0.8,R
35,0,0.3,R
35,0,0.4,R
35,1,0.8,R
35,0,0.3,R
35,1,0.7,R
35,0,0.3,R
35,0,0.3,R
35,1,0.8,R
35,1,0.7,R
35,0,0.4,R
35,1,0.6,R
35,0,0.3,R
35,1,0.6,R
35,1,0.6,R
35,0,0.2,R
35,1,0.8,R
35,1,0.6,R
35,1,0.6,R
35,1,0.5,R
35,0,0.3,R
35,1,0.8,R
35,0,0.5,R
35,0,0.3,R
35,0,0.3,R
35,1,0.7,R
35,1,0.7,R
35,1,0.6,R
35,0,0.4,R
35,1,0.7,R
35,1,0.6,R
35,0,0.2,R
35,0,0.6,R
35,0,0.4,R
35,0,0.4,R
35,1,0.8,R
35,0,0.3,R
35,0,0.3,R
35,0,0.4,R
35,1,0.8,R
35,0,0.3,R
35,0,0.5,R
35,0,0.3,R
35,0,0.4,R
35,0,0.3,R
35,1,0.7,R
35,0,0.5,R
35,0,0.4,R
35,1,0.6,R
35,1,0.6,R
35,1,0.5,R
35,1,0.6,R
35,1,0.6,R
35,1,0.7,R
35,0,0.4,R
35,0,0.6,R
35,0,0.4,R
35,0,0.5,R
35,0,0.5,R
35,0,0.3,R
35,1,0.7,R
35,0,0.2,R
35,0,0.4,R
35,0,0.2,R
35,1,0.7,R
35,0,0.3,R
35,0,0.3,R
35,0,0.4,R
35,1,0.8,R
35,0,0.4,R
35,0,0.5,R
35,1,0.8,R
35,0,0.4,R
35,0,0.2,R
35,0,0.4,R
35,1,0.7,R
35,0,0.6,R
35,0,0.2,R
35,1,0.8,R
35,0,0.3,R
35,1,0.6,R
35,0,0.2,R
35,0,0.2,R
35,1,0.5,R
35,0,0.5,R
35,1,0.7,R
35,0,0.4,R
35,0,0.3,R
35,1,0.8,R
35,1,0.7,R
35,0,0.2,R
35,0,0.3,R
35,0,0.5,R
35,0,0.4,R
35,0,0.3,R
35,1,0.7,R
35,0,0.4,R
35,0,0.2,R
35,1,0.8,R
35,0,0.2,R
35,0,0.4,R
35,0,0.5,R
35,0,0.5,R
35,1,0.8,R
35,1,0.8,R
35,1,0.8,R
35,0,0.2,R
35,0,0.4,R
35,0,0.5,R
35,0,0.4,R
35,0,0.5,R
35,0,0.2,R
35,1,0.7,R
35,0,0.4,R
35,1,0.8,R
35,1,0.8,R
35,1,0.7,R
35,0,0.4,R
35,1,0.7,R
35,1,0.7,R
35,0,0.3,R
35,0,0.4,R
35,0,0.5,R
35,0,0.2,R
35,1,0.6,R
35,0,0.6,R
35,0,0.5,R
35,0,0.2,R
35,1,0.6,R
35,0,0.5,R
35,0,0.7,R
35,0,0.2,R
35,1,0.8,R
35,0,0.2,R
35,1,0.8,R
35,1,0.6,R
35,1,0.7,R
35,0,0.2,R
35,1,0.7,R
35,0,0.6,R
35,1,0.5,R
35,1,0.6,R
35,0,0.4,R
35,1,0.8,R
35,1,0.8,R
35,1,0.8,R
35,0,0.3,R
35,0,0.3,R
35,1,0.8,R
35,0,0.6,R
35,1,0.8,R
35,0,0.4,R
35,1,0.7,R
35,0,0.8,R
35,0,0.3,R
35,1,0.5,R
35,1,0.6,R
35,1,0.6,R
35,1,0.6,R
35,0,0.5,R
35,0,0.2,R
35,0,0.6,R
35,1,0.8,R
35,1,0.6,R
35,1,0.8,R
35,0,0.7,R
35,0,0.5,R
35,1,0.7,R
35,0,0.4,R
35,0,0.6,R
35,1,0.7,R
35,0,0.7,R
35,0,0.2,R
35,0,0.2,R
35,1,0.6,R
35,0,0.4,R
35,1,0.6,R
35,1,0.5,R
35,1,0.8,R
35,0,0.5,R
35,0,0.4,R
35,0,0.7,R
35,0,0.4,R
35,1,0.6,R
35,0,0.2,R
35,1,0.8,R
35,0,0.5,R
35,1,0.6,R
35,0,0.3,R
35,1,0.5,R
35,1,0.6,R
35,1,0.8,R
35,0,0.3,R
35,0,0.4,R
35,1,0.8,R
35,0,0.5,R
35,0,0.5,R
35,0,0.2,R
35,0,0.2,R
35,0,0.4,R
35,0,0.2,R
35,0,0.4,R
35,0,0.2,R
35,0,0.4,R
35,0,0.5,R
35,0,0.5,R
35,0,0.2,R
35,0,0.3,R
35,1,0.5,R
35,1,0.6,R
35,1,0.7,R
35,0,0.2,R
35,1,0.7,R
1,0,0.2,S
1,1,0.8,S
1,1,0.5,S
1,1,0.5,S
1,1,0.6,S
1,0,0.2,S
1,0,0.5,S
1,1,0.7,S
1,1,0.8,S
1,0,0.3,S
1,1,0.8,S
1,0,0.5,S
1,0,0.3,S
1,1,0.8,S
1,0,0.4,S
1,0,0.2,S
1,1,0.6,S
1,0,0.4,S
1,1,0.7,S
1,1,0.5,S
1,1,0.7,S
1,0,0.3,S
1,1,0.8,S
1,1,0.6,S
1,1,0.7,S
1,0,0.3,S
1,1,0.7,S
1,0,0.2,S
1,1,0.8,S
1,0,0.4,S
1,0,0.5,S
1,1,0.7,S
1,1,0.7,S
1,0,0.4,S
1,1,0.5,S
1,0,0.3,S
1,0,0.2,S
1,0,0.3,S
1,1,0.6,S
1,0,0.5,S
1,1,0.8,S
1,0,0.6,S
1,1,0.6,S
1,0,0.4,S
1,1,0.7,S
1,0,0.3,S
1,0,0.3,S
1,0,0.4,S
1,1,0.8,S
1,0,0.2,S
1,0,0.2,S
1,0,0.3,S
1,0,0.7,S
1,0,0.4,S
1,0,0.2,S
1,0,0.2,S
1,1,0.8,S
1,0,0.2,S
1,0,0.5,S
1,0,0.3,S
1,1,0.8,S
1,1,0.5,S
1,0,0.3,S
1,0,0.2,S
1,0,0.4,S
1,1,0.7,S
1,0,0.4,S
1,0,0.4,S
1,1,0.5,S
1,1,0.8,S
1,1,0.8,S
1,1,0.7,S
1,1,0.6,S
1,1,0.5,S
1,1,0.6,S
1,1,0.5,S
1,0,0.3,S
1,0,0.5,S
1,1,0.5,S
1,1,0.5,S
1,0,0.2,S
1,0,0.2,S
1,1,0.8,S
1,1,0.5,S
1,1,0.6,S
1,1,0.8,S
1,0,0.3,S
1,0,0.2,S
1,0,0.4,S
1,0,0.6,S
1,1,0.5,S
1,0,0.5,S
1,0,0.4,S
1,1,0.5,S
1,1,0.8,S
1,1,0.7,S
1,0,0.3,S
1,0,0.5,S
1,0,0.2,S
1,1,0.6,S
1,1,0.6,S
1,1,0.6,S
1,1,0.2,S
1,1,0.8,S
1,0,0.4,S
1,1,0.7,S
1,1,0.8,S
1,0,0.3,S
1,1,0.4,S
1,1,0.8,S
1,0,0.3,S
1,0,0.2,S
1,1,0.7,S
1,1,0.6,S
1,1,0.5,S
1,1,0.4,S
1,1,0.5,S
1,1,0.5,S
1,1,0.7,S
1,1,0.7,S
1,0,0.7,S
1,0,0.4,S
1,0,0.3,S
1,0,0.5,S
1,0,0.2,S
1,1,0.5,S
1,1,0.5,S
1,0,0.5,S
1,0,0.8,S
1,1,0.7,S
1,0,0.3,S
1,1,0.7,S
1,0,0.2,S
1,0,0.5,S
1,0,0.5,S
1,0,0.5,S
1,1,0.8,S
1,1,0.2,S
1,1,0.6,S
1,0,0.2,S
1,1,0.5,S
1,1,0.6,S
1,1,0.5,S
1,1,0.5,S
1,1,0.7,S
1,1,0.7,S
1,1,0.4,S
1,0,0.2,S
1,1,0.6,S
1,1,0.4,S
1,1,0.5,S
1,0,0.3,S
1,0,0.5,S
1,0,0.3,S
1,0,0.5,S
1,1,0.5,S
1,1,0.6,S
1,0,0.4,S
1,0,0.4,S
1,1,0.5,S
1,0,0.6,S
1,1,0.8,S
1,1,0.6,S
1,1,0.8,S
1,1,0.6,S
1,0,0.4,S
1,1,0.6,S
1,1,0.3,S
1,1,0.7,S
1,1,0.7,S
1,0,0.4,S
1,0,0.7,S
1,1,0.8,S
1,0,0.4,S
1,0,0.2,S
1,1,0.8,S
1,1,0.7,S
1,0,0.3,S
1,0,0.4,S
1,1,0.6,S
1,0,0.4,S
1,0,0.3,S
1,1,0.7,S
1,1,0.4,S
1,1,0.3,S
1,0,0.2,S
1,1,0.6,S
1,1,0.6,S
1,0,0.4,S
1,1,0.8,S
1,0,0.3,S
1,1,0.4,S
1,1,0.5,S
1,0,0.5,S
1,0,0.4,S
1,1,0.7,S
1,1,0.4,S
1,1,0.7,S
1,1,0.7,S
1,0,0.5,S
1,1,0.7,S
1,1,0.5,S
1,0,0.3,S
1,0,0.5,S
1,0,0.3,S
1,0,0.4,S
1,0,0.5,S
1,1,0.5,S
1,1,0.7,S
1,1,0.6,S
1,0,0.3,S
1,1,0.6,S
1,1,0.7,S
1,1,0.8,S
1,0,0.3,S
1,0,0.2,S
1,0,0.3,S
1,0,0.3,S
1,1,0.8,S
1,1,0.6,S
1,1,0.8,S
1,1,0.8,S
1,1,0.6,S
1,1,0.6,S
1,1,0.5,S
1,1,0.7,S
1,0,0.2,S
1,1,0.5,S
1,1,0.6,S
1,1,0.5,S
1,1,0.5,S
1,0,0.4,S
1,0,0.3,S
1,0,0.2,S
1,1,0.5,S
1,0,0.4,S
1,1,0.8,S
1,0,0.5,S
1,0,0.6,S
1,1,0.7,S
1,0,0.2,S
1,1,0.7,S
1,1,0.7,S
1,0,0.2,S
1,1,0.8,S
1,1,0.7,S
1,1,0.8,S
1,0,0.4,S
1,1,0.7,S
1,0,0.2,S
1,0,0.3,S
1,0,0.5,S
1,0,0.5,S
1,0,0.2,S
1,1,0.7,S
1,0,0.4,S
1,0,0.2,S
1,1,0.5,S
1,1,0.6,S
1,0,0.2,S
1,1,0.6,S
1,0,0.5,S
1,0,0.2,S
1,0,0.2,S
1,0,0.3,S
1,0,0.3,S
1,1,0.7,S
1,0,0.3,S
1,0,0.4,S
1,1,0.6,S
1,0,0.5,S
1,1,0.6,S
1,0,0.4,S
1,0,0.3,S
1,0,0.3,S
1,0,0.4,S
1,0,0.3,S
1,1,0.5,S
1,0,0.3,S
1,1,0.3,S
1,0,0.2,S
1,1,0.5,S
1,0,0.2,S
1,0,0.2,S
1,1,0.7,S
1,0,0.2,S
1,1,0.7,S
1,1,0.7,S
1,0,0.2,S
1,1,0.7,S
1,1,0.8,S
1,1,0.3,S
1,1,0.7,S
1,1,0.7,S
1,1,0.8,S
1,0,0.8,S
1,0,0.4,S
2,1,0.5,S
2,1,0.4,S
2,1,0.6,S
2,1,0.4,S
2,0,0.2,S
2,1,0.8,S
2,1,0.6,S
2,1,0.6,S
2,1,0.6,S
2,1,0.4,S
2,1,0.8,S
2,1,0.5,S
2,1,0.5,S
2,1,0.5,S
2,0,0.4,S
2,1,0.5,S
2,0,0.2,S
2,1,0.5,S
2,1,0.6,S
2,0,0.2,S
2,1,0.8,S
2,1,0.5,S
2,1,0.5,S
2,1,0.5,S
2,1,0.7,S
2,1,0.6,S
2,1,0.8,S
2,1,0.6,S
2,1,0.7,S
2,1,0.7,S
2,0,0.3,S
2,1,0.4,S
2,0,0.2,S
2,1,0.8,S
2,1,0.6,S
2,1,0.5,S
2,1,0.7,S
2,1,0.5,S
2,0,0.2,S
2,1,0.6,S
2,1,0.7,S
2,1,0.7,S
2,0,0.3,S
2,1,0.5,S
2,1,0.4,S
2,1,0.4,S
2,0,0.2,S
2,0,0.4,S
2,0,0.2,S
2,1,0.6,S
2,0,0.3,S
2,1,0.6,S
2,1,0.7,S
2,1,0.6,S
2,0,0.3,S
2,1,0.8,S
2,1,0.6,S
2,1,0.8,S
2,1,0.7,S
2,1,0.7,S
2,0,0.3,S
2,1,0.7,S
2,0,0.4,S
2,1,0.5,S
2,0,0.2,S
2,1,0.8,S
2,0,0.2,S
2,0,0.3,S
2,1,0.7,S
2,1,0.6,S
2,0,0.2,S
2,0,0.2,S
2,0,0.2,S
2,1,0.5,S
2,0,0.4,S
2,1,0.8,S
2,1,0.8,S
2,0,0.4,S
2,0,0.4,S
2,0,0.5,S
2,0,0.2,S
2,1,0.7,S
2,1,0.5,S
2,1,0.6,S
2,0,0.2,S
2,1,0.8,S
2,0,0.2,S
2,1,0.8,S
2,1,0.7,S
2,0,0.4,S
2,0,0.3,S
2,0,0.5,S
2,1,0.7,S
2,1,0.7,S
2,1,0.8,S
2,0,0.3,S
2,0,0.3,S
2,1,0.7,S
2,1,0.7,S
2,0,0.2,S
2,1,0.8,S
2,1,0.6,S
2,0,0.3,S
2,0,0.5,S
2,0,0.5,S
2,0,0.2,S
2,0,0.5,S
2,0,0.2,S
2,1,0.5,S
2,0,0.6,S
2,1,0.6,S
2,1,0.4,S
2,1,0.7,S
2,1,0.4,S
2,1,0.7,S
2,1,0.8,S
2,0,0.5,S
2,1,0.8,S
2,0,0.4,S
2,0,0.6,S
2,1,0.7,S
2,0,0.2,S
2,0,0.6,S
2,1,0.5,S
2,0,0.3,S
2,0,0.6,S
2,0,0.2,S
2,0,0.8,S
2,0,0.5,S
2,0,0.6,S
2,0,0.2,S
2,0,0.3,S
2,0,0.4,S
2,1,0.5,S
2,0,0.5,S
2,0,0.5,S
2,1,0.6,S
2,0,0.2,S
2,0,0.3,S
2,0,0.3,S
2,0,0.2,S
2,1,0.5,S
2,1,0.5,S
2,1,0.7,S
2,1,0.7,S
2,1,0.5,S
2,1,0.5,S
2,1,0.6,S
2,0,0.6,S
2,1,0.4,S
2,1,0.4,S
2,1,0.5,S
2,0,0.4,S
2,0,0.6,S
2,1,0.7,S
2,0,0.3,S
2,1,0.6,S
2,0,0.3,S
2,0,0.4,S
2,1,0.6,S
2,1,0.7,S
2,0,0.5,S
2,0,0.5,S
2,0,0.2,S
2,0,0.6,S
2,0,0.2,S
2,0,0.3,S
2,1,0.7,S
2,0,0.3,S
2,1,0.7,S
2,1,0.8,S
2,0,0.3,S
2,0,0.3,S
2,0,0.4,S
2,1,0.6,S
2,1,0.8,S
2,0,0.2,S
2,0,0.3,S
2,1,0.7,S
2,1,0.8,S
2,0,0.3,S
2,0,0.5,S
2,0,0.5,S
2,0,0.3,S
2,0,0.4,S
2,1,0.7,S
2,0,0.2,S
2,1,0.8,S
2,0,0.2,S
2,1,0.8,S
2,0,0.2,S
2,1,0.7,S
2,1,0.6,S
2,0,0.5,S
2,1,0.5,S
2,0,0.2,S
2,1,0.8,S
2,1,0.7,S
2,1,0.6,S
2,1,0.7,S
2,1,0.7,S
2,1,0.7,S
2,0,0.5,S
2,0,0.2,S
2,0,0.3,S
2,0,0.2,S
2,0,0.4,S
2,0,0.7,S
2,1,0.7,S
2,0,0.5,S
2,0,0.5,S
2,0,0.2,S
2,0,0.2,S
2,0,0.4,S
2,0,0.5,S
2,0,0.4,S
2,1,0.7,S
2,0,0.3,S
2,0,0.3,S
2,1,0.6,S
2,1,0.7,S
2,1,0.4,S
2,0,0.2,S
2,1,0.6,S
2,0,0.4,S
2,0,0.3,S
2,1,0.6,S
2,1,0.7,S
2,0,0.5,S
2,1,0.7,S
2,0,0.3,S
2,0,0.3,S
2,1,0.7,S
2,1,0.8,S
2,1,0.5,S
2,0,0.2,S
2,1,0.7,S
2,0,0.3,S
2,1,0.6,S
2,1,0.5,S
2,0,0.2,S
2,0,0.3,S
2,1,0.6,S
2,1,0.6,S
2,1,0.5,S
2,1,0.8,S
2,0,0.2,S
2,0,0.3,S
2,0,0.2,S
2,0,0.2,S
2,1,0.7,S
2,1,0.8,S
2,0,0.5,S
2,1,0.6,S
2,0,0.4,S
2,1,0.5,S
2,0,0.3,S
2,1,0.7,S
2,0,0.2,S
2,0,0.2,S
2,0,0.4,S
2,1,0.6,S
2,0,0.5,S
2,1,0.7,S
2,1,0.8,S
2,0,0.3,S
2,0,0.4,S
2,0,0.2,S
2,0,0.5,S
2,1,0.7,S
2,1,0.7,S
2,0,0.3,S
2,0,0.3,S
2,1,0.8,S
2,0,0.2,S
2,0,0.2,S
2,1,0.8,S
2,0,0.4,S
2,0,0.5,S
2,0,0.3,S
2,1,0.7,S
2,0,0.2,S
2,0,0.5,S
2,0,0.2,S
2,0,0.2,S
2,0,0.4,S
2,0,0.2,S
2,0,0.4,S
2,1,0.5,S
2,1,0.8,S
2,1,0.7,S
2,0,0.2,S
2,1,0.8,S
2,0,0.4,S
2,0,0.3,S
2,0,0.2,S
3,1,0.8,S
3,1,0.7,S
3,0,0.4,S
3,1,0.8,S
3,1,0.8,S
3,0,0.4,S
3,1,0.6,S
3,1,0.8,S
3,1,0.5,S
3,1,0.8,S
3,0,0.4,S
3,0,0.4,S
3,0,0.4,S
3,0,0.5,S
3,0,0.3,S
3,1,0.8,S
3,0,0.3,S
3,1,0.7,S
3,1,0.7,S
3,0,0.4,S
3,0,0.6,S
3,1,0.6,S
3,1,0.6,S
3,1,0.8,S
3,1,0.7,S
3,0,0.5,S
3,1,0.8,S
3,0,0.4,S
3,0,0.4,S
3,1,0.7,S
3,0,0.2,S
3,1,0.6,S
3,1,0.7,S
3,0,0.4,S
3,0,0.2,S
3,0,0.3,S
3,1,0.6,S
3,0,0.2,S
3,0,0.4,S
3,0,0.2,S
3,0,0.4,S
3,0,0.4,S
3,0,0.4,S
3,0,0.4,S
3,1,0.6,S
3,0,0.4,S
3,0,0.2,S
3,1,0.8,S
3,1,0.6,S
3,0,0.7,S
3,0,0.3,S
3,0,0.5,S
3,1,0.8,S
3,1,0.8,S
3,0,0.6,S
3,0,0.2,S
3,1,0.6,S
3,0,0.3,S
3,1,0.7,S
3,1,0.8,S
3,1,0.8,S
3,1,0.7,S
3,0,0.2,S
3,1,0.2,S
3,1,0.6,S
3,0,0.3,S
3,1,0.5,S
3,1,0.7,S
3,0,0.3,S
3,1,0.8,S
3,1,0.5,S
3,1,0.8,S
3,0,0.5,S
3,0,0.4,S
3,1,0.6,S
3,1,0.8,S
3,0,0.4,S
3,0,0.3,S
3,0,0.3,S
3,1,0.6,S
3,1,0.7,S
3,0,0.4,S
3,0,0.2,S
3,1,0.5,S
3,0,0.2,S
3,0,0.2,S
3,1,0.7,S
3,0,0.3,S
3,1,0.8,S
3,0,0.4,S
3,0,0.4,S
3,0,0.6,S
3,1,0.7,S
3,1,0.8,S
3,0,0.2,S
3,0,0.6,S
3,1,0.7,S
3,1,0.7,S
3,0,0.5,S
3,1,0.6,S
3,1,0.5,S
3,1,0.6,S
3,0,0.5,S
3,0,0.3,S
3,0,0.5,S
3,1,0.8,S
3,0,0.3,S
3,0,0.4,S
3,0,0.5,S
3,1,0.7,S
3,0,0.2,S
3,0,0.4,S
3,1,0.6,S
3,0,0.2,S
3,0,0.6,S
3,1,0.5,S
3,0,0.4,S
3,0,0.4,S
3,1,0.6,S
3,1,0.8,S
3,1,0.8,S
3,0,0.3,S
3,0,0.4,S
3,1,0.8,S
3,1,0.5,S
3,1,0.5,S
3,1,0.6,S
3,0,0.2,S
3,1,0.5,S
3,0,0.2,S
3,0,0.4,S
3,1,0.6,S
3,0,0.3,S
3,1,0.8,S
3,0,0.5,S
3,0,0.6,S
3,1,0.6,S
3,0,0.5,S
3,1,0.8,S
3,0,0.6,S
3,0,0.4,S
3,0,0.3,S
3,1,0.5,S
3,1,0.7,S
3,0,0.3,S
3,0,0.4,S
3,0,0.2,S
3,1,0.6,S
3,0,0.3,S
3,1,0.7,S
3,0,0.3,S
3,1,0.8,S
3,1,0.8,S
3,0,0.3,S
3,0,0.3,S
3,0,0.5,S
3,0,0.5,S
3,0,0.4,S
3,1,0.7,S
3,0,0.4,S
3,0,0.4,S
3,1,0.5,S
3,1,0.6,S
3,0,0.2,S
3,1,0.5,S
3,1,0.8,S
3,0,0.4,S
3,0,0.5,S
3,0,0.4,S
2,1,0.7,S
2,1,0.4,S
2,0,0.2,S
2,1,0.6,S
2,0,0.4,S
2,0,0.3,S
2,1,0.6,S
2,1,0.7,S
2,0,0.5,S
2,1,0.7,S
2,0,0.3,S
2,0,0.3,S
2,1,0.7,S
2,1,0.8,S
2,1,0.5,S
2,0,0.2,S
2,1,0.7,S
2,0,0.3,S
2,1,0.6,S
2,1,0.5,S
2,0,0.2,S
2,0,0.3,S
2,1,0.6,S
2,1,0.6,S
2,1,0.5,S
2,1,0.8,S
2,0,0.2,S
2,0,0.3,S
2,0,0.2,S
2,0,0.2,S
2,1,0.7,S
2,1,0.8,S
2,0,0.5,S
2,1,0.6,S
2,0,0.4,S
2,1,0.5,S
2,0,0.3,S
2,1,0.7,S
2,0,0.2,S
2,0,0.2,S
2,0,0.4,S
2,1,0.6,S
2,0,0.5,S
2,1,0.7,S
2,1,0.8,S
2,0,0.3,S
2,0,0.4,S
2,0,0.2,S
2,0,0.5,S
2,1,0.7,S
2,1,0.7,S
2,0,0.3,S
2,0,0.3,S
2,1,0.8,S
2,0,0.2,S
2,0,0.2,S
2,1,0.8,S
2,0,0.4,S
2,0,0.5,S
2,0,0.3,S
2,1,0.7,S
2,0,0.2,S
2,0,0.5,S
2,0,0.2,S
2,0,0.2,S
2,0,0.4,S
2,0,0.2,S
2,0,0.4,S
2,1,0.5,S
2,1,0.8,S
2,1,0.7,S
2,0,0.2,S
2,1,0.8,S
2,0,0.4,S
2,0,0.3,S
2,0,0.2,S
4,1,0.4,S
4,1,0.5,S
4,0,0.2,S
4,0,0.5,S
4,1,0.4,S
4,1,0.5,S
4,1,0.8,S
4,1,0.8,S
4,1,0.4,S
4,1,0.8,S
4,0,0.2,S
4,1,0.4,S
4,0,0.2,S
4,1,0.5,S
4,1,0.4,S
4,1,0.7,S
4,1,0.7,S
4,0,0.3,S
4,1,0.4,S
4,1,0.8,S
4,1,0.8,S
4,1,0.7,S
4,1,0.6,S
4,1,0.7,S
4,1,0.4,S
4,1,0.5,S
4,1,0.8,S
4,1,0.5,S
4,1,0.8,S
4,1,0.8,S
4,1,0.6,S
4,0,0.2,S
4,1,0.6,S
4,0,0.5,S
4,1,0.5,S
4,1,0.4,S
4,0,0.3,S
4,0,0.5,S
4,1,0.8,S
4,1,0.6,S
4,1,0.7,S
4,1,0.5,S
4,1,0.6,S
4,1,0.6,S
4,0,0.3,S
4,0,0.2,S
4,1,0.8,S
4,1,0.7,S
4,1,0.8,S
4,0,0.2,S
4,1,0.7,S
4,1,0.5,S
4,0,0.2,S
4,1,0.8,S
4,1,0.4,S
4,1,0.8,S
4,1,0.8,S
4,0,0.3,S
4,0,0.4,S
4,1,0.4,S
4,1,0.6,S
4,1,0.6,S
4,1,0.4,S
4,0,0.2,S
4,1,0.8,S
4,1,0.5,S
4,1,0.8,S
4,1,0.8,S
4,0,0.2,S
4,1,0.6,S
4,1,0.8,S
4,1,0.6,S
4,1,0.5,S
4,1,0.6,S
4,1,0.8,S
4,1,0.4,S
4,0,0.3,S
4,0,0.2,S
4,0,0.4,S
4,1,0.7,S
4,1,0.7,S
4,1,0.8,S
4,1,0.5,S
4,1,0.8,S
4,1,0.5,S
4,0,0.2,S
4,0,0.4,S
4,1,0.5,S
4,0,0.4,S
4,0,0.3,S
4,0,0.7,S
4,0,0.2,S
4,1,0.7,S
4,1,0.8,S
4,0,0.2,S
4,1,0.6,S
4,1,0.4,S
4,1,0.5,S
4,0,0.2,S
4,1,0.5,S
4,1,0.6,S
4,0,0.3,S
4,1,0.7,S
4,1,0.7,S
4,1,0.7,S
4,1,0.4,S
4,1,0.6,S
4,0,0.4,S
4,0,0.5,S
4,0,0.2,S
4,1,0.5,S
4,0,0.4,S
4,1,0.8,S
4,1,0.5,S
4,0,0.2,S
4,1,0.7,S
4,0,0.3,S
4,0,0.3,S
4,0,0.3,S
4,1,0.8,S
4,1,0.6,S
4,0,0.3,S
4,1,0.8,S
4,0,0.2,S
4,1,0.8,S
4,0,0.3,S
4,1,0.7,S
4,1,0.8,S
4,0,0.2,S
4,1,0.6,S
4,0,0.2,S
4,1,0.8,S
4,0,0.3,S
4,1,0.8,S
4,0,0.2,S
4,0,0.2,S
4,0,0.5,S
4,1,0.8,S
4,1,0.8,S
4,1,0.6,S
4,1,0.5,S
4,0,0.6,S
4,1,0.8,S
4,1,0.5,S
4,1,0.6,S
4,0,0.3,S
4,0,0.3,S
4,0,0.2,S
4,0,0.3,S
4,1,0.8,S
4,1,0.7,S
4,0,0.2,S
4,1,0.7,S
4,1,0.8,S
4,1,0.6,S
4,0,0.4,S
4,1,0.5,S
4,1,0.6,S
4,0,0.4,S
4,1,0.5,S
4,0,0.5,S
4,0,0.2,S
4,1,0.6,S
4,0,0.4,S
4,0,0.2,S
4,1,0.7,S
4,1,0.8,S
4,1,0.8,S
4,1,0.8,S
4,0,0.4,S
4,0,0.3,S
4,1,0.8,S
4,0,0.2,S
4,0,0.3,S
4,0,0.7,S
4,1,0.8,S
4,1,0.8,S
4,0,0.2,S
4,0,0.4,S
4,1,0.6,S
4,0,0.4,S
4,0,0.3,S
4,1,0.8,S
4,0,0.2,S
4,1,0.7,S
4,1,0.5,S
4,1,0.8,S
4,0,0.5,S
4,1,0.8,S
4,0,0.5,S
4,0,0.5,S
4,0,0.3,S
4,1,0.8,S
4,0,0.3,S
4,0,0.2,S
4,0,0.4,S
4,0,0.7,S
4,0,0.3,S
4,0,0.5,S
4,0,0.2,S
4,1,0.7,S
4,1,0.3,S
4,1,0.8,S
4,0,0.2,S
4,1,0.8,S
4,0,0.2,S
4,1,0.8,S
4,0,0.3,S
4,0,0.4,S
4,0,0.5,S
4,0,0.4,S
4,0,0.7,S
4,1,0.8,S
4,0,0.6,S
4,0,0.4,S
4,0,0.4,S
4,0,0.5,S
4,0,0.2,S
4,1,0.8,S
4,0,0.2,S
4,0,0.6,S
4,0,0.2,S
4,0,0.6,S
4,1,0.2,S
4,0,0.4,S
4,0,0.3,S
4,0,0.2,S
4,1,0.8,S
4,1,0.8,S
4,0,0.3,S
4,0,0.4,S
4,1,0.6,S
4,1,0.6,S
4,0,0.3,S
4,0,0.3,S
4,0,0.2,S
4,0,0.2,S
4,0,0.4,S
4,1,0.7,S
4,1,0.5,S
4,1,0.8,S
4,0,0.5,S
4,1,0.5,S
4,1,0.7,S
4,1,0.5,S
4,1,0.5,S
4,0,0.2,S
4,1,0.8,S
4,0,0.3,S
4,0,0.2,S
4,0,0.5,S
4,1,0.7,S
4,0,0.6,S
4,1,0.6,S
4,1,0.7,S
4,0,0.7,S
4,0,0.3,S
4,0,0.4,S
4,0,0.5,S
4,1,0.8,S
4,0,0.2,S
4,0,0.4,S
4,0,0.6,S
4,0,0.3,S
4,0,0.2,S
4,0,0.7,S
4,1,0.4,S
4,0,0.3,S
4,1,0.8,S
4,0,0.5,S
4,1,0.6,S
4,0,0.4,S
4,0,0.6,S
4,0,0.4,S
4,0,0.6,S
4,0,0.3,S
4,1,0.5,S
4,0,0.2,S
4,0,0.4,S
4,1,0.7,S
4,0,0.2,S
4,0,0.3,S
4,1,0.6,S
4,0,0.6,S
4,0,0.4,S
4,1,0.5,S
4,1,0.5,S
4,0,0.4,S
4,1,0.4,S
4,1,0.7,S
4,1,0.7,S
4,0,0.3,S
4,0,0.4,S
4,0,0.2,S
4,0,0.2,S
4,0,0.6,S
4,0,0.2,S
4,1,0.7,S
4,1,0.8,S
4,0,0.7,S
4,0,0.6,S
4,1,0.4,S
4,0,0.5,S
4,1,0.8,S
4,0,0.5,S
4,0,0.3,S
4,1,0.8,S
4,0,0.6,S
4,0,0.7,S
4,1,0.7,S
4,0,0.6,S
4,1,0.7,S
4,0,0.7,S
5,1,0.6,S
5,0,0.2,S
5,1,0.8,S
5,1,0.7,S
5,1,0.8,S
5,0,0.2,S
5,0,0.2,S
5,0,0.2,S
5,0,0.5,S
5,1,0.5,S
5,0,0.5,S
5,1,0.7,S
5,1,0.5,S
5,0,0.6,S
5,0,0.2,S
5,1,0.6,S
5,0,0.3,S
5,0,0.2,S
5,1,0.6,S
5,1,0.6,S
5,0,0.3,S
5,0,0.2,S
5,1,0.6,S
5,0,0.3,S
5,1,0.8,S
5,0,0.4,S
5,0,0.6,S
5,0,0.4,S
5,0,0.4,S
5,0,0.7,S
5,0,0.6,S
5,1,0.8,S
5,0,0.8,S
5,1,0.8,S
5,0,0.6,S
5,0,0.3,S
5,0,0.6,S
5,1,0.6,S
5,1,0.6,S
5,1,0.8,S
5,0,0.6,S
5,1,0.8,S
5,0,0.2,S
5,0,0.4,S
5,0,0.4,S
5,1,0.8,S
5,0,0.5,S
5,0,0.6,S
5,0,0.4,S
5,1,0.6,S
5,0,0.8,S
5,0,0.7,S
5,1,0.5,S
5,1,0.7,S
5,0,0.5,S
5,0,0.6,S
5,0,0.7,S
5,0,0.4,S
5,0,0.8,S
5,0,0.3,S
5,1,0.8,S
5,0,0.2,S
5,1,0.8,S
5,1,0.8,S
5,1,0.7,S
5,0,0.4,S
5,0,0.6,S
5,0,0.5,S
5,1,0.8,S
5,1,0.7,S
5,0,0.4,S
5,1,0.4,S
5,1,0.5,S
5,1,0.7,S
5,0,0.5,S
5,1,0.3,S
5,1,0.3,S
5,1,0.8,S
5,1,0.7,S
5,1,0.7,S
5,0,0.3,S
5,1,0.7,S
5,0,0.7,S
5,0,0.4,S
5,0,0.5,S
5,0,0.8,S
5,0,0.2,S
5,0,0.3,S
5,0,0.2,S
5,1,0.7,S
5,0,0.7,S
5,1,0.8,S
5,1,0.8,S
5,1,0.7,S
5,1,0.8,S
5,1,0.8,S
5,0,0.5,S
5,0,0.2,S
5,1,0.6,S
5,0,0.5,S
5,0,0.4,S
5,0,0.3,S
5,0,0.5,S
5,0,0.5,S
5,1,0.4,S
5,0,0.4,S
5,0,0.5,S
5,0,0.3,S
5,1,0.8,S
5,1,0.6,S
5,0,0.3,S
5,0,0.4,S
5,1,0.8,S
5,1,0.7,S
5,1,0.8,S
5,1,0.8,S
5,0,0.4,S
5,1,0.8,S
5,1,0.5,S
5,0,0.7,S
5,1,0.6,S
5,0,0.4,S
5,1,0.8,S
5,1,0.8,S
5,0,0.2,S
5,0,0.3,S
5,0,0.6,S
5,1,0.7,S
5,1,0.7,S
5,1,0.5,S
5,1,0.7,S
5,1,0.8,S
5,0,0.5,S
5,0,0.3,S
5,0,0.6,S
5,0,0.5,S
5,1,0.8,S
5,0,0.3,S
5,1,0.7,S
5,0,0.2,S
5,1,0.7,S
5,0,0.4,S
5,0,0.6,S
5,1,0.7,S
5,0,0.2,S
5,1,0.4,S
5,1,0.4,S
5,1,0.5,S
5,1,0.5,S
5,1,0.7,S
5,1,0.5,S
5,1,0.8,S
5,0,0.2,S
5,0,0.2,S
5,0,0.5,S
5,1,0.7,S
5,1,0.5,S
5,1,0.8,S
5,1,0.7,S
5,1,0.8,S
5,1,0.7,S
5,0,0.5,S
5,0,0.2,S
5,0,0.3,S
5,0,0.3,S
5,1,0.8,S
5,1,0.7,S
5,0,0.2,S
5,1,0.6,S
5,1,0.6,S
5,1,0.5,S
5,0,0.3,S
5,0,0.2,S
5,0,0.2,S
5,1,0.8,S
5,0,0.5,S
5,1,0.8,S
5,1,0.8,S
5,0,0.4,S
5,0,0.2,S
5,1,0.8,S
5,0,0.5,S
5,1,0.6,S
5,1,0.8,S
5,0,0.2,S
5,0,0.3,S
5,0,0.5,S
5,0,0.5,S
5,0,0.3,S
5,0,0.3,S
5,0,0.6,S
5,0,0.2,S
5,1,0.5,S
5,0,0.2,S
5,1,0.6,S
5,1,0.6,S
5,0,0.3,S
5,0,0.2,S
5,1,0.6,S
5,0,0.6,S
5,0,0.4,S
5,1,0.7,S
5,0,0.2,S
5,0,0.6,S
5,1,0.8,S
5,0,0.2,S
5,1,0.7,S
5,1,0.7,S
5,0,0.3,S
5,0,0.4,S
5,0,0.2,S
5,1,0.6,S
5,0,0.5,S
5,0,0.2,S
5,1,0.8,S
5,1,0.6,S
5,1,0.8,S
5,0,0.4,S
5,1,0.7,S
5,0,0.5,S
5,1,0.7,S
5,0,0.5,S
5,1,0.4,S
5,1,0.8,S
5,1,0.5,S
5,1,0.7,S
5,1,0.6,S
5,1,0.6,S
5,0,0.4,S
5,0,0.3,S
5,1,0.6,S
5,1,0.5,S
5,0,0.2,S
5,1,0.8,S
5,1,0.8,S
5,1,0.8,S
5,1,0.8,S
5,1,0.8,S
5,1,0.7,S
5,0,0.6,S
5,1,0.5,S
5,0,0.2,S
5,1,0.8,S
5,0,0.4,S
5,0,0.5,S
5,0,0.4,S
5,1,0.6,S
5,1,0.6,S
5,0,0.5,S
5,1,0.8,S
5,1,0.7,S
5,0,0.3,S
5,1,0.6,S
5,1,0.7,S
5,1,0.5,S
5,1,0.8,S
5,0,0.4,S
5,0,0.5,S
5,0,0.4,S
5,0,0.3,S
5,0,0.5,S
5,0,0.6,S
5,0,0.5,S
5,0,0.3,S
5,0,0.2,S
5,1,0.8,S
5,0,0.2,S
5,0,0.3,S
5,0,0.2,S
5,1,0.6,S
5,0,0.4,S
5,1,0.5,S
5,0,0.2,S
5,1,0.8,S
5,1,0.7,S
5,1,0.5,S
5,0,0.2,S
5,0,0.2,S
5,1,0.8,S
5,1,0.5,S
5,0,0.2,S
5,0,0.2,S
5,1,0.7,S
5,1,0.7,S
5,1,0.5,S
5,1,0.7,S
5,0,0.2,S
5,0,0.5,S
5,0,0.5,S
5,1,0.8,S
5,1,0.7,S
5,1,0.7,S
5,1,0.5,S
5,1,0.6,S
5,1,0.8,S
5,1,0.8,S
5,0,0.3,S
5,1,0.4,S
5,1,0.8,S
6,1,0.5,S
6,0,0.3,S
6,1,0.8,S
6,0,0.4,S
6,1,0.6,S
6,0,0.2,S
6,1,0.7,S
6,1,0.7,S
6,1,0.5,S
6,1,0.6,S
6,0,0.4,S
6,0,0.4,S
6,1,0.8,S
6,0,0.4,S
6,0,0.5,S
6,0,0.2,S
6,1,0.6,S
6,0,0.4,S
6,1,0.5,S
6,1,0.6,S
6,1,0.7,S
6,1,0.5,S
6,1,0.6,S
6,1,0.7,S
6,1,0.8,S
6,0,0.2,S
6,0,0.2,S
6,0,0.3,S
6,1,0.8,S
6,0,0.2,S
6,1,0.8,S
6,0,0.4,S
6,1,0.8,S
6,0,0.4,S
6,1,0.7,S
6,0,0.3,S
6,1,0.7,S
6,1,0.5,S
6,1,0.6,S
6,0,0.2,S
6,1,0.7,S
6,0,0.4,S
6,0,0.2,S
6,1,0.6,S
6,0,0.2,S
6,0,0.2,S
6,0,0.2,S
6,0,0.3,S
6,0,0.4,S
6,1,0.6,S
6,0,0.4,S
6,0,0.2,S
6,1,0.8,S
6,1,0.5,S
6,1,0.6,S
6,0,0.4,S
6,1,0.6,S
6,0,0.4,S
6,1,0.7,S
6,1,0.7,S
6,1,0.7,S
6,1,0.8,S
6,1,0.5,S
6,0,0.2,S
6,1,0.6,S
6,0,0.4,S
6,0,0.4,S
6,0,0.3,S
6,0,0.2,S
6,1,0.7,S
6,1,0.7,S
6,0,0.4,S
6,0,0.4,S
6,1,0.6,S
6,1,0.5,S
6,0,0.2,S
6,0,0.4,S
6,1,0.6,S
6,0,0.2,S
6,1,0.8,S
6,1,0.8,S
6,1,0.7,S
6,0,0.4,S
6,1,0.6,S
6,0,0.2,S
6,1,0.7,S
6,0,0.2,S
6,1,0.8,S
6,0,0.3,S
6,1,0.7,S
6,1,0.7,S
6,0,0.3,S
6,1,0.7,S
6,0,0.3,S
6,0,0.5,S
6,0,0.5,S
6,1,0.7,S
6,0,0.3,S
6,0,0.5,S
6,1,0.5,S
6,1,0.7,S
6,0,0.6,S
6,0,0.4,S
6,0,0.5,S
6,0,0.5,S
6,0,0.5,S
6,1,0.8,S
6,0,0.4,S
6,1,0.8,S
6,0,0.7,S
6,0,0.5,S
6,0,0.6,S
6,0,0.3,S
6,0,0.6,S
6,1,0.6,S
6,1,0.7,S
6,0,0.4,S
6,1,0.7,S
6,0,0.3,S
6,0,0.2,S
6,1,0.6,S
6,1,0.7,S
6,1,0.7,S
6,0,0.4,S
6,1,0.7,S
6,0,0.6,S
6,0,0.3,S
6,1,0.8,S
6,1,0.8,S
6,0,0.2,S
6,0,0.6,S
6,0,0.6,S
6,1,0.7,S
6,0,0.2,S
6,0,0.2,S
6,0,0.5,S
6,0,0.4,S
6,0,0.3,S
6,0,0.5,S
6,1,0.8,S
6,1,0.7,S
6,0,0.5,S
6,0,0.2,S
6,1,0.7,S
6,0,0.2,S
6,1,0.6,S
6,0,0.2,S
6,0,0.2,S
6,0,0.4,S
6,1,0.8,S
6,1,0.6,S
6,1,0.8,S
6,0,0.4,S
6,0,0.5,S
6,0,0.2,S
6,1,0.6,S
6,1,0.7,S
6,1,0.8,S
6,1,0.8,S
6,0,0.3,S
6,1,0.8,S
6,0,0.5,S
6,1,0.5,S
6,0,0.3,S
6,1,0.5,S
6,0,0.2,S
6,0,0.3,S
6,1,0.5,S
6,1,0.7,S
6,0,0.5,S
6,1,0.5,S
6,1,0.7,S
6,1,0.7,S
6,1,0.6,S
6,0,0.3,S
6,1,0.7,S
6,0,0.2,S
6,1,0.6,S
6,1,0.8,S
6,0,0.3,S
6,0,0.4,S
6,0,0.2,S
6,0,0.4,S
6,1,0.5,S
6,1,0.5,S
6,0,0.2,S
6,1,0.6,S
6,1,0.7,S
6,1,0.5,S
6,1,0.6,S
6,1,0.7,S
6,1,0.5,S
6,1,0.7,S
6,0,0.3,S
6,1,0.6,S
6,1,0.5,S
6,1,0.8,S
6,0,0.3,S
6,0,0.3,S
6,0,0.2,S
6,1,0.6,S
6,0,0.4,S
6,1,0.6,S
6,0,0.2,S
6,0,0.3,S
6,1,0.8,S
6,1,0.8,S
6,0,0.3,S
6,0,0.2,S
6,1,0.2,S
6,1,0.7,S
6,1,0.8,S
6,1,0.7,S
6,1,0.6,S
6,0,0.5,S
6,0,0.3,S
6,0,0.4,S
6,0,0.4,S
6,0,0.4,S
6,1,0.4,S
6,1,0.6,S
6,0,0.5,S
6,1,0.7,S
6,0,0.3,S
6,1,0.8,S
6,1,0.7,S
6,0,0.3,S
6,0,0.4,S
6,0,0.3,S
6,1,0.6,S
6,1,0.5,S
6,0,0.4,S
6,0,0.4,S
6,1,0.7,S
6,1,0.8,S
6,1,0.8,S
6,0,0.4,S
6,1,0.8,S
6,0,0.5,S
6,0,0.2,S
6,0,0.5,S
6,1,0.7,S
6,0,0.3,S
6,0,0.5,S
6,0,0.5,S
6,0,0.5,S
6,0,0.4,S
6,1,0.7,S
6,0,0.2,S
6,0,0.2,S
6,0,0.2,S
6,1,0.6,S
6,0,0.4,S
6,0,0.6,S
6,0,0.5,S
6,0,0.4,S
6,1,0.8,S
6,1,0.6,S
6,1,0.6,S
6,0,0.2,S
6,1,0.7,S
6,1,0.7,S
6,0,0.4,S
6,1,0.8,S
6,0,0.3,S
6,1,0.6,S
6,0,0.3,S
6,1,0.6,S
6,0,0.2,S
6,0,0.2,S
6,0,0.4,S
6,1,0.5,S
6,1,0.7,S
6,1,0.8,S
6,0,0.5,S
6,1,0.6,S
6,1,0.7,S
6,0,0.4,S
6,1,0.8,S
6,0,0.4,S
6,1,0.6,S
6,0,0.3,S
6,1,0.8,S
6,1,0.6,S
6,1,0.8,S
6,1,0.8,S
6,1,0.6,S
6,1,0.8,S
6,1,0.5,S
6,1,0.8,S
6,1,0.8,S
6,1,0.8,S
6,0,0.4,S
6,0,0.4,S
6,0,0.2,S
6,0,0.4,S
6,0,0.3,S
6,0,0.4,S
6,1,0.8,S
6,0,0.3,S
6,0,0.5,S
6,0,0.2,S
6,1,0.8,S
6,0,0.5,S
6,1,0.8,S
6,0,0.5,S
6,1,0.7,S
6,0,0.2,S
6,0,0.3,S
6,0,0.3,S
6,0,0.3,S
6,0,0.3,S
7,1,0.6,S
7,0,0.3,S
7,0,0.3,S
7,0,0.3,S
7,1,0.8,S
7,0,0.6,S
7,0,0.4,S
7,0,0.3,S
7,0,0.2,S
7,1,0.8,S
7,0,0.4,S
7,0,0.3,S
7,0,0.4,S
7,0,0.3,S
7,0,0.2,S
7,0,0.4,S
7,1,0.6,S
7,0,0.5,S
7,1,0.7,S
7,0,0.7,S
7,0,0.4,S
7,1,0.7,S
7,0,0.2,S
7,1,0.7,S
7,0,0.4,S
7,0,0.5,S
7,0,0.3,S
7,1,0.7,S
7,1,0.7,S
7,1,0.7,S
7,0,0.4,S
7,0,0.4,S
7,0,0.3,S
7,0,0.4,S
7,0,0.6,S
7,0,0.3,S
7,0,0.3,S
7,0,0.5,S
7,0,0.2,S
7,1,0.6,S
7,0,0.4,S
7,0,0.5,S
7,1,0.8,S
7,1,0.7,S
7,0,0.2,S
7,0,0.4,S
7,1,0.7,S
7,1,0.7,S
7,1,0.5,S
7,1,0.7,S
7,0,0.4,S
7,1,0.8,S
7,0,0.2,S
7,1,0.5,S
7,0,0.5,S
7,0,0.4,S
7,0,0.5,S
7,1,0.6,S
7,0,0.2,S
7,1,0.8,S
7,1,0.5,S
7,1,0.4,S
7,0,0.3,S
7,1,0.5,S
7,1,0.5,S
7,1,0.5,S
7,0,0.4,S
7,1,0.5,S
7,1,0.4,S
7,1,0.4,S
7,1,0.6,S
7,0,0.2,S
7,1,0.5,S
7,0,0.3,S
7,1,0.4,S
7,1,0.3,S
7,0,0.2,S
7,0,0.2,S
7,0,0.2,S
7,1,0.7,S
7,1,0.4,S
7,1,0.6,S
7,1,0.7,S
7,1,0.5,S
7,1,0.7,S
7,1,0.5,S
7,0,0.2,S
7,0,0.2,S
7,1,0.8,S
7,1,0.4,S
7,1,0.8,S
7,1,0.6,S
7,1,0.8,S
7,0,0.3,S
7,1,0.8,S
7,1,0.8,S
7,1,0.5,S
7,1,0.5,S
7,1,0.6,S
7,1,0.6,S
7,0,0.2,S
7,0,0.4,S
7,1,0.7,S
7,0,0.2,S
7,1,0.7,S
7,0,0.4,S
7,1,0.5,S
7,1,0.5,S
7,1,0.6,S
7,0,0.4,S
7,1,0.8,S
7,1,0.7,S
7,0,0.3,S
7,1,0.7,S
7,1,0.4,S
7,0,0.4,S
7,0,0.2,S
7,1,0.8,S
7,0,0.2,S
7,0,0.4,S
7,1,0.7,S
7,0,0.5,S
7,1,0.6,S
7,1,0.8,S
7,1,0.8,S
7,1,0.7,S
7,1,0.5,S
7,1,0.7,S
7,0,0.3,S
7,1,0.5,S
7,1,0.6,S
7,1,0.4,S
7,1,0.3,S
7,0,0.2,S
7,0,0.4,S
7,1,0.5,S
7,1,0.7,S
7,1,0.5,S
7,0,0.3,S
7,0,0.2,S
7,1,0.4,S
7,1,0.4,S
7,1,0.7,S
7,1,0.6,S
7,1,0.5,S
7,1,0.6,S
7,1,0.6,S
7,1,0.8,S
7,0,0.3,S
7,1,0.3,S
7,1,0.7,S
7,1,0.5,S
7,0,0.3,S
7,0,0.3,S
7,1,0.7,S
7,1,0.3,S
7,1,0.8,S
7,0,0.2,S
7,1,0.5,S
7,1,0.7,S
7,1,0.8,S
7,1,0.5,S
7,0,0.2,S
7,1,0.8,S
7,1,0.6,S
7,0,0.2,S
7,1,0.6,S
7,0,0.2,S
7,1,0.5,S
7,1,0.8,S
7,0,0.2,S
7,1,0.8,S
7,1,0.7,S
7,1,0.7,S
7,0,0.4,S
7,1,0.8,S
7,0,0.4,S
7,0,0.3,S
7,0,0.4,S
7,0,0.2,S
7,1,0.6,S
7,1,0.7,S
7,1,0.6,S
7,1,0.8,S
7,1,0.6,S
7,1,0.8,S
7,0,0.4,S
7,1,0.8,S
7,1,0.5,S
7,1,0.6,S
7,1,0.6,S
7,0,0.4,S
7,0,0.3,S
7,1,0.5,S
7,0,0.2,S
7,1,0.5,S
7,0,0.2,S
7,1,0.7,S
7,1,0.4,S
7,1,0.4,S
7,1,0.8,S
7,0,0.5,S
7,0,0.2,S
7,1,0.7,S
7,1,0.8,S
7,0,0.2,S
7,0,0.2,S
7,1,0.7,S
7,0,0.3,S
7,0,0.3,S
7,1,0.7,S
7,0,0.2,S
7,1,0.4,S
7,1,0.4,S
7,1,0.6,S
7,0,0.2,S
7,1,0.6,S
7,1,0.7,S
7,0,0.2,S
7,1,0.8,S
7,0,0.4,S
7,1,0.3,S
7,1,0.5,S
7,0,0.2,S
7,1,0.3,S
7,1,0.7,S
7,0,0.2,S
7,1,0.7,S
7,1,0.6,S
7,1,0.5,S
7,1,0.7,S
7,1,0.8,S
7,0,0.2,S
7,1,0.6,S
7,0,0.3,S
7,0,0.3,S
7,0,0.2,S
7,1,0.7,S
7,1,0.7,S
7,0,0.2,S
7,0,0.2,S
7,1,0.8,S
7,1,0.3,S
7,0,0.2,S
7,0,0.2,S
7,1,0.4,S
7,1,0.8,S
7,1,0.8,S
7,0,0.2,S
7,0,0.3,S
7,0,0.2,S
7,1,0.5,S
7,1,0.7,S
7,1,0.8,S
7,1,0.7,S
7,0,0.3,S
7,1,0.6,S
7,0,0.2,S
7,0,0.4,S
7,1,0.5,S
7,0,0.2,S
7,1,0.8,S
7,1,0.8,S
7,0,0.2,S
7,1,0.4,S
7,0,0.2,S
7,1,0.8,S
7,1,0.8,S
7,1,0.7,S
7,1,0.5,S
7,0,0.2,S
7,1,0.6,S
7,1,0.6,S
7,0,0.2,S
7,0,0.2,S
7,1,0.7,S
7,0,0.3,S
7,0,0.4,S
7,0,0.2,S
7,0,0.2,S
7,0,0.3,S
7,1,0.5,S
7,1,0.4,S
7,1,0.7,S
7,1,0.4,S
7,0,0.3,S
7,1,0.7,S
7,1,0.4,S
7,1,0.8,S
7,1,0.7,S
7,0,0.2,S
7,0,0.3,S
7,0,0.3,S
7,1,0.5,S
7,1,0.7,S
8,1,0.4,S
8,0,0.2,S
8,1,0.6,S
8,1,0.6,S
8,1,0.3,S
8,0,0.3,S
8,1,0.7,S
8,1,0.7,S
8,0,0.3,S
8,0,0.5,S
8,0,0.3,S
8,0,0.2,S
8,1,0.8,S
8,1,0.7,S
8,0,0.8,S
8,0,0.5,S
8,0,0.2,S
8,0,0.7,S
8,1,0.7,S
8,0,0.7,S
8,1,0.8,S
8,0,0.7,S
8,1,0.7,S
8,0,0.4,S
8,0,0.6,S
8,0,0.6,S
8,0,0.2,S
8,0,0.4,S
8,1,0.7,S
8,1,0.8,S
8,0,0.7,S
8,0,0.6,S
8,0,0.5,S
8,0,0.3,S
8,0,0.2,S
8,1,0.4,S
8,0,0.7,S
8,0,0.3,S
8,0,0.8,S
8,1,0.8,S
8,0,0.7,S
8,0,0.7,S
8,0,0.3,S
8,0,0.2,S
8,0,0.4,S
8,1,0.8,S
8,0,0.8,S
8,0,0.4,S
8,0,0.4,S
8,0,0.4,S
8,1,0.8,S
8,0,0.3,S
8,0,0.4,S
8,0,0.7,S
8,0,0.7,S
8,0,0.5,S
8,1,0.7,S
8,0,0.2,S
8,0,0.6,S
8,0,0.4,S
8,0,0.3,S
8,0,0.3,S
8,0,0.3,S
8,0,0.6,S
8,1,0.7,S
8,1,0.5,S
8,0,0.8,S
8,0,0.3,S
8,0,0.2,S
8,1,0.8,S
8,1,0.5,S
8,0,0.5,S
8,1,0.7,S
8,1,0.3,S
8,1,0.7,S
8,1,0.4,S
8,1,0.6,S
8,1,0.6,S
8,1,0.6,S
8,1,0.8,S
8,1,0.6,S
8,1,0.8,S
8,1,0.5,S
8,0,0.2,S
8,1,0.7,S
8,1,0.6,S
8,1,0.6,S
8,0,0.3,S
8,1,0.6,S
8,0,0.4,S
8,1,0.6,S
8,0,0.2,S
8,0,0.6,S
8,1,0.3,S
8,0,0.5,S
8,1,0.3,S
8,1,0.7,S
8,1,0.5,S
8,1,0.6,S
8,1,0.7,S
8,0,0.8,S
8,0,0.2,S
8,0,0.3,S
8,1,0.6,S
8,0,0.5,S
8,0,0.4,S
8,0,0.5,S
8,0,0.5,S
8,0,0.6,S
8,0,0.3,S
8,0,0.4,S
8,1,0.7,S
8,0,0.6,S
8,0,0.2,S
8,0,0.2,S
8,0,0.3,S
8,0,0.3,S
8,0,0.4,S
8,0,0.2,S
8,0,0.4,S
8,0,0.3,S
8,0,0.8,S
8,1,0.5,S
8,0,0.4,S
8,1,0.6,S
8,1,0.5,S
8,0,0.3,S
8,1,0.5,S
8,0,0.4,S
8,0,0.8,S
8,1,0.4,S
8,0,0.4,S
8,0,0.7,S
8,1,0.5,S
8,0,0.3,S
8,1,0.3,S
8,1,0.6,S
8,1,0.8,S
8,0,0.3,S
8,1,0.6,S
8,1,0.5,S
8,1,0.4,S
8,0,0.4,S
8,0,0.6,S
8,0,0.7,S
8,1,0.4,S
8,1,0.8,S
8,0,0.4,S
8,1,0.6,S
8,0,0.6,S
8,0,0.4,S
8,0,0.2,S
8,1,0.6,S
8,0,0.4,S
8,1,0.4,S
8,0,0.4,S
8,1,0.6,S
8,0,0.3,S
8,0,0.3,S
8,1,0.5,S
8,1,0.6,S
8,1,0.7,S
8,0,0.2,S
8,0,0.6,S
8,0,0.2,S
8,0,0.2,S
8,1,0.8,S
8,1,0.5,S
8,1,0.7,S
8,1,0.4,S
8,1,0.5,S
8,1,0.8,S
8,1,0.8,S
8,0,0.4,S
8,1,0.7,S
8,0,0.2,S
8,1,0.8,S
8,0,0.2,S
8,0,0.4,S
8,1,0.8,S
8,1,0.5,S
8,1,0.4,S
8,1,0.7,S
8,1,0.6,S
8,1,0.6,S
8,0,0.2,S
8,0,0.3,S
8,1,0.5,S
8,0,0.4,S
8,0,0.2,S
8,0,0.2,S
8,0,0.2,S
8,1,0.8,S
8,0,0.5,S
8,0,0.5,S
8,1,0.8,S
8,0,0.4,S
8,1,0.5,S
8,1,0.7,S
8,0,0.3,S
8,1,0.3,S
8,0,0.7,S
8,0,0.3,S
8,1,0.8,S
8,0,0.7,S
8,0,0.7,S
8,0,0.4,S
8,1,0.5,S
8,1,0.7,S
8,0,0.5,S
8,0,0.5,S
8,0,0.7,S
8,0,0.3,S
8,1,0.8,S
8,1,0.8,S
8,1,0.8,S
8,0,0.2,S
8,1,0.4,S
8,0,0.2,S
8,0,0.4,S
8,1,0.4,S
8,1,0.8,S
8,1,0.7,S
8,0,0.4,S
8,1,0.5,S
8,1,0.6,S
8,1,0.7,S
8,0,0.3,S
8,0,0.8,S
8,0,0.7,S
8,0,0.3,S
8,0,0.6,S
8,1,0.5,S
8,0,0.2,S
8,0,0.2,S
8,0,0.2,S
8,1,0.7,S
8,1,0.8,S
8,0,0.8,S
8,1,0.8,S
8,0,0.3,S
8,0,0.2,S
8,1,0.8,S
8,1,0.6,S
8,1,0.6,S
8,0,0.8,S
8,1,0.8,S
8,0,0.3,S
8,0,0.2,S
8,0,0.7,S
8,0,0.3,S
8,1,0.8,S
8,0,0.6,S
8,1,0.7,S
8,0,0.2,S
8,0,0.7,S
8,1,0.8,S
8,1,0.7,S
8,1,0.8,S
8,0,0.5,S
8,0,0.6,S
8,1,0.8,S
8,0,0.5,S
8,0,0.4,S
8,1,0.4,S
8,1,0.7,S
8,0,0.6,S
8,0,0.2,S
8,0,0.4,S
8,1,0.7,S
8,1,0.6,S
8,0,0.3,S
8,0,0.5,S
8,1,0.7,S
8,0,0.2,S
8,1,0.7,S
8,1,0.3,S
8,0,0.3,S
8,0,0.7,S
8,1,0.8,S
8,0,0.4,S
8,0,0.8,S
9,0,0.4,S
9,0,0.2,S
9,0,0.2,S
9,1,0.6,S
9,1,0.4,S
9,0,0.2,S
9,1,0.6,S
9,1,0.8,S
9,1,0.6,S
9,0,0.4,S
9,1,0.7,S
9,1,0.4,S
9,1,0.5,S
9,0,0.2,S
9,0,0.5,S
9,1,0.7,S
9,1,0.7,S
9,1,0.8,S
9,0,0.2,S
9,0,0.8,S
9,1,0.5,S
9,0,0.5,S
9,1,0.7,S
9,0,0.4,S
9,1,0.7,S
9,0,0.2,S
9,1,0.8,S
9,1,0.7,S
9,0,0.4,S
9,1,0.6,S
9,0,0.3,S
9,1,0.6,S
9,1,0.5,S
9,0,0.3,S
9,1,0.8,S
9,1,0.6,S
9,0,0.3,S
9,1,0.7,S
9,1,0.6,S
9,0,0.4,S
9,1,0.6,S
9,1,0.8,S
9,0,0.2,S
9,1,0.8,S
9,0,0.6,S
9,0,0.2,S
9,0,0.3,S
9,0,0.3,S
9,0,0.4,S
9,0,0.6,S
9,0,0.2,S
9,1,0.7,S
9,1,0.8,S
9,1,0.7,S
9,0,0.5,S
9,1,0.6,S
9,0,0.2,S
9,0,0.4,S
9,0,0.4,S
9,0,0.4,S
9,1,0.7,S
9,0,0.4,S
9,1,0.5,S
9,0,0.2,S
9,0,0.5,S
9,1,0.8,S
9,1,0.6,S
9,1,0.8,S
9,0,0.3,S
9,1,0.7,S
9,1,0.3,S
9,1,0.7,S
9,1,0.4,S
9,1,0.5,S
9,0,0.3,S
9,1,0.2,S
9,1,0.5,S
9,1,0.2,S
9,1,0.3,S
9,0,0.3,S
9,1,0.4,S
9,1,0.5,S
9,0,0.4,S
9,1,0.4,S
9,1,0.8,S
9,0,0.4,S
9,1,0.7,S
9,1,0.5,S
9,1,0.4,S
9,1,0.6,S
9,1,0.6,S
9,1,0.6,S
9,0,0.2,S
9,1,0.3,S
9,0,0.2,S
9,0,0.3,S
9,1,0.6,S
9,0,0.2,S
9,1,0.4,S
9,0,0.3,S
9,1,0.3,S
9,1,0.8,S
9,0,0.2,S
9,1,0.6,S
9,0,0.3,S
9,0,0.4,S
9,0,0.3,S
9,1,0.6,S
9,1,0.6,S
9,1,0.8,S
9,0,0.2,S
9,1,0.8,S
9,0,0.2,S
9,1,0.7,S
9,1,0.4,S
9,0,0.4,S
9,0,0.4,S
9,1,0.7,S
9,0,0.2,S
9,0,0.2,S
9,1,0.8,S
9,1,0.8,S
9,1,0.6,S
9,1,0.4,S
9,1,0.5,S
9,0,0.3,S
9,1,0.7,S
9,1,0.5,S
9,0,0.2,S
9,1,0.7,S
9,0,0.2,S
9,1,0.6,S
9,1,0.8,S
9,1,0.4,S
9,1,0.8,S
9,1,0.4,S
9,1,0.7,S
9,1,0.5,S
9,1,0.4,S
9,1,0.8,S
9,1,0.5,S
9,1,0.5,S
9,1,0.8,S
9,1,0.7,S
9,1,0.8,S
9,1,0.6,S
9,0,0.2,S
9,0,0.4,S
9,0,0.5,S
9,1,0.7,S
9,1,0.8,S
9,0,0.3,S
9,1,0.7,S
9,1,0.5,S
9,0,0.3,S
9,1,0.7,S
9,0,0.2,S
9,1,0.7,S
9,1,0.6,S
9,1,0.6,S
9,0,0.2,S
9,0,0.2,S
9,1,0.5,S
9,1,0.8,S
9,1,0.7,S
9,1,0.8,S
9,0,0.4,S
9,0,0.3,S
9,1,0.8,S
9,1,0.7,S
9,0,0.4,S
9,1,0.8,S
9,0,0.5,S
9,1,0.5,S
9,0,0.7,S
9,0,0.3,S
9,1,0.4,S
9,1,0.8,S
9,1,0.6,S
9,0,0.5,S
9,1,0.8,S
9,0,0.8,S
9,1,0.8,S
9,1,0.4,S
9,1,0.8,S
9,1,0.4,S
9,1,0.5,S
9,1,0.5,S
9,0,0.4,S
9,1,0.8,S
9,1,0.7,S
9,1,0.8,S
9,0,0.3,S
9,1,0.7,S
9,0,0.5,S
9,1,0.7,S
9,0,0.3,S
9,1,0.6,S
9,1,0.6,S
9,1,0.7,S
9,0,0.3,S
9,1,0.8,S
9,1,0.6,S
9,0,0.2,S
9,1,0.4,S
9,1,0.5,S
9,1,0.6,S
9,1,0.6,S
9,1,0.5,S
9,0,0.3,S
9,1,0.5,S
9,0,0.8,S
9,1,0.7,S
9,1,0.8,S
9,1,0.5,S
9,1,0.5,S
9,0,0.3,S
9,1,0.6,S
9,0,0.4,S
9,0,0.2,S
9,1,0.6,S
9,1,0.6,S
9,1,0.4,S
9,1,0.8,S
9,1,0.8,S
9,0,0.3,S
9,1,0.8,S
9,0,0.3,S
9,0,0.3,S
9,1,0.4,S
9,1,0.4,S
9,1,0.8,S
9,1,0.8,S
9,1,0.5,S
9,1,0.7,S
9,1,0.6,S
9,1,0.6,S
9,1,0.4,S
9,1,0.6,S
9,0,0.2,S
9,1,0.8,S
9,0,0.2,S
9,1,0.8,S
9,1,0.8,S
9,0,0.6,S
9,0,0.2,S
9,1,0.7,S
9,0,0.2,S
9,0,0.6,S
9,0,0.6,S
9,0,0.2,S
9,0,0.4,S
9,1,0.6,S
9,0,0.4,S
9,0,0.3,S
9,0,0.3,S
9,1,0.8,S
9,1,0.6,S
9,0,0.6,S
9,0,0.3,S
9,1,0.7,S
9,1,0.8,S
9,1,0.7,S
9,0,0.3,S
9,1,0.7,S
9,0,0.2,S
9,1,0.5,S
9,0,0.4,S
9,0,0.2,S
9,0,0.3,S
9,1,0.6,S
9,0,0.4,S
9,1,0.6,S
9,1,0.5,S
9,0,0.7,S
9,0,0.2,S
9,1,0.7,S
9,1,0.8,S
9,1,0.5,S
9,0,0.4,S
9,0,0.4,S
9,0,0.3,S
10,1,0.8,S
10,1,0.6,S
10,1,0.8,S
10,0,0.2,S
10,1,0.7,S
10,1,0.6,S
10,0,0.2,S
10,0,0.2,S
10,0,0.3,S
10,1,0.8,S
10,0,0.4,S
10,1,0.8,S
10,0,0.2,S
10,1,0.8,S
10,1,0.6,S
10,0,0.3,S
10,0,0.2,S
10,0,0.4,S
10,0,0.4,S
10,1,0.5,S
10,0,0.2,S
10,1,0.7,S
10,0,0.3,S
10,0,0.3,S
10,1,0.5,S
10,0,0.2,S
10,0,0.3,S
10,0,0.3,S
10,0,0.3,S
10,1,0.5,S
10,1,0.5,S
10,0,0.2,S
10,0,0.5,S
10,1,0.6,S
10,1,0.6,S
10,0,0.3,S
10,1,0.8,S
10,1,0.6,S
10,1,0.6,S
10,1,0.7,S
10,1,0.5,S
10,1,0.7,S
10,1,0.7,S
10,1,0.8,S
10,0,0.4,S
10,0,0.3,S
10,1,0.6,S
10,0,0.4,S
10,1,0.8,S
10,1,0.5,S
10,0,0.3,S
10,0,0.2,S
10,0,0.3,S
10,0,0.7,S
10,1,0.6,S
10,0,0.4,S
10,0,0.4,S
10,0,0.2,S
10,0,0.2,S
10,0,0.4,S
10,0,0.3,S
10,1,0.5,S
10,0,0.3,S
10,0,0.2,S
10,1,0.8,S
10,0,0.2,S
10,1,0.8,S
10,1,0.5,S
10,1,0.8,S
10,1,0.6,S
10,0,0.4,S
10,1,0.8,S
10,1,0.8,S
10,0,0.8,S
10,1,0.3,S
10,1,0.6,S
10,0,0.3,S
10,1,0.4,S
10,1,0.4,S
10,1,0.5,S
10,1,0.8,S
10,1,0.8,S
10,1,0.4,S
10,0,0.2,S
10,1,0.8,S
10,0,0.4,S
10,1,0.5,S
10,1,0.6,S
10,1,0.8,S
10,1,0.6,S
10,1,0.6,S
10,1,0.4,S
10,1,0.8,S
10,0,0.2,S
10,0,0.2,S
10,0,0.2,S
10,1,0.8,S
10,1,0.5,S
10,1,0.6,S
10,0,0.2,S
10,1,0.5,S
10,0,0.2,S
10,0,0.3,S
10,0,0.4,S
10,1,0.6,S
10,0,0.3,S
10,1,0.6,S
10,0,0.3,S
10,1,0.4,S
10,0,0.4,S
10,0,0.3,S
10,0,0.3,S
10,0,0.2,S
10,1,0.6,S
10,0,0.3,S
10,0,0.2,S
10,0,0.4,S
10,1,0.6,S
10,0,0.3,S
10,0,0.5,S
10,0,0.4,S
10,0,0.2,S
10,1,0.8,S
10,1,0.7,S
10,0,0.2,S
10,0,0.3,S
10,0,0.3,S
10,1,0.6,S
10,0,0.3,S
10,1,0.7,S
10,0,0.2,S
10,0,0.2,S
10,1,0.7,S
10,1,0.7,S
10,0,0.2,S
10,1,0.7,S
10,1,0.5,S
10,0,0.2,S
10,0,0.3,S
10,0,0.2,S
10,0,0.4,S
10,1,0.6,S
10,1,0.6,S
10,1,0.6,S
10,1,0.4,S
10,1,0.5,S
10,0,0.2,S
10,1,0.7,S
10,0,0.3,S
10,0,0.3,S
10,1,0.8,S
10,1,0.7,S
10,1,0.8,S
10,1,0.4,S
10,1,0.6,S
10,1,0.8,S
10,0,0.4,S
10,1,0.4,S
10,1,0.5,S
10,1,0.8,S
10,1,0.8,S
10,1,0.6,S
10,1,0.7,S
10,1,0.8,S
10,1,0.6,S
10,1,0.5,S
10,1,0.6,S
10,0,0.2,S
10,1,0.5,S
10,1,0.4,S
10,1,0.5,S
10,1,0.7,S
10,1,0.6,S
10,0,0.5,S
10,0,0.2,S
10,1,0.4,S
10,0,0.2,S
10,1,0.7,S
10,1,0.8,S
10,0,0.3,S
10,0,0.4,S
10,1,0.7,S
10,0,0.2,S
10,0,0.8,S
10,1,0.6,S
10,1,0.7,S
10,1,0.3,S
10,0,0.2,S
10,1,0.8,S
10,1,0.4,S
10,1,0.3,S
10,0,0.5,S
10,1,0.5,S
10,1,0.7,S
10,0,0.6,S
10,1,0.5,S
10,0,0.3,S
10,1,0.7,S
10,1,0.5,S
10,1,0.6,S
10,0,0.2,S
10,1,0.8,S
10,1,0.7,S
10,0,0.3,S
10,1,0.4,S
10,1,0.5,S
10,1,0.7,S
10,1,0.6,S
10,0,0.3,S
10,1,0.7,S
10,1,0.8,S
10,1,0.8,S
10,1,0.8,S
10,1,0.5,S
10,1,0.8,S
10,0,0.3,S
10,1,0.4,S
10,1,0.8,S
10,1,0.4,S
10,1,0.8,S
10,1,0.6,S
10,1,0.7,S
10,1,0.6,S
10,1,0.8,S
10,0,0.3,S
10,1,0.6,S
10,1,0.6,S
10,0,0.4,S
10,1,0.7,S
10,0,0.2,S
10,0,0.5,S
10,0,0.2,S
10,0,0.3,S
10,0,0.3,S
10,0,0.4,S
10,1,0.7,S
10,1,0.7,S
10,0,0.3,S
10,1,0.6,S
10,0,0.3,S
10,1,0.8,S
10,0,0.5,S
10,0,0.2,S
10,1,0.7,S
10,0,0.2,S
10,1,0.6,S
10,1,0.8,S
10,1,0.7,S
10,1,0.8,S
10,1,0.6,S
10,0,0.3,S
10,1,0.7,S
10,1,0.7,S
10,1,0.7,S
10,1,0.7,S
10,1,0.6,S
10,1,0.8,S
10,0,0.3,S
10,0,0.5,S
10,1,0.7,S
10,0,0.3,S
10,0,0.2,S
10,1,0.8,S
10,1,0.6,S
10,1,0.5,S
10,0,0.3,S
10,0,0.4,S
10,0,0.2,S
10,1,0.8,S
10,0,0.2,S
10,1,0.6,S
10,0,0.2,S
10,1,0.8,S
10,0,0.5,S
10,1,0.5,S
10,0,0.2,S
10,0,0.4,S
10,0,0.4,S
11,1,0.7,S
11,0,0.2,S
11,1,0.7,S
11,1,0.8,S
11,1,0.5,S
11,0,0.2,S
11,1,0.6,S
11,1,0.3,S
11,0,0.3,S
11,1,0.3,S
11,1,0.5,S
11,1,0.7,S
11,0,0.3,S
11,1,0.6,S
11,1,0.5,S
11,1,0.4,S
11,1,0.2,S
11,1,0.2,S
11,0,0.2,S
11,1,0.6,S
11,0,0.2,S
11,1,0.5,S
11,1,0.5,S
11,1,0.5,S
11,0,0.2,S
11,0,0.2,S
11,1,0.5,S
11,0,0.4,S
11,0,0.3,S
11,1,0.8,S
11,0,0.2,S
11,1,0.5,S
11,1,0.6,S
11,1,0.6,S
11,1,0.6,S
11,1,0.5,S
11,1,0.6,S
11,1,0.6,S
11,1,0.4,S
11,1,0.5,S
11,1,0.6,S
11,1,0.8,S
11,1,0.4,S
11,0,0.2,S
11,0,0.3,S
11,1,0.7,S
11,0,0.3,S
11,1,0.7,S
11,1,0.7,S
11,1,0.3,S
11,1,0.3,S
11,1,0.3,S
11,1,0.6,S
11,1,0.8,S
11,1,0.5,S
11,1,0.4,S
11,1,0.4,S
11,0,0.2,S
11,1,0.4,S
11,1,0.5,S
11,1,0.5,S
11,0,0.2,S
11,1,0.5,S
11,0,0.2,S
11,0,0.2,S
11,1,0.4,S
11,0,0.3,S
11,1,0.5,S
11,1,0.4,S
11,1,0.4,S
11,1,0.5,S
11,1,0.6,S
11,0,0.4,S
11,1,0.8,S
11,1,0.5,S
11,1,0.5,S
11,0,0.2,S
11,0,0.3,S
11,0,0.2,S
11,1,0.5,S
11,1,0.5,S
11,1,0.6,S
11,1,0.5,S
11,0,0.2,S
11,1,0.7,S
11,0,0.3,S
11,1,0.6,S
11,0,0.5,S
11,0,0.3,S
11,0,0.3,S
11,0,0.5,S
11,0,0.4,S
11,1,0.8,S
11,1,0.7,S
11,0,0.7,S
11,1,0.5,S
11,0,0.5,S
11,1,0.5,S
11,0,0.4,S
11,0,0.2,S
11,0,0.2,S
11,1,0.6,S
11,0,0.4,S
11,0,0.6,S
11,0,0.7,S
11,1,0.2,S
11,1,0.7,S
11,1,0.8,S
11,0,0.2,S
11,0,0.5,S
11,0,0.2,S
11,0,0.3,S
11,1,0.7,S
11,1,0.6,S
11,1,0.5,S
11,0,0.4,S
11,1,0.7,S
11,0,0.2,S
11,1,0.7,S
11,0,0.3,S
11,0,0.2,S
11,0,0.4,S
11,0,0.3,S
11,0,0.5,S
11,1,0.7,S
11,0,0.3,S
11,1,0.6,S
11,0,0.5,S
11,0,0.3,S
11,1,0.6,S
11,1,0.4,S
11,0,0.3,S
11,1,0.6,S
11,1,0.6,S
11,1,0.6,S
11,1,0.8,S
11,0,0.6,S
11,0,0.4,S
11,0,0.4,S
11,1,0.7,S
11,0,0.3,S
11,0,0.3,S
11,0,0.2,S
11,1,0.7,S
11,1,0.8,S
11,1,0.6,S
11,0,0.3,S
11,0,0.3,S
11,1,0.7,S
11,0,0.2,S
11,1,0.2,S
11,0,0.2,S
11,1,0.5,S
11,1,0.7,S
11,0,0.4,S
11,0,0.2,S
11,1,0.6,S
11,0,0.2,S
11,0,0.5,S
11,0,0.4,S
11,0,0.5,S
11,1,0.7,S
11,0,0.6,S
11,0,0.2,S
11,0,0.2,S
11,0,0.5,S
11,0,0.4,S
11,1,0.5,S
11,1,0.3,S
11,0,0.2,S
11,0,0.2,S
11,1,0.5,S
11,1,0.6,S
11,1,0.2,S
11,1,0.7,S
11,1,0.7,S
11,1,0.5,S
11,1,0.7,S
11,1,0.7,S
11,1,0.4,S
11,1,0.8,S
11,0,0.2,S
11,1,0.7,S
11,0,0.4,S
11,1,0.4,S
11,1,0.6,S
11,1,0.7,S
11,0,0.6,S
11,0,0.5,S
11,1,0.5,S
11,0,0.2,S
11,1,0.4,S
11,1,0.4,S
11,1,0.4,S
11,1,0.4,S
11,1,0.5,S
11,0,0.7,S
11,1,0.7,S
11,1,0.3,S
11,1,0.3,S
11,0,0.2,S
11,1,0.6,S
11,1,0.3,S
11,1,0.4,S
11,1,0.6,S
11,1,0.5,S
11,0,0.2,S
11,0,0.2,S
11,0,0.3,S
11,0,0.4,S
11,1,0.6,S
11,1,0.7,S
11,1,0.6,S
11,0,0.3,S
11,1,0.2,S
11,1,0.7,S
11,1,0.3,S
11,0,0.4,S
11,0,0.5,S
11,0,0.2,S
11,0,0.2,S
11,1,0.3,S
11,1,0.6,S
11,1,0.7,S
11,0,0.2,S
11,1,0.7,S
11,1,0.4,S
11,0,0.3,S
11,1,0.5,S
11,1,0.4,S
11,0,0.3,S
11,0,0.3,S
11,1,0.6,S
11,1,0.2,S
11,1,0.3,S
11,1,0.3,S
11,1,0.3,S
11,0,0.3,S
11,1,0.8,S
11,1,0.6,S
11,1,0.5,S
11,1,0.5,S
11,0,0.2,S
11,1,0.6,S
11,1,0.8,S
11,1,0.6,S
11,0,0.2,S
11,1,0.4,S
11,0,0.2,S
11,1,0.5,S
11,1,0.3,S
12,1,0.7,S
12,0,0.3,S
12,0,0.2,S
12,1,0.4,S
12,0,0.3,S
12,1,0.5,S
12,1,0.7,S
12,1,0.3,S
12,1,0.6,S
12,1,0.5,S
12,1,0.3,S
12,1,0.6,S
12,0,0.4,S
12,1,0.3,S
12,1,0.6,S
12,1,0.6,S
12,0,0.6,S
12,1,0.8,S
12,1,0.5,S
12,1,0.6,S
12,1,0.4,S
12,1,0.4,S
12,1,0.7,S
12,1,0.3,S
12,1,0.3,S
12,0,0.2,S
12,0,0.7,S
12,1,0.8,S
12,1,0.6,S
12,0,0.3,S
12,1,0.3,S
12,0,0.7,S
12,0,0.2,S
12,1,0.8,S
12,0,0.2,S
12,0,0.2,S
12,1,0.5,S
12,1,0.7,S
12,1,0.7,S
12,0,0.4,S
12,0,0.5,S
12,0,0.2,S
12,1,0.6,S
12,0,0.2,S
12,1,0.5,S
12,1,0.4,S
12,1,0.5,S
12,1,0.7,S
12,1,0.6,S
12,0,0.2,S
12,1,0.2,S
12,1,0.5,S
12,1,0.4,S
12,1,0.5,S
12,0,0.3,S
12,0,0.2,S
12,0,0.2,S
12,1,0.5,S
12,1,0.8,S
12,1,0.7,S
12,1,0.6,S
12,0,0.2,S
12,1,0.7,S
12,1,0.8,S
12,1,0.7,S
12,1,0.5,S
12,1,0.7,S
12,1,0.7,S
12,1,0.7,S
12,0,0.4,S
12,1,0.8,S
12,1,0.8,S
12,0,0.2,S
12,1,0.7,S
12,0,0.4,S
12,0,0.4,S
12,1,0.6,S
12,1,0.7,S
12,1,0.5,S
12,1,0.6,S
12,1,0.4,S
12,1,0.8,S
12,1,0.7,S
12,1,0.8,S
12,1,0.8,S
12,1,0.4,S
12,0,0.5,S
12,1,0.5,S
12,0,0.4,S
12,1,0.7,S
12,1,0.6,S
12,0,0.2,S
12,0,0.3,S
12,0,0.2,S
12,1,0.4,S
12,1,0.3,S
12,1,0.3,S
12,0,0.4,S
12,1,0.8,S
12,0,0.2,S
12,0,0.4,S
12,0,0.2,S
12,1,0.8,S
12,1,0.8,S
12,1,0.6,S
12,1,0.4,S
12,0,0.3,S
12,0,0.3,S
12,1,0.7,S
12,0,0.5,S
12,1,0.8,S
12,1,0.8,S
12,1,0.5,S
12,0,0.6,S
12,1,0.7,S
12,0,0.3,S
12,0,0.4,S
12,0,0.3,S
12,0,0.2,S
12,1,0.5,S
12,1,0.5,S
12,1,0.8,S
12,0,0.5,S
12,1,0.7,S
12,1,0.8,S
12,1,0.5,S
12,0,0.2,S
12,1,0.6,S
12,0,0.2,S
12,1,0.5,S
12,0,0.2,S
12,1,0.5,S
12,1,0.8,S
12,0,0.5,S
12,0,0.2,S
12,0,0.2,S
12,0,0.2,S
12,1,0.7,S
12,1,0.8,S
12,0,0.6,S
12,0,0.5,S
12,1,0.3,S
12,0,0.2,S
12,1,0.8,S
12,0,0.4,S
12,0,0.2,S
12,0,0.6,S
12,0,0.3,S
12,0,0.6,S
12,1,0.4,S
12,1,0.8,S
12,1,0.5,S
12,1,0.8,S
12,0,0.2,S
12,0,0.4,S
12,1,0.4,S
12,0,0.2,S
12,1,0.8,S
12,0,0.2,S
12,1,0.7,S
12,1,0.7,S
12,0,0.7,S
12,0,0.7,S
12,1,0.5,S
12,1,0.8,S
12,1,0.8,S
12,0,0.4,S
12,0,0.3,S
12,0,0.5,S
12,1,0.7,S
12,1,0.6,S
12,0,0.5,S
12,0,0.4,S
12,0,0.4,S
12,0,0.5,S
12,0,0.5,S
12,1,0.6,S
12,1,0.6,S
12,1,0.5,S
12,1,0.6,S
12,0,0.5,S
12,0,0.5,S
12,1,0.7,S
12,0,0.7,S
12,0,0.5,S
12,0,0.4,S
12,1,0.6,S
12,0,0.3,S
12,0,0.6,S
12,1,0.5,S
12,0,0.3,S
12,0,0.3,S
12,1,0.4,S
12,0,0.2,S
12,1,0.6,S
12,0,0.5,S
12,0,0.2,S
12,1,0.5,S
12,1,0.6,S
12,0,0.3,S
12,0,0.2,S
12,0,0.6,S
12,1,0.3,S
12,1,0.5,S
12,0,0.3,S
12,0,0.2,S
12,0,0.3,S
12,1,0.7,S
12,0,0.8,S
12,1,0.6,S
12,1,0.7,S
12,1,0.4,S
12,0,0.2,S
12,0,0.3,S
12,0,0.3,S
12,1,0.8,S
12,1,0.7,S
12,1,0.7,S
12,0,0.8,S
12,1,0.8,S
12,0,0.8,S
12,0,0.4,S
12,0,0.4,S
12,0,0.2,S
12,1,0.5,S
12,0,0.3,S
12,0,0.2,S
12,1,0.7,S
12,0,0.3,S
12,1,0.7,S
12,0,0.2,S
12,1,0.5,S
12,1,0.7,S
12,0,0.6,S
12,1,0.6,S
12,1,0.8,S
12,0,0.5,S
12,0,0.4,S
12,0,0.6,S
12,0,0.3,S
12,1,0.6,S
12,0,0.6,S
12,0,0.3,S
12,0,0.8,S
12,1,0.8,S
12,1,0.5,S
12,0,0.2,S
12,0,0.5,S
12,0,0.3,S
12,1,0.7,S
12,1,0.6,S
12,1,0.8,S
12,0,0.8,S
12,1,0.6,S
12,1,0.8,S
12,1,0.7,S
12,1,0.8,S
12,1,0.3,S
12,0,0.4,S
12,1,0.7,S
12,1,0.8,S
12,1,0.6,S
12,0,0.6,S
12,0,0.6,S
12,0,0.3,S
12,0,0.5,S
12,0,0.7,S
12,1,0.7,S
12,0,0.2,S
12,1,0.7,S
12,1,0.4,S
12,1,0.7,S
12,1,0.6,S
12,0,0.2,S
12,0,0.8,S
12,1,0.8,S
12,1,0.4,S
12,0,0.2,S
12,1,0.8,S
12,0,0.8,S
12,1,0.7,S
12,1,0.8,S
12,0,0.4,S
12,1,0.5,S
12,1,0.8,S
12,0,0.2,S
12,1,0.7,S
12,1,0.7,S
12,0,0.5,S
12,0,0.6,S
12,0,0.6,S
12,0,0.4,S
12,0,0.3,S
12,1,0.7,S
12,0,0.8,S
12,0,0.4,S
12,1,0.7,S
12,1,0.7,S
12,0,0.3,S
13,1,0.6,S
13,1,0.7,S
13,0,0.2,S
13,1,0.8,S
13,1,0.7,S
13,0,0.4,S
13,1,0.5,S
13,1,0.6,S
13,1,0.4,S
13,1,0.5,S
13,1,0.5,S
13,1,0.7,S
13,0,0.2,S
13,0,0.2,S
13,1,0.6,S
13,0,0.4,S
13,1,0.8,S
13,0,0.2,S
13,1,0.5,S
13,0,0.4,S
13,1,0.8,S
13,1,0.8,S
13,1,0.8,S
13,1,0.8,S
13,1,0.7,S
13,1,0.5,S
13,0,0.3,S
13,1,0.5,S
13,1,0.6,S
13,1,0.7,S
13,1,0.8,S
13,1,0.6,S
13,1,0.8,S
13,1,0.7,S
13,1,0.5,S
13,1,0.7,S
13,1,0.6,S
13,0,0.2,S
13,0,0.3,S
13,0,0.2,S
13,1,0.4,S
13,1,0.7,S
13,1,0.8,S
13,1,0.8,S
13,0,0.4,S
13,0,0.4,S
13,1,0.7,S
13,0,0.2,S
13,0,0.2,S
13,1,0.6,S
13,1,0.5,S
13,1,0.8,S
13,1,0.5,S
13,0,0.2,S
13,1,0.5,S
13,0,0.4,S
13,0,0.4,S
13,1,0.8,S
13,1,0.7,S
13,0,0.3,S
13,0,0.4,S
13,1,0.5,S
13,1,0.8,S
13,1,0.8,S
13,1,0.6,S
13,0,0.2,S
13,1,0.5,S
13,1,0.7,S
13,1,0.5,S
13,1,0.4,S
13,1,0.4,S
13,1,0.8,S
13,1,0.7,S
13,1,0.6,S
13,1,0.7,S
13,1,0.8,S
13,1,0.7,S
13,0,0.2,S
13,0,0.4,S
13,1,0.6,S
13,0,0.5,S
13,1,0.8,S
13,0,0.4,S
13,0,0.3,S
13,0,0.2,S
13,0,0.5,S
13,1,0.6,S
13,0,0.5,S
13,1,0.8,S
13,1,0.7,S
13,0,0.2,S
13,1,0.6,S
13,0,0.6,S
13,0,0.3,S
13,0,0.2,S
13,1,0.6,S
13,0,0.5,S
13,1,0.6,S
13,0,0.3,S
13,0,0.3,S
13,0,0.2,S
13,0,0.2,S
13,1,0.7,S
13,1,0.8,S
13,1,0.7,S
13,1,0.8,S
13,1,0.7,S
13,0,0.2,S
13,1,0.6,S
13,1,0.5,S
13,1,0.7,S
13,1,0.7,S
13,0,0.2,S
13,1,0.7,S
13,1,0.3,S
13,0,0.4,S
13,0,0.3,S
13,0,0.2,S
13,0,0.2,S
13,0,0.4,S
13,1,0.6,S
13,1,0.7,S
13,1,0.6,S
13,0,0.3,S
13,0,0.2,S
13,0,0.2,S
13,1,0.6,S
13,0,0.3,S
13,0,0.3,S
13,0,0.3,S
13,1,0.5,S
13,0,0.3,S
13,1,0.5,S
13,1,0.7,S
13,1,0.7,S
13,1,0.6,S
13,1,0.5,S
13,1,0.6,S
13,1,0.8,S
13,0,0.2,S
13,1,0.8,S
13,0,0.3,S
13,0,0.7,S
13,1,0.7,S
13,1,0.5,S
13,0,0.3,S
13,1,0.7,S
13,0,0.2,S
13,0,0.4,S
13,1,0.6,S
13,1,0.8,S
13,1,0.6,S
13,0,0.5,S
13,0,0.3,S
13,1,0.8,S
13,0,0.2,S
13,0,0.3,S
13,0,0.4,S
13,0,0.4,S
13,0,0.2,S
13,1,0.7,S
13,1,0.8,S
13,1,0.7,S
13,1,0.6,S
13,0,0.5,S
13,0,0.4,S
13,1,0.7,S
13,0,0.6,S
13,0,0.3,S
13,1,0.6,S
13,0,0.2,S
13,1,0.5,S
13,0,0.2,S
13,1,0.8,S
13,1,0.5,S
13,1,0.7,S
13,1,0.7,S
13,0,0.3,S
13,0,0.2,S
13,1,0.6,S
13,0,0.3,S
13,1,0.6,S
13,0,0.4,S
13,1,0.7,S
13,0,0.4,S
13,1,0.8,S
13,0,0.4,S
13,0,0.4,S
13,0,0.5,S
13,0,0.2,S
13,0,0.3,S
13,1,0.8,S
13,0,0.4,S
13,1,0.5,S
13,0,0.2,S
13,0,0.3,S
13,0,0.5,S
13,1,0.5,S
13,1,0.8,S
13,0,0.4,S
13,1,0.8,S
13,1,0.7,S
13,1,0.8,S
13,0,0.4,S
13,1,0.8,S
13,1,0.7,S
13,0,0.2,S
13,1,0.8,S
13,0,0.3,S
13,0,0.5,S
13,0,0.3,S
13,0,0.4,S
13,0,0.2,S
13,1,0.8,S
13,0,0.2,S
13,0,0.2,S
13,0,0.3,S
13,0,0.4,S
13,1,0.8,S
13,1,0.6,S
13,0,0.3,S
13,0,0.3,S
13,1,0.8,S
13,0,0.4,S
13,1,0.6,S
13,0,0.3,S
13,1,0.7,S
13,1,0.5,S
13,1,0.6,S
13,0,0.4,S
13,0,0.4,S
13,1,0.8,S
13,1,0.6,S
13,0,0.2,S
13,0,0.3,S
13,0,0.4,S
13,1,0.8,S
13,1,0.7,S
13,1,0.8,S
13,0,0.2,S
13,1,0.5,S
13,1,0.6,S
13,0,0.3,S
13,1,0.5,S
13,0,0.2,S
13,1,0.8,S
13,0,0.4,S
13,0,0.3,S
13,1,0.7,S
13,1,0.6,S
13,0,0.4,S
13,1,0.8,S
13,1,0.8,S
13,0,0.4,S
13,0,0.3,S
13,1,0.5,S
13,0,0.4,S
13,0,0.4,S
13,0,0.5,S
13,1,0.6,S
13,1,0.8,S
13,0,0.5,S
13,0,0.2,S
13,0,0.2,S
13,1,0.7,S
13,0,0.8,S
13,0,0.2,S
13,0,0.2,S
13,1,0.6,S
13,1,0.5,S
13,0,0.4,S
13,0,0.4,S
13,1,0.8,S
13,0,0.2,S
13,0,0.4,S
13,0,0.3,S
13,1,0.5,S
13,0,0.3,S
13,0,0.2,S
14,1,0.7,S
14,1,0.6,S
14,1,0.5,S
14,1,0.5,S
14,0,0.5,S
14,1,0.8,S
14,0,0.2,S
14,0,0.4,S
14,1,0.8,S
14,1,0.5,S
14,1,0.6,S
14,1,0.6,S
14,0,0.4,S
14,0,0.2,S
14,0,0.5,S
14,0,0.4,S
14,0,0.5,S
14,0,0.5,S
14,0,0.2,S
14,1,0.5,S
14,0,0.2,S
14,1,0.6,S
14,1,0.4,S
14,1,0.8,S
14,1,0.8,S
14,0,0.5,S
14,0,0.5,S
14,1,0.7,S
14,1,0.5,S
14,1,0.6,S
14,0,0.4,S
14,1,0.6,S
14,1,0.5,S
14,0,0.2,S
14,0,0.5,S
14,1,0.6,S
14,1,0.8,S
14,0,0.4,S
14,0,0.4,S
14,1,0.6,S
14,1,0.7,S
14,1,0.7,S
14,0,0.2,S
14,0,0.5,S
14,0,0.3,S
14,0,0.3,S
14,1,0.8,S
14,0,0.2,S
14,1,0.6,S
14,0,0.2,S
14,1,0.4,S
14,0,0.3,S
14,0,0.2,S
14,0,0.3,S
14,0,0.2,S
14,0,0.6,S
14,0,0.3,S
14,0,0.7,S
14,1,0.7,S
14,0,0.2,S
14,1,0.8,S
14,0,0.7,S
14,0,0.2,S
14,0,0.3,S
14,0,0.3,S
14,0,0.4,S
14,0,0.3,S
14,1,0.6,S
14,1,0.5,S
14,1,0.4,S
14,1,0.6,S
14,0,0.4,S
14,1,0.4,S
14,1,0.6,S
14,1,0.7,S
14,0,0.3,S
14,1,0.8,S
14,0,0.2,S
14,1,0.8,S
14,1,0.8,S
14,1,0.8,S
14,0,0.4,S
14,1,0.6,S
14,1,0.7,S
14,1,0.4,S
14,0,0.3,S
14,1,0.8,S
14,0,0.3,S
14,0,0.3,S
14,1,0.6,S
14,1,0.7,S
14,0,0.3,S
14,1,0.3,S
14,1,0.6,S
14,1,0.6,S
14,1,0.5,S
14,1,0.8,S
14,0,0.2,S
14,1,0.5,S
14,1,0.7,S
14,0,0.3,S
14,0,0.4,S
14,1,0.7,S
14,0,0.4,S
14,0,0.4,S
14,1,0.8,S
14,1,0.5,S
14,1,0.4,S
14,1,0.8,S
14,0,0.4,S
14,1,0.8,S
14,1,0.6,S
14,1,0.5,S
14,1,0.6,S
14,0,0.2,S
14,1,0.8,S
14,0,0.3,S
14,1,0.6,S
14,1,0.5,S
14,0,0.2,S
14,0,0.3,S
14,0,0.3,S
14,0,0.2,S
14,0,0.5,S
14,1,0.6,S
14,1,0.8,S
14,1,0.5,S
14,1,0.4,S
14,1,0.8,S
14,1,0.4,S
14,1,0.7,S
14,0,0.2,S
14,0,0.3,S
14,1,0.3,S
14,0,0.2,S
14,0,0.3,S
14,1,0.8,S
14,1,0.3,S
14,1,0.8,S
14,1,0.4,S
14,1,0.7,S
14,1,0.5,S
14,1,0.5,S
14,1,0.4,S
14,0,0.3,S
14,1,0.8,S
14,1,0.7,S
14,1,0.4,S
14,1,0.4,S
14,1,0.7,S
14,1,0.5,S
14,0,0.2,S
14,1,0.8,S
14,1,0.5,S
14,1,0.7,S
14,0,0.2,S
14,1,0.7,S
14,1,0.6,S
14,1,0.7,S
14,0,0.3,S
14,1,0.6,S
14,0,0.5,S
14,1,0.6,S
14,1,0.5,S
14,1,0.6,S
14,1,0.7,S
14,0,0.5,S
14,1,0.7,S
14,1,0.8,S
14,1,0.6,S
14,1,0.4,S
14,0,0.3,S
14,1,0.8,S
14,1,0.4,S
14,0,0.2,S
14,1,0.8,S
14,1,0.5,S
14,1,0.6,S
14,1,0.8,S
14,1,0.7,S
14,0,0.3,S
14,1,0.8,S
14,0,0.2,S
14,0,0.3,S
14,1,0.5,S
14,0,0.3,S
14,1,0.5,S
14,0,0.3,S
14,1,0.5,S
14,1,0.5,S
14,0,0.2,S
14,1,0.6,S
14,0,0.2,S
14,1,0.8,S
14,1,0.8,S
14,1,0.8,S
14,0,0.4,S
14,1,0.4,S
14,1,0.6,S
14,0,0.4,S
14,1,0.7,S
14,0,0.3,S
14,0,0.3,S
14,1,0.4,S
14,1,0.5,S
14,0,0.4,S
14,0,0.4,S
14,1,0.8,S
14,0,0.2,S
14,1,0.7,S
14,1,0.7,S
14,0,0.2,S
14,0,0.4,S
14,0,0.7,S
14,1,0.8,S
14,0,0.4,S
14,0,0.7,S
14,1,0.8,S
14,1,0.6,S
14,0,0.2,S
14,0,0.3,S
14,0,0.3,S
14,1,0.6,S
14,1,0.6,S
14,0,0.3,S
14,0,0.5,S
14,1,0.6,S
14,0,0.2,S
14,1,0.7,S
14,0,0.2,S
14,0,0.2,S
14,1,0.4,S
14,0,0.4,S
14,0,0.5,S
14,0,0.4,S
14,1,0.8,S
14,1,0.6,S
14,1,0.7,S
14,1,0.6,S
14,1,0.6,S
14,0,0.2,S
14,1,0.7,S
14,0,0.4,S
14,0,0.3,S
14,1,0.8,S
14,0,0.3,S
14,1,0.7,S
14,1,0.8,S
14,1,0.5,S
14,0,0.4,S
14,0,0.2,S
14,0,0.2,S
14,1,0.7,S
14,1,0.8,S
14,1,0.8,S
14,0,0.2,S
14,0,0.2,S
14,0,0.7,S
14,0,0.5,S
14,1,0.8,S
14,0,0.3,S
14,0,0.4,S
14,0,0.4,S
14,0,0.3,S
14,0,0.3,S
14,0,0.4,S
14,1,0.7,S
14,0,0.7,S
14,0,0.3,S
14,1,0.7,S
14,0,0.2,S
14,1,0.7,S
14,0,0.5,S
15,1,0.3,S
15,1,0.4,S
15,0,0.2,S
15,0,0.3,S
15,0,0.2,S
15,1,0.8,S
15,0,0.5,S
15,0,0.3,S
15,1,0.6,S
15,0,0.5,S
15,1,0.5,S
15,1,0.5,S
15,1,0.8,S
15,1,0.5,S
15,1,0.5,S
15,1,0.4,S
15,1,0.3,S
15,1,0.2,S
15,1,0.5,S
15,1,0.6,S
15,0,0.2,S
15,1,0.7,S
15,1,0.6,S
15,1,0.8,S
15,1,0.7,S
15,1,0.4,S
15,1,0.4,S
15,0,0.3,S
15,0,0.3,S
15,1,0.7,S
15,0,0.2,S
15,0,0.2,S
15,0,0.2,S
15,0,0.3,S
15,0,0.3,S
15,1,0.6,S
15,1,0.6,S
15,1,0.7,S
15,1,0.6,S
15,1,0.7,S
15,0,0.3,S
15,0,0.3,S
15,1,0.2,S
15,0,0.4,S
15,0,0.2,S
15,1,0.8,S
15,0,0.4,S
15,0,0.4,S
15,1,0.6,S
15,1,0.6,S
15,1,0.7,S
15,0,0.3,S
15,1,0.6,S
15,1,0.2,S
15,1,0.7,S
15,1,0.4,S
15,0,0.2,S
15,1,0.8,S
15,1,0.5,S
15,0,0.2,S
15,1,0.4,S
15,1,0.5,S
15,1,0.4,S
15,1,0.4,S
15,1,0.7,S
15,0,0.3,S
15,1,0.2,S
15,1,0.6,S
15,1,0.4,S
15,0,0.3,S
15,1,0.6,S
15,1,0.6,S
15,1,0.7,S
15,1,0.5,S
15,0,0.3,S
15,1,0.4,S
15,1,0.7,S
15,0,0.4,S
15,0,0.2,S
15,1,0.3,S
15,1,0.7,S
15,0,0.4,S
15,1,0.6,S
15,1,0.4,S
15,0,0.3,S
15,0,0.2,S
15,0,0.3,S
15,0,0.3,S
15,1,0.5,S
15,1,0.2,S
15,0,0.2,S
15,0,0.4,S
15,1,0.4,S
15,1,0.4,S
15,1,0.5,S
15,1,0.5,S
15,1,0.4,S
15,1,0.3,S
15,0,0.2,S
15,0,0.3,S
15,1,0.4,S
15,1,0.5,S
15,1,0.5,S
15,0,0.2,S
15,1,0.5,S
15,0,0.3,S
15,1,0.5,S
15,1,0.2,S
15,0,0.4,S
15,0,0.2,S
15,0,0.2,S
15,1,0.6,S
15,1,0.6,S
15,0,0.2,S
15,1,0.4,S
15,1,0.5,S
15,0,0.3,S
15,0,0.3,S
15,1,0.5,S
15,0,0.2,S
15,1,0.3,S
15,0,0.4,S
15,0,0.3,S
15,1,0.7,S
15,1,0.2,S
15,0,0.2,S
15,0,0.3,S
15,0,0.2,S
15,1,0.2,S
15,0,0.2,S
15,1,0.6,S
15,1,0.6,S
15,1,0.7,S
15,0,0.3,S
15,0,0.3,S
15,0,0.2,S
15,1,0.7,S
15,1,0.5,S
15,0,0.3,S
15,0,0.3,S
15,1,0.6,S
15,1,0.8,S
15,0,0.3,S
15,0,0.2,S
15,0,0.5,S
15,0,0.5,S
15,0,0.3,S
15,1,0.7,S
15,0,0.4,S
15,1,0.7,S
15,0,0.3,S
15,1,0.6,S
15,1,0.5,S
15,1,0.5,S
15,0,0.3,S
15,1,0.5,S
15,1,0.6,S
15,0,0.2,S
15,0,0.5,S
15,0,0.5,S
15,0,0.4,S
15,0,0.4,S
15,0,0.3,S
15,1,0.7,S
15,0,0.3,S
15,0,0.4,S
15,0,0.2,S
15,1,0.6,S
15,0,0.5,S
15,0,0.3,S
15,0,0.3,S
15,0,0.2,S
15,1,0.5,S
15,0,0.2,S
15,1,0.5,S
15,0,0.2,S
15,0,0.2,S
15,1,0.5,S
15,0,0.5,S
15,0,0.5,S
15,0,0.5,S
15,1,0.6,S
15,0,0.4,S
15,0,0.5,S
15,0,0.3,S
15,1,0.6,S
15,1,0.7,S
15,0,0.5,S
15,0,0.4,S
15,0,0.2,S
15,0,0.4,S
15,0,0.4,S
15,0,0.4,S
15,1,0.6,S
15,0,0.4,S
15,0,0.4,S
15,0,0.4,S
15,0,0.4,S
15,1,0.6,S
15,0,0.3,S
15,1,0.6,S
15,1,0.6,S
15,1,0.7,S
15,0,0.2,S
15,0,0.4,S
15,0,0.4,S
15,1,0.5,S
15,1,0.6,S
15,1,0.6,S
15,0,0.3,S
15,0,0.4,S
15,0,0.3,S
15,0,0.2,S
15,0,0.3,S
15,0,0.3,S
15,0,0.4,S
15,1,0.5,S
15,1,0.5,S
15,0,0.3,S
15,0,0.3,S
15,0,0.3,S
15,1,0.5,S
15,0,0.2,S
15,1,0.2,S
15,0,0.5,S
15,1,0.6,S
15,0,0.5,S
16,1,0.8,S
16,1,0.5,S
16,0,0.2,S
16,1,0.6,S
16,1,0.7,S
16,1,0.5,S
16,1,0.4,S
16,0,0.4,S
16,1,0.8,S
16,1,0.4,S
16,1,0.5,S
16,1,0.8,S
16,1,0.8,S
16,0,0.5,S
16,1,0.6,S
16,0,0.2,S
16,0,0.3,S
16,0,0.5,S
16,1,0.8,S
16,0,0.2,S
16,0,0.4,S
16,1,0.5,S
16,1,0.7,S
16,0,0.3,S
16,1,0.8,S
16,0,0.4,S
16,1,0.6,S
16,1,0.8,S
16,1,0.6,S
16,1,0.5,S
16,0,0.3,S
16,1,0.6,S
16,0,0.3,S
16,0,0.5,S
16,1,0.8,S
16,0,0.5,S
16,1,0.3,S
16,1,0.4,S
16,1,0.7,S
16,1,0.7,S
16,0,0.4,S
16,1,0.8,S
16,0,0.4,S
16,1,0.6,S
16,1,0.8,S
16,1,0.8,S
16,1,0.7,S
16,0,0.3,S
16,1,0.5,S
16,0,0.4,S
16,0,0.4,S
16,1,0.5,S
16,1,0.6,S
16,1,0.7,S
16,0,0.2,S
16,1,0.7,S
16,0,0.2,S
16,1,0.8,S
16,1,0.7,S
16,1,0.7,S
16,1,0.6,S
16,1,0.5,S
16,0,0.2,S
16,0,0.4,S
16,1,0.7,S
16,0,0.2,S
16,1,0.4,S
16,1,0.4,S
16,1,0.7,S
16,1,0.6,S
16,1,0.5,S
16,0,0.2,S
16,1,0.8,S
16,0,0.3,S
16,0,0.5,S
16,1,0.7,S
16,0,0.4,S
16,0,0.4,S
16,0,0.4,S
16,0,0.2,S
16,1,0.7,S
16,1,0.8,S
16,0,0.2,S
16,0,0.2,S
16,0,0.2,S
16,0,0.3,S
16,0,0.4,S
16,1,0.5,S
16,1,0.7,S
16,1,0.7,S
16,0,0.2,S
16,1,0.7,S
16,1,0.8,S
16,0,0.3,S
16,0,0.3,S
16,1,0.7,S
16,1,0.4,S
16,0,0.5,S
16,1,0.7,S
16,0,0.3,S
16,0,0.2,S
16,1,0.7,S
16,1,0.7,S
16,1,0.6,S
16,0,0.2,S
16,0,0.2,S
16,1,0.6,S
16,1,0.7,S
16,0,0.2,S
16,1,0.3,S
16,1,0.6,S
16,1,0.8,S
16,0,0.3,S
16,1,0.7,S
16,1,0.6,S
16,0,0.4,S
16,0,0.3,S
16,1,0.7,S
16,1,0.7,S
16,1,0.8,S
16,1,0.8,S
16,1,0.8,S
16,0,0.4,S
16,0,0.3,S
16,0,0.2,S
16,0,0.3,S
16,0,0.3,S
16,0,0.5,S
16,0,0.2,S
16,1,0.7,S
16,0,0.3,S
16,0,0.2,S
16,1,0.7,S
16,1,0.6,S
16,0,0.6,S
16,0,0.2,S
16,0,0.4,S
16,0,0.3,S
16,0,0.4,S
16,0,0.3,S
16,0,0.3,S
16,0,0.2,S
16,0,0.2,S
16,0,0.4,S
16,0,0.6,S
16,1,0.3,S
16,1,0.5,S
16,1,0.6,S
16,1,0.6,S
16,0,0.2,S
16,0,0.2,S
16,1,0.5,S
16,1,0.8,S
16,1,0.4,S
16,0,0.2,S
16,1,0.7,S
16,1,0.7,S
16,0,0.3,S
16,1,0.7,S
16,1,0.8,S
16,0,0.2,S
16,1,0.4,S
16,1,0.4,S
16,1,0.7,S
16,1,0.8,S
16,0,0.4,S
16,1,0.7,S
16,1,0.6,S
16,0,0.3,S
16,0,0.2,S
16,1,0.6,S
16,1,0.6,S
16,1,0.8,S
16,1,0.6,S
16,1,0.5,S
16,0,0.2,S
16,1,0.6,S
16,0,0.2,S
16,1,0.7,S
16,0,0.3,S
16,0,0.6,S
16,1,0.5,S
16,0,0.4,S
16,1,0.6,S
16,1,0.6,S
16,1,0.8,S
16,1,0.6,S
16,0,0.3,S
16,1,0.7,S
16,1,0.8,S
16,0,0.3,S
16,0,0.3,S
16,0,0.5,S
16,0,0.2,S
16,1,0.5,S
16,0,0.3,S
16,1,0.5,S
16,1,0.5,S
16,0,0.2,S
16,0,0.2,S
16,0,0.4,S
16,1,0.8,S
16,0,0.3,S
16,0,0.6,S
16,1,0.7,S
16,0,0.4,S
16,0,0.2,S
16,0,0.3,S
16,1,0.8,S
16,1,0.6,S
16,0,0.2,S
16,0,0.2,S
16,0,0.4,S
16,1,0.6,S
16,0,0.2,S
16,0,0.6,S
16,1,0.8,S
16,1,0.6,S
16,1,0.7,S
16,1,0.6,S
16,1,0.7,S
16,0,0.2,S
16,1,0.4,S
16,1,0.4,S
16,1,0.7,S
16,1,0.5,S
16,1,0.7,S
16,0,0.3,S
16,1,0.4,S
16,1,0.8,S
16,1,0.7,S
16,1,0.7,S
16,0,0.3,S
16,1,0.5,S
16,1,0.4,S
16,1,0.8,S
16,1,0.8,S
16,0,0.3,S
16,1,0.5,S
16,0,0.2,S
16,1,0.5,S
16,1,0.8,S
16,1,0.6,S
16,1,0.5,S
16,0,0.2,S
16,0,0.4,S
16,1,0.4,S
16,1,0.6,S
16,1,0.4,S
16,0,0.2,S
16,0,0.2,S
16,0,0.2,S
16,1,0.7,S
16,0,0.2,S
16,1,0.8,S
16,1,0.5,S
16,1,0.4,S
16,1,0.4,S
16,0,0.3,S
16,1,0.7,S
16,0,0.2,S
16,1,0.8,S
16,1,0.6,S
16,1,0.8,S
16,1,0.7,S
16,1,0.7,S
16,1,0.2,S
16,1,0.6,S
16,1,0.7,S
16,1,0.5,S
16,0,0.3,S
16,1,0.4,S
16,0,0.2,S
16,1,0.7,S
16,1,0.5,S
16,0,0.3,S
16,1,0.6,S
16,0,0.3,S
16,1,0.8,S
16,0,0.2,S
16,0,0.2,S
16,0,0.3,S
16,1,0.8,S
16,1,0.7,S
16,1,0.5,S
16,1,0.7,S
16,0,0.3,S
16,1,0.4,S
16,0,0.2,S
16,1,0.8,S
16,0,0.3,S
16,1,0.5,S
16,1,0.5,S
16,1,0.5,S
16,1,0.3,S
17,1,0.6,S
17,1,0.5,S
17,0,0.6,S
17,1,0.5,S
17,0,0.2,S
17,1,0.6,S
17,1,0.4,S
17,1,0.8,S
17,0,0.5,S
17,1,0.7,S
17,0,0.5,S
17,0,0.4,S
17,1,0.5,S
17,1,0.5,S
17,1,0.7,S
17,0,0.5,S
17,0,0.4,S
17,1,0.8,S
17,0,0.5,S
17,0,0.4,S
17,1,0.8,S
17,1,0.7,S
17,0,0.8,S
17,1,0.6,S
17,0,0.7,S
17,0,0.7,S
17,1,0.6,S
17,0,0.3,S
17,0,0.6,S
17,1,0.7,S
17,0,0.3,S
17,0,0.7,S
17,0,0.4,S
17,0,0.4,S
17,0,0.5,S
17,0,0.6,S
17,0,0.5,S
17,0,0.5,S
17,1,0.8,S
17,0,0.5,S
17,0,0.4,S
17,1,0.7,S
17,0,0.2,S
17,0,0.2,S
17,0,0.3,S
17,0,0.5,S
17,1,0.8,S
17,0,0.2,S
17,0,0.6,S
17,0,0.4,S
17,0,0.2,S
17,1,0.8,S
17,0,0.3,S
17,1,0.5,S
17,0,0.2,S
17,0,0.3,S
17,0,0.5,S
17,0,0.5,S
17,1,0.8,S
17,0,0.8,S
17,0,0.2,S
17,1,0.8,S
17,1,0.8,S
17,0,0.2,S
17,1,0.7,S
17,1,0.6,S
17,1,0.7,S
17,0,0.3,S
17,0,0.2,S
17,0,0.4,S
17,0,0.3,S
17,1,0.5,S
17,1,0.7,S
17,0,0.3,S
17,1,0.6,S
17,1,0.5,S
17,0,0.3,S
17,1,0.6,S
17,0,0.4,S
17,0,0.3,S
17,1,0.6,S
17,1,0.6,S
17,1,0.6,S
17,1,0.5,S
17,1,0.6,S
17,0,0.4,S
17,0,0.4,S
17,1,0.7,S
17,0,0.3,S
17,0,0.3,S
17,0,0.2,S
17,1,0.7,S
17,1,0.8,S
17,0,0.6,S
17,0,0.3,S
17,0,0.3,S
17,1,0.7,S
17,0,0.2,S
17,1,0.8,S
17,0,0.2,S
17,0,0.2,S
17,0,0.5,S
17,0,0.7,S
17,1,0.7,S
17,0,0.4,S
17,0,0.5,S
17,0,0.2,S
17,0,0.6,S
17,0,0.2,S
17,0,0.5,S
17,0,0.4,S
17,0,0.5,S
17,1,0.7,S
17,0,0.6,S
17,0,0.2,S
17,0,0.2,S
17,0,0.5,S
17,0,0.4,S
17,0,0.5,S
17,0,0.3,S
17,0,0.2,S
17,0,0.2,S
17,0,0.5,S
17,1,0.8,S
17,1,0.7,S
17,1,0.6,S
17,0,0.2,S
17,1,0.7,S
17,1,0.8,S
17,1,0.7,S
17,0,0.5,S
17,1,0.7,S
17,1,0.7,S
17,1,0.7,S
17,0,0.4,S
17,1,0.8,S
17,1,0.8,S
17,0,0.2,S
17,1,0.7,S
17,0,0.4,S
17,0,0.4,S
17,1,0.6,S
17,1,0.7,S
17,1,0.6,S
17,1,0.5,S
17,1,0.7,S
17,1,0.6,S
17,1,0.7,S
17,0,0.4,S
17,0,0.4,S
17,1,0.6,S
17,0,0.2,S
17,1,0.7,S
17,1,0.8,S
17,0,0.3,S
17,1,0.6,S
17,1,0.8,S
17,1,0.7,S
17,0,0.5,S
17,0,0.4,S
17,1,0.7,S
17,1,0.8,S
17,1,0.6,S
17,0,0.2,S
17,0,0.5,S
17,0,0.3,S
17,0,0.2,S
17,1,0.6,S
17,1,0.5,S
17,0,0.5,S
17,1,0.8,S
17,1,0.7,S
17,0,0.4,S
17,0,0.4,S
17,0,0.2,S
17,0,0.5,S
17,1,0.8,S
17,0,0.5,S
17,0,0.2,S
17,0,0.2,S
17,0,0.4,S
17,0,0.3,S
17,1,0.8,S
17,0,0.5,S
17,1,0.6,S
17,0,0.6,S
17,0,0.2,S
17,0,0.2,S
17,0,0.3,S
17,0,0.2,S
17,0,0.4,S
17,1,0.8,S
17,1,0.7,S
17,0,0.4,S
17,0,0.3,S
17,0,0.3,S
17,1,0.8,S
17,0,0.2,S
17,1,0.7,S
17,0,0.5,S
17,0,0.5,S
17,0,0.4,S
17,0,0.6,S
17,1,0.8,S
17,0,0.3,S
17,1,0.6,S
17,1,0.7,S
17,0,0.5,S
17,0,0.2,S
17,1,0.7,S
17,0,0.5,S
17,0,0.5,S
17,1,0.6,S
17,1,0.8,S
17,1,0.6,S
17,1,0.5,S
17,0,0.4,S
17,1,0.8,S
17,0,0.3,S
17,1,0.7,S
17,0,0.6,S
17,0,0.4,S
17,1,0.7,S
17,1,0.8,S
17,0,0.6,S
17,0,0.7,S
17,0,0.3,S
17,0,0.2,S
17,0,0.4,S
17,0,0.3,S
17,0,0.2,S
17,0,0.2,S
17,0,0.3,S
17,1,0.8,S
17,1,0.7,S
17,0,0.5,S
17,1,0.7,S
17,0,0.3,S
17,0,0.3,S
17,1,0.7,S
17,0,0.5,S
17,1,0.7,S
17,1,0.7,S
17,0,0.4,S
17,1,0.8,S
17,0,0.5,S
17,0,0.4,S
17,1,0.8,S
17,0,0.2,S
17,0,0.7,S
17,1,0.8,S
17,0,0.3,S
17,0,0.3,S
17,0,0.7,S
17,0,0.2,S
17,1,0.6,S
17,1,0.7,S
17,0,0.7,S
17,1,0.8,S
17,1,0.8,S
17,0,0.4,S
17,0,0.2,S
17,0,0.5,S
17,1,0.7,S
17,0,0.3,S
17,0,0.3,S
17,1,0.5,S
17,0,0.4,S
17,0,0.3,S
17,0,0.4,S
17,0,0.6,S
17,1,0.8,S
18,1,0.8,S
18,0,0.3,S
18,0,0.4,S
18,0,0.5,S
18,0,0.2,S
18,1,0.6,S
18,0,0.2,S
18,0,0.2,S
18,1,0.6,S
18,1,0.6,S
18,1,0.7,S
18,1,0.8,S
18,0,0.4,S
18,1,0.8,S
18,0,0.5,S
18,1,0.8,S
18,1,0.4,S
18,1,0.8,S
18,1,0.7,S
18,0,0.3,S
18,0,0.5,S
18,0,0.2,S
18,1,0.6,S
18,1,0.8,S
18,1,0.6,S
18,1,0.5,S
18,0,0.4,S
18,0,0.2,S
18,0,0.4,S
18,1,0.7,S
18,0,0.4,S
18,0,0.4,S
18,0,0.5,S
18,1,0.7,S
18,1,0.7,S
18,1,0.7,S
18,1,0.8,S
18,0,0.4,S
18,1,0.5,S
18,0,0.4,S
18,0,0.3,S
18,0,0.2,S
18,1,0.8,S
18,0,0.3,S
18,0,0.3,S
18,0,0.2,S
18,0,0.3,S
18,1,0.7,S
18,0,0.3,S
18,1,0.2,S
18,1,0.7,S
18,1,0.5,S
18,1,0.8,S
18,1,0.5,S
18,0,0.2,S
18,0,0.3,S
18,0,0.3,S
18,1,0.8,S
18,0,0.5,S
18,0,0.2,S
18,1,0.7,S
18,1,0.8,S
18,1,0.8,S
18,1,0.7,S
18,1,0.6,S
18,1,0.6,S
18,0,0.4,S
18,1,0.8,S
18,1,0.5,S
18,1,0.5,S
18,1,0.7,S
18,1,0.7,S
18,0,0.3,S
18,1,0.8,S
18,0,0.2,S
18,0,0.2,S
18,0,0.2,S
18,1,0.3,S
18,0,0.2,S
18,1,0.7,S
18,0,0.3,S
18,0,0.2,S
18,1,0.6,S
18,1,0.6,S
18,0,0.2,S
18,1,0.3,S
18,1,0.5,S
18,0,0.2,S
18,1,0.3,S
18,0,0.2,S
18,1,0.4,S
18,1,0.4,S
18,0,0.2,S
18,1,0.4,S
18,1,0.8,S
18,1,0.4,S
18,1,0.8,S
18,1,0.6,S
18,1,0.6,S
18,1,0.5,S
18,1,0.6,S
18,1,0.4,S
18,1,0.8,S
18,0,0.2,S
18,1,0.7,S
18,0,0.3,S
18,1,0.6,S
18,0,0.3,S
18,0,0.3,S
18,1,0.5,S
18,1,0.5,S
18,0,0.3,S
18,0,0.6,S
18,0,0.2,S
18,0,0.5,S
18,0,0.4,S
18,1,0.7,S
18,0,0.3,S
18,1,0.3,S
18,1,0.5,S
18,1,0.6,S
18,0,0.2,S
18,1,0.8,S
18,0,0.3,S
18,1,0.6,S
18,1,0.6,S
18,1,0.6,S
18,0,0.2,S
18,1,0.8,S
18,1,0.5,S
18,0,0.3,S
18,0,0.2,S
18,1,0.6,S
18,0,0.3,S
18,1,0.4,S
18,1,0.6,S
18,1,0.6,S
18,1,0.7,S
18,1,0.6,S
18,0,0.3,S
18,1,0.6,S
18,0,0.3,S
18,0,0.5,S
18,1,0.3,S
18,1,0.5,S
18,1,0.7,S
18,0,0.2,S
18,0,0.2,S
18,1,0.5,S
18,1,0.8,S
18,1,0.8,S
18,1,0.6,S
18,1,0.8,S
18,0,0.4,S
18,1,0.7,S
18,1,0.5,S
18,1,0.5,S
18,0,0.3,S
18,1,0.3,S
18,1,0.7,S
18,1,0.8,S
18,1,0.7,S
18,1,0.4,S
18,1,0.6,S
18,1,0.4,S
18,1,0.8,S
18,0,0.3,S
18,1,0.8,S
18,1,0.5,S
18,1,0.4,S
18,1,0.8,S
18,0,0.3,S
18,1,0.8,S
18,1,0.6,S
18,0,0.2,S
18,1,0.6,S
18,0,0.3,S
18,1,0.5,S
18,0,0.4,S
18,1,0.8,S
18,0,0.4,S
18,1,0.6,S
18,1,0.7,S
18,0,0.3,S
18,0,0.4,S
18,1,0.7,S
18,1,0.8,S
18,1,0.6,S
18,1,0.7,S
18,1,0.6,S
18,0,0.2,S
18,1,0.7,S
18,1,0.8,S
18,1,0.6,S
18,0,0.5,S
18,0,0.3,S
18,1,0.8,S
18,0,0.4,S
18,0,0.2,S
18,1,0.6,S
18,1,0.6,S
18,1,0.8,S
18,1,0.7,S
18,1,0.4,S
18,1,0.6,S
18,1,0.6,S
18,1,0.7,S
18,1,0.8,S
18,0,0.5,S
18,1,0.6,S
18,0,0.4,S
18,0,0.2,S
18,0,0.2,S
18,0,0.2,S
18,1,0.4,S
18,0,0.3,S
18,1,0.5,S
18,0,0.4,S
18,1,0.6,S
18,1,0.8,S
18,0,0.3,S
18,0,0.2,S
18,0,0.2,S
18,1,0.8,S
18,0,0.3,S
18,1,0.5,S
18,1,0.8,S
18,1,0.5,S
18,1,0.4,S
18,0,0.4,S
18,0,0.2,S
18,1,0.8,S
18,1,0.8,S
18,1,0.5,S
18,1,0.8,S
18,1,0.7,S
18,0,0.4,S
18,0,0.2,S
18,1,0.6,S
18,1,0.7,S
18,0,0.2,S
18,1,0.7,S
18,1,0.4,S
18,0,0.3,S
18,1,0.5,S
18,1,0.4,S
18,0,0.2,S
18,1,0.8,S
18,0,0.3,S
18,1,0.8,S
18,0,0.4,S
18,0,0.4,S
18,1,0.7,S
18,0,0.3,S
18,0,0.2,S
18,0,0.2,S
18,1,0.6,S
18,0,0.3,S
18,0,0.2,S
18,1,0.3,S
18,1,0.4,S
18,1,0.6,S
18,1,0.7,S
18,1,0.8,S
18,1,0.7,S
18,1,0.4,S
18,1,0.6,S
18,1,0.6,S
18,1,0.7,S
18,1,0.5,S
18,0,0.2,S
18,1,0.6,S
18,0,0.4,S
18,1,0.5,S
18,1,0.8,S
18,1,0.6,S
18,1,0.8,S
18,0,0.3,S
18,0,0.3,S
18,0,0.3,S
18,1,0.8,S
18,0,0.3,S
18,1,0.4,S
18,1,0.4,S
18,0,0.2,S
18,1,0.8,S
18,1,0.3,S
18,1,0.6,S
18,1,0.6,S
18,1,0.5,S
18,1,0.6,S
18,1,0.7,S
18,1,0.5,S
18,1,0.6,S
18,1,0.6,S
18,1,0.6,S
18,1,0.7,S
18,1,0.6,S
18,1,0.7,S
18,1,0.7,S
18,1,0.5,S
18,1,0.4,S
18,1,0.7,S
19,1,0.8,S
19,0,0.3,S
19,1,0.6,S
19,0,0.2,S
19,1,0.8,S
19,1,0.7,S
19,1,0.3,S
19,1,0.6,S
19,1,0.7,S
19,0,0.7,S
19,1,0.5,S
19,1,0.7,S
19,1,0.6,S
19,1,0.6,S
19,1,0.6,S
19,1,0.4,S
19,1,0.7,S
19,0,0.3,S
19,1,0.7,S
19,0,0.5,S
19,0,0.7,S
19,0,0.4,S
19,1,0.8,S
19,1,0.7,S
19,0,0.3,S
19,1,0.7,S
19,1,0.7,S
19,1,0.7,S
19,0,0.4,S
19,0,0.5,S
19,1,0.8,S
19,0,0.3,S
19,0,0.2,S
19,0,0.5,S
19,1,0.7,S
19,1,0.6,S
19,0,0.7,S
19,0,0.2,S
19,1,0.7,S
19,0,0.2,S
19,0,0.3,S
19,1,0.7,S
19,0,0.2,S
19,0,0.4,S
19,1,0.6,S
19,0,0.6,S
19,0,0.4,S
19,1,0.7,S
19,0,0.3,S
19,0,0.2,S
19,0,0.2,S
19,1,0.8,S
19,0,0.7,S
19,1,0.8,S
19,0,0.5,S
19,0,0.3,S
19,1,0.5,S
19,0,0.4,S
19,1,0.6,S
19,0,0.4,S
19,0,0.4,S
19,0,0.7,S
19,0,0.6,S
19,1,0.7,S
19,0,0.2,S
19,1,0.8,S
19,1,0.8,S
19,0,0.2,S
19,0,0.2,S
19,0,0.3,S
19,0,0.4,S
19,1,0.8,S
19,0,0.5,S
19,0,0.4,S
19,1,0.3,S
19,1,0.7,S
19,0,0.4,S
19,1,0.7,S
19,1,0.5,S
19,0,0.4,S
19,0,0.6,S
19,0,0.4,S
19,1,0.8,S
19,0,0.3,S
19,1,0.7,S
19,1,0.6,S
19,0,0.4,S
19,0,0.4,S
19,1,0.8,S
19,0,0.3,S
19,0,0.3,S
19,0,0.5,S
19,0,0.5,S
19,0,0.5,S
19,0,0.8,S
19,1,0.6,S
19,0,0.5,S
19,1,0.5,S
19,0,0.2,S
19,0,0.2,S
19,0,0.2,S
19,0,0.3,S
19,1,0.7,S
19,0,0.6,S
19,1,0.5,S
19,0,0.6,S
19,1,0.7,S
19,1,0.5,S
19,1,0.6,S
19,0,0.4,S
19,0,0.6,S
19,1,0.7,S
19,1,0.8,S
19,0,0.2,S
19,0,0.6,S
19,1,0.8,S
19,1,0.5,S
19,0,0.4,S
19,0,0.4,S
19,1,0.6,S
19,1,0.5,S
19,0,0.3,S
19,0,0.5,S
19,0,0.3,S
19,0,0.4,S
19,1,0.3,S
19,1,0.7,S
19,0,0.4,S
19,0,0.3,S
19,1,0.7,S
19,0,0.3,S
19,0,0.5,S
19,0,0.2,S
19,0,0.3,S
19,0,0.2,S
19,1,0.8,S
19,1,0.7,S
19,1,0.7,S
19,0,0.7,S
19,1,0.6,S
19,1,0.7,S
19,1,0.5,S
19,1,0.7,S
19,0,0.2,S
19,1,0.8,S
19,1,0.7,S
19,0,0.5,S
19,1,0.8,S
19,1,0.6,S
19,1,0.7,S
19,0,0.3,S
19,1,0.3,S
19,1,0.6,S
19,1,0.8,S
19,1,0.8,S
19,1,0.8,S
19,1,0.8,S
19,0,0.4,S
19,1,0.8,S
19,0,0.3,S
19,0,0.5,S
19,0,0.2,S
19,0,0.7,S
19,0,0.3,S
19,1,0.8,S
19,0,0.4,S
19,0,0.6,S
19,0,0.3,S
19,0,0.6,S
19,1,0.6,S
19,1,0.4,S
19,0,0.2,S
19,0,0.4,S
19,0,0.2,S
19,0,0.5,S
19,0,0.4,S
19,0,0.4,S
19,0,0.3,S
19,1,0.8,S
19,0,0.3,S
19,0,0.4,S
19,0,0.4,S
19,1,0.6,S
19,0,0.2,S
19,0,0.2,S
19,0,0.8,S
19,1,0.4,S
19,1,0.7,S
19,1,0.7,S
19,0,0.4,S
19,1,0.4,S
19,1,0.8,S
19,0,0.2,S
19,0,0.4,S
19,0,0.8,S
19,0,0.6,S
19,0,0.6,S
19,1,0.6,S
19,0,0.3,S
19,1,0.6,S
19,1,0.8,S
19,0,0.3,S
19,0,0.5,S
19,1,0.7,S
19,0,0.5,S
19,0,0.4,S
19,0,0.4,S
19,0,0.3,S
19,0,0.4,S
19,0,0.5,S
19,0,0.6,S
19,0,0.2,S
19,0,0.4,S
19,1,0.5,S
19,1,0.8,S
19,1,0.7,S
19,0,0.2,S
19,0,0.3,S
19,0,0.5,S
19,0,0.4,S
19,0,0.4,S
19,0,0.3,S
19,1,0.6,S
19,1,0.5,S
19,0,0.2,S
19,1,0.7,S
19,1,0.7,S
19,0,0.3,S
19,0,0.6,S
19,1,0.3,S
19,0,0.5,S
19,1,0.8,S
19,0,0.5,S
19,0,0.5,S
19,1,0.4,S
19,0,0.6,S
19,1,0.4,S
19,1,0.8,S
19,0,0.2,S
19,1,0.5,S
19,1,0.8,S
19,0,0.3,S
19,1,0.5,S
19,1,0.6,S
19,0,0.2,S
19,0,0.2,S
19,0,0.6,S
19,1,0.6,S
19,0,0.3,S
19,1,0.5,S
19,0,0.2,S
19,1,0.5,S
19,1,0.6,S
19,1,0.7,S
19,1,0.4,S
19,1,0.5,S
19,1,0.5,S
19,1,0.5,S
19,0,0.4,S
19,1,0.8,S
19,1,0.6,S
19,0,0.4,S
19,1,0.7,S
19,0,0.3,S
19,0,0.2,S
19,1,0.6,S
19,1,0.6,S
19,0,0.5,S
19,0,0.2,S
19,1,0.8,S
19,0,0.2,S
19,1,0.3,S
19,0,0.2,S
19,0,0.2,S
19,1,0.7,S
19,1,0.5,S
19,1,0.6,S
19,0,0.2,S
19,1,0.5,S
19,1,0.5,S
19,0,0.3,S
19,1,0.2,S
19,0,0.3,S
19,1,0.7,S
19,1,0.8,S
19,0,0.4,S
19,0,0.2,S
19,1,0.6,S
19,1,0.8,S
19,1,0.7,S
19,0,0.3,S
19,0,0.5,S
19,1,0.8,S
19,1,0.6,S
19,0,0.2,S
19,0,0.2,S
19,0,0.3,S
19,0,0.2,S
19,0,0.5,S
20,1,0.6,S
20,1,0.3,S
20,1,0.7,S
20,0,0.3,S
20,1,0.8,S
20,1,0.4,S
20,0,0.3,S
20,1,0.4,S
20,1,0.7,S
20,1,0.5,S
20,1,0.6,S
20,0,0.3,S
20,0,0.3,S
20,1,0.6,S
20,1,0.7,S
20,0,0.4,S
20,1,0.7,S
20,0,0.4,S
20,0,0.4,S
20,1,0.5,S
20,1,0.7,S
20,1,0.6,S
20,0,0.2,S
20,0,0.3,S
20,1,0.8,S
20,1,0.4,S
20,0,0.2,S
20,0,0.3,S
20,0,0.3,S
20,0,0.4,S
20,1,0.8,S
20,1,0.5,S
20,0,0.4,S
20,1,0.5,S
20,1,0.5,S
20,1,0.5,S
20,1,0.7,S
20,1,0.4,S
20,1,0.5,S
20,1,0.4,S
20,0,0.4,S
20,1,0.5,S
20,1,0.4,S
20,1,0.2,S
20,1,0.6,S
20,1,0.8,S
20,0,0.3,S
20,1,0.8,S
20,1,0.5,S
20,1,0.6,S
20,0,0.3,S
20,0,0.4,S
20,0,0.4,S
20,1,0.7,S
20,1,0.6,S
20,1,0.7,S
20,1,0.5,S
20,0,0.2,S
20,1,0.7,S
20,1,0.7,S
20,1,0.8,S
20,1,0.7,S
20,1,0.5,S
20,1,0.7,S
20,1,0.6,S
20,1,0.6,S
20,1,0.7,S
20,1,0.4,S
20,0,0.4,S
20,0,0.4,S
20,0,0.3,S
20,1,0.7,S
20,0,0.4,S
20,1,0.5,S
20,0,0.2,S
20,1,0.6,S
20,1,0.8,S
20,0,0.4,S
20,1,0.8,S
20,1,0.6,S
20,1,0.8,S
20,0,0.2,S
20,0,0.3,S
20,0,0.4,S
20,0,0.6,S
20,1,0.8,S
20,0,0.6,S
20,0,0.3,S
20,1,0.8,S
20,0,0.6,S
20,1,0.7,S
20,0,0.2,S
20,0,0.4,S
20,0,0.4,S
20,0,0.5,S
20,0,0.5,S
20,0,0.2,S
20,0,0.4,S
20,1,0.6,S
20,0,0.8,S
20,1,0.8,S
20,0,0.4,S
20,0,0.4,S
20,0,0.2,S
20,1,0.8,S
20,1,0.8,S
20,0,0.5,S
20,1,0.7,S
20,1,0.7,S
20,0,0.5,S
20,0,0.2,S
20,0,0.6,S
20,1,0.8,S
20,0,0.5,S
20,0,0.3,S
20,0,0.4,S
20,0,0.2,S
20,0,0.2,S
20,0,0.2,S
20,1,0.8,S
20,0,0.6,S
20,0,0.5,S
20,0,0.2,S
20,1,0.7,S
20,1,0.8,S
20,0,0.2,S
20,1,0.8,S
20,0,0.2,S
20,0,0.5,S
20,1,0.8,S
20,0,0.2,S
20,0,0.6,S
20,0,0.6,S
20,0,0.5,S
20,0,0.4,S
20,1,0.7,S
20,0,0.5,S
20,1,0.8,S
20,0,0.2,S
20,0,0.3,S
20,0,0.6,S
20,0,0.2,S
20,0,0.2,S
20,0,0.2,S
20,1,0.8,S
20,1,0.7,S
20,1,0.7,S
20,0,0.3,S
20,1,0.8,S
20,0,0.4,S
20,0,0.6,S
20,1,0.7,S
20,0,0.3,S
20,1,0.5,S
20,1,0.8,S
20,1,0.6,S
20,1,0.4,S
20,0,0.2,S
20,0,0.4,S
20,1,0.8,S
20,1,0.6,S
20,0,0.4,S
20,1,0.8,S
20,1,0.6,S
20,1,0.7,S
20,0,0.4,S
20,1,0.8,S
20,0,0.4,S
20,1,0.7,S
20,0,0.4,S
20,1,0.7,S
20,1,0.7,S
20,1,0.5,S
20,1,0.3,S
20,0,0.7,S
20,0,0.2,S
20,1,0.5,S
20,1,0.8,S
20,1,0.6,S
20,0,0.2,S
20,1,0.5,S
20,1,0.7,S
20,1,0.7,S
20,0,0.2,S
20,0,0.2,S
20,1,0.7,S
20,1,0.7,S
20,1,0.6,S
20,1,0.5,S
20,1,0.7,S
20,1,0.5,S
20,1,0.7,S
20,0,0.3,S
20,0,0.2,S
20,1,0.6,S
20,1,0.8,S
20,1,0.8,S
20,1,0.8,S
20,1,0.5,S
20,1,0.7,S
20,1,0.6,S
20,1,0.7,S
20,0,0.2,S
20,1,0.8,S
20,0,0.5,S
20,0,0.4,S
20,0,0.2,S
20,0,0.3,S
20,0,0.3,S
20,0,0.4,S
20,1,0.8,S
20,0,0.4,S
20,0,0.4,S
20,0,0.2,S
20,1,0.8,S
20,0,0.4,S
20,0,0.5,S
20,1,0.6,S
20,0,0.4,S
20,1,0.4,S
20,1,0.7,S
20,0,0.2,S
20,0,0.2,S
20,1,0.8,S
20,1,0.7,S
20,0,0.3,S
20,0,0.2,S
20,0,0.5,S
20,0,0.3,S
20,0,0.3,S
20,1,0.7,S
20,0,0.4,S
20,0,0.3,S
20,0,0.2,S
20,1,0.5,S
20,1,0.4,S
20,1,0.6,S
20,1,0.5,S
20,0,0.3,S
20,0,0.3,S
20,0,0.4,S
20,1,0.6,S
20,1,0.2,S
20,0,0.3,S
20,0,0.3,S
20,1,0.6,S
20,1,0.8,S
20,1,0.4,S
20,1,0.5,S
20,0,0.3,S
20,1,0.4,S
20,0,0.2,S
20,1,0.5,S
20,1,0.5,S
20,1,0.5,S
20,0,0.5,S
20,1,0.4,S
20,1,0.8,S
20,1,0.8,S
20,0,0.3,S
20,1,0.5,S
20,1,0.7,S
20,0,0.2,S
20,0,0.4,S
20,0,0.3,S
20,1,0.6,S
20,1,0.5,S
20,1,0.7,S
20,0,0.4,S
20,0,0.2,S
20,1,0.6,S
20,0,0.3,S
20,1,0.7,S
20,1,0.5,S
20,1,0.7,S
20,0,0.4,S
20,1,0.5,S
20,1,0.5,S
20,1,0.8,S
20,0,0.2,S
20,0,0.3,S
20,0,0.5,S
20,1,0.7,S
20,0,0.4,S
20,0,0.4,S
20,0,0.4,S
20,1,0.5,S
20,0,0.3,S
20,1,0.6,S
20,0,0.3,S
20,1,0.6,S
21,0,0.5,S
21,0,0.3,S
21,1,0.6,S
21,1,0.7,S
21,1,0.3,S
21,1,0.4,S
21,0,0.3,S
21,1,0.7,S
21,1,0.6,S
21,0,0.3,S
21,1,0.7,S
21,1,0.6,S
21,0,0.2,S
21,0,0.2,S
21,0,0.2,S
21,1,0.7,S
21,0,0.2,S
21,0,0.3,S
21,1,0.8,S
21,0,0.3,S
21,1,0.3,S
21,1,0.8,S
21,1,0.3,S
21,1,0.8,S
21,1,0.4,S
21,0,0.6,S
21,0,0.3,S
21,1,0.5,S
21,0,0.2,S
21,1,0.8,S
21,0,0.4,S
21,0,0.2,S
21,1,0.7,S
21,1,0.7,S
21,1,0.7,S
21,0,0.7,S
21,0,0.2,S
21,1,0.8,S
21,1,0.4,S
21,0,0.5,S
21,0,0.4,S
21,0,0.3,S
21,0,0.2,S
21,0,0.4,S
21,0,0.5,S
21,0,0.3,S
21,1,0.7,S
21,1,0.6,S
21,1,0.8,S
21,0,0.6,S
21,1,0.2,S
21,0,0.5,S
21,1,0.6,S
21,1,0.6,S
21,0,0.2,S
21,1,0.4,S
21,0,0.4,S
21,1,0.7,S
21,1,0.8,S
21,1,0.8,S
21,0,0.4,S
21,1,0.7,S
21,1,0.4,S
21,1,0.4,S
21,0,0.5,S
21,0,0.3,S
21,0,0.2,S
21,1,0.5,S
21,1,0.8,S
21,1,0.7,S
21,1,0.7,S
21,0,0.2,S
21,0,0.2,S
21,0,0.2,S
21,1,0.6,S
21,0,0.7,S
21,1,0.4,S
21,1,0.5,S
21,1,0.6,S
21,1,0.7,S
21,1,0.6,S
21,1,0.4,S
21,1,0.5,S
21,1,0.8,S
21,1,0.6,S
21,0,0.2,S
21,0,0.7,S
21,1,0.6,S
21,1,0.6,S
21,1,0.6,S
21,1,0.6,S
21,1,0.8,S
21,0,0.3,S
21,0,0.3,S
21,1,0.6,S
21,0,0.3,S
21,0,0.6,S
21,0,0.2,S
21,0,0.3,S
21,0,0.5,S
21,1,0.6,S
21,1,0.4,S
21,1,0.5,S
21,1,0.7,S
21,1,0.3,S
21,0,0.3,S
21,0,0.2,S
21,1,0.4,S
21,0,0.4,S
21,0,0.2,S
21,0,0.6,S
21,0,0.5,S
21,1,0.8,S
21,1,0.7,S
21,0,0.2,S
21,1,0.8,S
21,0,0.2,S
21,0,0.5,S
21,0,0.3,S
21,0,0.4,S
21,1,0.5,S
21,1,0.7,S
21,0,0.3,S
21,1,0.7,S
21,1,0.5,S
21,0,0.4,S
21,0,0.3,S
21,1,0.7,S
21,0,0.5,S
21,0,0.4,S
21,0,0.7,S
21,0,0.3,S
21,1,0.4,S
21,1,0.7,S
21,1,0.7,S
21,0,0.6,S
21,0,0.2,S
21,0,0.4,S
21,1,0.5,S
21,1,0.4,S
21,0,0.2,S
21,0,0.2,S
21,0,0.4,S
21,1,0.8,S
21,0,0.3,S
21,0,0.8,S
21,1,0.8,S
21,0,0.3,S
21,1,0.8,S
21,0,0.6,S
21,0,0.2,S
21,1,0.7,S
21,1,0.6,S
21,0,0.7,S
21,0,0.3,S
21,1,0.7,S
21,1,0.6,S
21,0,0.4,S
21,0,0.2,S
21,1,0.8,S
21,0,0.4,S
21,0,0.4,S
21,0,0.3,S
21,1,0.7,S
21,1,0.8,S
21,0,0.4,S
21,0,0.2,S
21,1,0.6,S
21,1,0.5,S
21,0,0.2,S
21,1,0.6,S
21,1,0.7,S
21,0,0.2,S
21,0,0.2,S
21,1,0.6,S
21,1,0.8,S
21,0,0.4,S
21,1,0.6,S
21,1,0.7,S
21,0,0.3,S
21,1,0.6,S
21,0,0.4,S
21,1,0.6,S
21,1,0.6,S
21,1,0.7,S
21,1,0.4,S
21,0,0.5,S
21,0,0.4,S
21,0,0.4,S
21,0,0.2,S
21,0,0.4,S
21,0,0.3,S
21,0,0.5,S
21,0,0.3,S
21,0,0.3,S
21,1,0.8,S
21,1,0.8,S
21,0,0.2,S
21,1,0.7,S
21,1,0.4,S
21,0,0.3,S
21,0,0.4,S
21,1,0.6,S
21,1,0.5,S
21,1,0.8,S
21,1,0.5,S
21,1,0.3,S
21,1,0.4,S
21,0,0.5,S
21,1,0.8,S
21,1,0.6,S
21,1,0.6,S
21,0,0.3,S
21,1,0.4,S
21,0,0.3,S
21,0,0.2,S
21,0,0.3,S
21,0,0.3,S
21,0,0.2,S
21,0,0.4,S
21,0,0.6,S
21,0,0.4,S
21,1,0.7,S
21,0,0.8,S
21,1,0.8,S
21,0,0.3,S
21,0,0.5,S
21,0,0.3,S
21,0,0.2,S
21,0,0.3,S
21,1,0.2,S
21,1,0.8,S
21,1,0.7,S
21,1,0.7,S
21,1,0.8,S
21,1,0.8,S
21,1,0.6,S
21,1,0.8,S
21,0,0.4,S
21,0,0.3,S
21,1,0.4,S
21,1,0.7,S
21,1,0.7,S
21,0,0.3,S
21,1,0.6,S
21,1,0.6,S
21,1,0.8,S
21,0,0.5,S
21,0,0.5,S
21,1,0.7,S
21,1,0.7,S
21,1,0.7,S
21,0,0.5,S
21,1,0.7,S
21,1,0.7,S
21,0,0.3,S
21,0,0.8,S
21,1,0.8,S
21,1,0.5,S
21,0,0.2,S
21,0,0.5,S
21,0,0.4,S
21,0,0.2,S
21,0,0.6,S
21,0,0.2,S
21,1,0.8,S
21,1,0.7,S
21,0,0.6,S
21,1,0.8,S
21,1,0.6,S
21,1,0.8,S
21,1,0.5,S
21,0,0.2,S
21,1,0.8,S
21,0,0.4,S
21,0,0.2,S
21,1,0.6,S
21,1,0.5,S
21,0,0.2,S
21,1,0.7,S
21,1,0.6,S
21,0,0.3,S
21,0,0.6,S
21,1,0.4,S
21,0,0.2,S
21,0,0.3,S
21,0,0.7,S
21,0,0.2,S
21,0,0.3,S
21,1,0.5,S
21,1,0.6,S
21,1,0.7,S
21,1,0.7,S
21,0,0.2,S
21,1,0.8,S
21,0,0.2,S
21,1,0.8,S
21,0,0.5,S
21,0,0.8,S
21,0,0.4,S
21,0,0.4,S
21,0,0.4,S
21,0,0.5,S
21,1,0.6,S
21,0,0.6,S
21,1,0.8,S
21,1,0.7,S
21,0,0.2,S
21,0,0.5,S
22,1,0.7,S
22,0,0.3,S
22,0,0.2,S
22,0,0.4,S
22,1,0.3,S
22,1,0.5,S
22,1,0.7,S
22,0,0.3,S
22,1,0.6,S
22,1,0.5,S
22,0,0.3,S
22,1,0.6,S
22,0,0.4,S
22,0,0.3,S
22,1,0.6,S
22,1,0.6,S
22,1,0.6,S
22,1,0.8,S
22,1,0.5,S
22,0,0.6,S
22,0,0.4,S
22,0,0.4,S
22,1,0.7,S
22,1,0.3,S
22,0,0.3,S
22,0,0.2,S
22,1,0.7,S
22,1,0.8,S
22,1,0.6,S
22,0,0.3,S
22,0,0.3,S
22,1,0.7,S
22,0,0.2,S
22,1,0.8,S
22,0,0.2,S
22,0,0.2,S
22,0,0.5,S
22,1,0.7,S
22,1,0.7,S
22,0,0.4,S
22,1,0.5,S
22,0,0.2,S
22,1,0.6,S
22,0,0.2,S
22,1,0.5,S
22,0,0.4,S
22,1,0.5,S
22,1,0.7,S
22,1,0.6,S
22,0,0.2,S
22,0,0.2,S
22,1,0.5,S
22,0,0.4,S
22,1,0.5,S
22,0,0.3,S
22,0,0.2,S
22,0,0.2,S
22,0,0.5,S
22,1,0.8,S
22,1,0.7,S
22,1,0.6,S
22,0,0.2,S
22,1,0.7,S
22,1,0.8,S
22,1,0.7,S
22,1,0.5,S
22,1,0.7,S
22,1,0.7,S
22,1,0.7,S
22,0,0.4,S
22,1,0.8,S
22,1,0.8,S
22,0,0.2,S
22,1,0.7,S
22,1,0.4,S
22,0,0.4,S
22,1,0.6,S
22,1,0.7,S
22,1,0.5,S
22,1,0.4,S
22,1,0.7,S
22,1,0.8,S
22,1,0.8,S
22,0,0.2,S
22,1,0.6,S
22,1,0.8,S
22,0,0.2,S
22,1,0.7,S
22,0,0.4,S
22,0,0.2,S
22,1,0.6,S
22,0,0.4,S
22,1,0.7,S
22,0,0.2,S
22,0,0.2,S
22,1,0.5,S
22,0,0.2,S
22,0,0.3,S
22,0,0.4,S
22,1,0.6,S
22,1,0.5,S
22,1,0.7,S
22,1,0.3,S
22,0,0.2,S
22,0,0.3,S
22,1,0.7,S
22,1,0.7,S
22,0,0.2,S
22,1,0.6,S
22,1,0.8,S
22,1,0.7,S
22,1,0.8,S
22,1,0.8,S
22,0,0.3,S
22,1,0.6,S
22,1,0.7,S
22,1,0.7,S
22,0,0.3,S
22,0,0.2,S
22,0,0.6,S
22,0,0.8,S
22,0,0.6,S
22,1,0.6,S
22,1,0.8,S
22,0,0.2,S
22,1,0.8,S
22,1,0.7,S
22,0,0.4,S
22,1,0.7,S
22,1,0.7,S
22,1,0.7,S
22,1,0.7,S
22,0,0.4,S
22,1,0.8,S
22,1,0.8,S
22,1,0.8,S
22,1,0.5,S
22,1,0.8,S
22,1,0.7,S
22,0,0.5,S
22,1,0.6,S
22,1,0.5,S
22,0,0.2,S
22,1,0.8,S
22,1,0.5,S
22,1,0.7,S
22,1,0.8,S
22,0,0.2,S
22,1,0.6,S
22,0,0.5,S
22,1,0.7,S
22,0,0.2,S
22,1,0.5,S
22,1,0.6,S
22,1,0.8,S
22,0,0.4,S
22,0,0.2,S
22,1,0.5,S
22,0,0.2,S
22,0,0.3,S
22,0,0.2,S
22,1,0.8,S
22,1,0.8,S
22,0,0.2,S
22,1,0.8,S
22,0,0.6,S
22,0,0.3,S
22,0,0.2,S
22,1,0.6,S
22,1,0.6,S
22,1,0.8,S
22,0,0.4,S
22,1,0.5,S
22,0,0.3,S
22,1,0.8,S
22,0,0.5,S
22,1,0.7,S
22,1,0.7,S
22,1,0.6,S
22,1,0.6,S
22,0,0.3,S
22,1,0.8,S
22,0,0.4,S
22,1,0.7,S
22,1,0.5,S
22,0,0.5,S
22,1,0.6,S
22,0,0.2,S
22,0,0.3,S
22,0,0.4,S
22,1,0.5,S
22,1,0.8,S
22,0,0.3,S
22,0,0.5,S
22,0,0.3,S
22,1,0.8,S
22,0,0.5,S
22,1,0.6,S
22,1,0.7,S
22,1,0.7,S
22,1,0.6,S
22,1,0.6,S
22,0,0.3,S
22,1,0.7,S
22,0,0.3,S
22,1,0.7,S
22,0,0.2,S
22,0,0.3,S
22,0,0.5,S
22,0,0.6,S
22,1,0.7,S
22,1,0.3,S
22,1,0.7,S
22,0,0.5,S
22,0,0.5,S
22,0,0.3,S
22,1,0.6,S
22,0,0.6,S
22,1,0.6,S
22,0,0.3,S
22,1,0.7,S
22,1,0.6,S
22,0,0.4,S
22,0,0.3,S
22,1,0.7,S
22,0,0.4,S
22,0,0.6,S
22,1,0.8,S
22,1,0.6,S
22,1,0.7,S
22,0,0.2,S
22,1,0.8,S
22,0,0.2,S
22,0,0.3,S
22,1,0.7,S
22,1,0.7,S
22,0,0.3,S
22,1,0.7,S
22,0,0.6,S
22,0,0.3,S
22,0,0.4,S
22,0,0.3,S
22,0,0.3,S
22,1,0.7,S
22,0,0.3,S
22,0,0.2,S
22,0,0.4,S
22,0,0.3,S
22,1,0.5,S
22,1,0.7,S
22,0,0.3,S
22,1,0.6,S
22,1,0.5,S
22,0,0.3,S
22,1,0.6,S
22,0,0.4,S
22,0,0.3,S
22,1,0.6,S
22,1,0.6,S
22,1,0.6,S
22,1,0.8,S
22,1,0.5,S
22,1,0.6,S
22,0,0.4,S
22,0,0.4,S
22,1,0.7,S
22,0,0.3,S
22,0,0.3,S
22,0,0.2,S
22,0,0.7,S
22,1,0.8,S
22,0,0.6,S
22,0,0.3,S
22,0,0.3,S
22,1,0.7,S
22,0,0.2,S
22,1,0.8,S
22,0,0.2,S
22,0,0.2,S
22,0,0.5,S
22,1,0.7,S
22,0,0.7,S
22,0,0.4,S
22,0,0.5,S
22,0,0.2,S
22,1,0.6,S
22,0,0.2,S
22,0,0.5,S
22,0,0.4,S
22,1,0.5,S
22,1,0.7,S
22,1,0.6,S
22,0,0.2,S
22,0,0.2,S
22,1,0.5,S
22,0,0.4,S
22,0,0.5,S
22,0,0.3,S
22,0,0.2,S
22,0,0.2,S
22,0,0.5,S
22,1,0.8,S
22,1,0.7,S
22,1,0.6,S
22,0,0.2,S
22,1,0.7,S
22,1,0.8,S
22,1,0.7,S
22,0,0.5,S
22,1,0.7,S
22,1,0.7,S
22,1,0.7,S
22,0,0.4,S
22,1,0.8,S
22,0,0.8,S
22,0,0.2,S
22,1,0.7,S
22,1,0.4,S
22,0,0.4,S
22,1,0.6,S
22,1,0.7,S
23,1,0.7,S
23,1,0.2,S
23,1,0.8,S
23,1,0.3,S
23,1,0.2,S
23,0,0.2,S
23,0,0.5,S
23,0,0.5,S
23,1,0.6,S
23,1,0.7,S
23,1,0.7,S
23,1,0.4,S
23,1,0.3,S
23,1,0.6,S
23,1,0.6,S
23,1,0.6,S
23,1,0.7,S
23,1,0.8,S
23,0,0.5,S
23,0,0.4,S
23,0,0.6,S
23,0,0.4,S
23,0,0.2,S
23,1,0.6,S
23,1,0.5,S
23,1,0.5,S
23,0,0.4,S
23,1,0.8,S
23,0,0.4,S
23,1,0.5,S
23,0,0.6,S
23,1,0.5,S
23,0,0.2,S
23,1,0.3,S
23,1,0.8,S
23,1,0.8,S
23,1,0.6,S
23,1,0.3,S
23,0,0.3,S
23,0,0.3,S
23,1,0.7,S
23,1,0.5,S
23,1,0.4,S
23,1,0.7,S
23,0,0.2,S
23,0,0.5,S
23,1,0.8,S
23,0,0.5,S
23,0,0.2,S
23,0,0.3,S
23,1,0.6,S
23,1,0.6,S
23,0,0.3,S
23,0,0.3,S
23,1,0.8,S
23,0,0.4,S
23,1,0.8,S
23,0,0.2,S
23,0,0.5,S
23,1,0.4,S
23,1,0.8,S
23,1,0.6,S
23,1,0.5,S
23,1,0.8,S
23,0,0.5,S
23,1,0.4,S
23,1,0.6,S
23,1,0.2,S
23,1,0.4,S
23,1,0.7,S
23,1,0.7,S
23,1,0.6,S
23,1,0.5,S
23,1,0.7,S
23,0,0.2,S
23,1,0.6,S
23,0,0.4,S
23,0,0.3,S
23,1,0.7,S
23,0,0.4,S
23,1,0.4,S
23,1,0.3,S
23,0,0.6,S
23,0,0.3,S
23,1,0.5,S
23,1,0.6,S
23,0,0.3,S
23,0,0.3,S
23,0,0.6,S
23,0,0.2,S
23,0,0.5,S
23,0,0.2,S
23,0,0.4,S
23,1,0.7,S
23,1,0.8,S
23,0,0.5,S
23,1,0.8,S
23,0,0.2,S
23,0,0.3,S
23,1,0.8,S
23,1,0.4,S
23,1,0.6,S
23,1,0.8,S
23,1,0.7,S
23,1,0.7,S
23,0,0.3,S
23,0,0.5,S
23,1,0.8,S
23,0,0.4,S
23,0,0.5,S
23,0,0.2,S
23,0,0.7,S
23,1,0.8,S
23,0,0.3,S
23,0,0.4,S
23,0,0.2,S
23,0,0.2,S
23,0,0.3,S
23,1,0.8,S
23,0,0.6,S
23,0,0.3,S
23,0,0.4,S
23,1,0.8,S
23,1,0.5,S
23,1,0.5,S
23,1,0.4,S
23,0,0.3,S
23,1,0.7,S
23,0,0.3,S
23,0,0.3,S
23,1,0.8,S
23,0,0.2,S
23,0,0.3,S
23,0,0.4,S
23,1,0.7,S
23,0,0.4,S
23,0,0.3,S
23,1,0.5,S
23,1,0.5,S
23,1,0.6,S
23,0,0.2,S
23,0,0.2,S
23,0,0.5,S
23,1,0.5,S
23,0,0.2,S
23,1,0.6,S
23,0,0.4,S
23,1,0.7,S
23,1,0.8,S
23,0,0.2,S
23,1,0.7,S
23,0,0.3,S
23,0,0.5,S
23,0,0.2,S
23,0,0.4,S
23,0,0.8,S
23,1,0.5,S
23,1,0.4,S
23,0,0.8,S
23,1,0.4,S
23,1,0.4,S
23,1,0.5,S
23,1,0.8,S
23,0,0.5,S
23,0,0.5,S
23,1,0.6,S
23,1,0.7,S
23,1,0.7,S
23,0,0.7,S
23,0,0.5,S
23,0,0.4,S
23,1,0.5,S
23,0,0.3,S
23,1,0.8,S
23,0,0.2,S
23,1,0.8,S
23,0,0.8,S
23,0,0.2,S
23,0,0.4,S
23,0,0.4,S
23,0,0.4,S
23,0,0.4,S
23,0,0.5,S
23,0,0.6,S
23,0,0.6,S
23,1,0.8,S
23,1,0.7,S
23,1,0.5,S
23,0,0.2,S
23,1,0.6,S
23,1,0.7,S
23,0,0.2,S
23,1,0.7,S
23,1,0.7,S
23,0,0.2,S
23,1,0.8,S
23,0,0.2,S
23,0,0.2,S
23,1,0.7,S
23,1,0.8,S
23,1,0.7,S
23,0,0.3,S
23,0,0.7,S
23,1,0.6,S
23,0,0.4,S
23,0,0.5,S
23,0,0.4,S
23,1,0.7,S
23,1,0.5,S
23,0,0.2,S
23,0,0.2,S
23,0,0.3,S
23,1,0.6,S
23,0,0.7,S
23,0,0.2,S
23,1,0.8,S
23,1,0.8,S
23,0,0.6,S
23,0,0.3,S
23,0,0.4,S
23,0,0.2,S
23,0,0.3,S
23,0,0.6,S
23,0,0.8,S
23,0,0.2,S
23,1,0.8,S
23,0,0.3,S
23,0,0.5,S
23,1,0.2,S
23,1,0.8,S
23,1,0.8,S
23,1,0.4,S
23,1,0.8,S
23,1,0.5,S
23,0,0.2,S
23,1,0.8,S
23,1,0.5,S
23,1,0.6,S
23,1,0.7,S
23,1,0.4,S
23,1,0.6,S
23,0,0.3,S
23,1,0.7,S
23,1,0.5,S
23,0,0.3,S
23,1,0.4,S
23,1,0.5,S
23,0,0.2,S
23,0,0.2,S
23,1,0.5,S
23,1,0.5,S
23,0,0.3,S
23,1,0.7,S
23,0,0.4,S
23,0,0.6,S
23,1,0.8,S
23,0,0.3,S
23,1,0.8,S
23,0,0.2,S
23,0,0.5,S
23,0,0.2,S
23,1,0.3,S
23,0,0.3,S
23,1,0.8,S
23,1,0.7,S
23,1,0.5,S
23,1,0.8,S
23,1,0.7,S
23,1,0.5,S
23,0,0.2,S
23,1,0.6,S
23,1,0.7,S
23,0,0.6,S
23,0,0.2,S
23,1,0.4,S
23,1,0.7,S
23,1,0.5,S
23,0,0.4,S
23,1,0.8,S
23,1,0.4,S
23,1,0.6,S
23,1,0.7,S
23,1,0.4,S
23,1,0.7,S
23,1,0.6,S
23,1,0.5,S
23,1,0.5,S
23,1,0.8,S
23,1,0.7,S
23,1,0.3,S
23,1,0.2,S
23,1,0.8,S
23,1,0.4,S
23,1,0.7,S
23,1,0.5,S
23,0,0.5,S
23,1,0.8,S
23,1,0.8,S
23,1,0.8,S
23,1,0.2,S
23,1,0.2,S
23,1,0.3,S
23,0,0.2,S
23,1,0.5,S
23,1,0.4,S
23,1,0.7,S
23,1,0.3,S
24,0,0.5,S
24,1,0.8,S
24,1,0.6,S
24,1,0.8,S
24,1,0.4,S
24,1,0.6,S
24,1,0.6,S
24,1,0.5,S
24,0,0.2,S
24,1,0.7,S
24,1,0.7,S
24,1,0.6,S
24,1,0.6,S
24,0,0.3,S
24,0,0.4,S
24,0,0.4,S
24,1,0.8,S
24,1,0.5,S
24,1,0.4,S
24,1,0.8,S
24,0,0.5,S
24,0,0.2,S
24,1,0.3,S
24,0,0.3,S
24,1,0.6,S
24,1,0.5,S
24,1,0.6,S
24,1,0.7,S
24,1,0.7,S
24,1,0.6,S
24,0,0.4,S
24,0,0.2,S
24,1,0.7,S
24,0,0.7,S
24,1,0.8,S
24,0,0.7,S
24,0,0.4,S
24,0,0.4,S
24,1,0.8,S
24,1,0.6,S
24,1,0.7,S
24,0,0.3,S
24,1,0.6,S
24,1,0.7,S
24,1,0.7,S
24,1,0.8,S
24,0,0.3,S
24,0,0.4,S
24,0,0.2,S
24,0,0.3,S
24,1,0.7,S
24,0,0.5,S
24,0,0.6,S
24,0,0.2,S
24,0,0.2,S
24,0,0.2,S
24,1,0.7,S
24,0,0.5,S
24,0,0.3,S
24,1,0.8,S
24,1,0.8,S
24,1,0.8,S
24,1,0.6,S
24,1,0.7,S
24,0,0.2,S
24,1,0.6,S
24,0,0.4,S
24,1,0.6,S
24,0,0.3,S
24,1,0.2,S
24,0,0.2,S
24,0,0.3,S
24,0,0.4,S
24,0,0.2,S
24,1,0.7,S
24,1,0.5,S
24,0,0.5,S
24,1,0.7,S
24,1,0.7,S
24,1,0.6,S
24,1,0.8,S
24,1,0.8,S
24,1,0.5,S
24,1,0.3,S
24,1,0.8,S
24,1,0.8,S
24,1,0.8,S
24,1,0.3,S
24,0,0.6,S
24,0,0.4,S
24,1,0.3,S
24,1,0.5,S
24,1,0.7,S
24,1,0.8,S
24,1,0.5,S
24,1,0.5,S
24,0,0.2,S
24,1,0.6,S
24,1,0.6,S
24,0,0.5,S
24,1,0.8,S
24,0,0.3,S
24,0,0.3,S
24,0,0.2,S
24,1,0.6,S
24,0,0.2,S
24,0,0.2,S
24,0,0.3,S
24,1,0.6,S
24,0,0.3,S
24,1,0.8,S
24,0,0.6,S
24,0,0.2,S
24,0,0.2,S
24,0,0.5,S
24,1,0.8,S
24,1,0.8,S
24,0,0.3,S
24,0,0.2,S
24,1,0.7,S
24,1,0.7,S
24,1,0.7,S
24,0,0.3,S
24,0,0.5,S
24,1,0.5,S
24,1,0.7,S
24,0,0.4,S
24,1,0.7,S
24,0,0.2,S
24,0,0.4,S
24,0,0.4,S
24,0,0.3,S
24,0,0.4,S
24,0,0.6,S
24,0,0.3,S
24,1,0.8,S
24,0,0.3,S
24,0,0.5,S
24,1,0.8,S
24,1,0.6,S
24,0,0.5,S
24,0,0.3,S
24,0,0.2,S
24,1,0.4,S
24,1,0.8,S
24,1,0.6,S
24,0,0.2,S
24,1,0.8,S
24,1,0.4,S
24,1,0.8,S
24,0,0.2,S
24,1,0.8,S
24,1,0.6,S
24,1,0.4,S
24,0,0.2,S
24,1,0.8,S
24,1,0.5,S
24,1,0.4,S
24,1,0.6,S
24,1,0.5,S
24,1,0.8,S
24,1,0.8,S
24,1,0.8,S
24,0,0.2,S
24,1,0.5,S
24,1,0.3,S
24,0,0.2,S
24,0,0.2,S
24,1,0.7,S
24,0,0.3,S
24,1,0.6,S
24,1,0.6,S
24,0,0.3,S
24,1,0.5,S
24,1,0.5,S
24,1,0.6,S
24,1,0.5,S
24,0,0.2,S
24,0,0.3,S
24,1,0.8,S
24,1,0.8,S
24,1,0.5,S
24,1,0.6,S
24,1,0.7,S
24,1,0.3,S
24,0,0.2,S
24,0,0.2,S
24,1,0.7,S
24,1,0.8,S
24,0,0.2,S
24,0,0.2,S
24,1,0.5,S
24,0,0.3,S
24,0,0.2,S
24,1,0.7,S
24,1,0.2,S
24,0,0.3,S
24,0,0.4,S
24,0,0.3,S
24,1,0.6,S
24,1,0.5,S
24,1,0.8,S
24,0,0.3,S
24,1,0.6,S
24,1,0.7,S
24,0,0.3,S
24,1,0.5,S
24,1,0.5,S
24,1,0.7,S
24,1,0.7,S
24,1,0.7,S
24,0,0.3,S
24,0,0.4,S
24,0,0.3,S
24,0,0.2,S
24,0,0.4,S
24,0,0.2,S
24,1,0.8,S
24,1,0.8,S
24,0,0.5,S
24,1,0.7,S
24,1,0.6,S
24,1,0.8,S
24,1,0.7,S
24,1,0.3,S
24,1,0.6,S
24,1,0.6,S
24,1,0.5,S
24,1,0.2,S
24,1,0.8,S
24,1,0.8,S
24,0,0.2,S
24,1,0.7,S
24,1,0.5,S
24,1,0.7,S
24,0,0.2,S
24,1,0.7,S
24,0,0.3,S
24,1,0.7,S
24,0,0.2,S
24,1,0.5,S
24,1,0.6,S
24,1,0.8,S
24,0,0.4,S
24,0,0.3,S
24,1,0.7,S
24,1,0.8,S
24,1,0.4,S
24,0,0.4,S
24,0,0.6,S
24,1,0.5,S
24,1,0.6,S
24,1,0.8,S
24,0,0.3,S
24,1,0.6,S
24,0,0.2,S
24,1,0.7,S
24,0,0.2,S
24,1,0.7,S
24,1,0.6,S
24,1,0.5,S
24,1,0.8,S
24,0,0.3,S
24,0,0.3,S
24,0,0.5,S
24,1,0.8,S
24,1,0.7,S
24,1,0.7,S
24,0,0.5,S
24,0,0.2,S
24,1,0.8,S
24,1,0.8,S
24,1,0.6,S
24,0,0.3,S
24,0,0.4,S
24,1,0.6,S
24,1,0.8,S
24,1,0.5,S
24,0,0.3,S
24,0,0.4,S
24,1,0.4,S
24,1,0.4,S
24,0,0.4,S
24,1,0.5,S
24,1,0.8,S
24,0,0.3,S
24,1,0.7,S
24,1,0.7,S
24,1,0.5,S
24,1,0.8,S
24,0,0.2,S
24,1,0.8,S
24,1,0.7,S
25,0,0.3,S
25,0,0.2,S
25,1,0.7,S
25,0,0.6,S
25,0,0.3,S
25,0,0.2,S
25,1,0.7,S
25,1,0.6,S
25,1,0.8,S
25,0,0.5,S
25,0,0.4,S
25,0,0.5,S
25,0,0.4,S
25,0,0.4,S
25,0,0.3,S
25,0,0.3,S
25,0,0.7,S
25,0,0.2,S
25,0,0.4,S
25,0,0.3,S
25,1,0.8,S
25,0,0.6,S
25,1,0.7,S
25,0,0.6,S
25,1,0.8,S
25,0,0.5,S
25,0,0.3,S
25,1,0.8,S
25,0,0.5,S
25,1,0.8,S
25,1,0.7,S
25,0,0.4,S
25,0,0.3,S
25,1,0.7,S
25,0,0.3,S
25,1,0.8,S
25,0,0.7,S
25,0,0.2,S
25,1,0.6,S
25,0,0.5,S
25,0,0.5,S
25,0,0.2,S
25,0,0.2,S
25,1,0.8,S
25,0,0.2,S
25,1,0.7,S
25,0,0.6,S
25,0,0.6,S
25,0,0.6,S
25,1,0.7,S
25,0,0.7,S
25,0,0.3,S
25,0,0.8,S
25,0,0.4,S
25,0,0.6,S
25,0,0.4,S
25,0,0.6,S
25,0,0.6,S
25,0,0.4,S
25,0,0.2,S
25,0,0.3,S
25,0,0.3,S
25,0,0.6,S
25,0,0.5,S
25,0,0.5,S
25,0,0.3,S
25,0,0.3,S
25,1,0.7,S
25,0,0.3,S
25,0,0.4,S
25,0,0.2,S
25,0,0.4,S
25,0,0.4,S
25,0,0.5,S
25,0,0.3,S
25,0,0.2,S
25,1,0.6,S
25,0,0.5,S
25,1,0.7,S
25,0,0.3,S
25,1,0.8,S
25,0,0.7,S
25,0,0.3,S
25,0,0.6,S
25,0,0.5,S
25,0,0.6,S
25,1,0.7,S
25,0,0.4,S
25,0,0.5,S
25,0,0.4,S
25,0,0.5,S
25,0,0.4,S
25,0,0.5,S
25,1,0.6,S
25,0,0.3,S
25,1,0.6,S
25,1,0.8,S
25,0,0.3,S
25,0,0.3,S
25,1,0.6,S
25,0,0.5,S
25,0,0.4,S
25,0,0.5,S
25,0,0.6,S
25,0,0.4,S
25,0,0.3,S
25,0,0.5,S
25,1,0.8,S
25,0,0.5,S
25,1,0.8,S
25,0,0.2,S
25,1,0.7,S
25,1,0.6,S
25,0,0.2,S
25,1,0.8,S
25,0,0.3,S
25,1,0.7,S
25,0,0.4,S
25,1,0.8,S
25,0,0.2,S
25,0,0.2,S
25,1,0.6,S
25,1,0.5,S
25,0,0.3,S
25,0,0.5,S
25,0,0.5,S
25,1,0.8,S
25,1,0.6,S
25,0,0.4,S
25,0,0.4,S
25,0,0.4,S
25,1,0.8,S
25,1,0.7,S
25,0,0.2,S
25,0,0.2,S
25,1,0.8,S
25,0,0.2,S
25,1,0.5,S
25,0,0.5,S
25,0,0.3,S
25,1,0.8,S
25,1,0.7,S
25,0,0.4,S
25,0,0.2,S
25,1,0.7,S
25,0,0.4,S
25,0,0.3,S
25,0,0.4,S
25,1,0.4,S
25,0,0.3,S
25,1,0.7,S
25,1,0.8,S
25,1,0.8,S
25,0,0.2,S
25,0,0.4,S
25,1,0.5,S
25,1,0.7,S
25,1,0.5,S
25,0,0.3,S
25,0,0.5,S
25,1,0.7,S
25,1,0.6,S
25,0,0.4,S
25,0,0.3,S
25,0,0.5,S
25,1,0.6,S
25,0,0.5,S
25,1,0.6,S
25,1,0.8,S
25,0,0.3,S
25,0,0.3,S
25,1,0.8,S
25,0,0.7,S
25,1,0.7,S
25,0,0.2,S
25,0,0.4,S
25,0,0.2,S
25,0,0.2,S
25,1,0.7,S
25,1,0.5,S
25,1,0.6,S
25,0,0.6,S
25,1,0.7,S
25,0,0.2,S
25,0,0.2,S
25,1,0.7,S
25,1,0.8,S
25,0,0.2,S
25,1,0.6,S
25,0,0.3,S
25,1,0.8,S
25,0,0.5,S
25,1,0.7,S
25,0,0.2,S
25,0,0.2,S
25,0,0.4,S
25,1,0.8,S
25,1,0.8,S
25,1,0.8,S
25,0,0.6,S
25,1,0.6,S
25,0,0.4,S
25,1,0.8,S
25,0,0.4,S
25,0,0.2,S
25,0,0.5,S
25,1,0.8,S
25,0,0.3,S
25,0,0.2,S
25,1,0.8,S
25,0,0.7,S
25,0,0.5,S
25,0,0.6,S
25,0,0.3,S
25,0,0.7,S
25,0,0.5,S
25,0,0.2,S
25,0,0.2,S
25,1,0.8,S
25,1,0.8,S
25,0,0.3,S
25,1,0.8,S
25,1,0.8,S
25,0,0.4,S
25,0,0.2,S
25,0,0.5,S
25,0,0.3,S
25,0,0.5,S
25,1,0.6,S
25,0,0.2,S
25,0,0.2,S
25,0,0.5,S
25,0,0.3,S
25,1,0.8,S
25,0,0.4,S
25,0,0.3,S
25,0,0.3,S
25,0,0.2,S
25,0,0.3,S
25,0,0.2,S
25,1,0.7,S
25,0,0.4,S
25,0,0.3,S
25,0,0.2,S
25,0,0.2,S
25,0,0.4,S
25,0,0.2,S
25,0,0.5,S
25,1,0.5,S
25,1,0.8,S
25,0,0.3,S
25,1,0.6,S
25,0,0.2,S
25,0,0.2,S
25,0,0.2,S
25,1,0.8,S
25,1,0.7,S
25,1,0.8,S
25,0,0.6,S
25,1,0.6,S
25,0,0.4,S
25,0,0.2,S
25,0,0.4,S
25,0,0.5,S
25,0,0.4,S
25,0,0.5,S
25,0,0.4,S
25,0,0.5,S
25,0,0.2,S
25,1,0.8,S
25,0,0.5,S
25,0,0.3,S
25,0,0.3,S
25,0,0.4,S
25,0,0.6,S
25,1,0.8,S
25,0,0.2,S
25,0,0.5,S
25,1,0.6,S
25,1,0.6,S
25,0,0.7,S
25,1,0.7,S
25,1,0.6,S
25,0,0.2,S
25,0,0.2,S
25,0,0.6,S
25,1,0.8,S
25,1,0.6,S
25,0,0.2,S
25,1,0.7,S
25,0,0.2,S
25,0,0.2,S
25,0,0.3,S
25,0,0.5,S
25,1,0.7,S
25,0,0.3,S
25,0,0.2,S
26,1,0.5,S
26,1,0.7,S
26,0,0.4,S
26,1,0.7,S
26,1,0.7,S
26,1,0.6,S
26,0,0.4,S
26,1,0.8,S
26,0,0.5,S
26,1,0.7,S
26,1,0.8,S
26,1,0.8,S
26,1,0.7,S
26,0,0.5,S
26,0,0.4,S
26,1,0.2,S
26,1,0.6,S
26,1,0.7,S
26,0,0.5,S
26,0,0.4,S
26,0,0.2,S
26,0,0.2,S
26,0,0.2,S
26,1,0.5,S
26,1,0.7,S
26,1,0.5,S
26,0,0.4,S
26,0,0.3,S
26,0,0.4,S
26,1,0.6,S
26,1,0.8,S
26,1,0.7,S
26,1,0.6,S
26,0,0.3,S
26,0,0.3,S
26,1,0.7,S
26,1,0.6,S
26,1,0.4,S
26,0,0.4,S
26,1,0.8,S
26,1,0.7,S
26,0,0.5,S
26,0,0.3,S
26,0,0.4,S
26,1,0.5,S
26,1,0.5,S
26,1,0.7,S
26,1,0.6,S
26,0,0.2,S
26,1,0.7,S
26,1,0.8,S
26,0,0.4,S
26,1,0.7,S
26,0,0.5,S
26,0,0.6,S
26,0,0.3,S
26,0,0.3,S
26,0,0.5,S
26,0,0.4,S
26,0,0.5,S
26,1,0.7,S
26,0,0.3,S
26,0,0.3,S
26,1,0.7,S
26,1,0.7,S
26,1,0.7,S
26,1,0.7,S
26,1,0.7,S
26,0,0.5,S
26,0,0.4,S
26,1,0.8,S
26,1,0.8,S
26,0,0.2,S
26,1,0.3,S
26,1,0.7,S
26,1,0.6,S
26,1,0.7,S
26,0,0.2,S
26,1,0.8,S
26,1,0.8,S
26,0,0.3,S
26,0,0.5,S
26,1,0.8,S
26,0,0.2,S
26,0,0.3,S
26,1,0.6,S
26,0,0.3,S
26,0,0.2,S
26,0,0.3,S
26,1,0.7,S
26,0,0.4,S
26,1,0.8,S
26,1,0.8,S
26,1,0.7,S
26,0,0.5,S
26,0,0.3,S
26,0,0.3,S
26,0,0.2,S
26,0,0.4,S
26,1,0.5,S
26,1,0.6,S
26,0,0.6,S
26,1,0.6,S
26,0,0.4,S
26,1,0.8,S
26,0,0.4,S
26,1,0.6,S
26,1,0.8,S
26,1,0.7,S
26,0,0.3,S
26,0,0.4,S
26,0,0.2,S
26,1,0.8,S
26,1,0.8,S
26,1,0.6,S
26,0,0.2,S
26,0,0.3,S
26,0,0.3,S
26,1,0.7,S
26,1,0.8,S
26,0,0.2,S
26,1,0.5,S
26,1,0.7,S
26,1,0.5,S
26,1,0.8,S
26,1,0.8,S
26,0,0.5,S
26,1,0.5,S
26,1,0.6,S
26,0,0.4,S
26,1,0.4,S
26,0,0.4,S
26,0,0.3,S
26,0,0.2,S
26,1,0.8,S
26,1,0.6,S
26,1,0.7,S
26,0,0.5,S
26,0,0.3,S
26,0,0.5,S
26,1,0.8,S
26,0,0.2,S
26,1,0.7,S
26,1,0.4,S
26,1,0.6,S
26,0,0.3,S
26,0,0.3,S
26,0,0.2,S
26,0,0.3,S
26,1,0.7,S
26,1,0.5,S
26,0,0.5,S
26,1,0.7,S
26,0,0.2,S
26,1,0.8,S
26,1,0.7,S
26,1,0.5,S
26,1,0.6,S
26,0,0.3,S
26,1,0.8,S
26,1,0.7,S
26,1,0.4,S
26,1,0.6,S
26,0,0.2,S
26,1,0.5,S
26,0,0.2,S
26,0,0.2,S
26,1,0.4,S
26,1,0.5,S
26,1,0.4,S
26,0,0.2,S
26,0,0.2,S
26,1,0.8,S
26,1,0.8,S
26,0,0.4,S
26,1,0.5,S
26,1,0.7,S
26,1,0.8,S
26,1,0.6,S
26,1,0.3,S
26,1,0.6,S
26,1,0.6,S
26,0,0.2,S
26,1,0.5,S
26,0,0.4,S
26,1,0.7,S
26,0,0.2,S
26,0,0.3,S
26,0,0.3,S
26,1,0.5,S
26,1,0.7,S
26,0,0.4,S
26,0,0.4,S
26,1,0.6,S
26,1,0.4,S
26,1,0.5,S
26,0,0.5,S
26,0,0.5,S
26,1,0.7,S
26,1,0.8,S
26,1,0.5,S
26,1,0.7,S
26,0,0.5,S
26,1,0.7,S
26,1,0.5,S
26,1,0.6,S
26,0,0.4,S
26,0,0.2,S
26,0,0.2,S
26,0,0.2,S
26,1,0.4,S
26,0,0.5,S
26,0,0.2,S
26,1,0.6,S
26,0,0.2,S
26,1,0.8,S
26,1,0.5,S
26,0,0.5,S
26,1,0.6,S
26,0,0.2,S
26,1,0.7,S
26,0,0.5,S
26,0,0.4,S
26,0,0.3,S
26,0,0.2,S
26,1,0.8,S
26,0,0.2,S
26,0,0.4,S
26,1,0.7,S
26,1,0.7,S
26,0,0.3,S
26,0,0.3,S
26,0,0.3,S
26,1,0.8,S
26,1,0.6,S
26,1,0.4,S
26,1,0.6,S
26,0,0.5,S
26,1,0.5,S
26,1,0.4,S
26,1,0.8,S
26,0,0.3,S
26,1,0.7,S
26,1,0.4,S
26,0,0.2,S
26,0,0.2,S
26,0,0.3,S
26,0,0.2,S
26,1,0.7,S
26,0,0.3,S
26,1,0.7,S
26,1,0.7,S
26,1,0.6,S
26,1,0.8,S
26,1,0.6,S
26,1,0.8,S
26,1,0.8,S
26,0,0.4,S
26,1,0.5,S
26,1,0.7,S
26,0,0.3,S
26,1,0.6,S
26,1,0.4,S
26,1,0.5,S
26,1,0.8,S
26,0,0.3,S
26,1,0.6,S
26,0,0.5,S
26,0,0.3,S
26,0,0.3,S
26,0,0.4,S
26,1,0.4,S
26,0,0.3,S
26,0,0.5,S
26,0,0.6,S
26,1,0.6,S
26,1,0.8,S
26,0,0.5,S
26,1,0.8,S
26,1,0.7,S
26,0,0.3,S
26,1,0.8,S
26,1,0.7,S
26,1,0.7,S
26,0,0.2,S
26,1,0.8,S
26,0,0.6,S
26,1,0.7,S
26,1,0.8,S
26,0,0.4,S
26,0,0.2,S
26,1,0.6,S
26,0,0.4,S
26,1,0.7,S
26,1,0.8,S
26,0,0.5,S
26,0,0.2,S
26,1,0.7,S
26,1,0.4,S
26,1,0.4,S
26,0,0.3,S
26,1,0.4,S
26,0,0.2,S
26,0,0.3,S
26,1,0.4,S
26,1,0.3,S
26,1,0.7,S
26,0,0.5,S
26,1,0.5,S
26,0,0.5,S
26,1,0.7,S
26,0,0.4,S
26,1,0.6,S
26,1,0.7,S
27,1,0.6,S
27,1,0.6,S
27,1,0.3,S
27,1,0.7,S
27,0,0.2,S
27,1,0.4,S
27,0,0.4,S
27,0,0.2,S
27,1,0.2,S
27,0,0.4,S
27,0,0.4,S
27,1,0.8,S
27,1,0.8,S
27,1,0.6,S
27,1,0.8,S
27,1,0.3,S
27,1,0.8,S
27,0,0.2,S
27,0,0.8,S
27,0,0.6,S
27,1,0.6,S
27,0,0.3,S
27,0,0.3,S
27,0,0.6,S
27,1,0.8,S
27,0,0.2,S
27,0,0.4,S
27,1,0.7,S
27,0,0.3,S
27,1,0.8,S
27,0,0.3,S
27,0,0.5,S
27,0,0.4,S
27,0,0.3,S
27,1,0.7,S
27,0,0.4,S
27,0,0.4,S
27,1,0.6,S
27,0,0.2,S
27,1,0.6,S
27,0,0.8,S
27,0,0.4,S
27,0,0.3,S
27,1,0.8,S
27,0,0.5,S
27,1,0.8,S
27,1,0.7,S
27,0,0.5,S
27,1,0.7,S
27,0,0.2,S
27,0,0.2,S
27,0,0.2,S
27,0,0.3,S
27,0,0.6,S
27,0,0.2,S
27,0,0.4,S
27,0,0.2,S
27,1,0.7,S
27,0,0.5,S
27,1,0.5,S
27,0,0.3,S
27,0,0.3,S
27,0,0.3,S
27,1,0.8,S
27,1,0.6,S
27,1,0.4,S
27,1,0.7,S
27,1,0.5,S
27,0,0.3,S
27,0,0.7,S
27,1,0.8,S
27,0,0.5,S
27,0,0.4,S
27,0,0.4,S
27,1,0.8,S
27,1,0.8,S
27,1,0.5,S
27,1,0.5,S
27,0,0.5,S
27,1,0.8,S
27,1,0.7,S
27,1,0.8,S
27,1,0.5,S
27,1,0.8,S
27,0,0.3,S
27,1,0.3,S
27,1,0.5,S
27,1,0.8,S
27,1,0.5,S
27,0,0.3,S
27,1,0.6,S
27,1,0.8,S
27,0,0.2,S
27,0,0.4,S
27,1,0.5,S
27,0,0.5,S
27,0,0.7,S
27,1,0.6,S
27,0,0.4,S
27,0,0.3,S
27,0,0.3,S
27,0,0.3,S
27,0,0.6,S
27,0,0.5,S
27,0,0.4,S
27,0,0.4,S
27,1,0.8,S
27,0,0.3,S
27,0,0.5,S
27,0,0.4,S
27,0,0.7,S
27,0,0.8,S
27,1,0.7,S
27,1,0.7,S
27,1,0.5,S
27,1,0.8,S
27,0,0.4,S
27,0,0.2,S
27,1,0.8,S
27,1,0.7,S
27,0,0.3,S
27,0,0.6,S
27,1,0.8,S
27,0,0.5,S
27,0,0.4,S
27,0,0.3,S
27,1,0.6,S
27,0,0.3,S
27,1,0.8,S
27,1,0.8,S
27,0,0.6,S
27,1,0.8,S
27,0,0.4,S
27,0,0.6,S
27,0,0.7,S
27,0,0.5,S
27,0,0.6,S
27,0,0.3,S
27,0,0.3,S
27,1,0.8,S
27,1,0.8,S
27,0,0.4,S
27,0,0.6,S
27,0,0.3,S
27,0,0.3,S
27,0,0.2,S
27,0,0.5,S
27,0,0.3,S
27,0,0.5,S
27,0,0.6,S
27,1,0.6,S
27,1,0.5,S
27,1,0.8,S
27,0,0.4,S
27,0,0.2,S
27,1,0.6,S
27,1,0.5,S
27,0,0.5,S
27,0,0.6,S
27,1,0.6,S
27,0,0.2,S
27,0,0.2,S
27,1,0.6,S
27,1,0.7,S
27,0,0.5,S
27,0,0.2,S
27,0,0.4,S
27,0,0.2,S
27,0,0.8,S
27,0,0.6,S
27,0,0.2,S
27,0,0.4,S
27,0,0.8,S
27,1,0.8,S
27,1,0.6,S
27,0,0.2,S
27,0,0.6,S
27,0,0.5,S
27,1,0.7,S
27,0,0.3,S
27,0,0.7,S
27,0,0.7,S
27,1,0.8,S
27,0,0.6,S
27,1,0.8,S
27,0,0.6,S
27,0,0.4,S
27,1,0.7,S
27,0,0.2,S
27,0,0.5,S
27,0,0.7,S
27,0,0.4,S
27,0,0.8,S
27,1,0.8,S
27,0,0.7,S
27,0,0.2,S
27,0,0.6,S
27,0,0.3,S
27,0,0.2,S
27,0,0.7,S
27,0,0.2,S
27,1,0.7,S
27,0,0.5,S
27,0,0.3,S
27,0,0.8,S
27,0,0.4,S
27,1,0.6,S
27,1,0.8,S
27,1,0.6,S
27,0,0.6,S
27,1,0.8,S
27,0,0.5,S
27,0,0.4,S
27,1,0.6,S
27,0,0.6,S
27,0,0.3,S
27,0,0.4,S
27,1,0.7,S
27,1,0.6,S
27,0,0.4,S
27,0,0.7,S
27,0,0.5,S
27,0,0.6,S
27,0,0.3,S
27,1,0.8,S
27,0,0.4,S
27,0,0.2,S
27,1,0.8,S
27,0,0.6,S
27,1,0.7,S
27,0,0.7,S
27,1,0.7,S
27,1,0.7,S
27,0,0.3,S
27,0,0.2,S
27,0,0.5,S
27,0,0.8,S
27,0,0.4,S
27,0,0.6,S
27,0,0.3,S
27,0,0.7,S
27,0,0.3,S
27,0,0.6,S
27,0,0.3,S
27,0,0.5,S
27,0,0.4,S
27,0,0.8,S
27,1,0.8,S
27,0,0.7,S
27,0,0.7,S
27,0,0.3,S
27,1,0.8,S
27,0,0.4,S
27,1,0.7,S
27,0,0.4,S
27,0,0.2,S
27,0,0.2,S
27,0,0.2,S
27,0,0.6,S
27,1,0.6,S
27,0,0.2,S
27,1,0.8,S
27,1,0.7,S
27,0,0.5,S
27,0,0.4,S
27,0,0.6,S
27,0,0.2,S
27,0,0.2,S
27,0,0.2,S
27,0,0.3,S
27,0,0.3,S
27,0,0.3,S
28,1,0.2,S
28,0,0.3,S
28,1,0.7,S
28,0,0.4,S
28,0,0.2,S
28,1,0.3,S
28,0,0.2,S
28,1,0.6,S
28,1,0.3,S
28,1,0.6,S
28,1,0.5,S
28,0,0.2,S
28,1,0.2,S
28,1,0.7,S
28,0,0.2,S
28,1,0.3,S
28,0,0.2,S
28,0,0.3,S
28,0,0.2,S
28,1,0.5,S
28,1,0.3,S
28,0,0.2,S
28,1,0.6,S
28,1,0.6,S
28,0,0.2,S
28,1,0.5,S
28,1,0.4,S
28,1,0.6,S
28,0,0.2,S
28,1,0.7,S
28,0,0.2,S
28,1,0.8,S
28,1,0.8,S
28,1,0.4,S
28,0,0.3,S
28,1,0.6,S
28,1,0.3,S
28,1,0.5,S
28,1,0.7,S
28,1,0.7,S
28,1,0.7,S
28,1,0.2,S
28,1,0.4,S
28,0,0.3,S
28,1,0.4,S
28,1,0.5,S
28,1,0.6,S
28,1,0.7,S
28,0,0.2,S
28,1,0.3,S
28,1,0.3,S
28,0,0.6,S
28,1,0.8,S
28,1,0.5,S
28,0,0.7,S
28,1,0.6,S
28,1,0.8,S
28,0,0.4,S
28,0,0.3,S
28,1,0.8,S
28,1,0.7,S
28,1,0.3,S
28,0,0.3,S
28,1,0.4,S
28,0,0.3,S
28,1,0.6,S
28,0,0.3,S
28,0,0.2,S
28,1,0.8,S
28,1,0.8,S
28,0,0.4,S
28,0,0.4,S
28,0,0.4,S
28,0,0.3,S
28,1,0.7,S
28,1,0.7,S
28,0,0.2,S
28,1,0.6,S
28,1,0.8,S
28,0,0.4,S
28,0,0.3,S
28,0,0.4,S
28,1,0.8,S
28,1,0.7,S
28,1,0.5,S
28,0,0.2,S
28,1,0.8,S
28,1,0.7,S
28,1,0.8,S
28,1,0.6,S
28,1,0.7,S
28,0,0.2,S
28,1,0.7,S
28,1,0.8,S
28,1,0.8,S
28,0,0.2,S
28,0,0.3,S
28,0,0.4,S
28,1,0.4,S
28,1,0.8,S
28,1,0.6,S
28,1,0.8,S
28,1,0.6,S
28,0,0.3,S
28,1,0.6,S
28,0,0.5,S
28,1,0.7,S
28,1,0.8,S
28,0,0.4,S
28,1,0.6,S
28,0,0.2,S
28,1,0.2,S
28,0,0.3,S
28,1,0.5,S
28,1,0.7,S
28,1,0.7,S
28,0,0.2,S
28,1,0.8,S
28,1,0.7,S
28,1,0.8,S
28,1,0.4,S
28,1,0.8,S
28,0,0.5,S
28,0,0.2,S
28,1,0.7,S
28,1,0.8,S
28,1,0.6,S
28,0,0.4,S
28,0,0.6,S
28,1,0.6,S
28,1,0.8,S
28,0,0.5,S
28,0,0.2,S
28,0,0.5,S
28,1,0.6,S
28,0,0.3,S
28,1,0.7,S
28,0,0.2,S
28,1,0.7,S
28,0,0.3,S
28,1,0.7,S
28,1,0.7,S
28,1,0.7,S
28,0,0.5,S
28,1,0.7,S
28,0,0.6,S
28,1,0.7,S
28,1,0.8,S
28,1,0.5,S
28,1,0.5,S
28,1,0.6,S
28,0,0.2,S
28,1,0.8,S
28,0,0.4,S
28,1,0.7,S
28,1,0.5,S
28,0,0.4,S
28,1,0.3,S
28,1,0.4,S
28,1,0.7,S
28,1,0.6,S
28,0,0.3,S
28,1,0.5,S
28,0,0.2,S
28,0,0.3,S
28,1,0.6,S
28,0,0.2,S
28,0,0.5,S
28,0,0.5,S
28,0,0.3,S
28,1,0.6,S
28,1,0.5,S
28,0,0.3,S
28,0,0.4,S
28,1,0.6,S
28,0,0.8,S
28,1,0.8,S
28,0,0.3,S
28,0,0.8,S
28,1,0.8,S
28,1,0.8,S
28,0,0.3,S
28,0,0.3,S
28,1,0.6,S
28,1,0.8,S
28,1,0.6,S
28,0,0.3,S
28,1,0.8,S
28,1,0.7,S
28,0,0.4,S
28,0,0.5,S
28,0,0.5,S
28,0,0.3,S
28,0,0.4,S
28,0,0.4,S
28,1,0.8,S
28,0,0.3,S
28,0,0.4,S
28,1,0.7,S
28,1,0.8,S
28,0,0.3,S
28,1,0.7,S
28,0,0.3,S
28,0,0.2,S
28,0,0.6,S
28,0,0.5,S
28,0,0.2,S
28,0,0.7,S
28,0,0.2,S
28,1,0.7,S
28,0,0.2,S
28,0,0.2,S
28,1,0.2,S
28,1,0.7,S
28,0,0.4,S
28,1,0.6,S
28,1,0.7,S
28,1,0.8,S
28,0,0.2,S
28,1,0.8,S
28,0,0.3,S
28,1,0.7,S
28,0,0.4,S
28,1,0.5,S
28,1,0.5,S
28,1,0.7,S
28,1,0.8,S
28,1,0.6,S
28,0,0.3,S
28,0,0.3,S
28,0,0.2,S
28,1,0.8,S
28,1,0.7,S
28,1,0.6,S
28,1,0.7,S
28,0,0.2,S
28,0,0.3,S
28,0,0.2,S
28,0,0.7,S
28,0,0.3,S
28,1,0.6,S
28,1,0.8,S
28,0,0.2,S
28,1,0.6,S
28,0,0.3,S
28,1,0.6,S
28,1,0.8,S
28,0,0.4,S
28,1,0.7,S
28,0,0.2,S
28,0,0.3,S
28,1,0.7,S
28,1,0.8,S
28,1,0.8,S
28,0,0.5,S
28,0,0.2,S
28,1,0.8,S
28,1,0.8,S
28,0,0.6,S
28,1,0.5,S
28,0,0.3,S
28,0,0.2,S
28,1,0.8,S
28,0,0.3,S
28,0,0.7,S
28,0,0.3,S
28,1,0.7,S
28,0,0.3,S
28,0,0.4,S
28,1,0.7,S
28,1,0.7,S
28,0,0.4,S
28,1,0.7,S
28,0,0.2,S
28,0,0.2,S
28,1,0.8,S
28,0,0.2,S
28,1,0.8,S
28,0,0.3,S
28,0,0.4,S
28,1,0.8,S
28,0,0.2,S
28,1,0.7,S
28,1,0.6,S
28,1,0.6,S
28,0,0.3,S
28,0,0.3,S
28,1,0.6,S
28,0,0.3,S
28,0,0.6,S
28,0,0.6,S
28,0,0.6,S
28,1,0.8,S
28,0,0.2,S
28,0,0.3,S
28,0,0.4,S
28,0,0.5,S
29,1,0.6,S
29,1,0.4,S
29,1,0.5,S
29,0,0.2,S
29,1,0.5,S
29,1,0.7,S
29,1,0.7,S
29,0,0.4,S
29,0,0.4,S
29,1,0.8,S
29,1,0.5,S
29,1,0.6,S
29,1,0.4,S
29,1,0.5,S
29,1,0.4,S
29,0,0.2,S
29,0,0.2,S
29,1,0.5,S
29,1,0.5,S
29,1,0.4,S
29,1,0.8,S
29,1,0.3,S
29,1,0.7,S
29,1,0.8,S
29,0,0.2,S
29,1,0.8,S
29,1,0.6,S
29,1,0.5,S
29,0,0.2,S
29,0,0.6,S
29,1,0.7,S
29,0,0.2,S
29,1,0.5,S
29,0,0.2,S
29,1,0.6,S
29,1,0.8,S
29,0,0.2,S
29,1,0.7,S
29,1,0.5,S
29,1,0.5,S
29,1,0.8,S
29,0,0.2,S
29,1,0.7,S
29,1,0.3,S
29,1,0.6,S
29,1,0.8,S
29,1,0.8,S
29,0,0.2,S
29,1,0.5,S
29,0,0.3,S
29,1,0.6,S
29,1,0.5,S
29,1,0.8,S
29,1,0.7,S
29,1,0.8,S
29,1,0.5,S
29,0,0.2,S
29,0,0.8,S
29,0,0.4,S
29,1,0.7,S
29,1,0.5,S
29,1,0.4,S
29,1,0.7,S
29,1,0.7,S
29,0,0.4,S
29,0,0.5,S
29,1,0.5,S
29,1,0.6,S
29,0,0.2,S
29,0,0.2,S
29,1,0.8,S
29,1,0.5,S
29,1,0.8,S
29,1,0.5,S
29,1,0.5,S
29,1,0.7,S
29,0,0.4,S
29,1,0.6,S
29,1,0.2,S
29,0,0.2,S
29,1,0.6,S
29,0,0.3,S
29,0,0.2,S
29,1,0.8,S
29,1,0.6,S
29,1,0.7,S
29,1,0.5,S
29,0,0.2,S
29,1,0.6,S
29,1,0.8,S
29,1,0.8,S
29,0,0.3,S
29,0,0.3,S
29,1,0.7,S
29,1,0.6,S
29,1,0.8,S
29,1,0.8,S
29,1,0.5,S
29,1,0.6,S
29,1,0.6,S
29,1,0.8,S
29,1,0.6,S
29,0,0.3,S
29,0,0.6,S
29,1,0.6,S
29,0,0.2,S
29,0,0.3,S
29,1,0.7,S
29,1,0.7,S
29,1,0.7,S
29,1,0.6,S
29,1,0.8,S
29,1,0.5,S
29,1,0.8,S
29,0,0.2,S
29,0,0.2,S
29,1,0.5,S
29,1,0.7,S
29,1,0.6,S
29,0,0.3,S
29,1,0.6,S
29,1,0.8,S
29,1,0.5,S
29,1,0.6,S
29,0,0.2,S
29,0,0.6,S
29,1,0.7,S
29,1,0.6,S
29,1,0.7,S
29,0,0.2,S
29,1,0.5,S
29,1,0.8,S
29,1,0.4,S
29,1,0.7,S
29,1,0.5,S
29,1,0.7,S
29,0,0.5,S
29,0,0.4,S
29,1,0.7,S
29,0,0.3,S
29,1,0.6,S
29,1,0.8,S
29,0,0.4,S
29,1,0.8,S
29,0,0.6,S
29,1,0.6,S
29,0,0.3,S
29,0,0.5,S
29,1,0.8,S
29,0,0.2,S
29,0,0.2,S
29,1,0.7,S
29,0,0.4,S
29,0,0.2,S
29,0,0.3,S
29,1,0.5,S
29,0,0.2,S
29,1,0.4,S
29,0,0.2,S
29,1,0.6,S
29,1,0.6,S
29,1,0.8,S
29,1,0.6,S
29,0,0.3,S
29,0,0.5,S
29,1,0.6,S
29,1,0.3,S
29,1,0.3,S
29,0,0.2,S
29,1,0.2,S
29,1,0.6,S
29,1,0.6,S
29,0,0.2,S
29,1,0.5,S
29,1,0.5,S
29,0,0.5,S
29,0,0.4,S
29,1,0.7,S
29,1,0.4,S
29,1,0.8,S
29,0,0.3,S
29,1,0.8,S
29,0,0.3,S
29,0,0.4,S
29,0,0.2,S
29,1,0.7,S
29,1,0.5,S
29,1,0.8,S
29,1,0.7,S
29,1,0.2,S
29,1,0.4,S
29,1,0.5,S
29,1,0.8,S
29,0,0.2,S
29,1,0.7,S
29,0,0.2,S
29,1,0.6,S
29,1,0.5,S
29,0,0.5,S
29,0,0.8,S
29,0,0.4,S
29,0,0.8,S
29,0,0.3,S
29,0,0.3,S
29,0,0.2,S
29,0,0.3,S
29,1,0.6,S
29,1,0.8,S
29,0,0.3,S
29,1,0.7,S
29,0,0.3,S
29,1,0.6,S
29,1,0.8,S
29,1,0.3,S
29,0,0.2,S
29,0,0.5,S
29,0,0.4,S
29,1,0.6,S
29,0,0.3,S
29,1,0.8,S
29,1,0.6,S
29,1,0.7,S
29,1,0.8,S
29,0,0.5,S
29,1,0.8,S
29,1,0.7,S
29,0,0.3,S
29,1,0.6,S
29,1,0.8,S
29,0,0.2,S
29,0,0.4,S
29,0,0.5,S
29,0,0.2,S
29,0,0.2,S
29,0,0.6,S
29,0,0.3,S
29,1,0.6,S
29,1,0.6,S
29,0,0.3,S
29,1,0.4,S
29,1,0.8,S
29,1,0.7,S
29,0,0.5,S
29,0,0.6,S
29,1,0.7,S
29,1,0.6,S
29,1,0.8,S
29,0,0.4,S
29,0,0.4,S
29,0,0.4,S
29,0,0.4,S
29,1,0.4,S
29,0,0.4,S
29,0,0.3,S
29,0,0.5,S
29,0,0.2,S
29,1,0.5,S
29,0,0.5,S
29,1,0.8,S
29,1,0.4,S
29,1,0.4,S
29,0,0.3,S
29,0,0.2,S
29,0,0.6,S
29,0,0.4,S
29,1,0.6,S
29,0,0.3,S
29,0,0.3,S
29,0,0.3,S
29,0,0.5,S
29,1,0.8,S
29,0,0.2,S
29,1,0.5,S
29,1,0.7,S
29,1,0.7,S
29,1,0.6,S
29,1,0.6,S
29,1,0.2,S
29,1,0.5,S
29,1,0.8,S
29,0,0.2,S
29,1,0.5,S
29,1,0.8,S
29,1,0.8,S
29,0,0.3,S
29,0,0.4,S
29,1,0.7,S
29,0,0.4,S
29,0,0.2,S
29,0,0.2,S
29,1,0.8,S
29,1,0.5,S
29,0,0.3,S
29,1,0.7,S
30,1,0.5,S
30,0,0.4,S
30,1,0.7,S
30,1,0.5,S
30,1,0.6,S
30,1,0.6,S
30,0,0.4,S
30,1,0.8,S
30,0,0.8,S
30,0,0.3,S
30,1,0.5,S
30,0,0.6,S
30,1,0.6,S
30,0,0.4,S
30,1,0.3,S
30,0,0.5,S
30,1,0.7,S
30,0,0.4,S
30,1,0.8,S
30,1,0.6,S
30,1,0.5,S
30,1,0.6,S
30,1,0.6,S
30,0,0.2,S
30,1,0.8,S
30,1,0.5,S
30,1,0.5,S
30,0,0.4,S
30,0,0.5,S
30,0,0.6,S
30,1,0.8,S
30,0,0.5,S
30,1,0.6,S
30,0,0.4,S
30,0,0.2,S
30,1,0.8,S
30,1,0.8,S
30,0,0.5,S
30,0,0.8,S
30,0,0.3,S
30,1,0.7,S
30,0,0.4,S
30,1,0.4,S
30,1,0.6,S
30,0,0.3,S
30,0,0.5,S
30,0,0.5,S
30,0,0.4,S
30,0,0.4,S
30,0,0.2,S
30,1,0.6,S
30,1,0.5,S
30,1,0.6,S
30,0,0.4,S
30,0,0.5,S
30,1,0.6,S
30,1,0.7,S
30,1,0.8,S
30,1,0.7,S
30,0,0.7,S
30,1,0.5,S
30,1,0.7,S
30,1,0.6,S
30,1,0.7,S
30,1,0.5,S
30,1,0.8,S
30,0,0.3,S
30,1,0.5,S
30,1,0.7,S
30,0,0.5,S
30,1,0.4,S
30,0,0.3,S
30,1,0.5,S
30,1,0.8,S
30,0,0.5,S
30,0,0.3,S
30,0,0.2,S
30,1,0.6,S
30,1,0.8,S
30,0,0.3,S
30,0,0.2,S
30,0,0.2,S
30,1,0.8,S
30,1,0.6,S
30,0,0.4,S
30,1,0.7,S
30,0,0.4,S
30,1,0.7,S
30,0,0.6,S
30,0,0.3,S
30,0,0.4,S
30,0,0.3,S
30,0,0.2,S
30,1,0.7,S
30,0,0.7,S
30,1,0.7,S
30,0,0.4,S
30,1,0.7,S
30,0,0.2,S
30,1,0.7,S
30,0,0.2,S
30,0,0.5,S
30,0,0.4,S
30,0,0.4,S
30,0,0.2,S
30,0,0.6,S
30,1,0.8,S
30,0,0.3,S
30,1,0.8,S
30,0,0.2,S
30,0,0.4,S
30,0,0.8,S
30,0,0.5,S
30,1,0.6,S
30,1,0.7,S
30,0,0.2,S
30,0,0.3,S
30,1,0.5,S
30,1,0.7,S
30,1,0.8,S
30,1,0.7,S
30,1,0.4,S
30,1,0.8,S
30,0,0.4,S
30,0,0.6,S
30,1,0.7,S
30,0,0.5,S
30,0,0.3,S
30,1,0.5,S
30,1,0.7,S
30,1,0.8,S
30,0,0.2,S
30,1,0.7,S
30,0,0.4,S
30,1,0.6,S
30,0,0.5,S
30,1,0.5,S
30,1,0.5,S
30,0,0.2,S
30,1,0.6,S
30,1,0.8,S
30,0,0.3,S
30,1,0.7,S
30,1,0.7,S
30,1,0.3,S
30,0,0.2,S
30,1,0.7,S
30,1,0.2,S
30,0,0.4,S
30,0,0.3,S
30,1,0.7,S
30,1,0.6,S
30,1,0.6,S
30,1,0.7,S
30,0,0.3,S
30,1,0.8,S
30,1,0.6,S
30,0,0.5,S
30,1,0.8,S
30,0,0.5,S
30,0,0.4,S
30,1,0.7,S
30,1,0.7,S
30,1,0.5,S
30,0,0.7,S
30,1,0.5,S
30,0,0.3,S
30,0,0.5,S
30,0,0.2,S
30,0,0.2,S
30,0,0.2,S
30,0,0.3,S
30,1,0.8,S
30,0,0.3,S
30,1,0.7,S
30,1,0.8,S
30,1,0.6,S
30,1,0.7,S
30,0,0.4,S
30,0,0.4,S
30,1,0.6,S
30,1,0.5,S
30,0,0.4,S
30,1,0.6,S
30,1,0.6,S
30,0,0.2,S
30,0,0.4,S
30,1,0.6,S
30,0,0.4,S
30,0,0.4,S
30,1,0.8,S
30,0,0.4,S
30,1,0.8,S
30,0,0.4,S
30,0,0.2,S
30,0,0.2,S
30,1,0.6,S
30,1,0.8,S
30,0,0.2,S
30,0,0.4,S
30,0,0.3,S
30,1,0.8,S
30,0,0.3,S
30,1,0.5,S
30,0,0.4,S
30,1,0.5,S
30,1,0.6,S
30,1,0.6,S
30,0,0.4,S
30,1,0.6,S
30,1,0.8,S
30,0,0.2,S
30,0,0.2,S
30,1,0.5,S
30,1,0.5,S
30,1,0.7,S
30,1,0.6,S
30,0,0.2,S
30,0,0.2,S
30,1,0.5,S
30,1,0.5,S
30,1,0.6,S
30,1,0.6,S
30,0,0.3,S
30,1,0.8,S
30,1,0.5,S
30,0,0.3,S
30,1,0.4,S
30,1,0.7,S
30,1,0.7,S
30,1,0.7,S
30,0,0.5,S
30,0,0.4,S
30,1,0.4,S
30,1,0.8,S
30,1,0.8,S
30,1,0.6,S
30,1,0.4,S
30,0,0.3,S
30,0,0.3,S
30,1,0.8,S
30,0,0.5,S
30,0,0.2,S
30,0,0.4,S
30,1,0.7,S
30,1,0.6,S
30,0,0.2,S
30,0,0.2,S
30,1,0.7,S
30,1,0.6,S
30,1,0.5,S
30,0,0.4,S
30,1,0.7,S
30,1,0.8,S
30,0,0.3,S
30,0,0.2,S
30,0,0.4,S
30,0,0.2,S
30,0,0.5,S
30,0,0.3,S
30,0,0.3,S
30,1,0.8,S
30,1,0.8,S
30,0,0.4,S
30,1,0.7,S
30,0,0.3,S
30,1,0.8,S
30,1,0.4,S
30,0,0.3,S
30,1,0.7,S
30,1,0.5,S
30,1,0.6,S
30,0,0.4,S
30,0,0.3,S
30,0,0.3,S
30,0,0.2,S
30,1,0.6,S
30,0,0.2,S
30,0,0.6,S
30,0,0.4,S
30,0,0.3,S
30,0,0.4,S
30,1,0.8,S
31,0,0.3,S
31,1,0.7,S
31,1,0.8,S
31,1,0.7,S
31,0,0.2,S
31,0,0.5,S
31,1,0.5,S
31,1,0.5,S
31,1,0.6,S
31,1,0.8,S
31,0,0.2,S
31,1,0.5,S
31,1,0.6,S
31,1,0.8,S
31,0,0.4,S
31,0,0.5,S
31,1,0.8,S
31,1,0.8,S
31,1,0.8,S
31,1,0.6,S
31,1,0.6,S
31,0,0.4,S
31,1,0.8,S
31,0,0.3,S
31,1,0.6,S
31,1,0.6,S
31,1,0.5,S
31,0,0.5,S
31,1,0.7,S
31,0,0.2,S
31,1,0.8,S
31,0,0.4,S
31,1,0.8,S
31,0,0.4,S
31,1,0.6,S
31,1,0.6,S
31,1,0.5,S
31,1,0.6,S
31,0,0.3,S
31,0,0.6,S
31,0,0.3,S
31,0,0.7,S
31,0,0.4,S
31,0,0.7,S
31,0,0.5,S
31,1,0.8,S
31,1,0.7,S
31,1,0.5,S
31,1,0.6,S
31,1,0.7,S
31,0,0.2,S
31,0,0.2,S
31,0,0.2,S
31,0,0.2,S
31,0,0.5,S
31,0,0.3,S
31,0,0.3,S
31,1,0.6,S
31,1,0.7,S
31,1,0.8,S
31,1,0.5,S
31,1,0.7,S
31,1,0.6,S
31,0,0.4,S
31,1,0.8,S
31,0,0.3,S
31,1,0.7,S
31,0,0.3,S
31,1,0.7,S
31,0,0.4,S
31,0,0.8,S
31,1,0.7,S
31,1,0.7,S
31,1,0.8,S
31,1,0.6,S
31,0,0.3,S
31,1,0.5,S
31,0,0.3,S
31,0,0.3,S
31,0,0.2,S
31,1,0.4,S
31,0,0.3,S
31,1,0.8,S
31,0,0.2,S
31,1,0.7,S
31,1,0.6,S
31,0,0.8,S
31,1,0.6,S
31,0,0.4,S
31,1,0.5,S
31,0,0.2,S
31,0,0.3,S
31,0,0.4,S
31,0,0.3,S
31,0,0.2,S
31,0,0.4,S
31,0,0.2,S
31,0,0.4,S
31,0,0.4,S
31,1,0.8,S
31,0,0.4,S
31,0,0.2,S
31,1,0.6,S
31,1,0.8,S
31,0,0.3,S
31,0,0.3,S
31,0,0.3,S
31,1,0.6,S
31,1,0.8,S
31,0,0.3,S
31,0,0.2,S
31,0,0.3,S
31,0,0.6,S
31,1,0.6,S
31,0,0.5,S
31,0,0.4,S
31,0,0.5,S
31,0,0.2,S
31,1,0.6,S
31,0,0.4,S
31,0,0.7,S
31,0,0.4,S
31,0,0.4,S
31,1,0.6,S
31,0,0.4,S
31,1,0.6,S
31,1,0.5,S
31,1,0.8,S
31,0,0.4,S
31,0,0.6,S
31,0,0.6,S
31,0,0.2,S
31,1,0.8,S
31,0,0.6,S
31,0,0.3,S
31,1,0.7,S
31,0,0.5,S
31,0,0.3,S
31,0,0.3,S
31,0,0.4,S
31,0,0.3,S
31,1,0.6,S
31,1,0.8,S
31,0,0.7,S
31,0,0.5,S
31,0,0.4,S
31,0,0.6,S
31,1,0.7,S
31,0,0.4,S
31,0,0.4,S
31,0,0.4,S
31,0,0.2,S
31,0,0.3,S
31,0,0.5,S
31,0,0.5,S
31,0,0.6,S
31,1,0.7,S
31,0,0.5,S
31,0,0.4,S
31,0,0.3,S
31,1,0.7,S
31,1,0.8,S
31,0,0.4,S
31,1,0.7,S
31,0,0.7,S
31,0,0.3,S
31,1,0.6,S
31,1,0.7,S
31,0,0.3,S
31,0,0.3,S
31,0,0.6,S
31,1,0.8,S
31,0,0.7,S
31,0,0.3,S
31,1,0.8,S
31,0,0.3,S
31,1,0.8,S
31,0,0.7,S
31,0,0.6,S
31,0,0.6,S
31,0,0.5,S
31,0,0.4,S
31,0,0.4,S
31,0,0.2,S
31,1,0.7,S
31,0,0.2,S
31,0,0.3,S
31,0,0.2,S
31,1,0.6,S
31,1,0.6,S
31,1,0.8,S
31,1,0.5,S
31,0,0.8,S
31,0,0.5,S
31,0,0.5,S
31,0,0.2,S
31,0,0.8,S
31,0,0.5,S
31,0,0.5,S
31,0,0.5,S
31,0,0.6,S
31,0,0.6,S
31,0,0.3,S
31,0,0.2,S
31,0,0.6,S
31,0,0.6,S
31,1,0.8,S
31,0,0.2,S
31,0,0.4,S
31,1,0.8,S
31,1,0.7,S
31,0,0.2,S
31,0,0.3,S
31,0,0.4,S
31,0,0.3,S
31,0,0.8,S
31,0,0.6,S
31,0,0.7,S
31,0,0.4,S
31,0,0.8,S
31,0,0.5,S
31,1,0.8,S
31,1,0.4,S
31,0,0.4,S
31,0,0.2,S
31,0,0.5,S
31,0,0.6,S
31,0,0.2,S
31,0,0.2,S
31,0,0.6,S
31,0,0.3,S
31,0,0.3,S
31,0,0.4,S
31,0,0.8,S
31,0,0.5,S
31,0,0.6,S
31,0,0.5,S
31,0,0.8,S
31,0,0.3,S
31,0,0.5,S
31,0,0.6,S
31,0,0.5,S
31,1,0.7,S
31,0,0.5,S
31,0,0.7,S
31,0,0.4,S
31,0,0.3,S
31,0,0.2,S
31,0,0.6,S
31,1,0.7,S
31,1,0.5,S
31,1,0.7,S
31,0,0.6,S
31,0,0.8,S
31,0,0.2,S
31,0,0.6,S
31,1,0.7,S
31,0,0.3,S
31,0,0.5,S
31,0,0.2,S
31,0,0.2,S
31,0,0.5,S
31,0,0.7,S
31,0,0.2,S
31,1,0.8,S
31,0,0.6,S
31,0,0.6,S
31,0,0.5,S
31,1,0.7,S
31,0,0.3,S
31,1,0.8,S
31,0,0.3,S
31,0,0.2,S
31,0,0.4,S
31,0,0.6,S
31,0,0.2,S
31,0,0.4,S
31,1,0.8,S
31,0,0.2,S
31,0,0.6,S
31,0,0.4,S
31,0,0.6,S
31,0,0.3,S
31,0,0.6,S
31,1,0.7,S
31,0,0.2,S
31,0,0.4,S
31,0,0.6,S
31,0,0.3,S
31,0,0.4,S
31,0,0.6,S
31,1,0.4,S
31,0,0.3,S
31,0,0.6,S
31,0,0.5,S
31,0,0.4,S
31,1,0.7,S
31,0,0.7,S
31,1,0.6,S
31,1,0.6,S
31,1,0.6,S
32,1,0.8,S
32,0,0.2,S
32,0,0.3,S
32,0,0.4,S
32,1,0.5,S
32,0,0.5,S
32,0,0.3,S
32,0,0.4,S
32,0,0.2,S
32,1,0.7,S
32,0,0.5,S
32,0,0.5,S
32,0,0.4,S
32,1,0.5,S
32,1,0.7,S
32,1,0.4,S
32,0,0.3,S
32,1,0.6,S
32,1,0.6,S
32,0,0.5,S
32,0,0.5,S
32,0,0.4,S
32,1,0.7,S
32,1,0.6,S
32,0,0.2,S
32,0,0.5,S
32,1,0.7,S
32,0,0.4,S
32,1,0.8,S
32,0,0.3,S
32,0,0.5,S
32,0,0.8,S
32,0,0.4,S
32,1,0.8,S
32,0,0.4,S
32,0,0.5,S
32,0,0.7,S
32,1,0.8,S
32,1,0.7,S
32,0,0.5,S
32,0,0.4,S
32,1,0.8,S
32,1,0.8,S
32,0,0.2,S
32,0,0.4,S
32,0,0.7,S
32,0,0.8,S
32,0,0.3,S
32,0,0.2,S
32,0,0.6,S
32,0,0.4,S
32,0,0.4,S
32,1,0.5,S
32,1,0.8,S
32,1,0.6,S
32,0,0.2,S
32,1,0.7,S
32,0,0.3,S
32,0,0.2,S
32,0,0.2,S
32,0,0.2,S
32,0,0.5,S
32,1,0.3,S
32,0,0.3,S
32,0,0.3,S
32,1,0.3,S
32,0,0.3,S
32,0,0.2,S
32,0,0.4,S
32,1,0.3,S
32,0,0.4,S
32,1,0.6,S
32,1,0.8,S
32,1,0.4,S
32,1,0.6,S
32,1,0.7,S
32,1,0.7,S
32,0,0.5,S
32,1,0.7,S
32,0,0.4,S
32,1,0.6,S
32,1,0.7,S
32,0,0.3,S
32,1,0.7,S
32,0,0.5,S
32,0,0.4,S
32,0,0.4,S
32,1,0.7,S
32,1,0.7,S
32,1,0.5,S
32,1,0.7,S
32,0,0.3,S
32,1,0.8,S
32,0,0.6,S
32,1,0.8,S
32,0,0.4,S
32,1,0.8,S
32,0,0.4,S
32,0,0.2,S
32,0,0.3,S
32,1,0.4,S
32,1,0.6,S
32,0,0.5,S
32,0,0.6,S
32,0,0.2,S
32,1,0.7,S
32,0,0.3,S
32,0,0.4,S
32,1,0.8,S
32,0,0.3,S
32,1,0.8,S
32,0,0.5,S
32,1,0.8,S
32,0,0.6,S
32,1,0.4,S
32,0,0.2,S
32,1,0.7,S
32,1,0.6,S
32,0,0.4,S
32,0,0.3,S
32,0,0.3,S
32,0,0.7,S
32,0,0.3,S
32,0,0.2,S
32,0,0.5,S
32,0,0.3,S
32,0,0.2,S
32,1,0.6,S
32,0,0.3,S
32,0,0.6,S
32,1,0.5,S
32,0,0.4,S
32,1,0.4,S
32,0,0.4,S
32,1,0.8,S
32,0,0.6,S
32,0,0.7,S
32,0,0.4,S
32,0,0.4,S
32,1,0.6,S
32,1,0.6,S
32,0,0.2,S
32,0,0.3,S
32,0,0.5,S
32,0,0.5,S
32,0,0.7,S
32,0,0.6,S
32,0,0.2,S
32,0,0.2,S
32,0,0.3,S
32,1,0.8,S
32,0,0.3,S
32,0,0.4,S
32,0,0.4,S
32,0,0.6,S
32,0,0.3,S
32,0,0.6,S
32,0,0.4,S
32,0,0.3,S
32,1,0.6,S
32,1,0.8,S
32,0,0.6,S
32,0,0.5,S
32,0,0.4,S
32,0,0.2,S
32,1,0.8,S
32,0,0.3,S
32,0,0.6,S
32,1,0.6,S
32,0,0.3,S
32,0,0.4,S
32,0,0.4,S
32,1,0.8,S
32,0,0.6,S
32,1,0.7,S
32,1,0.6,S
32,1,0.8,S
32,1,0.7,S
32,0,0.3,S
32,0,0.7,S
32,0,0.7,S
32,0,0.3,S
32,0,0.2,S
32,0,0.4,S
32,0,0.3,S
32,0,0.3,S
32,1,0.5,S
32,0,0.2,S
32,1,0.5,S
32,1,0.5,S
32,1,0.6,S
32,1,0.6,S
32,1,0.7,S
32,0,0.5,S
32,0,0.3,S
32,1,0.8,S
32,1,0.7,S
32,0,0.3,S
32,0,0.7,S
32,1,0.8,S
32,0,0.2,S
32,0,0.5,S
32,0,0.5,S
32,0,0.4,S
32,0,0.3,S
32,1,0.7,S
32,0,0.3,S
32,0,0.2,S
32,0,0.4,S
32,0,0.3,S
32,0,0.5,S
32,1,0.7,S
32,0,0.3,S
32,0,0.6,S
32,0,0.5,S
32,0,0.3,S
32,1,0.6,S
32,0,0.4,S
32,0,0.3,S
32,0,0.6,S
32,1,0.6,S
32,0,0.6,S
32,1,0.8,S
32,0,0.5,S
32,1,0.6,S
32,0,0.4,S
32,0,0.4,S
32,0,0.7,S
32,0,0.3,S
32,0,0.3,S
32,0,0.2,S
32,1,0.7,S
32,1,0.8,S
32,1,0.6,S
32,0,0.3,S
32,0,0.3,S
32,1,0.7,S
32,0,0.2,S
32,0,0.2,S
32,0,0.5,S
32,1,0.7,S
32,1,0.7,S
32,0,0.4,S
32,0,0.5,S
32,0,0.2,S
32,0,0.6,S
32,0,0.2,S
32,0,0.5,S
32,0,0.4,S
32,1,0.5,S
32,1,0.7,S
32,1,0.6,S
32,0,0.2,S
32,0,0.2,S
32,0,0.5,S
32,0,0.4,S
32,0,0.5,S
32,0,0.3,S
32,0,0.2,S
32,0,0.2,S
32,0,0.5,S
32,0,0.8,S
32,0,0.7,S
32,1,0.6,S
32,0,0.2,S
32,0,0.7,S
32,1,0.8,S
32,1,0.7,S
32,0,0.5,S
32,1,0.7,S
32,1,0.7,S
32,1,0.7,S
32,0,0.4,S
32,1,0.8,S
32,0,0.8,S
32,0,0.2,S
32,1,0.7,S
32,0,0.4,S
32,0,0.4,S
32,1,0.6,S
32,1,0.7,S
33,1,0.8,S
33,1,0.6,S
33,1,0.4,S
33,1,0.6,S
33,1,0.4,S
33,1,0.6,S
33,0,0.3,S
33,1,0.8,S
33,0,0.3,S
33,1,0.5,S
33,1,0.8,S
33,0,0.4,S
33,1,0.5,S
33,0,0.4,S
33,1,0.5,S
33,0,0.5,S
33,0,0.2,S
33,0,0.4,S
33,0,0.5,S
33,1,0.6,S
33,1,0.5,S
33,1,0.5,S
33,1,0.6,S
33,0,0.4,S
33,0,0.4,S
33,1,0.8,S
33,0,0.4,S
33,0,0.2,S
33,1,0.6,S
33,1,0.7,S
33,1,0.7,S
33,1,0.5,S
33,0,0.2,S
33,1,0.6,S
33,1,0.7,S
33,1,0.5,S
33,0,0.4,S
33,0,0.2,S
33,1,0.6,S
33,0,0.2,S
33,0,0.2,S
33,1,0.6,S
33,1,0.5,S
33,0,0.4,S
33,0,0.3,S
33,0,0.2,S
33,0,0.4,S
33,0,0.4,S
33,1,0.6,S
33,0,0.3,S
33,0,0.3,S
33,1,0.8,S
33,1,0.7,S
33,0,0.3,S
33,0,0.4,S
33,1,0.5,S
33,1,0.5,S
33,1,0.5,S
33,0,0.4,S
33,0,0.5,S
33,1,0.6,S
33,1,0.7,S
33,0,0.2,S
33,0,0.4,S
33,1,0.5,S
33,1,0.7,S
33,1,0.5,S
33,1,0.7,S
33,1,0.3,S
33,0,0.4,S
33,0,0.2,S
33,0,0.2,S
33,0,0.2,S
33,1,0.6,S
33,1,0.8,S
33,0,0.2,S
33,1,0.6,S
33,1,0.7,S
33,1,0.7,S
33,1,0.8,S
33,1,0.8,S
33,0,0.6,S
33,1,0.7,S
33,1,0.7,S
33,1,0.8,S
33,0,0.4,S
33,0,0.4,S
33,1,0.8,S
33,0,0.2,S
33,0,0.3,S
33,0,0.2,S
33,1,0.6,S
33,0,0.3,S
33,1,0.8,S
33,0,0.3,S
33,1,0.8,S
33,0,0.3,S
33,1,0.7,S
33,0,0.2,S
33,1,0.8,S
33,0,0.4,S
33,0,0.4,S
33,1,0.6,S
33,0,0.5,S
33,1,0.7,S
33,1,0.6,S
33,0,0.3,S
33,1,0.8,S
33,1,0.6,S
33,0,0.3,S
33,0,0.5,S
33,0,0.2,S
33,1,0.7,S
33,0,0.4,S
33,0,0.4,S
33,1,0.8,S
33,1,0.6,S
33,0,0.5,S
33,0,0.5,S
33,0,0.3,S
33,1,0.7,S
33,0,0.4,S
33,0,0.4,S
33,0,0.5,S
33,0,0.4,S
33,1,0.8,S
33,0,0.2,S
33,0,0.6,S
33,0,0.6,S
33,0,0.3,S
33,1,0.8,S
33,0,0.6,S
33,0,0.5,S
33,0,0.8,S
33,0,0.4,S
33,0,0.3,S
33,0,0.3,S
33,0,0.2,S
33,0,0.3,S
33,0,0.2,S
33,0,0.3,S
33,0,0.2,S
33,1,0.7,S
33,0,0.5,S
33,1,0.7,S
33,0,0.5,S
33,1,0.5,S
33,0,0.6,S
33,1,0.6,S
33,0,0.3,S
33,0,0.3,S
33,0,0.4,S
33,0,0.3,S
33,1,0.7,S
33,1,0.8,S
33,0,0.2,S
33,0,0.7,S
33,1,0.8,S
33,0,0.5,S
33,0,0.5,S
33,1,0.7,S
33,1,0.5,S
33,0,0.2,S
33,0,0.4,S
33,0,0.3,S
33,1,0.5,S
33,0,0.4,S
33,1,0.5,S
33,0,0.6,S
33,1,0.8,S
33,1,0.5,S
33,0,0.2,S
33,0,0.5,S
33,0,0.4,S
33,1,0.8,S
33,0,0.6,S
33,0,0.2,S
33,1,0.8,S
33,1,0.7,S
33,1,0.5,S
33,0,0.3,S
33,0,0.5,S
33,0,0.2,S
33,1,0.7,S
33,1,0.7,S
33,0,0.3,S
33,1,0.8,S
33,0,0.2,S
33,1,0.8,S
33,0,0.5,S
33,0,0.5,S
33,0,0.5,S
33,0,0.4,S
33,0,0.3,S
33,1,0.7,S
33,0,0.5,S
33,1,0.8,S
33,0,0.6,S
33,0,0.5,S
33,1,0.7,S
33,1,0.6,S
33,1,0.8,S
33,1,0.5,S
33,1,0.5,S
33,0,0.2,S
33,0,0.2,S
33,0,0.4,S
33,0,0.2,S
33,0,0.7,S
33,0,0.3,S
33,0,0.4,S
33,0,0.4,S
33,1,0.8,S
33,0,0.2,S
33,0,0.7,S
33,0,0.2,S
33,0,0.3,S
33,0,0.2,S
33,1,0.7,S
33,0,0.7,S
33,0,0.2,S
33,0,0.2,S
33,0,0.3,S
33,1,0.6,S
33,0,0.3,S
33,0,0.3,S
33,0,0.4,S
33,0,0.5,S
33,0,0.4,S
33,0,0.4,S
33,1,0.8,S
33,0,0.2,S
33,0,0.5,S
33,1,0.7,S
33,1,0.5,S
33,0,0.4,S
33,0,0.2,S
33,1,0.7,S
33,1,0.7,S
33,0,0.3,S
33,1,0.7,S
33,0,0.3,S
33,0,0.3,S
33,0,0.5,S
33,1,0.8,S
33,1,0.7,S
33,0,0.2,S
33,0,0.2,S
33,0,0.3,S
33,1,0.7,S
33,1,0.7,S
33,1,0.8,S
33,0,0.7,S
33,1,0.7,S
33,0,0.3,S
33,0,0.3,S
33,0,0.6,S
33,0,0.5,S
33,0,0.4,S
33,0,0.4,S
33,0,0.4,S
33,0,0.2,S
33,1,0.8,S
33,1,0.8,S
33,0,0.5,S
33,1,0.6,S
33,0,0.4,S
33,0,0.4,S
33,0,0.2,S
33,0,0.4,S
33,0,0.5,S
33,0,0.5,S
33,1,0.8,S
33,1,0.8,S
33,1,0.8,S
33,0,0.6,S
33,0,0.4,S
33,1,0.5,S
33,0,0.2,S
33,1,0.6,S
33,0,0.4,S
33,0,0.3,S
33,1,0.8,S
33,1,0.7,S
33,0,0.4,S
33,1,0.8,S
33,0,0.4,S
33,1,0.8,S
33,0,0.3,S
33,0,0.2,S
34,1,0.8,S
34,0,0.3,S
34,1,0.6,S
34,0,0.4,S
34,1,0.7,S
34,1,0.7,S
34,0,0.3,S
34,0,0.3,S
34,0,0.5,S
34,1,0.7,S
34,1,0.6,S
34,1,0.8,S
34,0,0.5,S
34,1,0.5,S
34,1,0.8,S
34,0,0.2,S
34,0,0.2,S
34,0,0.5,S
34,0,0.2,S
34,0,0.5,S
34,1,0.4,S
34,0,0.4,S
34,1,0.4,S
34,1,0.6,S
34,0,0.3,S
34,0,0.3,S
34,0,0.3,S
34,1,0.5,S
34,0,0.3,S
34,1,0.6,S
34,0,0.4,S
34,0,0.3,S
34,1,0.7,S
34,1,0.6,S
34,1,0.5,S
34,1,0.8,S
34,1,0.6,S
34,1,0.8,S
34,0,0.3,S
34,0,0.3,S
34,1,0.5,S
34,1,0.6,S
34,1,0.8,S
34,1,0.7,S
34,1,0.8,S
34,1,0.7,S
34,0,0.2,S
34,1,0.7,S
34,1,0.7,S
34,0,0.2,S
34,0,0.3,S
34,1,0.5,S
34,1,0.7,S
34,1,0.8,S
34,1,0.8,S
34,1,0.8,S
34,1,0.6,S
34,1,0.8,S
34,1,0.8,S
34,0,0.5,S
34,1,0.5,S
34,0,0.4,S
34,0,0.5,S
34,1,0.3,S
34,0,0.3,S
34,1,0.8,S
34,1,0.6,S
34,0,0.4,S
34,1,0.8,S
34,1,0.7,S
34,1,0.5,S
34,1,0.7,S
34,1,0.5,S
34,1,0.6,S
34,0,0.3,S
34,1,0.6,S
34,1,0.5,S
34,1,0.8,S
34,1,0.7,S
34,0,0.2,S
34,1,0.5,S
34,0,0.4,S
34,0,0.2,S
34,0,0.2,S
34,0,0.3,S
34,0,0.3,S
34,0,0.3,S
34,1,0.8,S
34,1,0.8,S
34,0,0.3,S
34,1,0.4,S
34,1,0.8,S
34,1,0.7,S
34,0,0.4,S
34,1,0.6,S
34,1,0.6,S
34,0,0.2,S
34,1,0.4,S
34,0,0.3,S
34,0,0.3,S
34,1,0.7,S
34,0,0.4,S
34,1,0.5,S
34,0,0.3,S
34,1,0.6,S
34,1,0.7,S
34,0,0.2,S
34,1,0.7,S
34,1,0.6,S
34,0,0.4,S
34,0,0.2,S
34,1,0.7,S
34,1,0.6,S
34,1,0.5,S
34,1,0.6,S
34,0,0.4,S
34,1,0.8,S
34,0,0.3,S
34,0,0.4,S
34,0,0.3,S
34,1,0.8,S
34,1,0.6,S
34,1,0.8,S
34,1,0.6,S
34,0,0.3,S
34,1,0.7,S
34,1,0.8,S
34,1,0.6,S
34,1,0.4,S
34,0,0.3,S
34,1,0.6,S
34,0,0.2,S
34,1,0.8,S
34,0,0.3,S
34,0,0.5,S
34,1,0.5,S
34,0,0.2,S
34,1,0.7,S
34,0,0.4,S
34,0,0.3,S
34,1,0.6,S
34,1,0.6,S
34,1,0.5,S
34,1,0.5,S
34,1,0.5,S
34,1,0.6,S
34,0,0.4,S
34,0,0.5,S
34,0,0.3,S
34,1,0.5,S
34,1,0.8,S
34,1,0.7,S
34,0,0.2,S
34,0,0.2,S
34,1,0.5,S
34,1,0.8,S
34,1,0.4,S
34,0,0.2,S
34,1,0.8,S
34,0,0.2,S
34,1,0.2,S
34,1,0.4,S
34,1,0.5,S
34,1,0.3,S
34,0,0.3,S
34,0,0.2,S
34,1,0.5,S
34,0,0.3,S
34,1,0.7,S
34,1,0.8,S
34,1,0.8,S
34,0,0.2,S
34,0,0.3,S
34,0,0.2,S
34,1,0.8,S
34,1,0.4,S
34,0,0.2,S
34,0,0.3,S
34,0,0.3,S
34,1,0.8,S
34,0,0.4,S
34,0,0.3,S
34,1,0.7,S
34,1,0.5,S
34,0,0.2,S
34,1,0.7,S
34,1,0.5,S
34,1,0.7,S
34,1,0.7,S
34,0,0.2,S
34,0,0.4,S
34,1,0.7,S
34,0,0.3,S
34,1,0.6,S
34,0,0.2,S
34,1,0.5,S
34,0,0.2,S
34,1,0.2,S
34,1,0.5,S
34,1,0.7,S
34,0,0.4,S
34,0,0.2,S
34,1,0.8,S
34,0,0.5,S
34,1,0.6,S
34,0,0.3,S
34,0,0.2,S
34,0,0.4,S
34,1,0.4,S
34,0,0.5,S
34,0,0.4,S
34,1,0.7,S
34,1,0.4,S
34,1,0.6,S
34,1,0.5,S
34,0,0.4,S
34,1,0.8,S
34,1,0.6,S
34,0,0.2,S
34,0,0.3,S
34,1,0.7,S
34,1,0.8,S
34,0,0.4,S
34,1,0.8,S
34,1,0.8,S
34,1,0.8,S
34,0,0.5,S
34,1,0.5,S
34,0,0.2,S
34,1,0.6,S
34,0,0.2,S
34,0,0.4,S
34,0,0.4,S
34,1,0.8,S
34,1,0.4,S
34,1,0.5,S
34,1,0.7,S
34,1,0.8,S
34,1,0.6,S
34,0,0.2,S
34,1,0.6,S
34,0,0.2,S
34,1,0.8,S
34,1,0.8,S
34,1,0.7,S
34,1,0.5,S
34,1,0.5,S
34,1,0.8,S
34,0,0.2,S
34,0,0.2,S
34,1,0.6,S
34,1,0.6,S
34,0,0.2,S
34,1,0.6,S
34,0,0.2,S
34,0,0.2,S
34,0,0.2,S
34,1,0.5,S
34,1,0.7,S
34,0,0.4,S
34,0,0.3,S
34,1,0.7,S
34,0,0.3,S
34,0,0.3,S
34,1,0.8,S
34,1,0.6,S
34,1,0.5,S
34,1,0.4,S
34,1,0.5,S
34,0,0.2,S
34,1,0.7,S
34,1,0.4,S
34,1,0.3,S
34,1,0.8,S
34,0,0.3,S
34,0,0.2,S
34,1,0.4,S
34,1,0.7,S
34,1,0.5,S
34,1,0.6,S
34,0,0.2,S
34,0,0.3,S
34,1,0.6,S
34,0,0.3,S
34,1,0.8,S
34,0,0.2,S
34,0,0.2,S
34,1,0.8,S
34,0,0.3,S
34,0,0.6,S
34,1,0.5,S
34,1,0.6,S
34,1,0.4,S
34,1,0.7,S
34,1,0.6,S
34,0,0.2,S
34,1,0.7,S
34,1,0.8,S
34,1,0.5,S
34,1,0.6,S
34,1,0.6,S
34,1,0.6,S
34,0,0.5,S
34,0,0.3,S
34,0,0.2,S
34,1,0.5,S
34,0,0.4,S
34,1,0.4,S
34,0,0.3,S
34,1,0.7,S
35,1,0.8,S
35,1,0.6,S
35,1,0.4,S
35,1,0.6,S
35,1,0.4,S
35,1,0.6,S
35,0,0.3,S
35,1,0.8,S
35,0,0.3,S
35,1,0.5,S
35,1,0.8,S
35,0,0.4,S
35,1,0.5,S
35,0,0.4,S
35,1,0.5,S
35,0,0.5,S
35,0,0.2,S
35,0,0.4,S
35,0,0.5,S
35,1,0.6,S
35,1,0.5,S
35,1,0.5,S
35,1,0.6,S
35,0,0.4,S
35,0,0.4,S
35,1,0.8,S
35,0,0.4,S
35,0,0.2,S
35,1,0.6,S
35,1,0.7,S
35,1,0.7,S
35,1,0.5,S
35,0,0.2,S
35,1,0.6,S
35,1,0.7,S
35,1,0.5,S
35,0,0.4,S
35,0,0.2,S
35,1,0.6,S
35,0,0.2,S
35,0,0.2,S
35,1,0.6,S
35,1,0.5,S
35,0,0.4,S
35,0,0.3,S
35,0,0.2,S
35,0,0.4,S
35,0,0.4,S
35,1,0.6,S
35,0,0.3,S
35,0,0.3,S
35,1,0.8,S
35,1,0.7,S
35,0,0.3,S
35,0,0.4,S
35,1,0.5,S
35,1,0.5,S
35,1,0.5,S
35,0,0.4,S
35,0,0.5,S
35,1,0.6,S
35,1,0.7,S
35,0,0.2,S
35,0,0.4,S
35,1,0.5,S
35,1,0.7,S
35,1,0.5,S
35,1,0.7,S
35,1,0.3,S
35,0,0.4,S
35,0,0.2,S
35,0,0.2,S
35,0,0.2,S
35,1,0.6,S
35,1,0.8,S
35,0,0.2,S
35,1,0.6,S
35,1,0.7,S
35,1,0.7,S
35,1,0.8,S
35,1,0.8,S
35,0,0.6,S
35,1,0.7,S
35,1,0.7,S
35,1,0.8,S
35,0,0.4,S
35,0,0.4,S
35,1,0.8,S
35,0,0.2,S
35,0,0.3,S
35,0,0.2,S
35,1,0.6,S
35,0,0.3,S
35,1,0.8,S
35,0,0.3,S
35,1,0.8,S
35,0,0.3,S
35,1,0.7,S
35,0,0.2,S
35,1,0.8,S
35,0,0.4,S
35,0,0.4,S
35,1,0.6,S
35,0,0.5,S
35,1,0.7,S
35,1,0.6,S
35,0,0.3,S
35,1,0.8,S
35,1,0.6,S
35,0,0.3,S
35,0,0.5,S
35,0,0.2,S
35,1,0.7,S
35,0,0.4,S
35,0,0.4,S
35,1,0.8,S
35,1,0.6,S
35,0,0.5,S
35,0,0.5,S
35,0,0.3,S
35,1,0.7,S
35,0,0.4,S
35,0,0.4,S
35,0,0.5,S
35,0,0.4,S
35,1,0.8,S
35,0,0.2,S
35,0,0.6,S
35,0,0.6,S
35,0,0.3,S
35,1,0.8,S
35,0,0.6,S
35,0,0.5,S
35,0,0.8,S
35,0,0.4,S
35,0,0.3,S
35,0,0.3,S
35,0,0.2,S
35,0,0.3,S
35,0,0.2,S
35,0,0.3,S
35,0,0.2,S
35,1,0.7,S
35,0,0.5,S
35,1,0.7,S
35,0,0.5,S
35,1,0.5,S
35,0,0.6,S
35,1,0.6,S
35,0,0.3,S
35,0,0.3,S
35,0,0.4,S
35,0,0.3,S
35,1,0.7,S
35,1,0.8,S
35,0,0.2,S
35,0,0.7,S
35,1,0.8,S
35,0,0.5,S
35,0,0.5,S
35,1,0.7,S
35,1,0.5,S
35,0,0.2,S
35,0,0.4,S
35,0,0.3,S
35,1,0.5,S
35,0,0.4,S
35,1,0.5,S
35,0,0.6,S
35,1,0.8,S
35,1,0.5,S
35,0,0.2,S
35,0,0.5,S
35,0,0.4,S
35,1,0.8,S
35,0,0.6,S
35,0,0.2,S
35,1,0.8,S
35,1,0.7,S
35,1,0.5,S
35,0,0.3,S
35,0,0.5,S
35,0,0.2,S
35,1,0.7,S
35,1,0.7,S
35,0,0.3,S
35,1,0.8,S
35,0,0.2,S
35,1,0.8,S
35,0,0.5,S
35,0,0.5,S
35,0,0.5,S
35,0,0.4,S
35,0,0.3,S
35,1,0.7,S
35,0,0.5,S
35,1,0.8,S
35,0,0.6,S
35,0,0.5,S
35,1,0.7,S
35,1,0.6,S
35,1,0.8,S
35,1,0.5,S
35,1,0.5,S
35,0,0.2,S
35,0,0.2,S
35,0,0.4,S
35,0,0.2,S
35,0,0.7,S
35,0,0.3,S
35,0,0.4,S
35,0,0.4,S
35,1,0.8,S
35,0,0.2,S
35,0,0.7,S
35,0,0.2,S
35,0,0.3,S
35,0,0.2,S
35,1,0.7,S
35,0,0.7,S
35,0,0.2,S
35,0,0.2,S
35,0,0.3,S
35,1,0.6,S
35,0,0.3,S
35,0,0.3,S
35,0,0.4,S
35,0,0.5,S
35,0,0.4,S
35,0,0.4,S
35,1,0.8,S
35,0,0.2,S
35,0,0.5,S
35,1,0.7,S
35,1,0.5,S
35,0,0.4,S
35,0,0.2,S
35,1,0.7,S
35,1,0.7,S
35,0,0.3,S
35,1,0.7,S
35,0,0.3,S
35,0,0.3,S
35,0,0.5,S
35,1,0.8,S
35,1,0.7,S
35,0,0.2,S
35,0,0.2,S
35,0,0.3,S
35,1,0.7,S
35,1,0.7,S
35,1,0.8,S
35,0,0.7,S
35,1,0.7,S
35,0,0.3,S
35,0,0.3,S
35,0,0.6,S
35,0,0.5,S
35,0,0.4,S
35,0,0.4,S
35,0,0.4,S
35,0,0.2,S
35,1,0.8,S
35,1,0.8,S
35,0,0.5,S
35,1,0.6,S
35,0,0.4,S
35,0,0.4,S
35,0,0.2,S
35,0,0.4,S
35,0,0.5,S
35,0,0.5,S
35,1,0.8,S
35,1,0.8,S
35,1,0.8,S
35,0,0.6,S
35,0,0.4,S
35,1,0.5,S
35,0,0.2,S
35,1,0.6,S
35,0,0.4,S
35,0,0.3,S
35,1,0.8,S
35,1,0.7,S
35,0,0.4,S
35,1,0.8,S
35,0,0.4,S
35,1,0.8,S
35,0,0.3,S
35,0,0.2,S
