subject,block,rt,response,soa,hist,rsi
1,1,0.5894795,1,100,R,1.8
1,1,0.5177163,1,72,R,2.3
1,1,0.5393827,1,44,R,1.1
1,1,0.5474911,1,44,R,2.1
1,1,0.7399309,1,44,R,1.6
1,1,0.7248414,0,72,R,1.6
1,1,0.5818719,0,16,R,1.9
1,1,0.5483659,1,72,R,1.8
1,1,0.9246262,1,16,R,2.1
1,1,0.5238609,1,16,R,2.3
1,1,0.8241045,0,16,R,1.6
1,1,0.6066417,0,16,R,1.8
1,1,0.5334577,1,72,R,1.6
1,1,0.4725683,1,100,R,2.1
1,1,0.5441855,1,100,R,2.3
1,1,0.6073869,1,16,R,2.1
1,1,0.4668176,1,72,R,1.8
1,1,0.5244326,1,16,R,2.3
1,1,0.5571422,1,16,R,1.4
1,1,0.5240659,1,72,R,1.3
1,1,0.5873863,1,44,R,1.8
1,1,0.6143514,0,16,R,1.6
1,1,0.8461677,0,44,R,0.9
1,1,1.2346231,0,72,R,2.1
1,1,0.5174769,1,72,R,0.9
1,1,0.5551221,1,100,R,2.1
1,1,0.6740355,1,16,R,1.3
1,1,0.4503741,1,72,R,1.3
1,1,0.4797007,1,44,R,1.3
1,1,0.5852465,0,72,R,2.1
1,1,0.4522856,1,100,R,1.4
1,1,0.5024169,1,72,R,2.1
1,1,0.5769482,1,100,R,0.9
1,1,0.4457735,1,44,R,2.1
1,1,0.6915618,0,16,R,2.3
1,1,0.4057457,1,100,R,2.1
1,1,0.4126059,1,44,R,1.8
1,1,0.4562736,1,100,R,1.8
1,1,0.5727868,1,44,R,1.3
1,1,0.4512507,1,44,R,2.1
1,1,0.5938377,1,100,R,2.1
1,1,0.5663409,1,72,R,1.1
1,1,0.5338474,1,72,R,1.6
1,1,0.4575665,1,72,R,1.3
1,1,0.4039306,1,100,R,0.9
1,1,0.4904494,0,16,R,0.9
1,1,0.5568871,0,16,R,1.6
1,1,0.5769132,0,44,R,1.4
1,1,0.588408,1,44,R,1.8
1,1,0.634062,1,100,R,1.1
1,1,0.5906067,0,16,R,1.4
1,1,0.510682,1,44,R,1.9
1,1,0.7613969,1,100,R,1.9
1,1,0.4168051,1,72,R,0.9
1,1,0.5048717,1,44,R,1.9
1,1,0.5567956,1,16,R,0.9
1,1,0.640577,0,16,R,1.1
1,1,0.3838872,1,72,R,1.8
1,1,0.4393686,1,44,R,1.9
1,1,0.3749194,1,72,R,1.1
1,1,0.7236309,1,16,R,1.4
1,1,0.339827,0,16,R,1.6
1,1,0.5914462,0,16,R,1.8
1,1,0.4279669,1,100,R,1.6
1,1,0.5070152,0,16,R,1.9
1,1,0.3683226,1,72,R,1.6
1,1,0.5390179,1,100,R,1.4
1,1,0.5246189,1,16,R,2.1
1,1,0.4938866,1,100,R,1.9
1,1,0.4505381,1,72,R,1.6
1,1,0.5213297,1,44,R,0.9
1,1,0.561317,1,44,R,1.4
1,1,0.6682667,1,72,R,1.4
1,1,0.4677939,1,72,R,2.3
1,2,0.5204883,1,16,R,2.3
1,2,0.378257,1,44,R,1.6
1,2,0.4897441,1,16,R,1.4
1,2,0.6090687,0,16,R,2.3
1,2,0.5396262,1,44,R,0.9
1,2,0.4848734,1,72,R,1.3
1,2,0.5925307,1,16,R,0.9
1,2,0.4169949,1,72,R,2.1
1,2,0.490516,1,16,R,1.9
1,2,0.48424,1,72,R,1.3
1,2,0.4081994,1,16,R,1.1
1,2,0.3836444,1,72,R,0.9
1,2,0.6268529,0,100,R,1.3
1,2,0.5553395,0,16,R,1.9
1,2,0.5179221,1,72,R,1.9
1,2,0.4892567,1,100,R,1.6
1,2,0.5085807,1,44,R,1.8
1,2,0.5391799,1,100,R,1.1
1,2,0.4005454,1,72,R,1.9
1,2,0.5052893,1,44,R,1.1
1,2,0.5672597,1,72,R,0.9
1,2,0.4580969,1,100,R,2.1
1,2,0.4788556,1,44,R,1.3
1,2,0.4564479,1,72,R,1.4
1,2,0.577776,1,44,R,1.1
1,2,0.2761692,1,100,R,1.1
1,2,0.4406904,0,44,R,2.3
1,2,0.3002745,1,72,R,2.3
1,2,0.4221297,1,100,R,0.9
1,2,0.5723831,1,44,R,2.3
1,2,0.3228072,1,16,R,1.3
1,2,0.4914608,1,16,R,1.8
1,2,0.268908,1,72,R,1.6
1,2,0.5331271,1,72,R,1.3
1,2,0.4832741,1,72,R,1.8
1,2,0.3565519,1,16,R,1.6
1,2,0.299591,1,72,R,2.1
1,2,0.5060618,1,16,R,1.9
1,2,0.4874837,1,100,R,0.9
1,2,0.2963401,0,44,R,1.3
1,2,0.4878369,1,100,R,2.1
1,2,0.4607313,1,100,R,2.3
1,2,0.4227408,1,100,R,1.8
1,2,0.2523028,1,72,R,1.1
1,2,0.6012927,1,72,R,2.1
1,2,0.4607851,1,100,R,1.3
1,2,0.6908921,1,16,R,1.6
1,2,0.4602974,1,100,R,1.1
1,2,0.5221159,1,100,R,1.4
1,2,0.4581774,1,16,R,1.1
1,2,0.3718769,1,44,R,1.1
1,2,0.3234179,1,16,R,1.6
1,2,0.3745264,1,16,R,2.3
1,2,0.3063819,1,100,R,1.1
1,2,0.5892494,1,44,R,1.9
1,2,0.225967,1,100,R,1.3
1,2,0.591053,0,16,R,1.3
1,2,0.5226733,1,44,R,1.3
1,2,0.79815,1,72,R,1.4
1,2,0.5099477,1,100,R,1.6
1,2,0.5512181,1,100,R,1.4
1,2,0.5072036,1,44,R,0.9
1,2,0.3053288,1,72,R,1.4
1,2,0.8522693,1,72,R,1.1
1,2,0.4612562,1,44,R,0.9
1,2,0.4715348,1,44,R,1.3
1,2,0.5793689,0,44,R,2.1
1,2,0.5916887,0,16,R,1.9
1,2,0.4903635,1,100,R,2.3
1,2,0.5612367,1,100,R,1.8
1,2,0.5009866,1,72,R,2.1
1,2,0.5071466,1,44,R,1.8
1,2,0.51275,1,16,R,2.3
1,2,0.3332053,1,72,R,1.4
1,2,0.3603156,1,100,R,1.8
1,3,0.6638235,1,16,R,2.3
1,3,0.2569483,1,72,R,2.1
1,3,0.6510839,1,16,R,1.3
1,3,0.5934766,1,100,R,1.8
1,3,0.3921835,1,16,R,0.9
1,3,0.2011607,1,100,R,1.9
1,3,0.2207431,1,72,R,1.6
1,3,0.319014,1,44,R,0.9
1,3,0.3482505,1,16,R,2.1
1,3,0.3240509,1,44,R,1.6
1,3,0.3660039,1,72,R,0.9
1,3,0.4912833,1,16,R,1.6
1,3,0.3192624,1,72,R,1.4
1,3,0.4008879,1,72,R,1.6
1,3,0.6056663,1,16,R,2.1
1,3,0.2541954,1,72,R,1.3
1,3,0.3920974,1,44,R,2.1
1,3,0.3152606,0,16,R,1.1
1,3,0.3295016,0,44,R,2.3
1,3,0.3241398,1,16,R,1.6
1,3,0.2631743,1,100,R,2.3
1,3,0.2142057,1,100,R,1.9
1,3,0.3054097,1,100,R,1.1
1,3,0.5233763,1,16,R,1.1
1,3,0.4851433,1,72,R,1.1
1,3,0.3927833,1,100,R,0.9
1,3,0.4606487,1,100,R,1.8
1,3,0.3454834,1,44,R,2.1
1,3,0.2765026,1,72,R,1.3
1,3,0.4385882,1,44,R,0.9
1,3,0.3560718,1,72,R,2.1
1,3,0.3808668,1,16,R,1.8
1,3,0.7409648,0,16,R,1.8
1,3,0.412412,1,44,R,1.9
1,3,0.3845759,1,72,R,2.1
1,3,0.3994371,1,72,R,1.4
1,3,0.3570364,1,44,R,1.6
1,3,0.503083,0,44,R,1.4
1,3,0.4574425,1,16,R,2.3
1,3,0.365868,1,72,R,1.1
1,3,0.3373812,1,100,R,1.9
1,3,0.428163,1,100,R,1.1
1,3,0.8841081,1,72,R,1.6
1,3,0.4269461,1,100,R,1.4
1,3,0.4396642,1,100,R,1.8
1,3,0.4331024,1,72,R,1.4
1,3,0.6508309,0,44,R,1.6
1,3,0.5902168,0,16,R,1.3
1,3,0.3156339,1,72,R,0.9
1,3,0.3631347,1,44,R,1.8
1,3,0.433789,1,72,R,1.3
1,3,0.3935599,1,100,R,1.6
1,3,0.3060645,1,100,R,1.8
1,3,0.305648,1,100,R,0.9
1,3,0.4887044,1,44,R,1.8
1,3,0.3174417,1,44,R,1.9
1,3,0.2757558,1,72,R,1.1
1,3,0.4475388,1,16,R,1.4
1,3,0.3425596,1,16,R,1.1
1,3,0.2831669,1,72,R,1.3
1,3,0.3070924,1,16,R,2.1
1,3,0.325161,1,16,R,1.4
1,3,0.283588,1,72,R,2.3
1,3,0.246284,1,100,R,2.3
1,3,0.2835795,1,100,R,1.1
1,3,0.3488218,1,72,R,2.1
1,3,0.3936465,1,100,R,1.3
1,3,0.3552951,1,100,R,1.3
1,3,0.3932563,1,100,R,1.9
1,3,0.4076886,1,16,R,1.3
1,4,0.3500989,1,100,R,0.9
1,4,0.1761791,1,100,R,2.1
1,4,0.5459848,1,44,R,0.9
1,4,0.5578322,1,16,R,0.9
1,4,0.4370633,1,100,R,1.9
1,4,0.3384884,1,100,R,2.1
1,4,0.5111757,1,100,R,2.1
1,4,0.4758415,1,16,R,2.1
1,4,0.3232858,1,100,R,2.1
1,4,0.2976401,1,44,R,2.1
1,4,0.3969441,0,16,R,1.4
1,4,0.2504969,1,72,R,1.1
1,4,0.6731838,1,16,R,2.1
1,4,0.5408135,1,16,R,1.1
1,4,0.3936036,1,100,R,2.3
1,4,0.8258717,1,16,R,1.4
1,4,0.2367819,1,72,R,1.4
1,4,0.3372482,0,16,R,1.9
1,4,0.4788365,1,44,R,1.6
1,4,0.4941546,1,100,R,1.8
1,4,0.4749343,1,72,R,1.8
1,4,0.5410698,1,16,R,1.6
1,4,0.3837131,1,100,R,1.1
1,4,0.3243151,1,16,R,1.8
1,4,0.360037,1,100,R,1.1
1,4,0.3282594,1,100,R,2.3
1,4,0.3395853,1,44,R,0.9
1,4,0.5176745,0,44,R,0.9
1,4,0.2706419,1,100,R,2.1
1,4,0.5227892,1,44,R,2.1
1,4,0.3620056,1,44,R,1.8
1,4,0.3489761,1,72,R,1.4
1,4,0.375042,1,16,R,1.3
1,4,0.4998008,1,100,R,1.4
1,4,0.3906053,1,16,R,1.6
1,4,0.3333421,1,72,R,1.4
1,4,0.2289804,1,100,R,1.3
1,4,0.4334878,1,16,R,1.3
1,4,0.2895303,1,100,R,1.8
1,4,0.4635159,1,16,R,2.1
1,4,0.3881756,1,100,R,0.9
1,4,0.5083068,0,16,R,1.9
1,4,0.579924,1,44,R,2.1
1,4,0.4608794,1,100,R,2.3
1,4,0.2667279,1,72,R,2.3
1,4,0.3085645,1,72,R,2.1
1,4,0.2864351,1,44,R,1.6
1,4,0.4091215,1,72,R,1.8
1,4,0.3394529,1,100,R,1.3
1,4,0.5104687,1,100,R,2.1
1,4,0.4054949,1,44,R,1.9
1,4,0.2907817,1,72,R,1.8
1,4,0.4074493,1,16,R,1.9
1,4,0.3568083,1,44,R,1.8
1,4,0.5469231,0,44,R,1.4
1,4,0.401532,0,72,R,1.3
1,4,0.3573407,1,16,R,1.9
1,4,0.3231693,1,16,R,2.1
1,4,0.4753916,0,16,R,0.9
1,4,0.3832477,1,100,R,1.1
1,4,0.523486,1,44,R,2.3
1,4,0.312415,1,44,R,1.3
1,4,0.3060588,1,100,R,1.8
1,4,0.4345679,1,100,R,1.8
1,4,0.3581892,0,16,R,1.4
1,4,0.3506677,1,72,R,2.3
1,4,0.3796381,1,44,R,1.6
1,4,0.4735027,1,16,R,2.1
1,4,0.5461607,1,16,R,1.4
1,4,0.3549583,1,44,R,1.4
1,4,0.383203,1,72,R,2.3
1,4,0.4809944,0,16,R,0.9
1,4,0.4594369,1,100,R,1.3
1,4,0.5615891,1,100,R,1.4
1,4,0.3341003,1,72,R,1.8
1,4,0.7772761,1,100,R,1.3
1,4,1.0120476,0,44,R,1.1
1,4,0.5937401,1,100,R,1.4
2,1,1.2487535,1,72,R,0.9
2,1,1.1867639,1,44,R,1.9
2,1,1.0950542,1,44,R,1.1
2,1,1.4412713,1,16,R,0.9
2,1,1.9249734,0,16,R,1.1
2,1,0.9325773,1,72,R,1.3
2,1,1.8256789,0,44,R,2.3
2,1,0.9972334,1,72,R,1.4
2,1,1.1368766,1,100,R,1.1
2,1,1.0236899,1,16,R,1.6
2,1,1.7119505,0,44,R,0.9
2,1,1.5130346,0,44,R,1.4
2,1,1.2742644,1,16,R,1.6
2,1,0.9055722,1,100,R,1.9
2,1,0.751272,1,72,R,1.8
2,1,1.1371274,1,100,R,1.3
2,1,2.0767657,0,100,R,2.3
2,1,1.0571342,1,16,R,2.3
2,1,1.2089141,1,16,R,1.9
2,1,0.5512982,1,72,R,1.3
2,1,0.6281823,1,100,R,1.4
2,1,0.6544925,1,100,R,0.9
2,1,0.6795686,1,44,R,2.1
2,1,0.9085937,1,44,R,1.4
2,1,1.1122971,1,44,R,2.1
2,1,0.65627,1,100,R,1.3
2,1,0.8066485,1,44,R,1.1
2,1,0.7945997,1,44,R,1.4
2,1,1.1125905,1,44,R,1.1
2,1,0.8779217,1,16,R,1.1
2,1,0.867653,1,72,R,1.3
2,1,1.0393562,1,44,R,1.3
2,1,0.9586034,0,16,R,2.3
2,1,0.6131197,1,100,R,1.6
2,1,1.1218098,0,16,R,1.6
2,1,0.6679504,1,72,R,2.3
2,1,1.2591333,1,16,R,2.1
2,1,0.6717492,1,100,R,2.3
2,1,0.8923555,0,16,R,1.1
2,1,1.1224356,1,100,R,2.3
2,1,0.8092444,1,44,R,2.3
2,1,1.4262671,1,16,R,1.8
2,1,0.9069814,1,44,R,1.4
2,1,0.7668526,1,100,R,2.1
2,1,0.4682981,1,72,R,1.1
2,1,0.7063376,1,100,R,1.3
2,1,0.6225933,1,100,R,1.4
2,1,1.2740136,1,44,R,1.8
2,1,0.8405227,1,44,R,1.4
2,1,0.7346895,1,72,R,0.9
2,1,0.8949624,1,100,R,1.8
2,1,0.9074886,0,16,R,0.9
2,1,0.6782388,1,100,R,1.8
2,1,0.9085579,1,16,R,2.1
2,1,0.8402127,1,44,R,1.9
2,1,0.7648221,1,16,R,1.1
2,1,0.7502649,1,72,R,1.8
2,1,0.8505188,1,72,R,1.8
2,1,1.0577669,1,16,R,2.3
2,1,0.8077245,1,16,R,1.9
2,1,1.0811429,0,44,R,0.9
2,1,0.9053551,1,16,R,1.4
2,1,0.6409193,1,16,R,0.9
2,1,0.6842488,1,72,R,1.8
2,1,1.8263399,1,100,R,0.9
2,1,0.9298743,1,44,R,1.6
2,1,0.7173657,1,100,R,1.1
2,1,0.6340766,1,72,R,1.1
2,1,0.9314879,1,72,R,1.9
2,1,0.6007484,1,72,R,1.3
2,1,0.5399801,1,44,R,1.3
2,1,0.5403659,1,72,R,1.9
2,1,0.8515256,1,72,R,0.9
2,1,1.0506972,1,72,R,1.8
2,1,0.9012822,1,72,R,1.8
2,1,1.0546752,1,100,R,1.4
2,1,0.9801337,1,44,R,1.1
2,2,0.8236076,0,16,R,1.9
2,2,1.1789477,1,100,R,0.9
2,2,1.3186627,0,72,R,1.9
2,2,0.9388012,1,16,R,1.4
2,2,0.802603,1,44,R,2.3
2,2,1.0070487,1,44,R,1.9
2,2,1.4963471,1,44,R,1.3
2,2,0.7717013,1,100,R,1.4
2,2,0.9263705,0,16,R,1.9
2,2,0.7748309,1,100,R,0.9
2,2,1.7092989,1,16,R,1.3
2,2,1.058249,1,16,R,1.3
2,2,1.0559059,1,100,R,2.3
2,2,0.7065665,1,100,R,1.1
2,2,0.8057053,1,100,R,1.1
2,2,0.8970339,1,100,R,1.1
2,2,1.8963137,0,44,R,1.4
2,2,1.0917422,1,16,R,1.4
2,2,1.1697556,1,44,R,1.9
2,2,0.8616486,1,100,R,1.6
2,2,0.9905542,1,44,R,1.6
2,2,0.872394,1,72,R,1.3
2,2,0.5579539,1,16,R,2.1
2,2,1.345197,0,16,R,1.3
2,2,0.9590026,1,44,R,2.3
2,2,1.4289097,1,100,R,1.6
2,2,0.9163497,1,72,R,1.1
2,2,0.6677242,1,72,R,0.9
2,2,0.7440947,1,100,R,2.1
2,2,0.8756967,0,16,R,1.8
2,2,0.8756098,1,16,R,0.9
2,2,0.8075187,1,16,R,1.3
2,2,0.8911283,1,16,R,1.3
2,2,1.3077697,1,16,R,1.8
2,2,0.847707,1,16,R,1.8
2,2,0.8011211,1,72,R,0.9
2,2,0.7173221,1,72,R,1.1
2,2,0.6771584,1,100,R,2.3
2,2,0.7082581,1,16,R,1.3
2,2,0.6570165,1,72,R,1.9
2,2,0.6747422,1,16,R,1.4
2,2,0.6271356,1,100,R,1.4
2,2,0.7896045,1,44,R,1.4
2,2,0.8731684,1,72,R,1.1
2,2,1.2452524,1,44,R,1.6
2,2,0.6608694,1,100,R,1.3
2,2,0.9344906,1,72,R,1.8
2,2,0.5617992,1,100,R,1.1
2,2,0.6916494,1,16,R,1.9
2,2,0.8514958,1,72,R,1.3
2,2,1.030618,1,44,R,2.1
2,2,0.9736802,1,16,R,1.9
2,2,0.6018693,1,72,R,1.6
2,2,0.5209894,1,100,R,2.1
2,2,1.6799872,1,44,R,1.8
2,2,0.7296774,1,44,R,1.9
2,2,1.3919933,0,16,R,0.9
2,2,1.6078256,0,16,R,1.4
2,2,1.3408608,1,44,R,0.9
2,2,0.8946947,1,100,R,1.9
2,2,1.2908837,1,16,R,1.9
2,2,0.7337396,1,72,R,1.9
2,2,0.6556536,1,100,R,1.9
2,2,0.7227287,1,44,R,2.1
2,2,0.9849958,1,72,R,1.1
2,2,2.263778,1,44,R,1.4
2,2,1.3569773,1,44,R,1.8
2,2,0.845078,1,100,R,1.1
2,2,1.0218627,1,100,R,1.4
2,2,0.7047301,1,100,R,1.4
2,2,1.1586012,1,16,R,0.9
2,3,1.7782214,0,100,R,1.6
2,3,0.4491688,1,72,R,1.4
2,3,1.4079884,1,16,R,2.1
2,3,0.7938839,1,100,R,1.4
2,3,0.7457454,1,44,R,2.3
2,3,1.7143993,0,44,R,1.9
2,3,0.9438276,1,100,R,1.6
2,3,0.6163542,1,72,R,2.1
2,3,0.9115052,1,100,R,2.1
2,3,0.8974412,1,44,R,1.9
2,3,0.896601,1,44,R,1.6
2,3,1.8973957,0,16,R,1.1
2,3,0.9052291,1,44,R,1.4
2,3,1.742592,1,16,R,1.9
2,3,1.3435568,0,16,R,1.3
2,3,1.0074069,1,16,R,2.3
2,3,1.0011107,1,72,R,1.1
2,3,0.7067736,1,72,R,1.3
2,3,0.9587182,1,16,R,1.8
2,3,1.4744752,1,16,R,2.3
2,3,1.8925994,1,44,R,1.1
2,3,1.7467124,1,44,R,2.3
2,3,0.6338863,1,72,R,0.9
2,3,0.7003477,1,72,R,1.3
2,3,1.3555556,1,44,R,1.1
2,3,0.9805855,1,16,R,1.6
2,3,0.7893904,1,72,R,1.3
2,3,0.9028169,1,44,R,2.1
2,3,0.8365048,1,44,R,1.9
2,3,0.6681297,1,72,R,1.6
2,3,0.8300788,1,100,R,1.8
2,3,1.1519512,0,72,R,1.6
2,3,0.8773125,1,100,R,0.9
2,3,1.0880153,1,44,R,1.9
2,3,0.9476527,1,44,R,1.4
2,3,0.9230076,1,44,R,1.8
2,3,0.7104026,1,100,R,1.3
2,3,0.9010105,1,72,R,1.9
2,3,0.9276904,1,44,R,0.9
2,3,0.6383755,1,100,R,1.8
2,3,0.6288828,1,44,R,1.9
2,3,0.6746015,1,16,R,1.9
2,3,0.7721174,1,100,R,0.9
2,3,1.2555783,1,16,R,1.1
2,3,0.9679737,1,100,R,2.1
2,3,1.6282137,1,100,R,2.3
2,3,0.689352,1,44,R,1.6
2,3,0.6002084,1,100,R,1.3
2,3,1.2638706,1,16,R,1.4
2,3,1.1014813,1,72,R,2.3
2,3,0.8386014,1,100,R,1.6
2,3,0.8684972,1,72,R,1.3
2,3,1.182665,1,72,R,0.9
2,3,1.0118278,1,100,R,2.1
2,3,0.6222797,1,44,R,1.3
2,3,0.7966391,1,16,R,2.1
2,3,0.7331992,1,100,R,0.9
2,3,0.9438473,1,100,R,1.9
2,3,1.6418212,0,16,R,1.9
2,3,0.5515762,1,72,R,1.9
2,3,0.5913486,1,16,R,1.9
2,3,0.68529,1,100,R,1.1
2,3,0.7896244,1,44,R,1.1
2,3,0.9729257,1,72,R,2.1
2,3,1.2397321,1,100,R,1.6
2,3,0.9225524,1,44,R,1.4
2,3,0.7738328,1,44,R,1.3
2,3,0.8735913,1,72,R,2.1
2,3,0.7241925,1,16,R,2.3
2,3,0.8840743,1,72,R,2.1
2,3,1.311508,1,100,R,2.3
2,3,0.6936245,1,100,R,1.9
2,3,0.9176357,1,72,R,0.9
2,4,0.4668563,1,72,R,2.1
2,4,1.2399264,1,16,R,1.4
2,4,0.7062319,1,44,R,0.9
2,4,0.5107714,1,44,R,1.1
2,4,0.3441915,1,100,R,1.1
2,4,0.4177052,1,72,R,1.8
2,4,0.4148386,1,72,R,2.3
2,4,0.3242078,1,44,R,1.3
2,4,0.4456451,1,100,R,1.3
2,4,0.4011801,1,72,R,2.3
2,4,0.3559156,1,16,R,2.3
2,4,0.4628377,1,44,R,1.3
2,4,0.5336358,1,72,R,1.1
2,4,0.588358,1,44,R,1.8
2,4,0.4243925,1,16,R,2.1
2,4,0.5232605,1,72,R,1.9
2,4,0.5894077,1,44,R,0.9
2,4,0.5918823,1,16,R,1.3
2,4,0.6582265,1,16,R,1.4
2,4,0.6962526,1,44,R,1.1
2,4,0.7409691,1,16,R,1.8
2,4,0.6774671,1,100,R,2.1
2,4,0.5729907,1,100,R,1.1
2,4,1.0890029,1,100,R,2.1
2,4,0.975642,1,16,R,1.1
2,4,0.8835974,1,72,R,2.1
2,4,0.8252666,1,72,R,1.1
2,4,0.588969,1,100,R,1.6
2,4,0.6792071,1,100,R,1.8
2,4,0.6055859,1,44,R,1.1
2,4,0.7806566,1,16,R,1.1
2,4,0.4834668,1,72,R,2.1
2,4,0.5147229,1,16,R,1.4
2,4,0.3552336,1,100,R,1.4
2,4,0.4396822,1,72,R,1.1
2,4,0.4931694,1,100,R,1.8
2,4,0.3459063,1,44,R,0.9
2,4,0.2552495,1,100,R,2.3
2,4,0.2125418,1,72,R,1.6
2,4,0.2409827,1,44,R,2.1
2,4,0.183646,1,100,R,1.3
2,4,0.8049984,0,16,R,0.9
2,4,0.416087,1,72,R,1.8
2,4,0.3604235,1,100,R,2.1
2,4,0.2145432,1,100,R,2.1
2,4,0.3884315,1,44,R,1.3
2,4,0.4044138,1,100,R,1.4
2,4,0.2443488,1,72,R,2.1
2,4,0.4383039,1,100,R,1.4
2,4,0.4348304,1,72,R,2.3
2,4,0.2998163,1,72,R,1.8
2,4,0.9752242,1,16,R,2.3
2,4,0.489188,1,100,R,2.3
2,4,0.4344776,1,72,R,1.8
2,4,0.5079458,1,16,R,1.6
2,4,0.5004348,1,72,R,0.9
2,4,0.5384884,1,100,R,0.9
2,4,0.510843,1,100,R,1.3
2,4,0.3395091,1,16,R,1.1
2,4,0.3623548,1,44,R,1.4
2,4,0.6252027,0,16,R,1.3
2,4,0.5229231,1,16,R,1.1
2,4,0.3124672,1,44,R,2.3
2,4,0.3912345,1,72,R,1.4
2,4,0.4222238,1,100,R,2.1
2,4,0.3503495,1,72,R,2.3
2,4,0.2887265,1,72,R,0.9
2,4,0.5907182,1,16,R,0.9
2,4,0.8240066,1,16,R,1.9
2,4,1.0575906,1,16,R,1.4
2,4,1.9015214,1,72,R,0.9
2,4,0.6215394,1,16,R,2.3
2,4,0.4465499,1,16,R,1.3
3,1,0.5927372,1,44,R,0.9
3,1,0.5491041,1,72,R,1.3
3,1,2.0648767,1,16,R,2.3
3,1,0.8901354,1,16,R,1.8
3,1,0.5666099,1,72,R,1.3
3,1,0.6302887,1,72,R,2.1
3,1,0.5711873,1,44,R,1.4
3,1,1.9071422,1,16,R,2.3
3,1,1.3257575,1,16,R,2.1
3,1,0.9499241,1,72,R,1.3
3,1,0.937112,1,16,R,1.8
3,1,1.2427071,0,16,R,2.3
3,1,1.3273508,1,100,R,0.9
3,1,0.7042565,1,16,R,1.1
3,1,0.7930638,1,44,R,1.9
3,1,0.5154938,1,72,R,1.4
3,1,0.6943152,1,100,R,1.6
3,1,0.4167109,1,72,R,2.1
3,1,0.4669028,1,72,R,1.6
3,1,1.2728548,1,16,R,1.4
3,1,0.5494644,1,72,R,1.8
3,1,0.4373939,1,100,R,1.9
3,1,0.3712065,1,100,R,1.6
3,1,0.790261,1,16,R,1.9
3,1,1.5643696,0,44,R,1.8
3,1,0.6293168,1,44,R,2.1
3,1,0.4164692,1,100,R,0.9
3,1,0.4882937,1,44,R,2.3
3,1,0.6069868,1,16,R,2.3
3,1,0.6060241,1,16,R,2.1
3,1,0.5793537,1,44,R,0.9
3,1,0.8615558,1,100,R,1.8
3,1,0.5582802,1,16,R,1.3
3,1,0.4901216,1,44,R,1.6
3,1,0.8022648,1,44,R,1.4
3,1,1.1963766,1,44,R,1.1
3,1,0.4882239,1,100,R,0.9
3,1,0.583712,1,72,R,0.9
3,1,1.0632072,0,44,R,1.4
3,1,0.5216013,1,44,R,1.4
3,1,0.4826873,1,72,R,0.9
3,1,0.5610848,1,44,R,2.1
3,1,0.6141237,0,44,R,1.6
3,1,0.7604447,0,100,R,2.1
3,1,0.720058,1,44,R,1.8
3,1,1.2274332,1,100,R,1.4
3,1,0.7435587,1,16,R,1.6
3,1,0.4214034,1,44,R,1.4
3,1,0.6412808,1,72,R,0.9
3,1,0.6109255,1,44,R,1.9
3,1,0.5396125,1,44,R,1.8
3,1,0.7342893,1,100,R,1.4
3,1,0.6523049,1,72,R,1.1
3,1,0.5579714,1,16,R,2.1
3,1,0.5251427,1,16,R,2.3
3,1,0.5332513,1,72,R,1.9
3,1,0.5512482,1,72,R,1.6
3,1,0.6066383,1,44,R,1.8
3,1,1.2557985,1,16,R,1.1
3,1,0.5352816,1,44,R,1.1
3,1,0.6010441,1,72,R,2.3
3,2,0.892955,1,100,R,1.9
3,2,0.4777582,1,100,R,2.3
3,2,0.667163,1,72,R,1.9
3,2,0.7042117,1,16,R,1.4
3,2,0.4329377,1,72,R,0.9
3,2,0.7381843,1,44,R,1.4
3,2,0.6167651,1,100,R,1.8
3,2,0.7704593,1,100,R,2.1
3,2,0.4823931,1,72,R,2.3
3,2,0.4604392,1,44,R,2.3
3,2,0.4233003,1,72,R,2.1
3,2,0.702611,1,100,R,1.3
3,2,0.5096241,1,100,R,1.6
3,2,0.5005918,1,72,R,0.9
3,2,0.4496788,1,72,R,0.9
3,2,0.607166,1,16,R,1.9
3,2,0.5715026,1,44,R,1.3
3,2,2.0970891,1,44,R,2.3
3,2,0.4176618,1,72,R,1.3
3,2,0.4773886,1,44,R,1.3
3,2,0.6366169,1,44,R,1.8
3,2,0.4489579,1,44,R,2.1
3,2,0.5018863,1,72,R,1.9
3,2,0.5276206,1,100,R,1.1
3,2,0.4908306,1,16,R,2.3
3,2,0.4007424,1,72,R,1.9
3,2,0.4621378,1,44,R,1.4
3,2,0.683403,1,72,R,0.9
3,2,0.462651,1,44,R,1.9
3,2,2.0367348,0,16,R,1.3
3,2,0.5406648,1,44,R,0.9
3,2,0.4391129,1,44,R,1.4
3,2,0.5267434,1,100,R,1.1
3,2,0.5812681,1,16,R,1.4
3,2,0.491581,1,100,R,1.9
3,2,0.3846574,1,72,R,1.1
3,2,0.5246034,1,16,R,2.1
3,2,0.5579725,1,16,R,1.9
3,2,0.3470647,1,44,R,1.8
3,2,1.0986436,1,16,R,1.9
3,2,0.7412093,1,16,R,1.3
3,2,0.5657061,1,72,R,1.8
3,2,0.3839054,1,72,R,1.1
3,2,0.3963246,1,44,R,2.1
3,2,0.4233751,1,44,R,0.9
3,2,0.3565555,1,100,R,1.3
3,2,0.4794849,1,44,R,2.3
3,2,0.4288772,1,44,R,2.3
3,2,0.465023,1,72,R,2.3
3,2,0.4546532,1,100,R,2.1
3,2,0.4897926,1,100,R,2.3
3,2,0.5294118,1,44,R,1.6
3,2,0.6559373,1,44,R,1.3
3,3,0.7313912,1,72,R,1.3
3,3,0.5438817,1,44,R,1.1
3,3,0.5442123,1,44,R,0.9
3,3,0.704192,1,44,R,2.1
3,3,0.8633854,1,72,R,2.1
3,3,0.6030375,1,44,R,1.9
3,3,0.5875279,1,100,R,0.9
3,3,0.5896044,1,16,R,1.4
3,3,1.0449253,1,44,R,1.1
3,3,0.943811,1,44,R,1.4
3,3,0.6215984,1,16,R,1.9
3,3,0.7242871,1,16,R,0.9
3,3,0.6211747,1,44,R,2.1
3,3,1.1121713,0,16,R,1.6
3,3,1.0592435,1,100,R,1.3
3,3,1.0386198,1,16,R,1.4
3,3,1.1070163,1,44,R,1.8
3,3,1.8068212,1,16,R,1.9
3,3,0.7167101,1,72,R,1.8
3,3,0.614381,1,100,R,1.9
3,3,0.5459082,1,44,R,0.9
3,3,0.8456377,1,44,R,1.8
3,3,0.4224493,1,100,R,0.9
3,3,0.5330656,1,72,R,1.6
3,3,0.6792623,1,44,R,2.1
3,3,0.8064983,1,16,R,1.4
3,3,0.4873357,1,44,R,0.9
3,3,0.474772,1,44,R,2.3
3,3,0.9187378,1,72,R,2.3
3,3,0.5169165,1,72,R,1.8
3,3,0.4820586,1,72,R,1.8
3,3,0.9056599,1,100,R,1.4
3,3,0.4179315,1,72,R,1.1
3,3,0.7884711,1,44,R,1.4
3,3,0.5062731,1,72,R,2.3
3,3,0.5947647,1,100,R,1.3
3,3,0.4514011,1,72,R,1.6
3,3,0.6377675,1,16,R,2.3
3,3,0.473227,1,100,R,1.8
3,3,0.3892908,1,72,R,0.9
3,3,0.5720194,1,100,R,2.3
3,3,0.4566387,1,100,R,0.9
3,3,0.494968,1,44,R,1.8
3,3,0.4944766,1,44,R,1.9
3,3,0.4243707,1,16,R,1.6
3,3,0.4795868,1,44,R,1.9
3,3,1.842408,0,16,R,1.1
3,3,0.4719798,1,100,R,1.3
3,3,0.5052494,1,100,R,1.1
3,3,0.5007699,1,72,R,1.3
3,3,0.6711517,1,44,R,0.9
3,3,0.5646438,1,16,R,1.8
3,3,0.445701,1,44,R,1.4
3,3,0.4892179,1,100,R,2.1
3,3,0.5352526,1,72,R,1.9
3,3,0.5342129,1,72,R,2.1
3,3,0.5003709,1,72,R,1.1
3,3,0.4740173,1,16,R,1.9
3,3,0.5595533,1,100,R,1.4
3,3,0.4549618,1,100,R,2.3
3,3,0.9750039,1,16,R,2.3
3,3,0.4515921,1,72,R,2.3
3,3,0.7679532,1,72,R,1.6
3,3,0.47289,1,44,R,0.9
2,4,0.4668563,1,72,R,2.1
2,4,1.2399264,1,16,R,1.4
2,4,0.7062319,1,44,R,0.9
2,4,0.5107714,1,44,R,1.1
2,4,0.3441915,1,100,R,1.1
2,4,0.4177052,1,72,R,1.8
2,4,0.4148386,1,72,R,2.3
2,4,0.3242078,1,44,R,1.3
2,4,0.4456451,1,100,R,1.3
2,4,0.4011801,1,72,R,2.3
2,4,0.3559156,1,16,R,2.3
2,4,0.4628377,1,44,R,1.3
2,4,0.5336358,1,72,R,1.1
2,4,0.588358,1,44,R,1.8
2,4,0.4243925,1,16,R,2.1
2,4,0.5232605,1,72,R,1.9
2,4,0.5894077,1,44,R,0.9
2,4,0.5918823,1,16,R,1.3
2,4,0.6582265,1,16,R,1.4
2,4,0.6962526,1,44,R,1.1
2,4,0.7409691,1,16,R,1.8
2,4,0.6774671,1,100,R,2.1
2,4,0.5729907,1,100,R,1.1
2,4,1.0890029,1,100,R,2.1
2,4,0.975642,1,16,R,1.1
2,4,0.8835974,1,72,R,2.1
2,4,0.8252666,1,72,R,1.1
2,4,0.588969,1,100,R,1.6
2,4,0.6792071,1,100,R,1.8
2,4,0.6055859,1,44,R,1.1
2,4,0.7806566,1,16,R,1.1
2,4,0.4834668,1,72,R,2.1
2,4,0.5147229,1,16,R,1.4
2,4,0.3552336,1,100,R,1.4
2,4,0.4396822,1,72,R,1.1
2,4,0.4931694,1,100,R,1.8
2,4,0.3459063,1,44,R,0.9
2,4,0.2552495,1,100,R,2.3
2,4,0.2125418,1,72,R,1.6
2,4,0.2409827,1,44,R,2.1
2,4,0.183646,1,100,R,1.3
2,4,0.8049984,0,16,R,0.9
2,4,0.416087,1,72,R,1.8
2,4,0.3604235,1,100,R,2.1
2,4,0.2145432,1,100,R,2.1
2,4,0.3884315,1,44,R,1.3
2,4,0.4044138,1,100,R,1.4
2,4,0.2443488,1,72,R,2.1
2,4,0.4383039,1,100,R,1.4
2,4,0.4348304,1,72,R,2.3
2,4,0.2998163,1,72,R,1.8
2,4,0.9752242,1,16,R,2.3
2,4,0.489188,1,100,R,2.3
2,4,0.4344776,1,72,R,1.8
2,4,0.5079458,1,16,R,1.6
2,4,0.5004348,1,72,R,0.9
2,4,0.5384884,1,100,R,0.9
2,4,0.510843,1,100,R,1.3
2,4,0.3395091,1,16,R,1.1
2,4,0.3623548,1,44,R,1.4
2,4,0.6252027,0,16,R,1.3
2,4,0.5229231,1,16,R,1.1
2,4,0.3124672,1,44,R,2.3
2,4,0.3912345,1,72,R,1.4
2,4,0.4222238,1,100,R,2.1
2,4,0.3503495,1,72,R,2.3
2,4,0.2887265,1,72,R,0.9
2,4,0.5907182,1,16,R,0.9
2,4,0.8240066,1,16,R,1.9
2,4,1.0575906,1,16,R,1.4
2,4,1.9015214,1,72,R,0.9
2,4,0.6215394,1,16,R,2.3
2,4,0.4465499,1,16,R,1.3
4,1,0.7377069,1,100,R,1.1
4,1,0.7877807,0,16,R,1.1
4,1,0.7484532,1,72,R,1.9
4,1,0.5825549,1,72,R,0.9
4,1,0.5667072,1,72,R,1.8
4,1,0.7993662,1,72,R,1.8
4,1,0.635805,1,100,R,1.6
4,1,0.6933547,1,100,R,0.9
4,1,1.0414185,0,16,R,2.1
4,1,0.5214401,1,44,R,1.1
4,1,0.5711673,1,72,R,0.9
4,1,0.6765156,1,100,R,0.9
4,1,0.5827716,1,72,R,1.1
4,1,0.6424321,1,16,R,1.9
4,1,0.6556439,1,16,R,1.6
4,1,0.6658376,1,72,R,2.3
4,1,0.754862,1,44,R,2.1
4,1,0.5572184,1,100,R,1.3
4,1,1.0762797,1,100,R,1.4
4,1,0.6734227,1,16,R,1.9
4,1,0.5946281,1,100,R,1.1
4,1,0.6457782,1,44,R,1.8
4,1,0.7022571,0,72,R,1.4
4,1,0.7823146,1,72,R,1.3
4,1,0.6579825,1,16,R,2.3
4,1,0.6722723,1,100,R,1.8
4,1,0.7665304,1,72,R,1.1
4,1,0.5722341,1,16,R,2.3
4,1,0.6931002,0,44,R,0.9
4,1,0.6901646,1,44,R,1.8
4,1,0.6207803,0,72,R,1.6
4,1,1.1562814,0,100,R,0.9
4,1,0.8323564,1,72,R,2.1
4,1,0.756008,1,16,R,1.9
4,1,0.7299167,1,100,R,1.1
4,1,0.5275056,1,44,R,1.1
4,1,0.7241945,0,16,R,2.3
4,1,0.6003144,0,72,R,1.9
4,1,0.8549037,1,100,R,1.4
4,1,0.5946708,1,100,R,0.9
4,1,0.5685808,1,44,R,2.3
4,1,0.5501395,1,72,R,1.3
4,1,0.5298202,1,44,R,1.9
4,1,0.7075388,1,16,R,1.8
4,1,0.5214889,1,44,R,1.9
4,1,0.7401837,1,16,R,1.3
4,1,0.73484,0,72,R,1.9
4,1,1.2907352,1,44,R,0.9
4,1,0.9850416,1,100,R,1.9
4,1,0.7926122,0,16,R,1.1
4,1,0.6163637,1,72,R,1.6
4,1,0.6754079,1,16,R,0.9
4,1,0.8449874,1,44,R,1.9
4,1,0.5334042,1,72,R,1.1
4,1,0.5213361,1,100,R,0.9
4,1,0.9729436,1,44,R,1.8
4,1,0.7079388,0,16,R,1.9
4,1,0.5965766,1,44,R,1.6
4,1,0.6285532,0,44,R,1.1
4,1,1.1499737,1,72,R,1.1
4,1,0.5002229,1,72,R,1.8
4,1,0.4492302,1,72,R,2.3
4,1,0.7512994,1,72,R,1.9
4,1,0.4672328,1,72,R,1.8
4,1,0.8571892,1,16,R,2.1
4,1,0.6260622,0,16,R,1.3
4,1,0.5840289,1,72,R,1.3
4,1,0.6381779,1,100,R,1.1
4,1,0.8155344,0,44,R,1.6
4,1,0.7178415,1,72,R,1.1
4,1,0.6838007,1,100,R,1.6
4,1,0.9596411,0,16,R,1.9
4,1,0.9287267,0,100,R,1.8
4,1,0.7096233,1,100,R,2.3
4,1,0.5345319,1,72,R,1.9
4,1,0.5647804,1,72,R,1.3
4,2,0.6909357,1,16,R,1.3
4,2,0.6607115,1,100,R,1.8
4,2,0.6759632,1,100,R,2.3
4,2,0.5576063,1,44,R,2.1
4,2,0.5533045,1,44,R,2.1
4,2,0.6270288,0,16,R,1.3
4,2,1.2594356,1,16,R,1.8
4,2,1.5783625,0,100,R,1.9
4,2,0.6280828,1,100,R,1.1
4,2,0.550962,1,72,R,1.4
4,2,0.548337,0,16,R,1.9
4,2,0.5344582,1,72,R,2.3
4,2,0.5462442,1,44,R,0.9
4,2,0.7242695,0,16,R,1.1
4,2,0.7183267,0,72,R,2.3
4,2,0.5791307,1,44,R,1.3
4,2,0.6179075,1,100,R,1.8
4,2,0.5909971,1,16,R,1.4
4,2,0.5722331,1,100,R,1.3
4,2,0.9245148,0,16,R,2.1
4,2,0.5895911,1,100,R,2.3
4,2,0.5767768,1,100,R,1.4
4,2,0.6416516,1,16,R,1.9
4,2,1.1296261,0,44,R,1.9
4,2,0.6628625,1,44,R,1.4
4,2,0.7279816,1,100,R,1.6
4,2,0.6237703,1,72,R,2.3
4,2,0.7233632,1,100,R,2.1
4,2,0.5675711,1,72,R,1.6
4,2,0.5055151,1,100,R,1.3
4,2,0.6753395,1,16,R,1.8
4,2,0.6059945,1,100,R,1.3
4,2,0.9363607,0,72,R,1.8
4,2,0.814719,1,72,R,1.9
4,2,0.5348062,1,72,R,1.8
4,2,0.5712691,1,16,R,1.9
4,2,0.5058378,1,100,R,1.4
4,2,0.5724533,1,100,R,1.9
4,2,0.6057881,1,16,R,1.1
4,2,0.6419825,0,16,R,1.3
4,2,0.6280121,1,44,R,0.9
4,2,0.6036488,1,44,R,0.9
4,2,0.5221963,1,100,R,1.6
4,2,0.5408718,1,16,R,2.1
4,2,0.5750074,0,16,R,1.4
4,2,1.0264059,1,16,R,2.3
4,2,0.9772854,1,100,R,1.3
4,2,0.7249849,1,16,R,1.8
4,2,0.5845081,1,72,R,2.3
4,2,0.5715315,1,100,R,1.4
4,2,0.6331262,1,100,R,1.4
4,2,0.5166395,1,72,R,1.3
4,2,0.7791651,1,100,R,2.3
4,2,0.5155704,1,72,R,1.3
4,2,0.5613109,1,44,R,1.6
4,2,0.51747,0,72,R,2.3
4,2,0.6858457,1,44,R,1.1
4,2,0.5499653,1,72,R,1.8
4,2,0.5352997,1,72,R,1.6
4,2,0.5724466,1,16,R,1.4
4,2,0.5300977,0,44,R,1.1
4,2,0.4992271,1,72,R,1.3
4,2,0.7108789,1,100,R,1.8
4,2,1.074233,1,16,R,1.1
4,2,0.5072549,1,16,R,2.1
4,2,0.5622565,0,44,R,0.9
4,2,0.5719333,1,100,R,2.1
4,2,0.5939124,1,100,R,1.1
4,2,0.5729159,1,100,R,1.6
4,2,0.7513392,0,100,R,0.9
4,2,0.5547561,1,16,R,1.8
4,2,0.5338761,1,72,R,1.6
4,2,0.5172202,1,72,R,1.6
4,3,0.5864835,1,100,R,1.9
4,3,0.5613125,1,44,R,1.1
4,3,0.5373485,1,100,R,1.8
4,3,0.5436034,1,44,R,1.6
4,3,0.6988796,0,44,R,1.9
4,3,0.5775587,1,100,R,1.4
4,3,0.7064056,1,44,R,2.3
4,3,0.5536006,1,44,R,1.3
4,3,0.4621645,1,44,R,1.1
4,3,0.4998936,1,72,R,1.8
4,3,0.5744557,1,16,R,0.9
4,3,0.6084358,1,16,R,1.4
4,3,0.5449481,1,44,R,1.9
4,3,0.5892009,1,100,R,1.3
4,3,0.5778933,1,100,R,1.1
4,3,0.4615965,1,44,R,1.1
4,3,0.4212261,1,100,R,1.4
4,3,0.5075468,1,16,R,1.4
4,3,0.4296209,1,100,R,1.4
4,3,0.5287646,0,44,R,2.1
4,3,0.5292789,1,44,R,1.8
4,3,0.7275624,1,44,R,1.8
4,3,0.4672545,1,72,R,1.3
4,3,0.5402011,0,16,R,1.1
4,3,0.751808,1,100,R,1.9
4,3,0.5165804,1,72,R,2.1
4,3,0.5660485,1,72,R,1.9
4,3,0.5378194,1,100,R,0.9
4,3,0.4990908,1,72,R,2.1
4,3,0.5553907,1,44,R,1.1
4,3,0.5018495,0,44,R,2.1
4,3,0.5667441,1,72,R,1.6
4,3,0.521042,1,100,R,1.6
4,3,0.5512665,1,72,R,2.3
4,3,0.5694129,1,72,R,2.3
4,3,0.6085528,1,16,R,1.3
4,3,0.5000908,1,72,R,1.3
4,3,0.576216,1,100,R,1.4
4,3,0.5338738,1,72,R,1.1
4,3,0.545954,1,100,R,2.1
4,3,0.4718297,1,100,R,1.3
4,3,0.4666929,1,72,R,1.9
4,3,0.784472,1,72,R,2.3
4,3,0.5963156,0,16,R,1.1
4,3,0.6229555,1,44,R,1.9
4,3,0.6242738,1,16,R,1.4
4,3,0.4893047,1,100,R,2.3
4,3,0.5405384,1,44,R,1.3
4,3,0.8755208,0,16,R,0.9
4,3,0.6052048,1,16,R,1.9
4,3,0.622257,1,100,R,1.9
4,3,0.5766955,1,100,R,1.4
4,3,0.6565688,1,16,R,0.9
4,3,0.5211997,1,100,R,2.3
4,3,0.5737096,1,44,R,1.4
4,3,0.524919,0,16,R,2.3
4,3,0.91309,0,44,R,2.1
4,3,0.6227368,1,100,R,1.9
4,3,0.5604268,1,100,R,1.8
4,3,0.5606379,1,100,R,1.4
4,3,0.640621,1,16,R,2.3
4,3,0.5071996,1,16,R,0.9
4,3,0.5912453,0,16,R,1.3
4,3,0.5930541,1,100,R,1.8
4,3,0.5786584,1,44,R,1.1
4,3,0.567126,1,72,R,1.4
4,3,0.5453637,1,100,R,2.1
4,3,0.5405688,1,16,R,0.9
4,3,0.5243974,0,16,R,1.4
4,3,0.658286,1,16,R,2.1
4,4,0.5504006,0,72,R,2.1
4,4,0.5823002,1,72,R,1.4
4,4,0.5386858,1,100,R,2.3
4,4,0.5740459,1,16,R,2.3
4,4,0.6067783,1,100,R,2.3
4,4,0.6556076,1,100,R,1.4
4,4,0.5720357,1,100,R,1.6
4,4,0.7245511,0,16,R,1.8
4,4,0.5130377,1,44,R,1.8
4,4,0.5674043,1,72,R,1.8
4,4,0.506858,0,16,R,1.6
4,4,0.5225457,1,44,R,1.4
4,4,0.6744757,0,72,R,1.1
4,4,1.3561828,0,72,R,1.9
4,4,0.4773933,1,72,R,1.8
4,4,0.5243804,1,44,R,2.3
4,4,0.544592,1,100,R,1.6
4,4,0.4828757,1,72,R,1.1
4,4,0.5208715,1,44,R,1.4
4,4,0.5619477,1,100,R,2.1
4,4,0.5059128,1,44,R,1.1
4,4,0.572905,1,72,R,1.1
4,4,0.5080406,1,16,R,1.1
4,4,0.5069356,1,16,R,1.8
4,4,0.5909693,1,16,R,1.3
4,4,0.6566571,0,16,R,0.9
4,4,0.8079369,0,16,R,1.6
4,4,0.6884809,1,100,R,1.3
4,4,0.5561707,1,100,R,2.1
4,4,0.5914557,0,16,R,1.8
4,4,0.5380016,1,100,R,1.9
4,4,0.5568462,1,16,R,2.3
4,4,0.5073307,1,16,R,2.3
4,4,0.5381375,1,100,R,1.6
4,4,0.5391177,1,100,R,0.9
4,4,0.5108757,0,44,R,1.1
4,4,0.543275,1,100,R,1.6
4,4,0.5741204,1,16,R,1.8
4,4,1.001117,1,72,R,1.4
4,4,0.5523145,1,44,R,1.8
4,4,0.5628562,0,44,R,0.9
4,4,0.5174148,1,72,R,1.3
4,4,0.761213,0,100,R,1.3
4,4,0.7515227,1,44,R,1.1
4,4,0.5628032,1,44,R,2.3
4,4,0.5003016,1,72,R,0.9
4,4,0.528909,1,44,R,2.1
4,4,0.6057523,1,44,R,1.9
4,4,0.5165892,1,100,R,1.1
4,4,0.4846195,1,72,R,2.1
4,4,0.5401349,1,16,R,1.8
4,4,1.167002,0,72,R,1.9
4,4,0.846156,0,100,R,1.4
4,4,0.7330969,0,72,R,2.3
4,4,0.5774787,1,100,R,2.3
4,4,0.5227698,1,100,R,1.3
4,4,0.7375926,1,44,R,1.9
4,4,0.5390871,0,16,R,1.6
4,4,0.6231218,0,16,R,1.4
4,4,0.4767393,1,44,R,1.3
4,4,0.496268,1,100,R,1.8
4,4,0.6008905,1,72,R,1.8
4,4,0.5283669,1,44,R,2.3
4,4,0.5073267,1,44,R,1.1
4,4,0.7802214,1,16,R,1.3
4,4,0.5713802,1,100,R,1.3
5,1,0.4213435,1,44,R,1.8
5,1,0.4296006,1,72,R,1.8
5,1,0.371146,1,16,R,2.3
5,1,0.4068279,1,16,R,1.3
5,1,0.5271553,1,100,R,1.6
5,1,0.5416897,1,100,R,1.6
5,1,0.5437678,1,100,R,1.6
5,1,0.4451757,1,44,R,1.8
5,1,0.4333203,1,72,R,1.4
5,1,0.3847335,1,100,R,0.9
5,1,0.413387,1,16,R,1.4
5,1,0.3840055,1,72,R,1.9
5,1,0.4064597,1,72,R,1.6
5,1,0.4154796,1,72,R,0.9
5,1,0.559483,1,100,R,1.3
5,1,0.45575,1,16,R,0.9
5,1,0.4003394,1,72,R,1.3
5,1,0.4279356,1,44,R,1.4
5,1,0.5993895,1,100,R,2.1
5,1,0.3582011,1,16,R,2.1
5,1,0.3661188,1,72,R,1.4
5,1,0.3191479,1,100,R,2.1
5,1,0.3418161,1,100,R,2.3
5,1,0.4440002,1,44,R,1.4
5,1,0.3783611,1,44,R,0.9
5,1,0.4719016,1,16,R,2.3
5,1,0.4665153,1,100,R,0.9
5,1,0.3514885,1,100,R,1.9
5,1,0.3802531,1,44,R,1.1
5,1,0.3895861,1,44,R,1.9
5,1,0.5568935,0,16,R,1.6
5,1,0.6271202,1,44,R,0.9
5,1,0.5071554,1,44,R,2.3
5,1,0.4800252,1,44,R,2.3
5,1,0.3154796,1,72,R,1.8
5,1,0.3880015,1,100,R,1.6
5,1,0.3177651,1,72,R,1.4
5,1,0.3719846,1,44,R,1.4
5,1,0.3129818,1,44,R,1.8
5,1,0.4989551,1,16,R,1.6
5,1,0.4715691,1,100,R,1.9
5,1,0.483674,1,72,R,1.8
5,1,0.4087156,1,16,R,1.6
5,1,0.4391494,1,100,R,1.3
5,1,0.5440132,1,100,R,2.3
5,1,0.5071978,1,16,R,2.3
5,1,0.5419244,0,16,R,2.1
5,1,0.5924402,1,16,R,1.6
5,1,0.5231076,1,16,R,1.9
5,1,0.6183801,1,72,R,1.3
5,1,0.7061456,1,16,R,1.8
5,1,0.349827,1,72,R,1.9
5,1,0.3236648,1,100,R,1.3
5,1,0.4269039,1,100,R,1.4
5,1,0.5249308,0,16,R,1.4
5,1,0.4500313,1,72,R,1.8
5,1,0.3795793,1,44,R,2.1
5,1,0.3717595,1,44,R,1.4
5,1,0.294838,1,44,R,1.1
5,1,0.434285,1,72,R,2.3
5,1,0.4733349,1,100,R,1.4
5,1,0.4285159,1,44,R,1.9
5,1,0.4405217,1,16,R,2.3
5,1,0.5782145,1,100,R,1.3
5,1,0.4179593,1,72,R,1.9
5,1,0.5210145,1,100,R,1.8
5,1,0.4286844,1,44,R,2.3
5,1,0.4422375,1,16,R,2.3
5,1,0.4556817,1,100,R,2.3
5,1,0.4612221,1,44,R,2.3
5,1,0.3449656,1,44,R,1.6
5,1,0.3840781,1,100,R,2.1
5,1,0.4412059,1,16,R,1.6
5,1,0.4738171,1,16,R,1.9
5,1,0.4738424,1,16,R,2.1
5,1,0.5516653,1,72,R,1.6
5,1,0.3217217,1,100,R,1.6
5,1,0.4239079,1,44,R,1.8
5,1,0.4307718,1,16,R,1.1
5,1,0.6125686,0,44,R,1.6
5,1,0.4344502,1,72,R,2.3
5,1,0.5433616,1,100,R,1.8
5,2,0.4406565,1,16,R,1.6
5,2,0.5284898,1,100,R,2.3
5,2,0.523894,1,16,R,0.9
5,2,0.4558897,1,44,R,1.1
5,2,0.3908473,1,72,R,0.9
5,2,0.4177799,1,72,R,2.1
5,2,0.329457,1,100,R,1.8
5,2,0.4442322,1,100,R,0.9
5,2,0.3495277,1,72,R,1.1
5,2,0.3789939,1,44,R,2.3
5,2,0.345161,1,44,R,1.1
5,2,0.304101,1,100,R,1.1
5,2,0.4732784,1,44,R,1.9
5,2,0.3467438,1,100,R,1.1
5,2,0.3961259,1,44,R,1.8
5,2,0.4240366,1,16,R,2.1
5,2,0.2896513,1,100,R,1.8
5,2,0.2168467,1,72,R,1.1
5,2,0.3913298,0,16,R,1.3
5,2,0.3159902,1,72,R,1.3
5,2,0.4341271,1,72,R,1.1
5,2,0.5272476,1,44,R,1.9
5,2,0.3907062,1,44,R,1.3
5,2,0.3222141,1,100,R,1.3
5,2,0.3834292,1,72,R,1.4
5,2,0.3032959,1,100,R,0.9
5,2,0.3019317,1,72,R,1.1
5,2,0.4440758,1,44,R,1.4
5,2,0.4129762,1,44,R,1.8
5,2,0.3752118,1,16,R,2.3
5,2,0.3506861,1,72,R,1.8
5,2,0.2595374,1,100,R,1.1
5,2,0.6536213,0,16,R,1.1
5,2,0.3011952,1,100,R,0.9
5,2,0.3168327,1,72,R,1.3
5,2,0.4214412,1,44,R,1.9
5,2,0.4072456,1,16,R,1.3
5,2,0.5437646,1,100,R,1.3
5,2,0.3794382,1,44,R,1.3
5,2,0.4380693,1,100,R,0.9
5,2,0.4961223,1,44,R,2.3
5,2,0.5229446,1,16,R,0.9
5,2,1.1671202,1,72,R,1.6
5,2,0.7724811,0,16,R,1.9
5,2,0.4008785,1,72,R,1.1
5,2,0.3837443,1,72,R,0.9
5,2,0.3990905,1,72,R,1.6
5,2,0.4902889,1,16,R,1.8
5,2,0.3956474,1,44,R,2.1
5,2,0.4242086,1,72,R,1.8
5,2,0.3827302,1,72,R,1.1
5,2,0.4009649,1,72,R,1.9
5,2,0.5674442,1,72,R,1.3
5,2,0.6941051,1,100,R,0.9
5,2,0.4738272,1,16,R,1.4
5,2,0.4061086,1,16,R,1.9
5,2,1.3816632,0,44,R,1.6
5,2,0.3557191,1,100,R,1.6
5,2,0.3397116,1,44,R,1.6
5,2,0.6802079,1,16,R,1.8
5,2,0.403529,1,44,R,2.3
5,2,0.5517479,1,100,R,1.6
5,2,0.6573839,1,16,R,0.9
5,2,0.6081233,0,16,R,2.1
5,2,0.5243027,1,16,R,1.1
5,2,0.6836999,1,72,R,1.9
5,2,1.6578924,0,16,R,1.9
5,2,0.4502338,1,72,R,1.4
5,2,0.3675702,1,72,R,1.3
5,2,0.6463855,0,44,R,1.4
5,2,0.5505353,1,72,R,1.1
5,2,0.6258878,0,72,R,1.9
5,2,0.6395505,1,44,R,1.6
5,2,0.5446723,1,100,R,1.4
5,3,0.7502632,1,100,R,1.3
5,3,0.9793337,0,44,R,0.9
5,3,0.3707503,1,44,R,2.3
5,3,0.5186021,1,100,R,1.1
5,3,0.3392073,1,100,R,2.1
5,3,0.4004401,1,72,R,1.9
5,3,0.3226386,1,44,R,2.3
5,3,1.0327519,1,16,R,2.1
5,3,0.4248943,1,16,R,1.6
5,3,0.790406,0,16,R,2.1
5,3,0.4069649,1,16,R,2.1
5,3,0.3909971,1,44,R,1.9
5,3,0.5425157,1,100,R,1.8
5,3,0.4403946,1,16,R,1.3
5,3,0.4068435,1,16,R,0.9
5,3,0.3333806,1,72,R,1.4
5,3,0.356942,1,100,R,1.3
5,3,0.8295609,1,44,R,1.9
5,3,0.4079121,1,16,R,1.4
5,3,0.2668314,1,100,R,1.1
5,3,0.4559615,1,100,R,1.1
5,3,0.5264406,1,100,R,1.9
5,3,0.3574877,1,16,R,1.3
5,3,0.3319064,1,72,R,1.4
5,3,0.3582659,1,16,R,1.8
5,3,0.4735421,1,44,R,1.1
5,3,0.6799309,1,16,R,0.9
5,3,0.2825542,1,72,R,1.1
5,3,0.3681688,1,72,R,2.3
5,3,0.4171376,1,72,R,1.3
5,3,0.4236098,1,16,R,1.1
5,3,0.3795564,1,44,R,1.1
5,3,0.3832542,1,72,R,1.9
5,3,0.3625747,1,16,R,1.8
5,3,0.3580382,1,16,R,1.8
5,3,0.4774111,1,100,R,1.6
5,3,0.6751121,0,16,R,2.3
5,3,0.3245594,1,100,R,1.8
5,3,0.6730526,0,16,R,1.3
5,3,0.8412599,0,16,R,0.9
5,3,0.354944,1,100,R,0.9
5,3,0.3953905,1,44,R,2.3
5,3,0.4227262,1,44,R,1.6
5,3,0.3497883,1,72,R,1.9
5,3,0.4281987,1,44,R,1.4
5,3,0.4169256,1,72,R,0.9
5,3,0.4033636,1,100,R,1.6
5,3,0.5232533,1,44,R,1.4
5,3,1.1222538,1,44,R,0.9
5,3,0.440441,1,16,R,1.3
5,3,0.6941731,1,100,R,1.6
5,3,0.5607092,1,100,R,2.3
5,3,0.4453562,1,44,R,1.3
5,3,0.4910516,1,44,R,1.8
5,3,0.4018105,1,44,R,1.4
5,3,0.3796613,1,44,R,1.6
5,3,0.3844838,1,72,R,1.1
5,3,0.3963321,1,44,R,1.1
5,3,0.4555915,1,100,R,1.1
5,3,0.3914334,1,16,R,1.1
5,3,0.3211991,1,100,R,2.3
5,3,0.4398847,1,44,R,1.4
5,3,0.6654916,1,72,R,1.3
5,3,0.378636,1,44,R,2.3
5,3,0.4009781,1,72,R,1.1
5,3,0.4923849,1,100,R,2.3
5,3,0.4755598,1,16,R,1.6
5,3,0.4406316,1,44,R,1.4
5,4,0.4668531,1,16,R,1.4
5,4,0.3296201,1,72,R,1.9
5,4,0.3719787,1,16,R,0.9
5,4,0.7014993,0,16,R,2.1
5,4,0.4401038,1,16,R,1.9
5,4,0.4252506,1,16,R,1.3
5,4,0.3472463,1,72,R,0.9
5,4,0.337089,1,100,R,1.1
5,4,0.43696,1,44,R,2.1
5,4,0.5279738,1,100,R,1.3
5,4,0.4054202,1,44,R,1.6
5,4,0.3820689,1,72,R,1.3
5,4,0.4048409,1,44,R,0.9
5,4,0.4423228,1,100,R,2.3
5,4,0.3844678,1,72,R,1.6
5,4,0.3979277,1,72,R,1.3
5,4,0.3497657,1,72,R,1.9
5,4,0.4064912,1,16,R,1.9
5,4,0.4453269,1,100,R,1.9
5,4,0.4103557,1,16,R,2.1
5,4,0.3170374,1,72,R,0.9
5,4,0.3222481,1,44,R,2.3
5,4,0.4138587,1,16,R,2.1
5,4,0.2549743,1,72,R,2.1
5,4,0.3846663,1,72,R,2.3
5,4,0.4420959,1,100,R,1.9
5,4,0.3669373,1,72,R,1.6
5,4,0.4115757,1,44,R,1.9
5,4,0.3491237,1,72,R,1.4
5,4,0.3675389,1,72,R,1.4
5,4,0.3450666,1,44,R,1.6
5,4,0.3629127,1,44,R,1.6
5,4,0.3429751,1,16,R,1.8
5,4,0.443564,1,100,R,1.1
5,4,0.4174959,1,72,R,1.1
5,4,0.6462083,0,44,R,1.4
5,4,0.7507977,0,16,R,2.3
5,4,0.4347172,1,72,R,1.3
5,4,0.4584007,1,16,R,1.3
5,4,0.4387834,1,100,R,1.3
5,4,0.6400908,0,16,R,1.6
5,4,0.3541496,1,44,R,1.4
5,4,0.3796238,1,100,R,2.3
5,4,0.3391257,1,100,R,1.6
5,4,0.3390779,1,44,R,1.3
5,4,0.4969523,1,16,R,0.9
5,4,0.299712,1,72,R,1.3
5,4,0.4279472,1,44,R,1.6
5,4,0.3676259,1,72,R,1.4
5,4,0.4947978,1,100,R,0.9
5,4,0.3547602,1,72,R,2.1
5,4,0.3166541,1,72,R,1.1
5,4,0.5012258,1,72,R,2.3
5,4,0.3729797,1,44,R,2.3
5,4,0.3513124,1,72,R,1.3
5,4,0.383974,1,72,R,1.3
5,4,0.7348027,1,72,R,1.3
5,4,0.5765886,1,100,R,0.9
5,4,0.4237496,1,44,R,1.8
5,4,0.4003338,1,100,R,1.3
5,4,0.4515509,1,100,R,1.8
5,4,0.4942247,1,100,R,2.3
5,4,0.3718621,1,100,R,1.8
5,4,0.5070542,1,16,R,2.1
5,4,0.2708204,1,72,R,1.3
5,4,0.3980479,1,72,R,2.1
5,4,0.526476,1,100,R,1.8
5,4,0.2893479,1,100,R,1.1
5,4,0.3501442,1,72,R,1.3
5,4,0.4667328,1,72,R,0.9
5,4,0.3959891,1,44,R,1.4
5,4,0.4233278,1,44,R,1.8
6,1,0.5377177,1,44,R,1.3
6,1,0.3737187,1,44,R,1.4
6,1,0.4322043,1,72,R,1.9
6,1,0.4625328,1,44,R,1.8
6,1,0.4210806,1,44,R,2.3
6,1,0.4102866,1,44,R,0.9
6,1,0.3541034,1,100,R,1.1
6,1,0.399148,1,72,R,1.6
6,1,0.4238809,1,16,R,2.1
6,1,0.4124038,1,44,R,0.9
6,1,0.4217249,1,44,R,1.8
6,1,0.394508,1,44,R,2.1
6,1,0.3999231,1,72,R,2.1
6,1,0.3498554,1,72,R,1.3
6,1,0.3793269,1,44,R,1.1
6,1,0.4168169,1,72,R,1.8
6,1,0.4005599,1,72,R,1.9
6,1,0.6241852,1,16,R,1.3
6,1,0.5896293,1,16,R,1.9
6,1,0.4340791,1,72,R,1.8
6,1,0.4587903,1,100,R,1.6
6,1,0.6255924,0,16,R,1.3
6,1,0.4488685,1,72,R,1.1
6,1,0.4995886,1,72,R,1.4
6,1,0.5127431,1,44,R,1.8
6,1,0.5009453,1,72,R,1.4
6,1,0.7425373,1,16,R,0.9
6,1,0.4609856,1,44,R,1.3
6,1,0.6291934,1,44,R,0.9
6,1,0.7289377,1,44,R,1.4
6,1,0.4129694,1,44,R,1.1
6,1,0.5087984,1,100,R,2.3
6,1,0.4350493,1,72,R,1.1
6,1,0.449565,1,72,R,1.8
6,1,0.3991983,1,72,R,1.6
6,1,0.3824731,1,72,R,2.1
6,1,0.4936765,1,44,R,0.9
6,1,0.5267943,1,100,R,1.6
6,1,0.5118085,1,44,R,1.1
6,1,0.6569035,1,16,R,1.8
6,1,0.5263861,1,44,R,0.9
6,1,0.3895843,1,100,R,1.9
6,1,0.5230084,1,16,R,2.3
6,1,0.4789192,1,44,R,1.1
6,1,0.4564276,1,44,R,1.3
6,1,0.5401199,1,16,R,0.9
6,1,0.5332707,1,72,R,1.3
6,1,0.4882979,1,44,R,2.3
6,1,0.4731625,1,100,R,1.1
6,1,0.5563599,1,16,R,1.6
6,1,0.5609885,1,100,R,1.4
6,1,0.6184791,1,44,R,1.8
6,1,0.4452466,1,44,R,2.3
6,1,0.4412782,1,44,R,1.3
6,1,0.4105168,1,100,R,2.3
6,1,0.6256067,1,16,R,1.9
6,1,0.5148712,1,72,R,1.9
6,1,0.504444,1,100,R,1.3
6,1,0.74215,1,16,R,1.9
6,1,0.5772063,1,100,R,1.6
6,1,0.6249724,1,16,R,1.4
6,1,0.3958825,1,44,R,2.1
6,1,0.3619258,1,44,R,1.8
6,1,0.4237658,1,16,R,1.3
6,1,0.488472,1,44,R,1.1
6,1,0.5460844,1,44,R,1.8
6,1,0.4787991,1,100,R,2.3
6,1,0.6549004,1,44,R,1.4
6,1,0.4607091,1,100,R,1.3
6,1,0.4170065,1,72,R,1.9
6,2,0.4781465,1,44,R,0.9
6,2,0.791489,1,16,R,1.4
6,2,0.7916591,1,16,R,0.9
6,2,0.4840842,1,72,R,0.9
6,2,0.5426538,1,100,R,0.9
6,2,0.5392864,1,44,R,1.8
6,2,0.4672815,1,44,R,1.6
6,2,0.4225275,1,100,R,1.8
6,2,0.573873,1,44,R,1.9
6,2,0.4172688,1,72,R,1.3
6,2,0.286865,1,100,R,1.6
6,2,0.4509913,1,72,R,1.4
6,2,0.3667538,1,72,R,1.1
6,2,0.4743934,1,16,R,1.1
6,2,0.3541167,1,44,R,1.1
6,2,0.438478,1,100,R,1.4
6,2,0.476906,1,100,R,2.1
6,2,0.3912487,1,16,R,2.1
6,2,0.692157,1,16,R,2.3
6,2,0.606944,1,16,R,0.9
6,2,0.5306057,1,44,R,0.9
6,2,0.5176518,1,72,R,0.9
6,2,0.4942918,1,100,R,1.6
6,2,0.37185,1,100,R,1.6
6,2,0.6247129,0,16,R,1.9
6,2,0.4843772,1,72,R,2.1
6,2,0.5275707,1,100,R,2.3
6,2,0.4898716,1,72,R,0.9
6,2,0.4196828,1,100,R,1.4
6,2,0.3499732,1,72,R,2.1
6,2,0.3832021,1,72,R,1.1
6,2,0.3933426,1,44,R,2.3
6,2,0.6759199,1,16,R,1.3
6,2,0.495051,1,44,R,1.8
6,2,0.4834406,1,72,R,1.8
6,2,0.5423182,1,16,R,0.9
6,2,0.5465798,0,44,R,0.9
6,2,0.5226762,1,100,R,1.8
6,2,0.5670149,1,100,R,1.8
6,2,0.3665497,1,72,R,1.4
6,2,0.3542883,1,100,R,0.9
6,2,0.3853555,1,72,R,1.9
6,2,0.3205622,1,100,R,2.1
6,2,0.3725255,1,100,R,2.1
6,2,0.4929627,1,100,R,0.9
6,2,0.4174178,1,72,R,1.3
6,2,0.7578042,0,16,R,1.9
6,2,0.4729178,1,44,R,2.1
6,2,0.428776,1,100,R,0.9
6,2,0.4040625,1,100,R,1.4
6,2,0.5271148,1,100,R,0.9
6,2,0.6233642,0,16,R,1.3
6,2,0.4906458,1,16,R,1.3
6,2,0.4314424,1,72,R,1.9
6,2,0.6563729,1,44,R,1.8
6,2,0.3965527,1,44,R,0.9
6,2,0.4661605,1,100,R,1.9
6,2,0.4229346,1,100,R,1.1
6,2,0.5265289,1,100,R,1.6
6,2,0.4227929,1,100,R,1.8
6,2,0.4398429,1,44,R,1.9
6,2,0.4287288,1,44,R,2.1
6,2,0.3834113,1,72,R,2.3
6,2,0.4558618,1,44,R,1.8
6,2,0.3530724,1,100,R,0.9
6,2,0.4065732,1,16,R,1.9
6,2,0.383608,1,72,R,1.6
6,2,0.4409519,1,16,R,1.8
6,2,0.4292625,1,44,R,2.1
6,3,0.3662079,1,72,R,0.9
6,3,0.4728051,1,16,R,1.3
6,3,0.3326525,1,72,R,1.4
6,3,0.3841383,1,72,R,1.8
6,3,0.3840207,1,72,R,1.4
6,3,0.316733,1,72,R,2.1
6,3,0.4948275,1,44,R,1.3
6,3,0.3790045,1,44,R,1.1
6,3,0.3330285,1,72,R,2.3
6,3,0.3158114,1,72,R,0.9
6,3,0.3332321,1,72,R,1.3
6,3,0.4083557,0,16,R,1.4
6,3,0.472583,1,44,R,2.1
6,3,0.3790106,1,44,R,2.1
6,3,0.381781,1,16,R,1.3
6,3,0.2879336,1,100,R,0.9
6,3,0.3913152,1,16,R,1.9
6,3,0.2484187,1,100,R,1.1
6,3,0.505329,1,44,R,2.1
6,3,0.6249971,1,16,R,2.3
6,3,0.5103712,1,100,R,1.4
6,3,0.4273385,1,100,R,1.1
6,3,0.3389456,1,100,R,1.3
6,3,0.3894263,1,100,R,1.6
6,3,0.3494058,1,72,R,1.9
6,3,0.4127619,1,44,R,2.1
6,3,0.3496642,1,72,R,1.6
6,3,0.4368396,1,44,R,0.9
6,3,0.3331284,1,72,R,2.1
6,3,0.395286,1,100,R,1.9
6,3,0.9404551,0,16,R,0.9
6,3,0.4166907,1,72,R,1.4
6,3,0.3890231,1,44,R,0.9
6,3,0.3232649,1,72,R,1.6
6,3,0.4444648,1,100,R,1.3
6,3,0.3999037,1,72,R,1.4
6,3,0.4768442,1,100,R,1.8
6,3,0.4943574,1,100,R,1.3
6,3,0.3388084,1,100,R,1.1
6,3,0.5218806,1,44,R,0.9
6,3,0.5447612,1,100,R,1.3
6,3,0.4936852,1,100,R,2.1
6,3,0.5739943,1,44,R,2.3
6,3,0.5976879,1,16,R,1.6
6,3,0.3406293,1,100,R,2.1
6,3,0.3724349,1,100,R,1.1
6,3,0.3717943,1,44,R,1.4
6,3,0.4110027,1,44,R,1.3
6,3,0.57678,1,100,R,0.9
6,3,0.5664039,1,72,R,1.9
6,3,0.383328,1,72,R,0.9
6,3,0.6239144,0,16,R,1.8
6,3,0.6239187,0,16,R,2.3
6,3,0.8450556,1,44,R,1.9
6,3,0.3567028,1,100,R,1.8
6,3,0.3668973,1,72,R,2.1
6,3,0.4172618,1,100,R,0.9
6,3,0.5894591,1,16,R,2.1
6,3,0.4943686,1,44,R,1.9
6,3,0.3554247,1,100,R,1.4
6,3,0.6083568,0,16,R,1.8
6,3,0.3554185,1,100,R,1.9
6,3,0.5128215,0,44,R,1.9
6,3,0.3898914,1,16,R,1.6
6,3,0.3040267,1,100,R,1.1
6,3,0.4615019,1,100,R,0.9
6,3,0.4234184,1,16,R,1.4
6,3,0.4020555,1,72,R,2.3
6,3,0.4267221,1,100,R,1.4
6,3,0.3225128,1,100,R,2.3
6,3,0.4565335,1,16,R,1.9
6,3,0.4400814,1,16,R,0.9
6,3,0.3967025,1,44,R,2.3
6,3,0.455983,1,44,R,1.9
6,3,0.4849633,1,100,R,1.8
6,4,0.2992836,1,72,R,0.9
6,4,0.6678451,0,44,R,0.9
6,4,0.4036489,1,100,R,2.3
6,4,0.3688737,1,72,R,1.3
6,4,0.2749069,1,100,R,1.9
6,4,0.5964006,1,72,R,1.4
6,4,0.6061502,1,44,R,1.4
6,4,0.4241168,1,72,R,2.1
6,4,0.6122582,1,44,R,1.9
6,4,0.5112755,1,44,R,1.6
6,4,0.4460516,1,100,R,2.1
6,4,0.5123028,1,44,R,1.9
6,4,0.7635369,0,44,R,1.9
6,4,0.6900671,1,16,R,1.3
6,4,0.5998393,1,72,R,1.4
6,4,0.4821492,1,72,R,1.4
6,4,0.5440491,1,100,R,1.3
6,4,0.4491154,1,72,R,1.9
6,4,0.3670248,1,72,R,0.9
6,4,0.354845,1,100,R,1.1
6,4,0.4443978,1,100,R,1.3
6,4,0.3952859,1,44,R,1.8
6,4,0.4170681,1,72,R,1.9
6,4,0.8888526,1,44,R,2.1
6,4,0.3944763,1,100,R,2.1
6,4,0.4738604,1,44,R,1.1
6,4,0.4071007,1,72,R,1.4
6,4,0.36688,1,72,R,1.9
6,4,0.4967588,1,44,R,1.1
6,4,0.4162892,1,72,R,1.1
6,4,0.3169079,1,72,R,2.1
6,4,0.4949658,1,100,R,1.8
6,4,0.4607535,1,100,R,1.8
6,4,0.4603523,1,100,R,2.3
6,4,0.3007418,1,72,R,1.1
6,4,0.3058739,1,100,R,1.8
6,4,0.4283639,1,100,R,2.3
6,4,2.0312278,1,100,R,1.8
6,4,0.558564,1,16,R,1.6
6,4,0.3463036,1,44,R,1.8
6,4,0.3837233,1,72,R,1.1
6,4,0.4390487,1,16,R,1.9
6,4,0.3716074,1,100,R,1.8
6,4,0.4510537,1,100,R,0.9
6,4,0.5338032,1,72,R,1.6
6,4,0.6090784,1,16,R,1.8
6,4,0.3843331,1,72,R,1.6
6,4,0.6262084,0,16,R,1.3
6,4,0.4509788,1,72,R,1.8
6,4,0.4012549,1,72,R,2.1
6,4,0.4752697,1,16,R,0.9
6,4,0.3384725,1,100,R,2.1
6,4,0.4222042,1,44,R,2.3
6,4,0.4511174,1,100,R,1.1
6,4,0.4941968,1,100,R,1.8
6,4,0.3664342,1,72,R,2.1
6,4,0.4188531,1,72,R,2.3
6,4,0.6061864,1,16,R,1.3
6,4,0.2884394,1,100,R,1.1
6,4,0.4677445,1,100,R,1.3
6,4,0.3671434,1,72,R,0.9
6,4,0.4090093,1,100,R,0.9
6,4,0.4443749,1,100,R,1.3
6,4,0.5104484,1,100,R,1.9
6,4,0.4606292,1,100,R,1.8
6,4,0.2948093,1,44,R,1.6
6,4,0.4757227,0,16,R,2.3
6,4,0.5433998,1,100,R,1.4
6,4,0.4435902,1,100,R,1.3
6,4,0.3626951,1,44,R,2.3
6,4,0.4234636,1,16,R,2.1
7,1,0.7298961,0,16,R,1.9
7,1,0.5065191,0,16,R,0.9
7,1,0.3102595,1,72,R,1.6
7,1,0.5314219,1,72,R,1.4
7,1,0.4735772,1,16,R,2.3
7,1,0.5344596,0,100,R,0.9
7,1,0.6901411,1,16,R,1.9
7,1,0.5440669,0,44,R,1.4
7,1,0.6127848,1,16,R,1.6
7,1,0.5562184,1,44,R,1.3
7,1,0.500871,1,44,R,0.9
7,1,0.5852505,1,72,R,2.1
7,1,0.4733293,1,16,R,1.4
7,1,0.6225411,1,44,R,0.9
7,1,0.6973646,1,100,R,1.1
7,1,0.6062752,1,16,R,1.1
7,1,0.5988952,0,72,R,1.3
7,1,0.6383675,1,16,R,1.6
7,1,0.5063488,1,44,R,1.3
7,1,0.528965,1,100,R,2.3
7,1,0.6939282,1,100,R,1.4
7,1,0.4337548,1,72,R,1.4
7,1,0.4881678,1,44,R,0.9
7,1,0.8890055,0,16,R,0.9
7,1,0.6742803,1,16,R,1.1
7,1,0.7205658,1,100,R,1.4
7,1,0.7244169,0,16,R,1.9
7,1,0.510414,1,100,R,1.9
7,1,0.6721345,1,44,R,1.4
7,1,0.5692961,1,72,R,1.9
7,1,0.5004919,1,72,R,1.1
7,1,0.5298587,1,72,R,1.4
7,1,0.6000756,1,72,R,2.1
7,1,0.6216774,1,100,R,1.8
7,1,0.5943798,1,100,R,1.8
7,1,0.5394551,1,44,R,2.1
7,1,0.4676496,1,100,R,2.1
7,1,0.5240448,1,16,R,1.9
7,1,0.5989848,1,72,R,1.1
7,1,0.8116606,1,44,R,1.9
7,1,0.6173901,0,72,R,1.9
7,1,0.6110624,1,44,R,0.9
7,1,0.7194101,0,100,R,1.4
7,1,0.5533848,1,100,R,0.9
7,1,0.9603454,1,100,R,1.4
7,1,0.6119913,1,44,R,1.6
7,1,0.7886837,1,16,R,1.4
7,1,0.4114454,1,44,R,1.8
7,1,0.5807208,0,44,R,1.9
7,1,0.5510539,1,72,R,1.3
7,1,0.6082569,1,16,R,1.1
7,1,0.5719705,1,100,R,2.3
7,1,0.7014762,1,72,R,1.1
7,1,0.8905187,1,16,R,2.3
7,1,0.6915419,1,16,R,1.1
7,1,0.4554677,1,100,R,1.3
7,1,0.6416373,1,16,R,1.1
7,1,0.7492088,1,72,R,0.9
7,1,0.538413,1,100,R,0.9
7,1,0.7915776,1,16,R,2.1
7,1,0.8340362,0,72,R,1.8
7,1,0.7007554,1,72,R,1.8
7,1,0.6500314,1,72,R,1.4
7,1,0.4317585,1,72,R,1.1
7,1,0.5311664,1,16,R,0.9
7,1,0.6045581,1,16,R,1.8
7,1,0.7930536,1,44,R,1.8
7,1,0.5259052,1,100,R,1.3
7,1,0.4163578,1,72,R,2.3
7,1,0.5749414,0,16,R,1.9
7,1,0.5736074,1,16,R,1.9
7,1,0.4172045,1,72,R,1.3
7,1,0.3906039,1,72,R,1.1
7,1,0.5726835,1,44,R,1.9
7,1,0.3732997,1,72,R,1.1
7,1,0.4174965,1,72,R,1.6
7,1,0.7242153,1,16,R,2.3
7,2,0.7080257,0,16,R,1.8
7,2,0.5223196,1,16,R,1.6
7,2,0.5960492,1,44,R,1.4
7,2,0.5006833,1,72,R,0.9
7,2,0.7940002,1,100,R,1.9
7,2,0.4710144,1,100,R,1.4
7,2,0.6398875,1,44,R,1.4
7,2,0.7154729,0,16,R,1.6
7,2,0.5092334,1,100,R,1.4
7,2,0.5919403,1,16,R,1.4
7,2,1.1399681,0,100,R,2.1
7,2,0.6535757,1,44,R,2.1
7,2,0.9160072,0,16,R,1.8
7,2,0.6566476,1,16,R,1.4
7,2,0.706485,0,16,R,2.3
7,2,0.5717479,1,100,R,1.8
7,2,0.5998475,1,72,R,1.1
7,2,0.726037,1,100,R,0.9
7,2,0.5333369,1,72,R,1.6
7,2,0.543676,1,100,R,0.9
7,2,1.0262415,0,16,R,1.4
7,2,0.5051875,1,100,R,1.9
7,2,0.607455,1,44,R,1.8
7,2,0.5345494,1,72,R,2.1
7,2,0.656018,1,100,R,1.3
7,2,0.8297055,1,44,R,1.9
7,2,0.5963605,1,44,R,0.9
7,2,0.6167652,1,72,R,1.8
7,2,0.6238226,1,16,R,2.1
7,2,0.5841739,1,72,R,1.4
7,2,0.6324485,1,72,R,1.6
7,2,0.6607958,1,44,R,0.9
7,2,0.5175217,1,72,R,2.1
7,2,0.6622789,1,44,R,1.3
7,2,1.4298892,0,44,R,1.4
7,2,0.7825382,1,72,R,0.9
7,2,0.8658722,1,72,R,1.9
7,2,0.7450237,1,100,R,1.9
7,2,0.690333,1,16,R,1.6
7,2,0.6794882,1,44,R,1.6
7,2,0.8223573,1,16,R,0.9
7,2,0.9409003,0,16,R,1.6
7,2,0.9225386,1,44,R,1.3
7,2,0.8590913,1,100,R,1.4
7,2,0.7455607,1,44,R,1.8
7,2,1.1588823,1,16,R,1.1
7,2,0.7130782,1,44,R,0.9
7,2,1.2575166,0,16,R,1.1
7,2,0.9793489,1,44,R,1.4
7,2,0.9350975,1,72,R,1.9
7,2,1.0735097,1,16,R,1.4
7,2,0.7288191,1,44,R,0.9
7,2,0.6341273,1,72,R,1.4
7,2,0.8072899,1,44,R,1.8
7,2,0.612532,1,44,R,1.6
7,2,0.3990088,1,72,R,1.9
7,2,0.6571412,1,16,R,0.9
7,2,0.7628503,1,44,R,1.1
7,2,0.6489783,1,72,R,0.9
7,2,1.4751788,1,16,R,2.3
7,2,1.7013162,1,72,R,1.9
7,2,0.7942959,1,100,R,1.9
7,2,0.8275865,0,44,R,2.1
7,2,0.7566179,1,16,R,2.1
7,2,0.9851426,0,72,R,1.1
7,2,0.9329111,1,72,R,1.9
7,2,0.9744085,1,16,R,1.4
7,2,0.6733268,1,100,R,2.1
7,2,0.5852693,1,72,R,1.3
7,2,0.5622431,1,44,R,0.9
7,2,0.5669107,1,72,R,2.1
7,2,0.4628746,1,44,R,1.8
7,2,0.3911651,1,16,R,1.1
7,2,0.6001737,1,72,R,1.4
7,2,0.7042305,1,100,R,2.1
7,2,0.6845359,1,72,R,1.1
7,2,1.4732308,0,16,R,1.4
7,2,0.5957319,1,44,R,1.9
7,3,0.5944709,1,100,R,1.3
7,3,0.5386606,1,100,R,1.6
7,3,0.6253398,1,100,R,2.1
7,3,0.5723318,1,100,R,1.3
7,3,0.6674159,1,72,R,1.9
7,3,0.5165652,1,72,R,1.8
7,3,0.6039822,1,100,R,1.3
7,3,0.6786343,1,44,R,1.4
7,3,0.6078745,1,16,R,1.9
7,3,0.4452021,1,44,R,1.6
7,3,0.4959163,1,44,R,1.6
7,3,0.6906541,1,16,R,1.6
7,3,0.6131705,1,44,R,1.3
7,3,0.6724964,1,44,R,1.8
7,3,0.7717734,0,16,R,2.3
7,3,0.7008058,1,72,R,2.3
7,3,0.6325811,1,72,R,1.3
7,3,0.6273866,1,44,R,1.8
7,3,0.9080037,1,16,R,1.6
7,3,0.8105407,1,100,R,0.9
7,3,0.6338386,1,72,R,2.1
7,3,0.5884402,1,100,R,1.9
7,3,0.775591,0,16,R,1.3
7,3,0.8348625,1,72,R,2.3
7,3,0.5845051,1,100,R,2.1
7,3,0.7395461,1,44,R,1.1
7,3,0.6907672,1,72,R,1.4
7,3,0.6780087,1,44,R,2.3
7,3,0.7957215,1,16,R,0.9
7,3,0.7944769,1,100,R,2.3
7,3,0.6953671,1,44,R,1.4
7,3,0.6737428,1,72,R,1.9
7,3,0.7670674,1,72,R,1.4
7,3,0.8565432,1,16,R,2.3
7,3,1.0246753,1,16,R,2.1
7,3,0.734249,1,72,R,1.8
7,3,0.9172774,1,72,R,1.1
7,3,0.917423,1,72,R,1.4
7,3,0.7957686,1,44,R,2.1
7,3,0.621913,1,100,R,0.9
7,3,0.638257,1,44,R,1.9
7,3,0.6383649,1,100,R,2.3
7,3,0.6223013,1,100,R,1.1
7,3,0.717106,1,72,R,1.8
7,3,0.8280457,1,100,R,1.3
7,3,0.9834543,1,72,R,0.9
7,3,0.5673222,1,72,R,1.8
7,3,1.0756519,0,16,R,1.1
7,3,0.6935915,1,100,R,2.3
7,3,0.6957041,1,44,R,1.9
7,3,0.8132467,1,16,R,1.3
7,3,0.7724145,1,44,R,1.3
7,3,0.5725546,1,100,R,2.3
7,3,0.5671816,1,72,R,1.9
7,3,0.6970101,1,16,R,0.9
7,3,0.8063963,1,16,R,1.1
7,3,0.6673203,1,72,R,1.6
7,3,0.7996667,1,72,R,1.3
7,3,0.7051158,1,44,R,1.8
7,3,0.7234087,1,72,R,1.9
7,3,0.6047035,1,44,R,1.9
7,3,0.6458094,1,100,R,2.1
7,3,0.6674676,1,72,R,1.3
7,3,0.798137,1,72,R,1.4
7,3,0.7415611,1,16,R,1.9
7,3,0.5504197,1,72,R,1.4
7,3,0.7233472,1,44,R,1.6
7,3,0.4831767,1,72,R,1.1
7,3,1.2082148,0,16,R,2.3
7,3,1.157815,1,16,R,2.3
7,3,0.5722756,1,100,R,1.6
7,3,0.5221074,1,44,R,2.1
7,3,0.4961647,1,44,R,1.6
7,3,0.3675054,1,72,R,1.6
7,3,0.5496255,1,72,R,2.1
7,3,0.5274739,1,100,R,1.8
7,3,0.5281546,1,44,R,2.3
7,3,0.4006055,1,72,R,2.1
7,3,0.4718902,1,100,R,1.4
7,3,0.6231263,1,16,R,0.9
7,4,0.9401175,0,16,R,2.3
7,4,0.7263712,1,100,R,1.8
7,4,0.5883593,1,44,R,2.1
7,4,0.5622001,1,100,R,1.4
7,4,0.7409348,1,16,R,1.3
7,4,0.8896121,0,16,R,1.8
7,4,0.8082302,1,16,R,1.8
7,4,0.6119757,1,44,R,1.4
7,4,0.6561806,1,44,R,2.3
7,4,0.7900289,1,16,R,1.4
7,4,0.989419,1,44,R,0.9
7,4,0.8456457,1,16,R,1.1
7,4,0.7211468,1,100,R,1.6
7,4,0.6564863,1,16,R,2.3
7,4,0.7742936,0,16,R,1.1
7,4,1.2779539,0,44,R,1.4
7,4,0.6012265,1,72,R,2.3
7,4,0.7408151,1,16,R,1.3
7,4,0.7233208,1,16,R,1.4
7,4,0.6061642,1,100,R,2.1
7,4,0.5718716,1,100,R,1.6
7,4,0.6913844,1,16,R,0.9
7,4,0.5914436,1,16,R,1.8
7,4,0.6453583,1,44,R,1.4
7,4,0.9079403,0,16,R,1.1
7,4,0.5289949,1,44,R,1.8
7,4,0.6056549,1,100,R,2.3
7,4,0.6111931,1,100,R,0.9
7,4,0.5843549,1,72,R,1.3
7,4,0.5657649,1,72,R,1.1
7,4,0.7228232,1,100,R,0.9
7,4,0.604626,1,100,R,2.1
7,4,0.6557839,1,16,R,1.9
7,4,0.7246672,1,16,R,1.8
7,4,0.8510233,1,72,R,2.3
7,4,0.911507,1,44,R,2.3
7,4,0.7340526,1,72,R,1.9
7,4,0.7746683,1,16,R,1.6
7,4,0.7063102,1,16,R,2.1
7,4,0.6837146,1,72,R,1.9
7,4,0.6896602,1,44,R,1.3
7,4,0.8632114,1,16,R,0.9
7,4,0.7552134,1,16,R,1.3
7,4,0.8401709,1,72,R,1.9
7,4,0.7628678,0,44,R,1.9
7,4,1.0891113,1,100,R,2.1
7,4,1.0897304,1,100,R,1.3
7,4,1.2000851,1,72,R,0.9
7,4,0.6797405,1,44,R,1.8
7,4,1.1420226,1,16,R,2.3
7,4,0.6596426,1,100,R,0.9
7,4,0.9580459,0,16,R,1.4
7,4,0.8173253,1,72,R,2.1
7,4,0.6242118,1,16,R,1.8
7,4,0.9736483,0,16,R,1.9
7,4,0.8076322,0,16,R,1.9
7,4,0.7249401,1,16,R,0.9
7,4,0.7499466,1,72,R,2.1
7,4,0.755775,1,44,R,1.6
7,4,0.651278,1,72,R,1.9
7,4,0.7545313,1,100,R,1.6
7,4,0.9088172,1,16,R,1.8
7,4,1.0723138,1,44,R,1.1
7,4,0.7799786,1,44,R,1.8
7,4,0.8208061,1,100,R,1.4
8,1,0.3771337,1,100,R,1.8
8,1,0.4834291,1,72,R,1.6
8,1,0.4608092,1,44,R,1.9
8,1,0.5406561,1,44,R,0.9
8,1,0.5005256,1,72,R,1.1
8,1,1.023116,0,16,R,2.1
8,1,0.8452307,0,100,R,1.4
8,1,0.8078612,1,16,R,1.9
8,1,0.7274183,1,100,R,2.1
8,1,0.8409081,0,16,R,1.3
8,1,0.4716836,1,100,R,0.9
8,1,0.584705,1,100,R,2.1
8,1,0.5734938,1,44,R,1.1
8,1,0.4390061,1,100,R,0.9
8,1,0.6337491,1,72,R,1.6
8,1,0.5761636,1,100,R,1.3
8,1,0.6401651,1,16,R,2.3
8,1,0.3880375,1,100,R,0.9
8,1,0.6465026,0,44,R,1.9
8,1,0.5016734,1,72,R,1.4
8,1,0.6390512,1,16,R,0.9
8,1,0.5010442,1,72,R,1.9
8,1,0.5095671,1,100,R,0.9
8,1,0.4901143,1,100,R,1.8
8,1,0.4667936,1,72,R,2.3
8,1,0.5014204,1,100,R,2.1
8,1,0.8259498,1,100,R,1.8
8,1,0.4774216,1,100,R,2.3
8,1,0.9768942,1,100,R,0.9
8,1,0.5340583,1,72,R,1.9
8,1,0.6275589,1,100,R,1.4
8,1,0.4501328,1,72,R,1.6
8,1,0.5801676,1,44,R,2.3
8,1,0.9916912,0,16,R,1.4
8,1,1.4424331,1,16,R,2.1
8,1,0.7409814,0,16,R,1.3
8,1,0.562018,1,44,R,1.6
8,1,0.5842542,1,100,R,1.6
8,1,0.6107639,1,100,R,2.1
8,1,0.5935569,1,100,R,0.9
8,1,1.0397695,1,16,R,2.3
8,1,0.5562419,1,44,R,1.3
8,1,0.4662443,1,72,R,0.9
8,1,0.6412803,1,16,R,1.9
8,1,0.5946835,1,100,R,2.1
8,1,0.534238,1,72,R,0.9
8,1,0.6209422,1,44,R,1.3
8,1,0.5338996,1,72,R,1.4
8,1,0.5242021,1,44,R,2.1
8,1,0.5037866,1,100,R,1.4
8,1,0.4838654,1,72,R,1.4
8,1,1.7422576,1,16,R,1.6
8,1,0.5944823,1,100,R,1.3
8,1,0.7556045,1,44,R,1.6
8,1,0.5239163,1,72,R,1.9
8,1,0.4888761,1,44,R,1.9
8,1,0.5668087,1,72,R,2.1
8,1,0.5896454,1,44,R,1.1
8,1,0.4896427,1,44,R,2.3
8,1,0.5391211,1,100,R,2.1
8,1,0.5134023,1,44,R,1.8
8,1,0.7014342,1,72,R,1.1
8,1,0.5287314,1,44,R,0.9
8,1,0.5338785,1,72,R,1.4
8,1,0.4226526,1,16,R,0.9
8,1,0.4546267,1,100,R,1.4
8,1,0.6576882,0,16,R,1.1
8,1,0.5570099,1,16,R,1.1
8,1,0.5574,1,16,R,2.3
8,1,0.5394136,1,44,R,1.8
8,1,0.5504263,1,100,R,1.8
8,1,0.522412,1,44,R,1.1
8,1,0.4061602,1,100,R,1.6
8,1,0.450634,1,72,R,1.8
8,1,0.7410328,0,16,R,0.9
8,1,0.4812933,0,16,R,1.6
8,1,0.3718476,1,100,R,0.9
8,1,0.5632853,0,16,R,1.1
8,1,0.4217256,1,100,R,1.9
8,1,0.561611,1,100,R,0.9
8,1,0.4552334,1,100,R,0.9
8,1,0.4893035,1,100,R,1.6
8,1,0.5887753,1,44,R,0.9
8,2,0.4167652,1,72,R,1.9
8,2,0.5075877,1,16,R,1.6
8,2,0.5216321,1,44,R,1.1
8,2,0.5584425,0,72,R,1.4
8,2,0.5077818,1,16,R,1.9
8,2,0.3892302,1,100,R,2.3
8,2,0.4073086,1,44,R,2.3
8,2,0.5733412,0,100,R,1.9
8,2,0.5061957,1,16,R,1.8
8,2,0.5561638,1,100,R,2.3
8,2,0.5066279,1,16,R,1.8
8,2,0.4555314,1,44,R,1.6
8,2,0.9123731,1,44,R,1.8
8,2,0.4834572,1,72,R,2.1
8,2,0.7457305,0,44,R,0.9
8,2,0.5305199,1,44,R,1.8
8,2,0.6353295,0,72,R,1.9
8,2,0.4793312,1,100,R,1.3
8,2,0.7071364,0,16,R,2.3
8,2,0.5251305,1,16,R,1.3
8,2,0.6767942,1,100,R,1.1
8,2,0.5067628,1,44,R,1.1
8,2,0.5065773,1,72,R,2.1
8,2,0.4527137,1,44,R,1.8
8,2,0.4570316,1,16,R,2.3
8,2,0.805192,0,72,R,2.1
8,2,0.4828283,1,16,R,1.1
8,2,0.4330203,1,72,R,2.1
8,2,0.4909435,1,16,R,0.9
8,2,0.4503694,1,72,R,2.1
8,2,0.4909835,1,16,R,1.6
8,2,0.5720944,1,100,R,1.9
8,2,0.5754679,0,16,R,1.4
8,2,0.4731162,1,16,R,1.4
8,2,0.6332437,0,72,R,1.1
8,2,0.4119519,0,100,R,1.4
8,2,0.5456726,0,44,R,1.4
8,2,0.9622142,1,44,R,1.9
8,2,0.7256133,1,16,R,2.1
8,2,0.6792348,1,100,R,1.8
8,2,0.6252408,1,16,R,1.3
8,2,0.5433057,1,100,R,2.1
8,2,0.5504148,1,72,R,1.1
8,2,0.3841558,1,72,R,2.3
8,2,0.3880556,1,44,R,1.9
8,2,0.5088786,1,44,R,1.9
8,2,0.5290388,1,100,R,1.8
8,2,0.3798113,1,44,R,1.1
8,2,0.5104523,1,100,R,1.1
8,2,0.6336316,1,72,R,1.1
8,2,0.4013062,1,72,R,2.3
8,2,0.5270741,1,100,R,1.6
8,2,0.4670916,1,72,R,1.4
8,2,0.4943338,1,100,R,1.6
8,2,0.5503445,1,72,R,1.4
8,2,0.2869685,1,100,R,1.1
8,2,0.5329774,0,72,R,1.6
8,2,0.5406576,0,16,R,1.4
8,2,0.4941881,1,100,R,1.6
8,2,0.5569166,0,16,R,1.8
8,2,0.5439737,1,100,R,0.9
8,2,0.4063095,1,100,R,1.8
8,2,0.3163866,1,72,R,2.1
8,2,0.3754841,1,16,R,2.3
8,2,0.4404109,1,44,R,1.3
8,2,0.4113496,1,100,R,2.1
8,2,0.355871,1,100,R,1.6
8,2,0.5245677,1,16,R,1.3
8,2,0.6723588,1,100,R,1.6
8,3,0.731372,1,72,R,1.4
8,3,0.5373915,1,100,R,1.1
8,3,0.6994911,1,72,R,1.8
8,3,0.5528271,1,100,R,1.3
8,3,0.9747296,0,16,R,1.1
8,3,0.5529321,1,100,R,1.8
8,3,1.0765455,1,44,R,1.9
8,3,1.0747584,0,16,R,1.9
8,3,0.6326657,1,72,R,1.3
8,3,0.7902454,1,16,R,1.8
8,3,1.0073877,1,16,R,1.9
8,3,0.5307697,1,100,R,2.3
8,3,0.814149,0,44,R,2.1
8,3,0.6223176,1,44,R,1.4
8,3,0.8450692,0,16,R,2.3
8,3,0.9964532,1,44,R,1.8
8,3,0.8134536,0,44,R,1.1
8,3,1.0880077,0,44,R,1.8
8,3,0.8101345,1,100,R,1.3
8,3,0.7112347,1,44,R,0.9
8,3,1.0742544,1,16,R,2.3
8,3,0.7396859,1,16,R,1.9
8,3,1.7198665,1,72,R,1.8
8,3,1.1851438,1,72,R,1.4
8,3,0.9756429,0,16,R,2.3
8,3,1.0771315,0,16,R,2.3
8,3,1.1432274,1,100,R,1.6
8,3,0.6590645,1,16,R,1.8
8,3,0.6494854,1,72,R,2.1
8,3,0.4234834,1,100,R,1.6
8,3,0.8442787,1,16,R,1.9
8,3,0.8229134,1,16,R,2.1
8,3,0.4725956,1,100,R,1.3
8,3,0.5557699,1,44,R,1.8
8,3,0.795247,1,100,R,2.3
8,3,0.6949701,1,100,R,1.8
8,3,0.8405773,0,16,R,0.9
8,3,0.706172,1,44,R,1.1
8,3,0.6513578,0,100,R,1.8
8,3,0.499781,1,72,R,0.9
8,3,0.614608,1,72,R,0.9
8,3,0.5562886,0,16,R,1.6
8,3,0.7363025,1,44,R,1.1
8,3,0.6003213,1,72,R,1.9
8,3,0.5212652,1,44,R,1.1
8,3,0.5560131,1,44,R,1.9
8,3,0.6357328,1,100,R,1.8
8,3,0.672183,1,44,R,2.1
8,3,0.756307,1,16,R,0.9
8,3,0.5553504,1,44,R,1.1
8,3,0.4948491,1,100,R,2.3
8,3,0.6160123,1,72,R,1.1
8,3,0.7105967,1,100,R,2.1
8,3,0.5069792,1,16,R,2.1
8,3,0.4842598,1,72,R,1.3
8,3,0.5004737,1,72,R,1.8
8,3,0.6326605,1,72,R,2.1
8,3,0.6899207,0,16,R,1.9
8,3,0.6940327,1,100,R,1.1
8,3,0.583708,1,72,R,1.3
8,3,0.6058163,1,100,R,1.1
8,3,0.6902865,1,16,R,1.1
8,3,0.617698,1,72,R,1.8
8,3,0.489539,1,100,R,1.6
8,3,0.7235251,1,16,R,1.9
8,3,0.6608047,1,100,R,0.9
8,3,0.8398623,0,16,R,2.1
8,3,0.7741949,1,16,R,1.6
8,3,0.794239,1,100,R,2.3
8,3,0.4909486,1,16,R,0.9
8,3,0.5047182,1,44,R,1.1
8,3,0.7678823,1,72,R,2.1
8,3,0.8168187,1,72,R,1.6
8,3,0.5892692,1,44,R,1.8
8,3,0.7273647,1,100,R,1.4
8,3,0.7434324,1,100,R,1.4
8,3,0.5672459,1,72,R,1.9
8,3,0.7916289,0,16,R,1.3
8,4,0.4438708,1,72,R,1.3
8,4,0.4339657,1,72,R,1.4
8,4,0.7419444,0,16,R,1.8
8,4,1.5416135,1,44,R,1.9
8,4,0.98089,0,44,R,1.4
8,4,0.6099864,1,100,R,2.3
8,4,0.4340841,1,72,R,1.3
8,4,1.3681472,1,72,R,1.8
8,4,0.6237596,1,16,R,1.8
8,4,0.5566834,1,72,R,1.9
8,4,0.7573986,1,16,R,1.6
8,4,0.6599738,1,100,R,1.4
8,4,0.7954696,1,44,R,1.8
8,4,0.5178837,1,72,R,2.3
8,4,0.5027588,1,72,R,2.1
8,4,0.5763516,1,100,R,1.1
8,4,0.574046,1,16,R,2.3
8,4,0.5393081,1,16,R,1.9
8,4,0.6601239,1,100,R,1.8
8,4,0.6507874,1,72,R,1.6
8,4,0.666856,1,72,R,1.4
8,4,0.5110175,0,44,R,1.4
8,4,0.4991811,1,72,R,1.9
8,4,0.5104183,1,44,R,0.9
8,4,0.6444432,1,100,R,1.3
8,4,0.4997475,1,72,R,0.9
8,4,0.6567094,0,16,R,0.9
8,4,0.4828979,1,72,R,2.1
8,4,0.4918312,1,16,R,2.1
8,4,0.6073831,1,100,R,1.1
8,4,0.7439618,1,100,R,0.9
8,4,0.5772563,1,100,R,2.1
8,4,0.5054216,1,100,R,2.1
8,4,0.6467924,1,44,R,1.8
8,4,0.6450163,1,100,R,1.6
8,4,0.6577724,0,16,R,1.8
8,4,0.4839854,1,72,R,1.1
8,4,0.5794197,1,44,R,1.8
8,4,0.5565766,1,44,R,1.1
8,4,0.663243,0,44,R,1.8
8,4,0.7008142,1,72,R,1.9
8,4,0.5597698,1,100,R,2.1
8,4,0.5734643,1,16,R,1.1
8,4,0.5176174,1,72,R,2.3
8,4,0.454512,1,100,R,1.3
8,4,0.4734175,1,16,R,1.1
8,4,0.6076488,1,16,R,1.6
8,4,0.5668642,1,72,R,0.9
8,4,0.5733435,1,16,R,1.6
8,4,0.5399238,1,44,R,1.3
8,4,0.5575128,1,72,R,1.8
8,4,0.9568727,1,16,R,2.3
8,4,0.6582315,1,16,R,0.9
8,4,0.5405516,1,72,R,2.1
8,4,0.6086945,0,16,R,1.1
8,4,0.5663564,1,72,R,2.1
8,4,0.6729752,1,16,R,1.8
8,4,0.5903763,1,16,R,2.1
8,4,0.3881235,1,100,R,1.9
8,4,0.5667123,1,72,R,2.3
8,4,0.5064745,1,100,R,2.1
8,4,0.5580032,1,16,R,1.4
8,4,0.5771208,1,100,R,1.8
8,4,0.4389812,1,100,R,1.3
8,4,0.6795416,1,44,R,1.4
8,4,0.7398325,1,44,R,2.1
8,4,0.663849,1,16,R,1.9
8,4,0.7364879,0,72,R,0.9
8,4,0.5297872,1,16,R,2.3
8,4,1.0461687,1,44,R,1.9
8,4,0.6277044,1,100,R,2.1
8,4,0.563105,1,44,R,1.3
8,4,0.958917,1,16,R,1.4
8,4,0.8416579,1,16,R,2.1
8,4,0.5908693,1,16,R,1.6
8,4,0.7240881,0,16,R,2.3
8,4,0.5487345,1,72,R,2.1
8,4,0.7348653,1,100,R,2.3
8,4,0.4884626,1,100,R,1.9
8,4,0.4841127,1,72,R,0.9
8,4,0.5495588,1,72,R,1.4
8,4,0.5119342,1,44,R,1.6
8,4,0.5402936,1,16,R,0.9
8,4,0.567038,1,72,R,1.8
9,1,1.1857639,1,44,R,0.9
9,1,0.3720151,1,44,R,1.3
9,1,0.4606085,1,100,R,1.4
9,1,0.2491287,1,72,R,1.8
9,1,0.3097624,1,16,R,1.1
9,1,0.5777781,1,100,R,1.6
9,1,0.5740811,0,16,R,1.9
9,1,0.5112724,1,100,R,1.9
9,1,0.579872,1,44,R,2.1
9,1,0.3718581,1,44,R,1.6
9,1,0.3848775,1,44,R,1.3
9,1,0.4508714,1,72,R,1.3
9,1,1.15782,1,16,R,1.9
9,1,0.5228055,1,100,R,1.3
9,1,0.4604498,1,100,R,2.1
9,1,0.6504842,1,72,R,1.4
9,1,0.4238249,1,16,R,1.4
9,1,0.4837839,1,72,R,1.1
9,1,0.4317361,1,72,R,1.6
9,1,0.3970552,1,16,R,2.1
9,1,0.5751499,1,16,R,1.1
9,1,0.5438991,1,100,R,1.6
9,1,0.3666475,1,72,R,2.3
9,1,0.6067064,0,16,R,1.3
9,1,0.6109273,1,100,R,1.4
9,1,0.4506313,1,72,R,1.6
9,1,0.6080455,1,16,R,1.1
9,1,0.3406662,1,100,R,1.6
9,1,0.4079645,0,16,R,2.3
9,1,0.3911951,0,16,R,1.6
9,1,0.6178219,1,72,R,1.4
9,1,0.4052823,1,44,R,2.1
9,1,0.38897,1,100,R,2.3
9,1,0.3493716,1,72,R,2.1
9,1,0.8756919,0,16,R,0.9
9,1,0.4897995,1,44,R,1.1
9,1,0.4668663,1,72,R,1.9
9,1,1.008299,0,16,R,1.8
9,1,0.4013895,1,72,R,1.8
9,1,0.4887419,1,100,R,1.3
9,1,1.5760356,1,16,R,1.3
9,1,0.4290529,1,44,R,2.1
9,1,0.7836575,1,72,R,1.1
9,1,0.4166178,1,72,R,1.9
9,1,0.812361,1,44,R,1.6
9,1,0.6435864,1,100,R,2.1
9,1,0.4051233,1,44,R,0.9
9,1,0.6180663,1,44,R,2.1
9,1,0.4465344,1,44,R,1.3
9,1,0.6613089,1,100,R,1.8
9,1,1.0174003,1,72,R,1.4
9,1,0.4172615,1,72,R,0.9
9,1,0.4868433,1,100,R,1.8
9,1,0.9285824,1,44,R,0.9
9,1,0.5176257,1,72,R,1.8
9,1,0.4770934,1,100,R,0.9
9,1,0.4164797,1,72,R,1.6
9,1,0.4280383,0,44,R,1.9
9,1,0.400866,1,72,R,2.1
9,1,0.6917709,1,16,R,2.3
9,1,0.4232292,1,100,R,1.8
9,1,0.5967699,1,44,R,0.9
9,1,0.5170265,1,72,R,1.1
9,1,0.9132822,0,16,R,2.1
9,1,0.6337084,1,72,R,1.9
9,1,0.3671654,1,72,R,0.9
9,1,0.4933386,1,100,R,2.3
9,1,1.3394241,1,100,R,1.3
9,1,0.6519636,1,72,R,1.8
9,1,0.70603,1,100,R,1.4
9,1,0.5096131,1,100,R,1.1
9,1,0.5441306,1,100,R,2.1
9,1,0.5555996,1,44,R,1.3
9,1,0.8702652,0,44,R,1.3
9,1,0.5269245,1,44,R,1.9
9,1,0.4660357,1,72,R,1.4
9,1,0.5030613,1,72,R,1.8
9,1,0.5004925,1,72,R,0.9
9,2,0.3499425,1,72,R,1.6
9,2,0.4253661,1,100,R,2.1
9,2,0.2496816,1,100,R,1.6
9,2,0.3903823,1,16,R,1.8
9,2,0.4068134,1,72,R,1.8
9,2,0.5736469,1,16,R,0.9
9,2,0.4014423,1,72,R,1.6
9,2,0.4341272,1,72,R,1.8
9,2,0.6044693,1,44,R,1.9
9,2,0.2905211,1,72,R,1.1
9,2,0.3120716,1,44,R,2.3
9,2,0.6104742,1,100,R,1.1
9,2,0.4006809,1,72,R,1.9
9,2,0.5867603,1,44,R,1.9
9,2,0.3829774,1,72,R,1.6
9,2,0.3475512,1,72,R,1.4
9,2,0.378955,1,44,R,1.6
9,2,0.3387052,1,100,R,1.6
9,2,0.3722416,1,100,R,2.3
9,2,0.4467188,1,44,R,2.1
9,2,0.8987142,0,16,R,1.9
9,2,0.4781394,1,100,R,1.8
9,2,0.3886432,1,44,R,1.4
9,2,0.5277346,1,100,R,1.3
9,2,0.6176833,1,72,R,0.9
9,2,0.3011401,1,72,R,1.9
9,2,0.3131625,1,44,R,1.4
9,2,0.3627065,1,44,R,1.6
9,2,0.4410923,0,16,R,1.4
9,2,0.4448895,1,44,R,1.8
9,2,0.557068,0,16,R,1.4
9,2,0.5506757,1,100,R,1.8
9,2,0.6088958,1,16,R,1.3
9,2,0.4338807,1,72,R,1.8
9,2,0.5108894,1,100,R,1.3
9,2,0.6509551,1,72,R,0.9
9,2,0.4992541,1,72,R,2.3
9,2,0.4519965,1,72,R,1.3
9,2,0.4383929,1,100,R,1.9
9,2,1.2739063,1,16,R,1.4
9,2,0.3308335,1,72,R,1.9
9,2,0.5339513,1,100,R,1.8
9,2,0.5453439,1,44,R,1.4
9,2,0.7192862,1,44,R,1.1
9,2,0.9070211,0,16,R,1.6
9,2,0.7281152,1,44,R,1.6
9,2,0.9741388,1,16,R,1.4
9,2,0.6437225,1,100,R,0.9
9,2,0.4296933,1,44,R,1.9
9,2,0.4069677,1,16,R,1.9
9,2,0.518937,1,72,R,1.3
9,2,0.406224,1,100,R,1.6
9,2,0.9921436,0,16,R,1.6
9,2,0.5610477,1,100,R,2.1
9,2,0.3491918,1,72,R,2.1
9,2,1.1858111,1,72,R,1.4
9,2,0.5060304,1,44,R,1.1
9,2,0.5110149,1,100,R,1.4
9,2,0.7066747,1,44,R,1.3
9,2,0.6281544,1,44,R,1.4
9,2,0.43414,1,72,R,2.1
9,2,0.4561872,0,16,R,2.3
9,2,0.9286624,0,44,R,1.9
9,2,0.4808136,1,44,R,1.9
9,2,0.6740882,1,16,R,1.9
9,2,0.4008656,1,72,R,1.4
9,2,0.3893554,1,44,R,1.9
9,2,0.5341137,1,100,R,1.6
9,2,0.4053409,1,16,R,2.3
9,2,0.528092,1,100,R,1.6
9,2,0.5140404,1,44,R,1.1
9,2,0.4278622,1,100,R,2.1
9,3,0.6111733,1,100,R,1.9
9,3,0.3506804,1,72,R,1.1
9,3,0.8584038,1,16,R,1.1
9,3,0.6231068,1,16,R,1.3
9,3,1.0063073,1,16,R,1.1
9,3,0.5894426,1,100,R,1.1
9,3,0.5229503,1,44,R,1.3
9,3,0.5380656,1,44,R,1.8
9,3,0.5555172,1,100,R,1.9
9,3,0.6112142,1,100,R,1.6
9,3,0.8918274,1,16,R,1.4
9,3,0.4834706,1,72,R,1.9
9,3,0.5719225,1,100,R,1.1
9,3,0.5899441,1,16,R,1.3
9,3,0.6606245,1,100,R,2.1
9,3,0.5507827,1,72,R,1.9
9,3,0.5341729,1,72,R,1.1
9,3,1.0237741,1,16,R,2.1
9,3,0.6276794,1,100,R,1.4
9,3,0.4334797,1,72,R,1.6
9,3,0.3669252,1,72,R,1.1
9,3,0.5718237,1,100,R,2.1
9,3,0.4630124,1,44,R,1.1
9,3,0.6067604,1,16,R,1.8
9,3,0.5772907,1,100,R,1.9
9,3,0.6210961,0,16,R,1.3
9,3,0.521818,1,100,R,2.3
9,3,0.56236,1,44,R,0.9
9,3,0.6901274,1,16,R,1.1
9,3,0.5357119,1,72,R,1.3
9,3,0.6730344,1,16,R,2.3
9,3,0.5676296,1,72,R,1.3
9,3,0.7878486,0,16,R,1.9
9,3,0.6608921,1,100,R,2.1
9,3,0.5620428,1,44,R,1.1
9,3,1.3247635,0,16,R,2.1
9,3,0.7346025,0,72,R,1.4
9,3,0.5221962,1,100,R,1.3
9,3,0.4874206,1,100,R,0.9
9,3,0.8642679,1,44,R,1.8
9,3,1.3494313,1,16,R,1.3
9,3,1.114119,0,16,R,2.3
9,3,1.1239205,0,16,R,2.3
9,3,0.4503623,1,72,R,1.6
9,3,0.4558718,1,100,R,0.9
9,3,0.4669652,1,72,R,1.9
9,3,0.75879,1,16,R,0.9
9,3,0.5293847,1,44,R,1.6
9,3,0.5943126,1,100,R,1.8
9,3,0.4660989,1,72,R,1.6
9,3,0.4296585,1,44,R,1.1
9,3,0.7126758,1,44,R,1.3
9,3,0.8307907,0,44,R,2.1
9,3,0.6761683,1,100,R,1.8
9,3,0.5044805,1,100,R,0.9
9,3,0.5710664,1,100,R,0.9
9,3,0.8912684,1,16,R,1.9
9,3,0.6570301,1,16,R,0.9
9,3,0.4918956,1,16,R,1.1
9,3,1.0121463,0,100,R,1.6
9,3,1.0241349,0,16,R,1.8
9,3,0.6399362,1,44,R,1.4
9,3,0.7800735,0,16,R,0.9
9,3,0.9248898,1,16,R,1.4
9,3,0.6012692,1,72,R,1.4
9,3,0.4557129,1,100,R,0.9
9,3,0.6569707,1,16,R,1.8
9,3,1.1069772,1,44,R,1.6
9,3,0.9895456,1,100,R,1.1
9,3,0.3547142,1,100,R,2.1
9,3,0.8885172,1,44,R,1.9
9,3,0.9396988,1,44,R,1.8
9,3,0.5744136,1,72,R,1.6
9,4,0.3544355,1,44,R,1.4
9,4,0.6150301,1,16,R,2.3
9,4,0.5748635,1,16,R,1.4
9,4,0.610984,1,100,R,1.3
9,4,0.5506079,1,100,R,2.3
9,4,0.6107193,1,100,R,1.4
9,4,0.4733879,1,16,R,1.9
9,4,0.9644146,1,44,R,2.1
9,4,0.5276218,1,100,R,2.3
9,4,0.5443677,1,100,R,2.3
9,4,0.3956984,1,44,R,1.3
9,4,0.5834043,1,72,R,1.4
9,4,0.4165232,1,72,R,1.8
9,4,0.4344425,1,72,R,1.1
9,4,0.4565288,1,16,R,1.3
9,4,0.3838834,1,72,R,2.1
9,4,0.4055226,1,100,R,1.8
9,4,0.3231984,1,44,R,2.3
9,4,0.4397816,1,100,R,1.3
9,4,0.5630555,1,44,R,1.8
9,4,0.4391627,1,100,R,2.3
9,4,0.4354263,1,72,R,1.4
9,4,0.3999096,1,72,R,1.6
9,4,0.4384057,1,44,R,1.1
9,4,0.3896741,1,72,R,1.9
9,4,0.5109107,1,100,R,1.1
9,4,0.4802233,0,44,R,1.9
9,4,0.2554235,1,72,R,1.6
9,4,0.4732476,1,44,R,1.3
9,4,0.4934381,1,100,R,0.9
9,4,0.5104043,1,100,R,1.1
9,4,0.8610781,1,100,R,1.3
9,4,0.8073796,0,16,R,1.8
9,4,0.5104705,1,100,R,1.4
9,4,0.8249365,1,16,R,1.4
9,4,0.9419164,0,16,R,1.9
9,4,0.3895678,1,100,R,1.6
9,4,0.3221555,1,100,R,2.1
9,4,0.4224774,1,44,R,1.1
9,4,1.0086934,0,16,R,2.1
9,4,0.730723,1,44,R,1.3
9,4,0.5271582,1,44,R,1.9
9,4,0.4468906,0,44,R,1.8
9,4,0.5137727,1,44,R,1.8
9,4,0.3798256,1,44,R,1.8
9,4,0.4907296,1,16,R,1.8
9,4,0.5566471,1,44,R,1.9
9,4,0.8247789,1,16,R,2.3
9,4,0.4391078,1,44,R,1.3
9,4,0.362192,1,100,R,1.8
9,4,0.4799057,0,44,R,1.1
9,4,0.329569,1,44,R,2.1
9,4,0.4892372,0,16,R,1.6
9,4,0.4287365,1,44,R,1.6
9,4,0.691197,0,16,R,0.9
9,4,0.4897936,1,16,R,1.9
9,4,0.3888573,1,16,R,1.6
9,4,0.3907002,1,16,R,1.4
9,4,0.5968838,1,16,R,1.4
9,4,0.5782026,0,44,R,1.9
9,4,0.54102,1,16,R,0.9
9,4,0.5345865,1,72,R,1.6
9,4,0.923642,1,16,R,2.1
9,4,0.5681519,0,72,R,2.1
9,4,0.7223803,0,16,R,1.6
9,4,0.5451798,1,44,R,1.1
9,4,0.4433851,1,100,R,0.9
9,4,0.9585292,0,16,R,1.6
9,4,0.6022978,1,72,R,1.8
9,4,0.3393538,1,16,R,2.1
9,4,0.7447649,1,100,R,1.1
9,4,0.5107348,1,100,R,1.1
9,4,0.6614033,1,44,R,0.9
9,4,0.4113733,1,44,R,0.9
9,4,0.53433,1,72,R,2.3
9,4,0.4065056,1,16,R,1.8
9,4,0.560443,1,100,R,2.1
9,4,0.4633526,0,44,R,2.1
9,4,0.4391351,1,100,R,2.1
9,4,0.7210327,1,100,R,1.4
9,4,0.436387,1,44,R,2.1
9,4,0.3836766,1,72,R,1.1
9,4,0.6224573,1,44,R,1.8
9,4,0.7560818,1,72,R,0.9
10,1,0.5513805,1,100,R,1.8
10,1,1.8740614,1,44,R,1.1
10,1,0.5569573,1,72,R,1.6
10,1,0.75536,1,16,R,1.8
10,1,1.3967897,0,44,R,1.9
10,1,0.4837976,1,72,R,2.1
10,1,0.6346097,1,72,R,1.3
10,1,0.5769541,1,100,R,1.1
10,1,0.487451,1,100,R,1.1
10,1,0.7578782,0,16,R,1.1
10,1,0.694106,1,100,R,1.1
10,1,0.6444938,1,100,R,1.8
10,1,0.7101794,1,100,R,2.1
10,1,0.4842166,1,72,R,1.1
10,1,0.5793343,1,44,R,2.1
10,1,0.4724665,1,44,R,1.4
10,1,0.5652169,0,16,R,1.8
10,1,0.5992828,1,72,R,0.9
10,1,0.4213713,1,100,R,0.9
10,1,0.8240891,0,16,R,0.9
10,1,1.2418604,1,16,R,2.3
10,1,0.5057222,1,100,R,1.9
10,1,0.5071556,1,100,R,1.3
10,1,0.6077318,1,16,R,2.1
10,1,0.4381386,1,100,R,1.6
10,1,0.5229526,1,16,R,1.1
10,1,0.9417614,1,16,R,1.4
10,1,0.5474714,1,44,R,1.6
10,1,0.5431996,1,100,R,1.4
10,1,0.7303366,1,44,R,1.8
10,1,0.4338888,1,72,R,2.3
10,1,0.4940415,1,100,R,2.1
10,1,0.5062367,1,44,R,1.4
10,1,0.4073922,1,72,R,1.6
10,1,0.4166514,1,72,R,0.9
10,1,0.5497981,1,72,R,1.6
10,1,0.4503261,1,72,R,1.8
10,1,0.5077794,1,16,R,1.8
10,1,0.5115928,1,44,R,1.1
10,1,0.5462391,1,16,R,1.9
10,1,0.511874,1,100,R,2.3
10,1,0.3786764,1,44,R,1.6
10,1,0.4392345,1,44,R,1.9
10,1,0.3623264,1,100,R,1.9
10,1,0.4060581,1,100,R,1.6
10,1,0.507774,1,16,R,1.1
10,1,0.9180342,1,72,R,1.8
10,1,1.1458444,1,44,R,1.6
10,1,0.4710167,1,16,R,1.6
10,1,0.7238711,0,16,R,1.4
10,1,0.5572579,1,44,R,1.8
10,1,0.4947858,1,100,R,1.4
10,1,0.487727,1,44,R,2.1
10,1,0.5310756,1,44,R,1.8
10,1,0.779716,1,16,R,1.3
10,1,0.7353992,0,72,R,2.3
10,1,0.7736584,1,16,R,1.3
10,1,0.5071275,1,16,R,1.3
10,1,0.4712042,1,44,R,1.4
10,1,0.5565158,1,100,R,1.8
10,1,0.495871,1,100,R,1.8
10,1,0.4065845,1,100,R,0.9
10,1,0.4378384,1,100,R,1.8
10,1,1.6782866,1,44,R,1.8
10,1,0.5910261,1,16,R,0.9
10,1,0.5131737,1,44,R,1.9
10,1,1.174306,1,16,R,0.9
10,1,0.6282811,1,100,R,1.8
10,1,0.4394679,1,100,R,1.6
10,1,0.744986,1,44,R,0.9
10,1,0.5062229,1,44,R,1.1
10,1,0.5498626,1,100,R,1.8
10,1,0.4223631,1,100,R,1.6
10,1,0.4007622,1,72,R,1.3
10,2,0.5556697,1,44,R,1.1
10,2,1.1140115,0,16,R,1.8
10,2,0.907032,1,44,R,1.4
10,2,0.6965695,1,16,R,1.8
10,2,0.5446769,1,100,R,1.6
10,2,0.7463262,1,44,R,0.9
10,2,0.6102197,1,100,R,1.1
10,2,0.9069391,1,16,R,1.8
10,2,1.0070088,1,100,R,1.8
10,2,1.8082073,0,100,R,2.3
10,2,0.7567937,1,16,R,2.1
10,2,0.740171,1,44,R,1.8
10,2,0.5676623,1,72,R,1.8
10,2,0.939079,1,100,R,2.1
10,2,0.5629993,1,44,R,1.9
10,2,0.8241077,1,16,R,1.1
10,2,0.7132186,1,44,R,1.8
10,2,0.6963249,1,100,R,0.9
10,2,1.3797443,1,44,R,1.9
10,2,0.5391484,1,100,R,1.9
10,2,1.1415369,1,16,R,1.4
10,2,1.0409398,1,16,R,1.3
10,2,0.9750405,1,16,R,1.6
10,2,0.4675671,1,72,R,1.4
10,2,0.4726463,1,16,R,1.6
10,2,0.5897841,1,16,R,1.3
10,2,0.6236813,1,100,R,2.3
10,2,1.2082985,1,16,R,0.9
10,2,0.7065677,1,16,R,1.9
10,2,0.5175546,1,72,R,2.3
10,2,1.4131892,0,44,R,1.9
10,2,0.8147053,1,16,R,1.8
10,2,0.6911188,1,16,R,0.9
10,2,0.8345061,1,72,R,2.3
10,2,0.499518,1,72,R,1.1
10,2,0.554665,1,44,R,2.1
10,2,0.8752535,0,72,R,1.1
10,2,0.5657089,1,72,R,1.8
10,2,1.0439813,1,16,R,1.1
10,2,0.5004699,1,100,R,0.9
10,2,0.7380214,1,44,R,2.1
10,2,1.3322352,0,16,R,1.6
10,2,0.4676236,1,72,R,1.8
10,2,0.4263607,1,44,R,2.3
10,2,0.4906782,1,16,R,2.3
10,2,0.4340376,1,72,R,1.4
10,2,0.4944279,1,100,R,1.8
10,2,1.3763893,1,16,R,1.3
10,2,0.9286979,1,44,R,2.1
10,2,0.5349148,1,72,R,1.8
10,2,0.9057045,0,16,R,0.9
10,2,0.5079521,0,16,R,1.1
10,2,0.4885793,1,100,R,0.9
10,2,0.4746017,1,16,R,1.1
10,2,0.4954255,0,44,R,1.6
10,2,0.5178977,1,72,R,1.8
10,2,0.5894635,1,16,R,1.4
10,2,1.2897325,1,44,R,1.4
10,2,0.7132799,1,44,R,1.3
10,2,0.6069492,1,16,R,1.8
10,2,0.4004738,1,72,R,1.6
10,2,0.4414274,1,16,R,2.3
10,2,1.2250746,1,16,R,2.3
10,2,0.7245921,1,16,R,2.1
10,2,0.5569004,1,16,R,1.4
10,2,0.4677819,1,72,R,1.9
10,2,0.4377814,1,100,R,2.3
10,2,0.5338566,1,72,R,1.3
10,2,1.0573132,0,16,R,1.4
10,2,0.4499138,1,72,R,1.9
10,2,0.4454156,1,44,R,2.1
10,2,0.488761,1,44,R,2.3
10,2,0.5786131,1,44,R,1.6
10,2,0.4677471,1,100,R,2.3
10,2,1.5243467,1,16,R,1.4
10,2,0.5233767,1,44,R,1.8
10,3,0.6402293,1,16,R,1.8
10,3,0.621939,1,72,R,1.1
10,3,0.7278142,1,44,R,1.3
10,3,0.8196738,1,100,R,1.1
10,3,0.6001475,1,44,R,1.4
10,3,0.8334644,1,72,R,1.9
10,3,0.6203303,1,44,R,1.9
10,3,0.5973623,1,44,R,0.9
10,3,0.5708389,1,72,R,1.8
10,3,0.5926354,1,72,R,1.6
10,3,0.5067237,1,100,R,1.6
10,3,0.5818413,1,72,R,1.8
10,3,0.5540492,1,100,R,1.3
10,3,1.1782221,0,100,R,0.9
10,3,0.5722825,1,44,R,2.3
10,3,0.5841132,1,100,R,2.1
10,3,0.8220588,1,44,R,1.4
10,3,0.7846669,1,44,R,1.1
10,3,0.7434225,1,44,R,2.1
10,3,0.6728981,1,44,R,1.3
10,3,0.6707711,1,44,R,1.6
10,3,0.5295647,1,100,R,2.1
10,3,0.5985047,1,44,R,1.8
10,3,0.5562282,1,44,R,2.1
10,3,0.5846819,1,100,R,2.3
10,3,0.7079744,1,16,R,1.6
10,3,0.6229677,1,16,R,1.6
10,3,0.6149246,1,16,R,2.3
10,3,1.06117,1,100,R,2.3
10,3,0.5522081,1,72,R,1.6
10,3,0.487316,1,100,R,0.9
10,3,0.7352822,0,72,R,1.6
10,3,0.5304542,1,72,R,1.9
10,3,0.5895544,1,100,R,1.8
10,3,0.5392722,1,44,R,1.8
10,3,0.6154578,1,16,R,1.8
10,3,0.5634005,1,44,R,1.1
10,3,0.5740345,1,16,R,1.9
10,3,0.6421225,1,100,R,2.1
10,3,0.9592998,0,72,R,1.1
10,3,0.5991041,1,44,R,1.1
10,3,0.5776652,1,16,R,1.3
10,3,0.5858409,1,72,R,2.3
10,3,0.5950355,1,16,R,1.1
10,3,0.6203618,1,72,R,2.3
10,3,0.5518338,1,100,R,2.1
10,3,1.9669683,1,44,R,1.9
10,3,0.6405991,1,44,R,1.3
10,3,0.5831606,1,72,R,0.9
10,3,0.6916405,0,16,R,2.1
10,3,0.6021813,1,72,R,1.3
10,3,0.6314937,1,16,R,1.4
10,3,0.6969502,0,44,R,1.9
10,3,0.5411916,1,44,R,1.6
10,3,1.3341682,1,44,R,1.3
10,3,0.5382313,1,100,R,1.1
10,3,0.6551935,1,44,R,1.1
10,3,1.3687217,1,72,R,1.6
10,3,0.6278939,1,100,R,1.3
10,3,1.0920684,1,16,R,1.1
10,3,0.9419511,0,16,R,2.3
10,3,0.692511,0,16,R,2.1
10,3,1.2085906,0,16,R,2.3
10,3,1.1087064,0,16,R,1.8
10,3,2.2018407,1,72,R,0.9
10,3,0.5921597,1,100,R,2.1
10,3,0.6445218,1,100,R,1.1
10,3,0.7058101,1,16,R,0.9
10,3,0.6214931,1,100,R,1.8
10,3,0.7586558,0,16,R,1.8
10,3,0.5571731,1,44,R,1.9
10,3,1.0744196,1,72,R,1.9
10,3,0.5723281,1,16,R,2.3
10,3,0.6344688,1,72,R,1.4
10,3,0.4849042,1,72,R,2.1
10,3,0.5221979,1,100,R,1.4
10,3,0.6067733,1,44,R,0.9
10,3,0.6402367,1,16,R,1.1
10,3,0.6266336,1,100,R,0.9
10,3,0.6154827,1,72,R,1.4
10,3,0.5717774,1,100,R,2.3
10,4,0.5881829,1,72,R,2.3
10,4,0.5463454,1,44,R,1.6
10,4,0.4980409,1,16,R,1.6
10,4,0.6087846,1,16,R,2.3
10,4,0.578033,1,100,R,1.4
10,4,0.5842168,1,72,R,2.3
10,4,0.4663356,1,72,R,2.1
10,4,0.5228373,1,44,R,2.3
10,4,0.5484941,0,16,R,1.6
10,4,1.2088993,0,16,R,2.1
10,4,0.5288874,1,44,R,0.9
10,4,1.5090778,1,16,R,1.1
10,4,0.5394337,1,100,R,1.3
10,4,0.5219212,1,100,R,1.6
10,4,0.4674279,1,72,R,0.9
10,4,0.5339812,1,72,R,1.4
10,4,0.4881658,1,44,R,0.9
10,4,0.5684425,1,72,R,1.1
10,4,0.4980212,1,72,R,1.4
10,4,0.438449,1,44,R,2.1
10,4,0.6646499,1,16,R,2.3
10,4,0.506345,1,100,R,2.1
10,4,0.5016173,1,72,R,2.3
10,4,0.6884616,1,100,R,1.4
10,4,0.5568091,1,16,R,1.8
10,4,0.4279166,1,100,R,0.9
10,4,0.4682903,1,72,R,1.6
10,4,0.6108731,1,100,R,1.8
10,4,0.4561573,1,100,R,1.8
10,4,0.5743903,1,16,R,1.9
10,4,0.6618931,1,100,R,0.9
10,4,0.6204756,1,44,R,2.1
10,4,0.5024173,1,72,R,1.4
10,4,0.4670963,1,72,R,1.6
10,4,0.5555683,1,44,R,2.3
10,4,0.5072391,1,72,R,1.8
10,4,0.5008916,1,72,R,1.8
10,4,0.4837838,1,72,R,1.6
10,4,0.5297207,1,100,R,0.9
10,4,0.506135,1,44,R,1.6
10,4,0.4295419,1,100,R,1.6
10,4,0.6342775,1,72,R,1.1
10,4,0.5440794,1,100,R,1.1
10,4,0.4802054,1,44,R,1.1
10,4,0.4669097,1,72,R,1.3
10,4,0.4168216,1,72,R,1.6
10,4,0.5443349,1,100,R,1.6
10,4,0.5549107,1,16,R,1.6
10,4,0.5080398,1,16,R,1.6
10,4,0.7416042,0,16,R,1.8
10,4,0.5238873,1,16,R,0.9
10,4,0.4219981,1,100,R,1.8
10,4,0.4886491,1,44,R,1.6
10,4,0.4999256,1,72,R,2.1
10,4,0.5240194,1,16,R,1.3
10,4,0.5661434,1,72,R,1.6
10,4,0.4789627,1,44,R,2.1
10,4,0.4447627,1,44,R,1.3
10,4,0.382926,1,72,R,2.1
10,4,0.4332415,1,72,R,1.6
10,4,0.4987762,1,72,R,1.4
10,4,0.4780569,1,44,R,1.1
10,4,0.4465137,1,44,R,1.6
10,4,0.4298976,1,44,R,1.8
10,4,0.4519791,1,44,R,1.9
10,4,0.4227024,1,100,R,2.1
10,4,0.4773452,1,100,R,1.3
10,4,0.5230823,1,16,R,2.3
10,4,0.4896056,1,44,R,0.9
10,4,0.5424387,1,16,R,1.6
10,4,0.4677462,1,72,R,1.8
10,4,0.5063955,1,100,R,2.3
10,4,0.3844998,1,72,R,1.1
10,4,0.7071782,1,16,R,1.9
10,4,0.4178401,1,72,R,2.3
10,4,0.7341557,1,72,R,1.6
10,4,1.2251822,1,16,R,1.1
10,4,0.5329352,1,72,R,1.4
10,4,0.4342558,1,72,R,2.1
10,4,0.4672913,1,72,R,2.3
10,4,0.5676685,1,72,R,1.3
10,4,0.7276679,1,44,R,1.3
11,1,0.3579723,1,16,R,1.3
11,1,0.3899526,1,100,R,1.6
11,1,0.4115871,1,44,R,1.9
11,1,0.3334607,1,72,R,1.6
11,1,0.4770288,1,100,R,1.9
11,1,0.3334976,1,72,R,2.1
11,1,0.4247409,1,44,R,1.9
11,1,0.4341439,1,72,R,1.3
11,1,0.3755283,1,16,R,2.1
11,1,0.38142,1,16,R,1.6
11,1,0.3562051,1,100,R,1.8
11,1,0.38462,1,72,R,2.1
11,1,0.3679851,1,72,R,1.1
11,1,0.4074312,1,16,R,2.1
11,1,0.3497437,1,72,R,2.1
11,1,0.5199253,1,44,R,0.9
11,1,0.4560561,1,44,R,2.3
11,1,0.4487566,1,72,R,1.9
11,1,0.2994536,1,72,R,2.1
11,1,0.3795454,1,100,R,1.6
11,1,0.4338957,1,72,R,1.3
11,1,0.4046983,1,44,R,1.1
11,1,0.3230994,1,100,R,1.3
11,1,0.3965761,0,44,R,0.9
11,1,0.8911073,0,16,R,1.6
11,1,0.5771481,1,100,R,1.8
11,1,0.7922375,1,16,R,1.6
11,1,0.6137531,1,44,R,1.8
11,1,0.4386358,1,100,R,2.1
11,1,0.5276856,1,100,R,1.8
11,1,0.477396,1,100,R,2.1
11,1,0.4621749,1,44,R,1.9
11,1,0.3559005,1,100,R,2.3
11,1,0.4607224,1,100,R,1.4
11,1,0.5275972,1,100,R,1.8
11,1,0.5437842,1,100,R,1.6
11,1,0.5115762,1,100,R,1.1
11,1,0.5433392,1,100,R,0.9
11,1,0.5222025,1,44,R,1.1
11,1,0.4562487,1,72,R,1.8
11,1,0.5903812,1,16,R,2.1
11,1,0.4134983,1,44,R,2.1
11,1,0.3500404,1,72,R,1.9
11,1,0.3886922,1,44,R,1.4
11,1,0.4673989,1,100,R,1.8
11,1,0.4563931,1,100,R,1.9
11,1,0.3965859,1,44,R,1.4
11,1,0.4003792,1,72,R,1.3
11,1,0.5103404,1,100,R,1.4
11,1,0.3225303,1,100,R,1.6
11,1,0.2664872,1,100,R,1.3
11,1,0.4061658,1,72,R,1.8
11,1,0.7061487,1,44,R,2.1
11,1,0.4305861,1,44,R,2.1
11,1,0.5304753,0,16,R,2.1
11,1,0.3219122,1,44,R,2.1
11,1,0.28923,1,72,R,2.3
11,1,0.4734007,1,44,R,1.4
11,1,0.5174501,1,100,R,2.3
11,1,0.3500718,1,72,R,0.9
11,1,0.6805824,0,44,R,1.1
11,1,0.353575,1,100,R,2.1
11,1,0.4103084,1,100,R,1.4
11,1,0.4386982,1,44,R,1.3
11,1,0.4450425,1,44,R,2.3
11,1,0.5404837,1,72,R,1.9
11,1,0.3323178,1,72,R,2.1
11,1,0.3510036,1,72,R,2.1
11,1,0.9912151,0,100,R,1.4
11,1,0.3828876,1,72,R,2.1
11,1,0.7573994,1,16,R,1.4
11,1,0.436862,1,16,R,0.9
11,1,0.4154678,1,72,R,1.1
11,1,0.5396808,1,100,R,1.9
11,1,0.4225154,1,44,R,1.6
11,1,0.5289551,1,100,R,1.6
11,1,0.8417092,0,16,R,1.4
11,1,0.4489529,1,72,R,0.9
11,1,0.5173139,1,72,R,1.6
11,2,0.3795247,1,44,R,1.4
11,2,0.4935918,1,100,R,0.9
11,2,0.4934563,1,100,R,1.9
11,2,0.2852738,1,72,R,1.1
11,2,0.3552007,1,16,R,0.9
11,2,0.2229143,1,100,R,1.1
11,2,0.3641985,1,72,R,0.9
11,2,0.4092768,1,100,R,2.3
11,2,0.3215948,1,100,R,1.3
11,2,0.4119148,1,44,R,2.3
11,2,0.3733613,1,44,R,1.1
11,2,0.4234611,1,44,R,0.9
11,2,0.5435992,1,100,R,2.1
11,2,0.4764968,1,100,R,1.8
11,2,0.3623508,1,44,R,1.9
11,2,0.3231002,1,16,R,1.1
11,2,0.3487677,1,72,R,1.6
11,2,0.4006113,1,72,R,1.9
11,2,0.3227836,1,100,R,2.3
11,2,0.2678201,1,100,R,2.3
11,2,0.4608915,1,100,R,1.8
11,2,0.4553118,1,100,R,0.9
11,2,0.2951741,1,100,R,1.1
11,2,0.4773352,1,100,R,1.3
11,2,0.3904639,1,16,R,1.4
11,2,0.3455049,1,44,R,2.3
11,2,0.3941459,1,100,R,1.6
11,2,0.3387058,1,44,R,1.3
11,2,0.3796777,1,44,R,1.8
11,2,0.3200347,1,44,R,2.1
11,2,0.990758,1,16,R,1.9
11,2,0.3721609,1,100,R,1.3
11,2,0.3663763,1,72,R,1.4
11,2,0.3958151,1,44,R,2.3
11,2,0.3510758,1,72,R,2.3
11,2,0.4583376,1,16,R,1.3
11,2,0.6269572,1,100,R,1.9
11,2,0.4752881,1,16,R,1.4
11,2,0.4645257,0,44,R,1.6
11,2,0.4948787,1,44,R,1.4
11,2,0.6503413,1,72,R,1.6
11,2,0.577456,1,100,R,1.6
11,2,0.643913,1,100,R,1.4
11,2,0.4120964,1,44,R,2.3
11,2,0.5746713,1,72,R,1.8
11,2,0.9102488,1,100,R,2.3
11,2,0.3734143,1,72,R,1.6
11,2,0.43409,1,72,R,2.1
11,2,0.4074552,1,44,R,2.3
11,2,0.3650099,1,72,R,2.3
11,2,0.3955041,1,44,R,1.1
11,2,0.442247,1,16,R,1.8
11,2,0.3671482,1,72,R,1.3
11,2,0.4729939,1,44,R,1.8
11,2,0.4217489,1,44,R,0.9
11,2,0.4341678,1,72,R,1.8
11,2,0.4893256,1,100,R,1.3
11,2,1.5687445,0,72,R,1.4
11,2,0.4779512,1,44,R,1.8
11,2,0.4024459,1,44,R,2.1
11,2,0.9419025,0,16,R,1.3
11,2,0.4081867,1,16,R,2.3
11,2,0.4273878,1,100,R,1.1
11,2,0.4008487,1,72,R,2.1
11,2,0.5071078,0,16,R,2.3
11,2,0.3505575,1,72,R,2.1
11,2,0.4571112,0,16,R,1.4
11,2,0.316374,1,72,R,1.3
11,2,0.8915496,1,16,R,1.8
11,2,0.4749756,0,16,R,1.6
11,2,0.4123864,1,44,R,2.3
11,2,0.4008598,1,72,R,0.9
11,2,0.4327281,1,72,R,1.1
11,3,0.524399,1,100,R,1.3
11,3,0.4243934,1,100,R,2.1
11,3,0.3779878,1,100,R,2.1
11,3,0.3610182,1,44,R,1.4
11,3,0.2989229,1,72,R,2.3
11,3,0.3579396,1,16,R,1.1
11,3,0.3092436,1,44,R,1.1
11,3,0.3615227,1,44,R,2.1
11,3,0.4405396,1,16,R,2.1
11,3,0.3380405,1,100,R,1.6
11,3,0.3668012,1,72,R,2.3
11,3,0.4355951,1,44,R,1.9
11,3,0.4448522,0,44,R,1.4
11,3,0.5245055,1,44,R,2.1
11,3,0.5725888,1,16,R,1.6
11,3,0.3299165,1,44,R,1.3
11,3,0.3548156,1,100,R,1.1
11,3,0.3936751,1,100,R,0.9
11,3,0.4209089,1,44,R,1.6
11,3,0.2459391,1,72,R,2.1
11,3,0.3143936,1,44,R,2.3
11,3,0.3782808,1,72,R,1.9
11,3,0.5624541,1,44,R,0.9
11,3,0.7970305,1,44,R,2.1
11,3,0.4604441,1,100,R,1.9
11,3,0.4512184,1,72,R,1.1
11,3,0.3700191,1,72,R,1.4
11,3,0.3878977,1,100,R,2.1
11,3,0.3557146,1,44,R,1.3
11,3,0.477752,1,100,R,2.3
11,3,0.3459841,1,44,R,1.4
11,3,1.3269321,1,100,R,1.1
11,3,0.3955606,1,44,R,2.1
11,3,0.3443983,1,44,R,1.1
11,3,0.4216395,1,100,R,0.9
11,3,0.3216881,1,100,R,0.9
11,3,0.4436431,1,100,R,0.9
11,3,0.2890477,1,100,R,1.8
11,3,0.3664241,1,72,R,1.4
11,3,0.3614605,1,44,R,1.6
11,3,0.4335086,1,72,R,0.9
11,3,0.5264432,1,100,R,1.1
11,3,0.3870377,1,44,R,1.4
11,3,0.5671367,1,72,R,1.1
11,3,0.6480622,0,44,R,1.9
11,3,0.4895681,1,16,R,1.9
11,3,0.6471728,1,44,R,1.4
11,3,0.4562501,1,44,R,1.4
11,3,0.4468539,1,16,R,1.8
11,3,0.3735797,1,16,R,1.8
11,3,0.4903501,1,16,R,1.4
11,3,0.4571592,1,16,R,2.1
11,3,0.2757902,1,100,R,2.1
11,3,0.3470105,1,44,R,2.1
11,3,0.4467179,0,44,R,1.4
11,3,0.4275701,1,100,R,1.9
11,3,0.4393755,1,44,R,1.6
11,3,0.4667607,1,100,R,2.1
11,3,0.6910379,1,44,R,2.3
11,3,0.4973259,0,16,R,1.6
11,3,0.42801,1,44,R,1.1
11,3,0.5013748,0,72,R,2.1
11,3,0.5086938,1,100,R,1.8
11,3,0.2992233,1,72,R,0.9
11,3,0.4942395,1,100,R,1.4
11,3,0.2758269,1,44,R,1.8
11,3,0.3895338,0,16,R,1.8
11,3,0.522813,1,44,R,1.9
11,3,0.3458778,1,100,R,1.6
11,3,0.3273034,1,100,R,1.8
11,3,0.4121973,0,44,R,1.3
11,3,0.3939873,1,100,R,1.6
11,3,0.523079,1,16,R,1.4
11,4,0.4833995,1,72,R,1.3
11,4,0.4898056,1,16,R,1.6
11,4,0.3564917,1,100,R,2.3
11,4,0.4228369,1,44,R,1.9
11,4,0.6971463,1,16,R,1.4
11,4,0.4572695,1,16,R,2.3
11,4,0.3230323,1,100,R,1.1
11,4,0.3911081,1,44,R,2.3
11,4,0.4167515,1,72,R,0.9
11,4,0.4085438,1,16,R,2.3
11,4,0.6596942,1,100,R,2.3
11,4,0.4272477,1,44,R,1.4
11,4,0.4241764,1,16,R,1.1
11,4,0.4003875,1,72,R,1.4
11,4,0.3505951,1,72,R,1.1
11,4,0.428435,1,100,R,2.1
11,4,0.4336471,1,72,R,1.4
11,4,0.4247478,1,16,R,0.9
11,4,0.5242751,1,16,R,1.8
11,4,0.641639,1,16,R,1.4
11,4,0.3992152,1,72,R,1.1
11,4,0.4731169,1,16,R,1.4
11,4,0.3581078,1,16,R,1.1
11,4,0.4339035,1,72,R,0.9
11,4,0.5129826,1,16,R,1.3
11,4,0.4924504,1,16,R,2.3
11,4,0.4632388,1,44,R,1.4
11,4,0.4772203,1,100,R,1.6
11,4,0.4673057,1,72,R,0.9
11,4,0.4234544,1,16,R,0.9
11,4,1.190476,1,16,R,0.9
11,4,0.5271587,1,100,R,2.1
11,4,0.2904117,1,100,R,2.3
11,4,0.3167649,1,72,R,2.3
11,4,0.3066171,1,44,R,1.1
11,4,0.4630257,0,16,R,1.3
11,4,0.4013184,1,72,R,1.3
11,4,0.4049269,1,100,R,1.1
11,4,0.4571995,1,16,R,1.6
11,4,0.4507215,1,72,R,1.3
11,4,0.4744793,1,100,R,1.4
11,4,0.5971842,1,44,R,1.4
11,4,0.5112608,1,100,R,1.8
11,4,0.5912151,1,16,R,1.9
11,4,0.4847617,1,72,R,2.1
11,4,0.4654786,1,72,R,2.3
11,4,0.4883215,1,44,R,1.9
11,4,0.4199958,1,44,R,1.9
11,4,0.4943406,1,100,R,2.1
11,4,0.4579588,1,16,R,2.1
11,4,0.3898321,1,44,R,2.3
11,4,0.4081254,1,72,R,1.6
11,4,0.4227003,0,16,R,2.1
11,4,0.2741975,1,100,R,1.9
11,4,0.2868659,1,100,R,1.9
11,4,0.3672736,1,72,R,2.3
11,4,0.4589618,1,16,R,1.3
11,4,0.4564908,0,16,R,0.9
11,4,0.5085823,1,16,R,2.3
11,4,0.4417266,1,16,R,1.4
11,4,0.4131876,1,44,R,1.3
11,4,0.4708357,1,16,R,1.3
11,4,0.3722526,1,44,R,1.8
11,4,0.3811108,1,16,R,2.3
11,4,0.3415842,1,16,R,1.3
11,4,0.2666629,1,100,R,1.1
11,4,0.2345897,1,100,R,2.3
11,4,0.4018284,1,44,R,1.1
11,4,0.4238984,1,16,R,1.1
11,4,0.439508,1,16,R,0.9
11,4,0.6251104,0,16,R,1.4
11,4,0.4966549,0,44,R,1.3
11,4,0.4510776,1,72,R,1.6
11,4,0.3704024,1,44,R,1.8
11,4,0.3668483,1,72,R,2.1
11,4,0.3843195,1,72,R,2.3
11,4,0.3883201,1,100,R,2.1
12,1,0.5746988,1,100,R,2.1
12,1,0.5445199,1,100,R,2.1
12,1,0.5452493,1,44,R,1.4
12,1,0.5993679,1,72,R,2.3
12,1,0.9543,1,16,R,1.1
12,1,0.5283191,1,44,R,1.1
12,1,0.5773048,1,44,R,2.1
12,1,0.6215483,1,16,R,2.1
12,1,0.4712507,1,100,R,1.6
12,1,0.5171413,1,72,R,2.3
12,1,0.6367352,1,44,R,1.9
12,1,0.5938485,0,44,R,1.4
12,1,0.6905876,1,44,R,2.1
12,1,0.7570259,1,16,R,1.6
12,1,0.8970956,1,44,R,1.3
12,1,0.6717847,1,100,R,1.1
12,1,0.6924236,1,100,R,0.9
12,1,0.5188678,1,44,R,1.6
12,1,0.5004769,1,72,R,2.1
12,1,0.4780986,1,44,R,2.3
12,1,0.6816071,1,72,R,1.9
12,1,0.511732,1,44,R,0.9
12,1,0.5953872,1,44,R,2.1
12,1,0.5280718,1,100,R,1.9
12,1,0.5514157,1,72,R,1.1
12,1,0.484467,1,72,R,1.4
12,1,0.55863,1,100,R,2.1
12,1,0.6727314,1,44,R,1.3
12,1,0.4126047,1,100,R,2.3
12,1,1.1619032,1,44,R,1.4
12,1,0.5099437,1,100,R,1.1
12,1,0.5456722,1,44,R,2.1
12,1,0.5771692,1,44,R,1.1
12,1,0.7724972,0,100,R,0.9
12,1,1.54023,0,100,R,0.9
12,1,0.7755267,1,100,R,0.9
12,1,0.6385169,1,100,R,1.8
12,1,0.6180376,1,72,R,1.4
12,1,0.6288154,1,44,R,1.6
12,1,0.5668038,1,72,R,0.9
12,1,0.9923345,1,100,R,1.1
12,1,0.5948694,0,44,R,1.4
12,1,0.4827732,1,72,R,1.1
12,1,0.5608754,1,44,R,1.9
12,1,0.7556613,1,16,R,1.9
12,1,0.5970201,1,44,R,1.4
12,1,0.9961849,0,44,R,1.4
12,1,0.8242886,1,16,R,1.8
12,1,1.0755965,0,16,R,1.8
12,1,0.4875224,1,100,R,2.1
12,1,0.545675,1,44,R,2.1
12,1,0.7561825,1,44,R,1.4
12,1,0.5607323,1,100,R,1.9
12,1,0.5233239,1,44,R,1.6
12,1,0.5001374,1,100,R,2.1
12,1,0.4890301,1,44,R,2.3
12,1,0.5979629,1,16,R,1.6
12,1,0.529048,1,44,R,1.1
12,1,0.4680685,1,72,R,2.1
12,1,0.5270434,1,100,R,1.8
12,1,0.4669897,1,72,R,0.9
12,1,0.5425371,1,100,R,1.4
12,1,0.44539,1,44,R,1.8
12,1,0.5899075,0,16,R,1.8
12,1,0.6988571,0,44,R,1.9
12,1,0.4021077,1,100,R,1.6
12,1,0.6608674,1,100,R,1.8
12,1,0.5214447,1,44,R,1.3
12,1,0.7329177,1,100,R,1.6
12,1,1.174388,1,16,R,1.4
12,2,0.5662128,1,72,R,1.8
12,2,0.6990643,1,72,R,1.9
12,2,0.6727512,1,16,R,1.1
12,2,0.6904591,1,44,R,1.3
12,2,2.0022257,1,72,R,2.1
12,2,0.5111719,1,100,R,1.8
12,2,0.7558909,1,44,R,1.1
12,2,0.9731544,0,16,R,1.9
12,2,0.6172146,1,72,R,2.1
12,2,0.4216623,1,100,R,1.4
12,2,0.8418744,1,16,R,1.6
12,2,0.5782182,0,44,R,0.9
12,2,0.4560115,1,44,R,1.6
12,2,1.2418792,1,72,R,1.6
12,2,0.517019,1,72,R,1.6
12,2,0.4225273,1,100,R,1.6
12,2,0.5344207,1,72,R,1.4
12,2,0.9241466,0,16,R,2.1
12,2,0.6754069,1,16,R,2.3
12,2,0.6493136,1,72,R,2.3
12,2,0.5609908,1,100,R,1.4
12,2,0.7566113,1,16,R,2.1
12,2,0.452522,1,100,R,1.4
12,2,0.477156,1,100,R,1.4
12,2,0.4285881,1,44,R,2.3
12,2,0.7026644,1,72,R,2.3
12,2,0.8300125,0,44,R,1.4
12,2,0.4339743,1,72,R,2.1
12,2,0.5440434,1,100,R,2.1
12,2,0.6777923,1,100,R,2.1
12,2,0.6277561,1,100,R,1.9
12,2,0.6275854,0,16,R,1.8
12,2,0.5423624,1,100,R,1.4
12,2,0.6729913,1,100,R,2.3
12,2,1.379584,1,44,R,2.1
12,2,0.4221746,1,100,R,1.3
12,2,0.5192108,0,72,R,1.1
12,2,0.5771703,1,44,R,1.6
12,2,0.534747,1,44,R,1.1
12,2,0.4677646,1,72,R,1.8
12,2,0.4838923,1,72,R,1.6
12,2,0.9794621,0,44,R,2.1
12,2,0.9960129,0,44,R,1.6
12,2,0.5907366,0,16,R,1.8
12,2,0.5264298,1,100,R,1.8
12,2,0.471776,1,100,R,2.1
12,2,0.6779627,1,100,R,2.1
12,2,0.3547604,1,100,R,1.6
12,2,0.5553008,1,100,R,1.6
12,2,0.4123448,0,44,R,2.1
12,2,0.4607626,1,100,R,0.9
12,2,0.8107154,1,100,R,1.9
12,2,0.4418285,1,72,R,1.6
12,2,0.6662661,1,72,R,0.9
12,2,0.8791331,0,44,R,1.3
12,2,0.8558969,1,100,R,1.6
12,2,1.1948508,1,100,R,1.3
12,2,0.5828486,1,72,R,2.3
12,2,0.5093634,1,44,R,1.9
12,2,1.4521713,0,72,R,0.9
12,2,0.5923536,1,100,R,1.1
12,2,1.5188055,0,72,R,1.1
12,2,1.895085,0,44,R,1.3
12,2,0.4232237,1,100,R,1.3
12,2,0.5836704,1,72,R,1.1
12,2,0.8450366,0,44,R,1.6
12,2,0.6181729,1,72,R,1.8
12,2,0.5215633,1,100,R,1.3
12,2,0.4060528,1,16,R,1.1
12,2,0.5899228,1,16,R,2.3
12,2,0.6797406,1,44,R,1.4
12,2,0.4049575,1,44,R,1.4
12,2,0.7565838,1,16,R,1.6
12,2,0.5404693,1,72,R,1.8
12,2,0.3656106,1,72,R,1.4
12,3,0.6093979,1,100,R,1.4
12,3,0.5403702,1,16,R,1.9
12,3,0.6333558,1,72,R,2.3
12,3,0.534951,0,72,R,1.4
12,3,0.4378464,1,44,R,0.9
12,3,0.6891836,1,44,R,1.3
12,3,0.5951136,1,44,R,1.3
12,3,0.5576652,1,44,R,1.3
12,3,0.6743321,0,16,R,1.4
12,3,0.4228346,1,16,R,0.9
12,3,0.4066319,1,100,R,1.8
12,3,0.5378701,1,44,R,1.1
12,3,0.4905126,1,16,R,1.9
12,3,0.4465517,1,44,R,1.3
12,3,0.491003,1,16,R,1.3
12,3,0.4572004,1,100,R,1.3
12,3,0.6630137,0,44,R,1.6
12,3,0.5223687,1,16,R,1.1
12,3,0.4888819,1,16,R,2.3
12,3,0.4955161,1,44,R,1.8
12,3,0.5750561,1,16,R,2.1
12,3,0.4509747,1,72,R,1.9
12,3,0.3501047,1,72,R,2.3
12,3,1.1401408,1,44,R,0.9
12,3,0.4325207,1,100,R,0.9
12,3,0.591874,0,16,R,1.8
12,3,0.5409257,1,16,R,2.1
12,3,0.7752628,1,16,R,1.8
12,3,0.6726608,0,100,R,2.1
12,3,0.4046368,1,100,R,1.4
12,3,0.5755066,0,16,R,1.1
12,3,0.6243221,1,16,R,1.1
12,3,0.4126111,1,44,R,1.6
12,3,0.6521641,1,100,R,1.6
12,3,0.371714,1,100,R,2.3
12,3,0.4230221,1,44,R,1.8
12,3,0.3462663,1,100,R,1.8
12,3,0.5792078,0,44,R,1.9
12,3,0.4061602,1,100,R,2.1
12,3,0.7561428,1,44,R,2.3
12,3,0.3449279,1,100,R,0.9
12,3,0.5406797,0,16,R,1.3
12,3,1.0604314,1,100,R,0.9
12,3,0.6963995,0,44,R,2.1
12,3,0.8736753,1,16,R,2.1
12,3,0.8431404,0,16,R,1.9
12,3,0.6525873,0,72,R,2.3
12,3,0.5123613,1,44,R,1.8
12,3,0.6415199,1,100,R,1.6
12,3,0.395778,0,44,R,0.9
12,3,0.9183865,1,72,R,1.8
12,3,0.505774,1,44,R,1.4
12,3,0.562313,1,44,R,1.9
12,3,0.702096,0,72,R,1.6
12,3,0.7613293,1,44,R,1.1
12,3,0.4848756,1,72,R,1.1
12,3,0.8622575,1,44,R,1.4
12,3,0.5840912,0,72,R,2.3
12,3,0.6339761,1,72,R,1.4
12,3,0.5008881,1,72,R,0.9
12,3,0.5922168,1,100,R,1.9
12,3,0.7358072,0,72,R,2.1
12,3,0.4350881,1,72,R,1.3
12,3,0.627539,1,100,R,1.6
12,3,0.6463866,1,16,R,2.3
12,3,0.5395194,1,100,R,1.3
12,3,0.5570336,1,72,R,1.3
12,3,0.7383799,1,16,R,0.9
12,3,0.4953172,1,44,R,2.3
12,3,0.6005076,1,72,R,2.1
12,3,0.6284683,0,44,R,1.1
12,3,0.5706594,1,44,R,1.6
12,3,0.4950607,1,44,R,1.4
12,4,0.4724463,1,100,R,1.6
12,4,0.6405465,1,16,R,2.3
12,4,0.4249203,1,16,R,1.1
12,4,0.5007737,1,72,R,1.6
12,4,0.4173577,1,72,R,2.1
12,4,0.5615861,0,44,R,2.1
12,4,0.5586083,1,16,R,1.8
12,4,0.3996312,1,72,R,1.4
12,4,0.5843543,1,72,R,1.1
12,4,0.3997813,1,72,R,1.3
12,4,0.427452,1,44,R,1.4
12,4,0.4459438,1,44,R,2.3
12,4,0.3379055,1,100,R,1.6
12,4,0.6077797,1,16,R,0.9
12,4,0.5558189,1,44,R,1.8
12,4,0.6666343,1,72,R,1.9
12,4,0.5464241,1,44,R,1.6
12,4,0.8131001,0,44,R,0.9
12,4,0.9223508,1,44,R,1.4
12,4,0.3842527,1,72,R,0.9
12,4,0.4343475,1,72,R,1.3
12,4,0.6894713,1,44,R,1.4
12,4,0.3787318,1,100,R,1.6
12,4,0.5444062,1,100,R,1.1
12,4,0.4999039,1,72,R,0.9
12,4,0.7082063,1,16,R,1.3
12,4,0.6544266,1,100,R,1.4
12,4,0.3548964,1,100,R,1.1
12,4,0.9304663,0,44,R,1.3
12,4,0.5462356,0,44,R,1.4
12,4,0.6402598,1,16,R,0.9
12,4,0.622927,1,100,R,1.6
12,4,0.3838653,1,72,R,1.8
12,4,0.60572,1,100,R,1.9
12,4,0.4010273,1,72,R,1.1
12,4,0.6577234,0,16,R,2.1
12,4,0.3170465,1,72,R,1.6
12,4,0.3390033,1,100,R,2.3
12,4,0.5639121,1,44,R,1.9
12,4,0.4003774,1,72,R,1.1
12,4,1.1285324,0,44,R,2.1
12,4,0.6204005,0,72,R,1.3
12,4,0.6351876,1,100,R,1.4
12,4,0.7235555,0,16,R,1.9
12,4,1.6052089,1,44,R,1.1
12,4,0.6462843,0,16,R,1.9
12,4,0.5896367,1,44,R,1.4
12,4,0.5614203,1,100,R,1.1
12,4,0.4547508,1,100,R,2.1
12,4,0.6294354,1,44,R,0.9
12,4,0.5494559,1,72,R,2.3
12,4,0.606309,1,16,R,2.3
12,4,0.5511869,1,72,R,1.8
12,4,0.562514,1,44,R,1.8
12,4,1.8127146,1,100,R,1.8
12,4,0.4508172,1,72,R,2.1
12,4,0.6335278,1,72,R,1.6
12,4,1.873713,1,44,R,1.1
12,4,0.973643,1,72,R,1.3
12,4,0.4667493,1,72,R,1.1
12,4,0.5819569,1,72,R,2.1
12,4,0.6166514,1,72,R,1.8
12,4,0.3778101,1,44,R,1.9
12,4,0.5106198,1,100,R,0.9
12,4,0.5680679,1,72,R,0.9
12,4,0.6056551,1,100,R,1.3
12,4,0.4997197,1,44,R,2.3
12,4,0.4953472,1,44,R,1.9
12,4,0.6071139,0,16,R,1.9
12,4,0.5182926,1,72,R,1.1
12,4,0.656455,1,16,R,2.3
12,4,0.5559077,1,44,R,1.8
12,4,0.3796321,0,16,R,2.1
13,1,0.5563689,1,44,R,1.8
13,1,0.6617762,1,100,R,1.4
13,1,0.8806067,1,16,R,1.6
13,1,0.7335317,1,72,R,1.1
13,1,0.5888016,1,100,R,1.1
13,1,0.9830198,1,72,R,1.9
13,1,0.7611546,1,44,R,1.9
13,1,1.2419169,1,16,R,1.8
13,1,0.8074113,1,16,R,1.3
13,1,0.9563754,1,100,R,1.4
13,1,0.7914876,1,16,R,2.1
13,1,0.7413073,1,16,R,0.9
13,1,0.7628443,1,44,R,2.3
13,1,0.9751344,1,16,R,1.9
13,1,0.8634481,1,44,R,0.9
13,1,0.8337447,1,100,R,1.9
13,1,0.7611344,1,100,R,1.8
13,1,0.9004163,1,72,R,1.6
13,1,0.7339453,1,72,R,1.1
13,1,0.5959837,1,44,R,2.1
13,1,0.9239123,1,16,R,0.9
13,1,0.9779261,1,100,R,1.4
13,1,0.6998258,1,72,R,0.9
13,1,0.9080207,0,16,R,1.9
13,1,0.6558189,1,100,R,0.9
13,1,0.7500562,1,72,R,2.3
13,1,1.1243941,1,16,R,1.9
13,1,0.6737974,1,44,R,1.6
13,1,0.589375,1,72,R,1.3
13,1,0.6661757,1,72,R,1.4
13,1,0.6965047,1,44,R,2.3
13,1,0.5674479,1,72,R,1.1
13,1,0.9414988,0,16,R,1.8
13,1,0.6503437,1,72,R,1.4
13,1,0.7829053,1,72,R,1.8
13,1,0.8416581,1,16,R,0.9
13,1,0.5994253,1,72,R,1.6
13,1,0.706776,1,16,R,1.9
13,1,0.7176172,1,72,R,1.1
13,1,0.5734427,1,72,R,1.8
13,1,0.8086794,1,16,R,0.9
13,1,0.533473,1,72,R,1.9
13,1,0.574212,1,16,R,1.9
13,1,0.4668489,1,72,R,1.4
13,1,1.1026489,1,44,R,1.9
13,1,0.5670506,1,72,R,1.1
13,1,0.6947793,1,100,R,2.3
13,1,0.5728044,1,16,R,1.3
13,1,0.5895936,1,44,R,1.6
13,1,0.5568957,1,72,R,1.9
13,1,1.0250802,1,16,R,1.4
13,1,0.7730158,1,16,R,1.9
13,1,0.7732125,1,44,R,1.4
13,1,1.1451477,1,44,R,2.1
13,1,0.5561113,1,44,R,1.8
13,1,0.9071311,1,16,R,1.9
13,1,0.5510735,1,72,R,1.3
13,1,0.7083104,1,16,R,1.6
13,1,0.6007277,1,72,R,1.9
13,1,0.5957978,1,44,R,2.1
13,1,0.7746423,1,16,R,1.9
13,1,0.9922862,0,16,R,1.9
13,1,0.9251717,1,16,R,2.3
13,1,0.5810805,1,44,R,1.9
13,1,0.5338995,1,72,R,1.1
13,1,1.006015,1,44,R,1.8
13,1,0.7642144,1,16,R,1.8
13,1,1.0413167,1,16,R,0.9
13,1,0.7395132,1,44,R,1.4
13,1,0.7636345,1,16,R,0.9
13,1,0.6720067,1,100,R,1.9
13,1,0.7963947,1,16,R,2.1
13,1,0.5178841,1,72,R,1.1
13,1,0.5789245,1,44,R,2.1
13,1,0.5555308,1,100,R,1.3
13,1,0.6136497,1,44,R,1.4
13,1,0.8068759,1,16,R,2.3
13,1,0.7005886,1,100,R,1.9
13,1,0.5771318,1,100,R,1.1
13,2,0.557718,1,44,R,2.3
13,2,0.5085278,1,72,R,1.3
13,2,0.6092685,1,100,R,1.8
13,2,0.4722524,1,44,R,0.9
13,2,0.644283,1,100,R,0.9
13,2,0.5629246,1,44,R,1.6
13,2,0.563293,1,44,R,1.8
13,2,0.4999225,1,72,R,2.3
13,2,0.5024724,1,72,R,2.3
13,2,0.6219836,1,100,R,1.9
13,2,0.5001796,1,72,R,1.9
13,2,0.5598329,1,100,R,1.6
13,2,0.5506011,1,72,R,1.9
13,2,0.4387793,1,44,R,1.9
13,2,0.5836544,1,72,R,1.8
13,2,0.6672564,1,72,R,0.9
13,2,0.5364913,1,44,R,1.8
13,2,0.4894327,1,100,R,1.4
13,2,0.5566576,1,44,R,1.4
13,2,0.5233798,1,72,R,1.9
13,2,0.8070118,1,16,R,1.4
13,2,0.6562085,1,44,R,2.1
13,2,0.5614077,1,44,R,1.1
13,2,0.8769655,1,100,R,1.8
13,2,0.4896125,1,100,R,1.4
13,2,1.1920372,1,16,R,2.3
13,2,0.5224113,1,100,R,1.9
13,2,0.4904641,1,44,R,1.6
13,2,0.5243767,1,72,R,1.3
13,2,0.7398726,1,16,R,2.1
13,2,0.8571701,1,16,R,2.1
13,2,0.6166537,1,72,R,1.4
13,2,0.6610787,1,100,R,1.9
13,2,0.4838581,1,72,R,2.3
13,2,0.5733498,1,44,R,0.9
13,2,0.6553999,1,72,R,2.3
13,2,0.9292636,1,16,R,1.4
13,2,1.2819426,1,16,R,1.8
13,2,0.4921985,1,16,R,1.3
13,2,0.4838138,1,72,R,2.3
13,2,0.5549472,1,44,R,0.9
13,2,0.4889329,1,72,R,1.6
13,2,0.3839963,1,72,R,1.3
13,2,0.5212557,1,44,R,1.1
13,2,0.8791281,1,16,R,1.9
13,2,0.6106034,1,100,R,1.4
13,2,0.4554146,1,100,R,0.9
13,2,0.6224369,1,44,R,1.4
13,2,0.4860653,1,44,R,1.3
13,2,0.5158027,1,72,R,1.6
13,2,0.8247638,0,16,R,1.8
13,2,0.5064001,1,100,R,2.3
13,2,0.6954265,1,44,R,1.9
13,2,0.521737,1,44,R,2.1
13,2,0.4891034,1,72,R,1.9
13,2,0.5721989,1,44,R,1.4
13,2,0.4897703,1,72,R,1.4
13,2,0.6604632,1,100,R,1.9
13,2,0.4899923,1,100,R,1.8
13,2,0.5607439,1,100,R,0.9
13,2,0.4885385,1,44,R,0.9
13,2,0.472927,1,72,R,1.6
13,2,0.550316,1,72,R,1.1
13,2,0.5003251,1,72,R,1.4
13,2,0.6570684,1,44,R,0.9
13,2,0.4724261,1,72,R,1.3
13,2,0.6104726,1,100,R,2.3
13,2,0.8628084,1,44,R,1.6
13,2,0.9667742,1,72,R,1.4
13,2,0.6842566,1,72,R,1.1
13,2,0.8239118,0,16,R,1.9
13,2,0.4387072,1,100,R,2.1
13,2,0.4775021,1,100,R,1.8
13,2,1.1083822,0,16,R,1.1
13,2,0.9229654,1,16,R,1.9
13,2,0.4666814,1,72,R,2.1
13,2,0.6012587,1,72,R,1.6
13,2,0.5907707,1,72,R,2.1
13,2,0.5057375,1,100,R,1.1
13,2,0.80822,0,16,R,1.4
13,2,1.0070299,1,16,R,1.1
13,2,0.6331615,1,72,R,2.3
13,2,0.5448588,1,44,R,1.6
13,2,0.5345237,1,72,R,2.1
13,3,0.7322067,1,16,R,2.1
13,3,0.6434191,1,100,R,2.3
13,3,0.5127353,1,44,R,1.9
13,3,0.6169657,1,100,R,1.6
13,3,0.706297,1,44,R,1.4
13,3,0.5122036,1,100,R,1.3
13,3,0.8251524,1,16,R,1.3
13,3,0.9748354,0,16,R,1.8
13,3,0.5344455,1,72,R,2.3
13,3,0.5560807,1,16,R,1.8
13,3,0.7082223,1,16,R,2.3
13,3,0.7079197,0,16,R,1.8
13,3,0.9897954,1,16,R,1.9
13,3,0.4663781,1,72,R,2.1
13,3,0.495127,1,44,R,1.9
13,3,0.467083,1,72,R,0.9
13,3,0.9571326,0,16,R,2.3
13,3,0.5166777,1,72,R,1.1
13,3,0.616843,1,72,R,1.4
13,3,0.5010341,1,72,R,1.4
13,3,0.4546403,1,44,R,1.9
13,3,0.551486,1,72,R,1.8
13,3,0.516538,1,72,R,1.1
13,3,0.48601,1,72,R,1.8
13,3,0.4450686,1,44,R,1.6
13,3,0.366355,1,72,R,0.9
13,3,0.4628661,1,44,R,1.1
13,3,0.4052208,1,100,R,1.8
13,3,0.5774547,1,100,R,0.9
13,3,0.524069,1,16,R,2.3
13,3,0.5230152,1,44,R,1.8
13,3,0.5574843,1,72,R,1.1
13,3,0.5004112,1,72,R,0.9
13,3,0.4798983,1,44,R,0.9
13,3,0.5066348,1,44,R,1.9
13,3,0.5052121,1,100,R,1.9
13,3,0.8918532,0,16,R,1.1
13,3,0.6795474,1,44,R,1.6
13,3,0.4955736,1,100,R,1.8
13,3,0.5392775,1,44,R,2.1
13,3,0.4643345,1,44,R,2.1
13,3,0.6005355,1,100,R,0.9
13,3,0.7339203,1,72,R,2.1
13,3,0.4214967,1,100,R,1.6
13,3,0.5168134,1,72,R,1.9
13,3,0.5066551,1,100,R,1.6
13,3,0.5054186,1,44,R,1.3
13,3,0.6007333,1,100,R,1.3
13,3,0.7748595,1,16,R,1.9
13,3,0.390466,0,16,R,1.8
13,3,0.5784129,1,44,R,0.9
13,3,0.566868,1,72,R,1.8
13,3,0.4880053,1,44,R,2.3
13,3,0.9246814,1,16,R,2.3
13,3,0.7247115,1,16,R,2.1
13,3,0.6090782,1,100,R,1.9
13,3,0.645856,1,44,R,1.8
13,3,0.6641401,0,44,R,1.9
13,3,0.5745048,1,16,R,1.8
13,3,0.5573892,1,16,R,0.9
13,3,0.5572336,1,16,R,2.3
13,3,0.4739629,1,16,R,2.3
13,3,0.7760144,0,16,R,1.6
13,3,0.8083234,1,16,R,1.1
13,3,0.5887504,1,100,R,2.3
13,3,0.5388966,1,44,R,1.8
13,3,1.39612,0,44,R,1.1
13,3,0.6152973,1,72,R,2.1
13,3,0.5953834,1,44,R,2.3
13,3,0.4509483,1,72,R,1.4
13,3,0.4902288,1,16,R,1.3
13,3,0.4880646,1,100,R,0.9
13,3,0.4057709,1,44,R,1.6
13,3,0.6127747,0,16,R,1.8
13,3,0.522264,1,44,R,1.3
13,3,0.4840167,1,72,R,1.9
13,3,0.4246891,1,16,R,1.6
13,3,0.8252077,0,16,R,1.1
13,3,0.8287906,0,44,R,1.9
13,3,0.5407071,1,16,R,0.9
13,3,0.4559863,1,44,R,0.9
13,3,0.852058,0,44,R,0.9
13,4,0.5052045,1,100,R,1.1
13,4,0.4714087,1,100,R,2.1
13,4,0.4814302,1,16,R,1.8
13,4,0.6587301,1,100,R,1.4
13,4,0.4888662,1,44,R,1.8
13,4,0.8315583,0,16,R,1.9
13,4,0.7742595,1,16,R,2.1
13,4,0.5674195,1,100,R,1.3
13,4,1.2072015,1,16,R,0.9
13,4,0.5054173,1,44,R,2.3
13,4,0.8731632,1,16,R,1.4
13,4,0.4734234,1,44,R,1.3
13,4,0.7736085,0,16,R,2.3
13,4,0.6446934,1,100,R,2.3
13,4,0.4705152,1,100,R,1.9
13,4,0.4541546,1,100,R,1.4
13,4,0.4726081,1,100,R,1.6
13,4,0.5125822,1,44,R,1.1
13,4,0.5280332,1,44,R,2.1
13,4,0.6239237,1,16,R,1.8
13,4,0.6101416,1,100,R,1.1
13,4,0.5612728,1,100,R,1.9
13,4,0.4515114,1,72,R,2.3
13,4,0.4844413,1,72,R,2.1
13,4,0.4555508,1,44,R,2.3
13,4,1.0580076,1,72,R,0.9
13,4,0.4951368,1,44,R,2.3
13,4,0.4556908,1,100,R,1.9
13,4,0.7920063,0,16,R,1.9
13,4,0.5944785,1,100,R,2.3
13,4,0.5335265,1,72,R,1.6
13,4,0.5228116,1,44,R,1.4
13,4,0.4219578,1,100,R,1.1
13,4,1.0570887,0,16,R,2.1
13,4,0.500757,1,72,R,1.8
13,4,0.505837,1,16,R,1.8
13,4,0.6626383,1,16,R,0.9
13,4,0.4070906,1,16,R,1.6
13,4,0.5723219,1,44,R,1.9
13,4,0.4853691,1,72,R,1.6
13,4,0.4657588,1,72,R,1.4
13,4,0.6236413,1,16,R,2.1
13,4,0.5006404,1,72,R,0.9
13,4,0.5334315,1,72,R,1.6
13,4,0.9081921,1,16,R,2.1
13,4,0.5905845,1,16,R,1.8
13,4,0.5068798,1,100,R,2.3
13,4,0.5051387,1,44,R,2.3
13,4,0.5570682,1,16,R,2.3
13,4,0.6943354,1,100,R,1.4
13,4,0.6593187,0,16,R,2.3
13,4,0.606679,1,16,R,1.9
13,4,0.5944706,1,100,R,1.1
13,4,0.7904551,1,16,R,1.8
13,4,0.5400302,1,44,R,2.3
13,4,0.5571576,1,72,R,2.3
13,4,0.4550768,1,44,R,2.3
13,4,0.5419033,1,72,R,1.6
13,4,0.5037935,1,44,R,1.4
13,4,0.7815186,0,16,R,1.3
13,4,0.7299418,0,44,R,1.8
13,4,0.6794023,1,44,R,2.3
13,4,0.5392416,1,100,R,1.8
13,4,0.5558872,1,100,R,2.3
13,4,0.5386014,1,100,R,1.9
13,4,0.5402857,1,16,R,0.9
13,4,0.6467481,1,44,R,1.3
13,4,0.6606637,1,100,R,0.9
13,4,0.571592,1,100,R,1.6
13,4,0.462201,1,44,R,1.1
13,4,0.4377782,1,44,R,1.6
13,4,0.5127278,1,100,R,1.4
13,4,0.7800933,0,16,R,1.3
14,1,1.1662597,1,44,R,1.4
14,1,0.6368178,1,100,R,1.8
14,1,0.5164074,1,72,R,1.9
14,1,0.777655,1,44,R,0.9
14,1,0.9963621,0,44,R,2.3
14,1,0.7233941,0,100,R,1.9
14,1,1.0131015,1,44,R,2.3
14,1,0.5508125,1,72,R,1.8
14,1,1.1071008,1,100,R,1.6
14,1,1.1599954,1,44,R,1.8
14,1,0.660806,1,100,R,0.9
14,1,2.3204598,1,72,R,1.8
14,1,2.3089848,0,44,R,0.9
14,1,1.2906817,1,44,R,1.4
14,1,0.6486485,1,72,R,1.4
14,1,0.6985524,1,72,R,1.9
14,1,1.5919087,1,16,R,0.9
14,1,0.9418311,1,16,R,1.6
14,1,0.7390101,1,44,R,1.3
14,1,0.7071404,1,100,R,2.3
14,1,0.8825466,1,72,R,1.9
14,1,0.5727754,1,100,R,1.3
14,1,0.7991627,1,72,R,1.8
14,1,1.6678573,1,100,R,2.3
14,1,0.7954081,1,44,R,1.8
14,1,0.6755371,1,16,R,2.1
14,1,0.4455555,1,44,R,2.3
14,1,0.7245538,1,100,R,1.3
14,1,0.7451631,1,44,R,1.1
14,1,1.1290221,1,100,R,1.3
14,1,0.8947144,1,44,R,2.1
14,1,0.6627978,1,44,R,2.3
14,1,0.6765414,0,16,R,2.3
14,1,0.8731676,1,16,R,2.3
14,1,0.6282775,1,100,R,1.6
14,1,0.5911363,1,44,R,1.3
14,1,0.9511548,1,100,R,1.6
14,1,0.5055722,1,100,R,2.3
14,1,0.5730911,1,16,R,1.3
14,1,0.749911,1,72,R,2.3
14,1,1.2577923,1,16,R,1.8
14,1,2.2881325,0,72,R,1.8
14,1,1.9691954,1,72,R,1.4
14,1,0.779509,1,44,R,1.6
14,1,0.5938351,1,100,R,2.1
14,1,1.8893996,1,100,R,1.4
14,1,0.7282759,1,44,R,1.8
14,1,0.4673027,1,72,R,2.3
14,1,0.8105602,1,100,R,2.3
14,1,1.3907403,1,16,R,1.3
14,1,0.6503014,1,72,R,0.9
14,1,1.0911699,0,16,R,0.9
14,1,0.773612,1,16,R,1.4
14,1,0.6823792,1,100,R,1.8
14,1,0.4890897,1,100,R,2.1
14,1,1.1075785,1,44,R,1.9
14,1,0.6801861,1,16,R,1.1
14,1,1.452652,0,72,R,1.8
14,1,0.6308222,1,72,R,1.8
14,1,1.1585449,1,16,R,2.3
14,1,0.5907431,1,16,R,1.9
14,1,0.5792769,1,44,R,0.9
14,1,0.8903466,1,16,R,1.4
14,1,1.0080644,1,16,R,0.9
14,1,0.7841048,1,72,R,0.9
14,1,0.4874616,1,100,R,2.3
14,1,0.5687307,1,72,R,1.8
14,1,1.4403154,1,44,R,2.1
14,1,0.6803926,1,44,R,1.6
14,1,0.4233987,1,100,R,1.4
14,1,0.9614858,1,100,R,1.3
14,1,0.6276749,1,100,R,2.1
14,1,1.8930104,0,16,R,2.1
14,1,0.7804674,1,44,R,1.8
14,1,0.5678576,1,72,R,1.3
14,1,0.8503904,1,72,R,0.9
14,1,1.1045403,1,44,R,1.1
14,1,0.7840614,1,72,R,2.1
14,2,0.7213339,1,44,R,0.9
14,2,1.5077713,1,16,R,1.9
14,2,0.5290211,1,100,R,0.9
14,2,0.6172678,1,72,R,1.9
14,2,1.4895891,1,44,R,1.9
14,2,0.8293654,1,44,R,1.9
14,2,1.0908762,1,16,R,1.8
14,2,1.2068891,1,44,R,1.9
14,2,0.8051019,1,100,R,0.9
14,2,0.6119973,1,44,R,2.3
14,2,0.8737581,1,16,R,1.9
14,2,0.6619413,1,100,R,0.9
14,2,1.5601089,0,16,R,1.3
14,2,1.9069107,1,16,R,1.3
14,2,0.8793307,1,44,R,2.1
14,2,0.790656,1,16,R,1.1
14,2,0.6050093,1,100,R,2.3
14,2,0.5062583,1,100,R,1.8
14,2,0.6725125,1,44,R,1.9
14,2,0.5627464,1,100,R,1.1
14,2,0.8747799,0,16,R,1.9
14,2,0.5211804,1,100,R,0.9
14,2,0.5495217,1,72,R,2.3
14,2,1.0425413,1,16,R,1.4
14,2,0.6895144,1,16,R,1.4
14,2,0.6407761,1,16,R,1.9
14,2,0.5786484,1,100,R,1.6
14,2,2.023828,1,44,R,1.6
14,2,0.640619,1,16,R,2.1
14,2,1.4244765,1,16,R,1.3
14,2,0.7910036,1,44,R,1.8
14,2,0.5124512,1,100,R,1.6
14,2,1.6249691,0,16,R,1.9
14,2,0.8223883,1,44,R,1.1
14,2,1.8791274,1,44,R,1.3
14,2,0.8562167,1,16,R,1.3
14,2,0.7667383,1,72,R,2.3
14,2,0.6792289,1,16,R,2.1
14,2,1.3244693,0,16,R,1.6
14,2,0.550086,1,72,R,1.3
14,2,0.9065461,1,44,R,1.4
14,2,0.7308431,1,44,R,1.8
14,2,0.7076561,1,16,R,1.3
14,2,0.7406086,1,44,R,1.9
14,2,1.9932413,1,72,R,1.9
14,2,0.6905266,1,16,R,1.4
14,2,0.7944331,1,100,R,1.4
14,2,0.7624245,1,44,R,0.9
14,2,0.8412522,1,72,R,1.1
14,2,1.2112758,1,44,R,1.6
14,2,0.733327,1,72,R,2.1
14,2,1.6597927,0,16,R,1.4
14,2,2.0212773,1,44,R,1.9
14,2,0.6558814,1,100,R,1.3
14,2,1.342768,0,16,R,1.9
14,2,1.0582623,1,16,R,1.9
14,2,1.024019,1,16,R,1.6
14,2,0.6164715,1,72,R,1.3
14,2,0.6953256,1,44,R,1.8
14,2,0.8086799,1,16,R,1.9
14,2,1.3900711,1,100,R,1.6
14,2,0.6913456,1,16,R,0.9
14,2,0.6384669,1,44,R,1.4
14,2,1.3654248,0,16,R,1.4
14,2,0.5172632,1,72,R,1.1
14,2,1.3421461,1,16,R,1.4
14,2,0.6052226,1,44,R,2.1
14,2,0.7797698,0,16,R,2.1
14,2,1.6080582,1,16,R,1.9
14,2,0.752584,1,44,R,2.1
14,2,0.7113782,1,100,R,2.3
14,2,1.4255564,0,16,R,2.3
14,2,0.6738742,1,16,R,1.3
14,2,0.9325229,0,44,R,1.8
14,2,0.6290385,1,44,R,1.3
14,3,0.9073092,0,16,R,2.1
14,3,0.5893122,1,72,R,1.4
14,3,0.742385,1,16,R,1.3
14,3,0.6746855,1,16,R,1.4
14,3,0.8237362,1,16,R,1.1
14,3,0.5671537,1,72,R,1.8
14,3,0.739728,1,72,R,1.1
14,3,0.6243937,1,16,R,1.4
14,3,0.7579438,0,16,R,0.9
14,3,2.2099966,0,16,R,1.3
14,3,1.509203,1,16,R,1.4
14,3,0.6834937,1,72,R,1.1
14,3,0.7447907,1,100,R,1.4
14,3,1.0916419,1,16,R,1.1
14,3,0.6504396,1,72,R,1.9
14,3,0.7350531,1,72,R,2.3
14,3,0.8782225,1,100,R,2.1
14,3,0.6065571,1,44,R,1.6
14,3,0.6164362,1,72,R,1.6
14,3,0.5394505,1,100,R,1.3
14,3,1.041903,1,16,R,1.8
14,3,0.847481,1,44,R,1.8
14,3,0.5659244,1,72,R,1.9
14,3,0.6222658,1,16,R,1.6
14,3,0.9061358,1,100,R,1.4
14,3,0.6997213,1,72,R,1.4
14,3,0.8406307,1,44,R,2.3
14,3,0.5551689,1,100,R,1.3
14,3,0.6606093,1,100,R,2.3
14,3,0.4844645,1,72,R,1.6
14,3,0.5435035,1,100,R,1.4
14,3,0.5404328,1,100,R,1.9
14,3,0.7814646,1,16,R,1.1
14,3,0.6762034,1,100,R,1.6
14,3,0.6442245,1,100,R,1.4
14,3,0.5051568,1,100,R,2.1
14,3,0.7913458,1,16,R,1.1
14,3,1.0049069,1,100,R,1.8
14,3,0.6341418,1,72,R,0.9
14,3,0.4818923,1,72,R,0.9
14,3,0.7893119,1,100,R,1.9
14,3,0.5172369,1,72,R,1.3
14,3,0.6438519,1,100,R,1.3
14,3,0.6433836,1,100,R,1.9
14,3,0.6573099,1,16,R,1.8
14,3,1.4739063,1,16,R,1.4
14,3,0.5064736,1,100,R,0.9
14,3,0.7175405,1,72,R,1.3
14,3,0.6217137,1,44,R,1.1
14,3,0.7441325,1,100,R,1.4
14,3,0.8051135,1,100,R,1.4
14,3,0.5941655,1,100,R,2.1
14,3,1.1426109,1,16,R,1.1
14,3,0.5127751,1,44,R,1.4
14,3,0.5554165,1,100,R,1.8
14,3,0.7267457,1,100,R,1.3
14,3,2.3243477,0,16,R,2.1
14,3,0.5340372,1,72,R,1.3
14,3,0.6514415,1,72,R,1.8
14,3,0.5334515,1,72,R,2.1
14,3,0.9430775,1,16,R,1.3
14,3,0.4684786,1,72,R,1.3
14,3,1.0395653,1,100,R,1.1
14,3,0.688419,1,44,R,2.3
14,3,1.9573802,1,100,R,1.9
14,3,0.6169328,1,72,R,1.9
14,3,1.2279689,1,100,R,1.6
14,3,0.539948,1,72,R,2.1
14,4,0.5766801,1,100,R,1.4
14,4,0.9591416,1,16,R,2.1
14,4,0.611221,1,100,R,1.4
14,4,2.0210208,0,44,R,2.1
14,4,0.6103334,1,100,R,1.4
14,4,0.4678104,1,72,R,0.9
14,4,1.5429987,1,16,R,1.8
14,4,0.5785219,1,44,R,2.3
14,4,0.5917136,1,16,R,1.3
14,4,0.5070788,1,100,R,1.8
14,4,0.5785486,1,100,R,1.4
14,4,0.4577553,1,72,R,1.3
14,4,0.9757102,1,16,R,1.9
14,4,1.0602362,1,16,R,1.8
14,4,0.8301484,1,16,R,1.1
14,4,0.565849,1,72,R,1.6
14,4,0.542599,1,100,R,2.1
14,4,0.6917724,1,16,R,2.1
14,4,0.8080022,1,16,R,1.4
14,4,1.5682244,1,72,R,0.9
14,4,2.0801677,1,44,R,1.4
14,4,1.4510323,1,72,R,0.9
14,4,0.5034389,1,100,R,2.3
14,4,1.7938511,1,16,R,0.9
14,4,0.5766328,1,100,R,1.9
14,4,0.6399088,1,16,R,1.9
14,4,0.5855784,1,72,R,2.1
14,4,0.4931951,1,100,R,1.3
14,4,0.7238533,1,16,R,1.9
14,4,0.7321254,1,72,R,1.4
14,4,0.5339827,1,72,R,1.6
14,4,0.5501242,1,72,R,1.9
14,4,0.6411859,1,16,R,1.6
14,4,0.775159,0,16,R,1.1
14,4,0.4322468,1,72,R,1.4
14,4,0.5734775,1,16,R,1.8
14,4,0.5344773,1,72,R,1.8
14,4,0.5398813,1,16,R,1.1
14,4,0.4662943,1,72,R,2.1
14,4,2.1080435,1,100,R,1.6
14,4,2.0972762,0,44,R,1.3
14,4,0.4943179,1,100,R,1.1
14,4,0.815353,1,16,R,1.1
14,4,0.4843209,1,72,R,2.3
14,4,0.858861,1,16,R,1.8
14,4,0.5791983,1,44,R,1.6
14,4,0.6605875,1,100,R,2.3
14,4,0.6348508,1,44,R,1.3
14,4,0.8745978,1,16,R,1.4
14,4,1.151201,1,44,R,1.1
14,4,1.1860079,0,16,R,0.9
14,4,0.7571258,1,16,R,1.9
14,4,0.5912089,1,16,R,2.3
14,4,0.5127142,1,44,R,1.4
14,4,0.7997519,1,72,R,1.3
14,4,0.4494035,1,72,R,2.3
14,4,0.5412831,1,44,R,2.3
14,4,0.4899325,1,72,R,1.9
14,4,0.8308544,1,44,R,2.3
14,4,0.5679581,1,72,R,1.8
14,4,0.5281651,1,100,R,1.1
14,4,0.7080758,0,16,R,1.1
14,4,0.6409952,1,16,R,1.3
14,4,1.3065377,0,100,R,1.3
14,4,0.9731121,1,16,R,1.3
14,4,0.3836159,1,72,R,1.6
14,4,1.0292339,0,44,R,0.9
14,4,0.5616603,1,44,R,1.1
14,4,0.4950084,1,44,R,1.1
14,4,1.495857,0,44,R,0.9
14,4,0.7266327,1,100,R,2.1
14,4,1.6755274,1,16,R,1.6
14,4,0.5223546,1,100,R,1.8
14,4,0.5269911,1,100,R,0.9
14,4,0.9575228,1,44,R,1.4
14,4,0.6118781,1,100,R,1.3
14,4,0.5278691,1,44,R,1.3
15,1,0.2129056,1,100,R,1.9
15,1,0.4003611,1,16,R,2.3
15,1,0.4568404,1,44,R,2.3
15,1,0.3046039,1,100,R,2.3
15,1,0.3942951,1,100,R,2.1
15,1,0.3325922,1,72,R,1.9
15,1,0.285096,1,72,R,1.1
15,1,0.3377922,1,100,R,1.9
15,1,0.4401192,1,44,R,2.3
15,1,0.4257514,1,72,R,1.3
15,1,0.4485158,0,16,R,1.4
15,1,0.3727568,1,44,R,2.1
15,1,0.4803464,1,44,R,2.3
15,1,0.3517528,1,72,R,1.8
15,1,0.3786338,1,100,R,1.9
15,1,0.4408013,1,44,R,1.3
15,1,0.4292757,1,44,R,1.3
15,1,0.439529,1,44,R,1.9
15,1,0.445911,1,44,R,1.6
15,1,0.3911174,1,72,R,1.3
15,1,0.4619321,1,44,R,2.1
15,1,0.3486676,1,72,R,1.4
15,1,0.4087047,1,16,R,2.3
15,1,0.4069975,1,44,R,1.3
15,1,0.3967384,1,16,R,0.9
15,1,0.4259641,1,100,R,1.9
15,1,0.2991638,1,72,R,0.9
15,1,0.4909281,0,16,R,0.9
15,1,0.4577556,1,16,R,1.3
15,1,0.5262872,1,100,R,1.4
15,1,0.4394927,1,16,R,1.4
15,1,0.3713907,1,100,R,0.9
15,1,0.6259256,0,16,R,2.3
15,1,0.3571147,1,16,R,2.3
15,1,0.3758385,1,16,R,1.6
15,1,0.4001498,1,72,R,0.9
15,1,0.4463988,0,44,R,0.9
15,1,0.5416885,1,100,R,1.9
15,1,0.3666821,1,72,R,2.3
15,1,0.4102012,1,100,R,1.4
15,1,0.4405322,1,16,R,0.9
15,1,0.354764,1,100,R,2.3
15,1,0.3903181,1,16,R,1.1
15,1,0.428693,0,44,R,1.9
15,1,0.3389799,1,44,R,2.1
15,1,0.6023583,1,100,R,1.4
15,1,0.3613082,1,44,R,1.3
15,1,0.3502955,1,72,R,1.3
15,1,0.3406802,1,16,R,1.8
15,1,0.3949631,1,44,R,1.8
15,1,0.3330671,1,72,R,1.8
15,1,0.4436421,1,16,R,2.3
15,1,0.3063643,1,44,R,1.1
15,1,0.2836582,1,72,R,2.1
15,1,0.3780134,1,100,R,1.1
15,1,0.429575,1,44,R,1.8
15,1,0.3307294,1,44,R,1.6
15,1,0.2726038,1,72,R,1.1
15,1,0.3444463,1,72,R,1.1
15,1,0.4152935,0,16,R,1.4
15,1,0.4274401,1,100,R,1.3
15,1,0.5385824,1,16,R,1.8
15,1,0.4411054,1,16,R,2.3
15,1,0.4616982,1,44,R,2.1
15,1,0.3171109,1,72,R,2.1
15,1,0.290077,1,100,R,2.3
15,1,0.3968469,1,44,R,1.3
15,1,0.3227929,1,100,R,1.6
15,1,0.2608123,1,72,R,1.6
15,1,0.2950911,1,100,R,1.4
15,2,0.3776453,1,16,R,2.1
15,2,0.2043132,1,72,R,1.8
15,2,0.3249428,1,16,R,1.1
15,2,0.3574145,1,16,R,2.3
15,2,0.3240776,1,44,R,2.3
15,2,0.2770419,1,72,R,2.3
15,2,0.2342674,1,72,R,1.6
15,2,0.2500488,1,72,R,1.6
15,2,0.293593,1,44,R,1.6
15,2,0.3050276,1,44,R,1.8
15,2,0.3073335,1,72,R,1.8
15,2,0.3280876,1,44,R,1.8
15,2,0.3381337,1,44,R,1.4
15,2,0.2591875,1,44,R,2.1
15,2,0.3412013,1,16,R,1.3
15,2,0.3616298,1,44,R,1.4
15,2,0.3269681,1,100,R,1.1
15,2,0.3334302,1,72,R,1.3
15,2,0.3246217,1,16,R,1.8
15,2,0.3400861,1,16,R,1.3
15,2,0.3231501,1,44,R,2.3
15,2,0.3370114,1,44,R,1.1
15,2,0.2136396,1,72,R,1.6
15,2,0.2649282,1,72,R,1.3
15,2,0.2342257,1,72,R,2.1
15,2,0.217404,1,100,R,1.1
15,2,0.2433812,1,44,R,1.6
15,2,0.3998868,1,100,R,1.8
15,2,0.3093466,1,100,R,1.6
15,2,0.2098738,1,72,R,1.6
15,2,0.320785,1,44,R,2.1
15,2,0.434027,1,100,R,1.4
15,2,0.3838771,1,100,R,0.9
15,2,0.2361793,1,72,R,1.6
15,2,0.2965181,1,72,R,1.1
15,2,0.4102014,1,100,R,1.3
15,2,0.23688,1,100,R,0.9
15,2,0.4211115,1,16,R,2.3
15,2,0.3771266,1,100,R,1.9
15,2,0.3101808,1,100,R,1.6
15,2,0.1985462,1,100,R,1.1
15,2,0.3196026,1,44,R,1.8
15,2,0.3082091,1,16,R,2.3
15,2,0.387074,1,44,R,1.9
15,2,0.2678906,1,100,R,2.1
15,2,0.2540134,1,72,R,2.3
15,2,0.3274649,1,100,R,1.1
15,2,0.2344795,1,72,R,1.1
15,2,0.2390136,1,72,R,1.1
15,2,0.2902389,1,72,R,1.1
15,2,0.3279327,1,44,R,2.1
15,2,0.3824802,1,72,R,2.1
15,2,0.322866,1,72,R,1.6
15,2,0.245856,1,72,R,1.1
15,2,0.3560078,1,44,R,1.8
15,2,0.3402118,1,72,R,1.1
15,2,0.28835,1,100,R,1.4
15,2,0.2649507,1,72,R,0.9
15,2,0.428708,1,100,R,0.9
15,2,0.2613965,1,16,R,1.6
15,2,0.2966325,1,72,R,1.8
15,2,0.1847858,1,100,R,2.3
15,2,0.4686943,0,16,R,1.9
15,2,0.3302373,1,44,R,1.6
15,2,0.2974466,1,16,R,1.6
15,2,0.2990412,1,72,R,0.9
15,2,0.3066478,1,16,R,2.1
15,2,0.3332498,1,100,R,2.3
15,2,0.3788516,1,100,R,1.1
15,2,0.3332554,1,72,R,1.8
15,3,0.7904769,0,100,R,0.9
15,3,0.3224201,1,16,R,1.9
15,3,0.242354,1,72,R,1.6
15,3,0.3746443,1,16,R,1.4
15,3,0.3766576,1,100,R,1.6
15,3,0.2060336,1,100,R,1.9
15,3,0.3015121,1,72,R,1.8
15,3,0.2411001,1,72,R,2.1
15,3,0.3602528,1,100,R,1.1
15,3,0.3398873,1,16,R,1.8
15,3,0.2536143,1,100,R,1.9
15,3,0.3218845,1,44,R,1.3
15,3,0.2283966,1,72,R,2.1
15,3,0.2886605,1,72,R,1.8
15,3,0.2912693,1,16,R,1.6
15,3,0.2509408,1,44,R,1.6
15,3,0.2429722,1,72,R,0.9
15,3,0.3240902,1,16,R,2.3
15,3,0.4076043,1,16,R,2.3
15,3,0.306504,1,44,R,1.8
15,3,0.3229047,1,16,R,1.6
15,3,0.3237778,1,72,R,1.8
15,3,0.3403385,1,16,R,1.4
15,3,0.3227715,1,16,R,1.1
15,3,0.2957258,1,44,R,0.9
15,3,0.3407036,1,16,R,1.9
15,3,0.32741,1,44,R,0.9
15,3,0.2951272,1,44,R,1.9
15,3,0.3230171,1,72,R,1.4
15,3,0.3934102,1,100,R,2.3
15,3,0.3668524,1,100,R,2.1
15,3,0.2030253,1,100,R,1.1
15,3,0.2332362,1,100,R,2.3
15,3,0.2092965,1,100,R,1.9
15,3,0.3139991,1,16,R,1.4
15,3,0.2638726,1,72,R,1.6
15,3,0.2949525,1,44,R,1.6
15,3,0.3440919,1,100,R,1.6
15,3,0.1979352,1,100,R,0.9
15,3,0.2892709,1,72,R,1.9
15,3,0.3079777,0,16,R,2.1
15,3,0.3073681,1,16,R,1.1
15,3,0.1945783,1,100,R,1.3
15,3,0.3339798,1,16,R,2.3
15,3,0.3078949,1,16,R,1.9
15,3,0.2130221,1,72,R,1.1
15,3,0.2165545,1,72,R,1.3
15,3,0.3935373,1,100,R,0.9
15,3,0.3064399,1,16,R,1.4
15,3,0.3231175,1,44,R,0.9
15,3,0.3398989,1,16,R,2.1
15,3,0.2832412,1,72,R,2.3
15,3,0.3789135,0,44,R,0.9
15,3,0.2314717,1,72,R,1.6
15,3,0.308856,1,16,R,2.1
15,3,0.344815,1,100,R,1.3
15,3,0.324568,0,16,R,1.8
15,3,0.4002033,0,44,R,0.9
15,3,0.2269792,1,72,R,1.1
15,3,0.1939398,1,100,R,2.1
15,3,0.2254179,1,100,R,1.8
15,3,0.2174767,1,100,R,1.8
15,3,0.4278762,1,100,R,0.9
15,3,0.3076292,1,16,R,1.1
15,3,0.3296377,1,44,R,1.8
15,3,0.379631,0,16,R,1.1
15,3,0.3937089,0,44,R,0.9
15,3,0.3551004,1,16,R,1.3
15,3,0.3289993,1,44,R,1.8
15,3,0.3434106,1,100,R,0.9
15,3,0.2757218,1,44,R,2.1
15,3,0.3583507,1,16,R,0.9
15,3,0.2539173,1,100,R,2.3
15,3,0.340476,1,72,R,1.9
15,3,0.4078583,0,16,R,1.1
15,3,0.3949452,0,44,R,2.3
15,3,0.3126823,1,44,R,2.3
15,3,0.3505375,0,44,R,1.9
15,3,0.3237909,1,16,R,1.3
15,4,0.1738946,1,44,R,1.3
15,4,0.1474632,1,72,R,1.6
15,4,0.1930204,1,72,R,1.8
15,4,0.2646424,1,44,R,1.3
15,4,0.2765303,1,72,R,0.9
15,4,0.2446468,1,44,R,2.1
15,4,0.2036014,1,72,R,1.1
15,4,0.359842,1,100,R,2.1
15,4,0.3076044,1,16,R,2.3
15,4,0.3003988,1,72,R,1.3
15,4,0.3411412,1,16,R,1.6
15,4,0.3571259,1,16,R,1.3
15,4,0.2483546,1,72,R,2.1
15,4,0.2531302,1,72,R,0.9
15,4,0.4576858,0,16,R,1.4
15,4,0.3109953,1,44,R,1.4
15,4,0.3741734,1,16,R,0.9
15,4,0.2736845,1,44,R,1.6
15,4,0.3071049,1,16,R,1.8
15,4,0.3287064,0,44,R,1.3
15,4,0.3000281,1,72,R,1.4
15,4,0.357443,1,16,R,2.1
15,4,0.3285737,1,44,R,2.1
15,4,0.2592571,1,72,R,0.9
15,4,0.3610554,1,44,R,1.3
15,4,0.2753496,1,72,R,1.8
15,4,0.339635,1,44,R,1.6
15,4,0.4579903,1,16,R,1.9
15,4,0.3737993,1,16,R,1.4
15,4,0.3237577,1,16,R,0.9
15,4,0.2316358,1,72,R,1.9
15,4,0.2955991,1,44,R,1.8
15,4,0.2271269,1,100,R,1.4
15,4,0.2640615,1,44,R,1.1
15,4,0.3072975,1,16,R,0.9
15,4,0.2042628,1,100,R,0.9
15,4,0.3052356,1,16,R,1.6
15,4,0.3569563,1,16,R,1.9
15,4,0.2621392,1,100,R,2.3
15,4,0.284794,1,72,R,2.1
15,4,0.3963388,1,100,R,2.3
15,4,0.2759596,1,44,R,1.3
15,4,0.338623,1,16,R,1.6
15,4,0.3292124,1,44,R,1.8
15,4,0.3942817,1,100,R,1.1
15,4,0.3111642,0,44,R,1.4
15,4,0.3161305,1,44,R,1.6
15,4,0.253846,1,16,R,1.9
15,4,0.2530139,1,72,R,2.1
15,4,0.2569334,1,16,R,1.9
15,4,0.3499422,1,44,R,1.6
15,4,0.4219214,0,44,R,1.6
15,4,0.1972221,1,72,R,1.8
15,4,0.3269449,1,44,R,1.6
15,4,0.1819277,1,100,R,2.3
15,4,0.3234344,1,16,R,1.1
15,4,0.2428715,1,44,R,1.1
15,4,0.3731365,1,44,R,1.6
15,4,0.2117193,1,100,R,1.4
15,4,0.3442372,1,100,R,1.8
15,4,0.2460278,1,72,R,1.9
15,4,0.1939228,1,100,R,1.8
15,4,0.1822089,1,100,R,2.3
15,4,0.1828294,1,72,R,1.8
15,4,0.2241098,1,44,R,2.3
15,4,0.3752533,1,100,R,1.1
15,4,0.3905729,1,16,R,1.9
15,4,0.3771194,1,100,R,1.4
15,4,0.2484498,1,44,R,1.1
15,4,0.2018264,1,44,R,1.8
15,4,0.2637453,1,16,R,1.3
15,4,0.3092456,1,44,R,1.6
15,4,0.3006298,1,72,R,2.3
15,4,0.2659472,1,44,R,2.3
15,4,0.3719007,1,16,R,1.3
15,4,0.3501291,1,72,R,1.9
15,4,0.2970844,1,44,R,1.3
16,1,0.5918588,1,100,R,1.6
16,1,0.4450225,1,44,R,2.1
16,1,0.7408186,1,44,R,1.3
16,1,1.3805559,1,16,R,0.9
16,1,0.7436397,1,100,R,1.9
16,1,0.5411575,1,16,R,1.3
16,1,0.4233126,1,16,R,2.1
16,1,0.4336601,1,72,R,1.3
16,1,0.553903,1,100,R,1.6
16,1,0.5109796,1,100,R,1.9
16,1,0.5914709,1,16,R,1.6
16,1,0.4471609,1,44,R,2.3
16,1,0.5230456,1,100,R,1.3
16,1,0.5948535,1,44,R,2.1
16,1,0.5442322,1,100,R,1.6
16,1,0.4395215,1,100,R,2.3
16,1,0.4225262,1,100,R,2.3
16,1,0.7235652,1,16,R,0.9
16,1,0.6226959,1,44,R,0.9
16,1,0.5566847,1,72,R,1.4
16,1,0.6336653,1,72,R,1.8
16,1,0.6640146,1,44,R,1.4
16,1,1.3251449,1,16,R,1.9
16,1,1.3591187,1,16,R,1.6
16,1,0.7064256,1,16,R,1.9
16,1,0.5947443,1,100,R,1.8
16,1,1.1485519,0,16,R,0.9
16,1,0.4547473,1,100,R,1.1
16,1,1.709263,1,16,R,1.8
16,1,0.5020033,1,100,R,1.8
16,1,0.7339482,1,72,R,1.4
16,1,0.5212112,1,44,R,1.6
16,1,0.4573833,1,72,R,1.6
16,1,0.4896845,1,100,R,1.1
16,1,0.7992096,1,72,R,1.9
16,1,0.67375,1,16,R,2.3
16,1,1.3571316,1,44,R,1.9
16,1,0.6561142,1,44,R,1.1
16,1,1.0228005,1,44,R,0.9
16,1,0.694959,1,100,R,1.8
16,1,0.4883662,1,100,R,1.3
16,1,0.6169929,1,72,R,1.4
16,1,0.663527,1,44,R,1.3
16,1,0.7952406,1,44,R,1.1
16,1,0.3614985,1,100,R,1.1
16,1,1.0923118,1,100,R,1.4
16,1,0.592353,1,100,R,1.8
16,1,0.9295641,0,44,R,1.4
16,1,0.6055273,1,16,R,1.4
16,1,0.5514092,1,72,R,1.1
16,1,0.7231394,1,44,R,2.3
16,1,0.5734023,1,72,R,1.8
16,1,0.3459319,1,44,R,1.8
16,1,0.6456702,1,44,R,1.4
16,1,0.5881962,1,44,R,1.4
16,1,0.5739869,1,16,R,2.3
16,1,0.9837849,1,72,R,1.4
16,1,0.4504012,1,72,R,1.1
16,1,0.4389828,1,100,R,1.3
16,1,0.5789666,1,44,R,1.3
16,1,1.3763091,1,16,R,1.3
16,1,0.7843463,1,72,R,2.3
16,1,0.6934985,1,100,R,0.9
16,1,0.5726149,1,100,R,1.4
16,1,1.6411694,1,16,R,1.1
16,1,0.455115,1,44,R,1.9
16,1,0.5773191,1,100,R,1.1
16,2,1.0821529,1,16,R,2.3
16,2,0.6444011,1,44,R,1.1
16,2,0.6059268,1,72,R,1.6
16,2,0.4889826,1,44,R,1.6
16,2,0.8695067,1,44,R,1.3
16,2,1.198874,1,16,R,1.6
16,2,0.523415,1,100,R,1.3
16,2,1.0250722,0,16,R,1.1
16,2,0.3843735,1,72,R,2.3
16,2,0.4721221,1,100,R,1.6
16,2,0.5047848,1,44,R,1.8
16,2,0.4935833,1,100,R,1.8
16,2,0.5003206,1,72,R,2.1
16,2,0.4471181,1,44,R,1.1
16,2,1.3919334,0,16,R,1.6
16,2,0.5994731,1,72,R,2.3
16,2,0.4499871,1,72,R,1.4
16,2,0.471818,1,100,R,1.1
16,2,0.6563553,1,44,R,0.9
16,2,0.5436786,1,100,R,2.1
16,2,0.5604658,1,100,R,2.3
16,2,0.4574206,1,16,R,1.8
16,2,0.4739123,1,16,R,1.6
16,2,0.7824568,1,72,R,1.9
16,2,0.8555671,1,44,R,2.1
16,2,1.7085087,1,16,R,1.6
16,2,1.0336677,1,72,R,1.4
16,2,0.5428635,1,100,R,1.6
16,2,0.6065952,1,100,R,0.9
16,2,0.3716952,1,100,R,1.4
16,2,0.383448,1,72,R,2.1
16,2,0.3723402,1,44,R,1.8
16,2,0.450869,1,100,R,0.9
16,2,0.6198879,1,44,R,1.8
16,2,0.4169032,1,72,R,1.8
16,2,0.6667955,1,72,R,1.4
16,2,0.3670649,1,72,R,1.1
16,2,0.5869036,1,44,R,2.3
16,2,0.4537427,1,44,R,1.3
16,2,1.1087157,0,16,R,1.3
16,2,0.8167255,1,72,R,0.9
16,2,0.6388048,1,44,R,1.1
16,2,0.5942847,1,100,R,1.6
16,2,0.9857812,0,72,R,1.4
16,2,0.7746867,1,16,R,1.1
16,2,0.6097817,0,16,R,1.1
16,2,0.5775941,1,100,R,2.3
16,2,0.4168207,1,72,R,1.9
16,2,0.5510839,1,100,R,1.9
16,2,0.45568,1,44,R,1.4
16,2,0.36665,1,72,R,1.6
16,2,0.5239491,0,16,R,1.3
16,2,0.5939898,1,100,R,1.1
16,2,0.5011208,1,72,R,1.9
16,2,1.8496732,0,16,R,1.4
16,2,0.6124383,1,44,R,1.3
16,2,0.48508,1,72,R,1.3
16,2,0.4055015,1,100,R,1.6
16,2,0.7413815,1,16,R,1.4
16,2,1.7512603,0,44,R,2.1
16,2,0.5130617,1,72,R,1.3
16,2,0.4321931,1,72,R,1.3
16,2,0.5502587,1,72,R,2.3
16,2,0.6571865,1,44,R,2.1
16,2,1.1790846,0,100,R,1.8
16,2,0.4879788,1,100,R,1.3
16,2,0.3552654,1,100,R,1.4
16,2,0.4013033,1,72,R,0.9
16,2,0.957642,1,16,R,1.6
16,2,1.2080631,1,16,R,2.1
16,2,0.5876185,1,100,R,1.1
16,2,0.5941348,1,100,R,2.3
16,2,0.4175293,1,72,R,0.9
16,2,0.381029,1,72,R,2.3
16,2,0.6069176,1,100,R,1.1
16,2,0.5062427,1,44,R,1.6
16,3,0.5773566,1,100,R,1.8
16,3,0.4676455,1,72,R,1.4
16,3,0.6449342,1,44,R,1.4
16,3,0.5401092,1,44,R,1.4
16,3,0.3966912,1,44,R,1.3
16,3,0.566618,1,100,R,0.9
16,3,0.5760523,1,100,R,1.9
16,3,0.9257698,0,16,R,1.1
16,3,0.6888372,0,16,R,1.8
16,3,0.5771021,1,100,R,1.4
16,3,0.4239676,1,16,R,1.3
16,3,0.4674549,1,72,R,2.1
16,3,0.3328939,1,72,R,1.8
16,3,0.4171375,1,72,R,1.6
16,3,0.5916115,1,16,R,1.1
16,3,0.6906505,0,16,R,1.8
16,3,0.6754143,1,16,R,1.3
16,3,0.5891209,1,44,R,0.9
16,3,0.4215711,1,72,R,2.1
16,3,0.7070654,1,16,R,1.6
16,3,0.4952372,1,44,R,1.9
16,3,0.9118433,1,44,R,1.3
16,3,1.1088929,1,16,R,1.1
16,3,0.4832358,1,72,R,1.8
16,3,0.394861,1,44,R,1.3
16,3,0.338865,1,100,R,1.8
16,3,0.5298926,1,44,R,1.9
16,3,0.4054644,1,100,R,1.8
16,3,0.5184158,1,44,R,1.1
16,3,0.3319567,1,72,R,1.1
16,3,1.1567368,1,44,R,2.1
16,3,0.5494156,1,72,R,2.1
16,3,0.3727787,1,44,R,1.1
16,3,0.9894686,1,44,R,0.9
16,3,0.515321,1,100,R,2.3
16,3,0.7069121,0,16,R,1.1
16,3,0.7769169,1,100,R,1.9
16,3,0.8268742,1,100,R,1.9
16,3,0.6275251,1,100,R,1.8
16,3,0.4836699,1,72,R,1.8
16,3,0.5892948,1,100,R,2.1
16,3,0.4413711,1,16,R,1.3
16,3,0.4289995,1,44,R,1.1
16,3,0.5437223,1,100,R,1.1
16,3,0.7757943,1,100,R,0.9
16,3,0.8921253,0,16,R,1.4
16,3,0.4335151,1,72,R,2.3
16,3,0.5805466,1,44,R,0.9
16,3,0.3717144,1,100,R,1.4
16,3,0.3772895,1,100,R,2.1
16,3,0.6238265,1,16,R,1.6
16,3,0.6167288,1,72,R,2.1
16,3,0.9403037,0,16,R,0.9
16,3,1.2469767,1,44,R,0.9
16,3,0.3944072,1,44,R,1.1
16,3,0.7920071,1,16,R,1.1
16,3,0.3842124,1,72,R,1.6
16,3,0.4728202,1,44,R,1.1
16,3,0.4445347,1,44,R,1.1
16,3,0.7964157,0,44,R,0.9
16,3,0.415492,1,72,R,1.8
16,3,0.5306703,1,44,R,2.3
16,3,0.4667401,1,72,R,1.3
16,3,0.4343825,1,72,R,2.3
16,3,0.7703464,1,44,R,0.9
16,3,1.7687546,1,72,R,1.1
16,3,0.5001512,1,44,R,1.6
16,3,0.6725213,1,100,R,2.1
16,3,1.046934,0,44,R,2.1
16,3,1.0732839,1,44,R,1.4
16,3,0.4442593,1,100,R,1.6
16,4,0.7901753,1,16,R,1.9
16,4,0.4937612,1,44,R,1.1
16,4,0.736634,1,44,R,1.9
16,4,0.6945353,1,44,R,1.1
16,4,1.3311006,1,16,R,2.3
16,4,0.8542753,1,44,R,2.3
16,4,0.6415603,1,100,R,1.9
16,4,0.8922365,0,16,R,1.1
16,4,0.6854447,1,100,R,1.1
16,4,0.704964,1,16,R,1.6
16,4,0.6272914,1,100,R,1.4
16,4,0.7055001,1,44,R,1.4
16,4,1.7046814,1,44,R,1.4
16,4,0.6799822,1,16,R,1.6
16,4,1.1887847,0,100,R,1.9
16,4,1.2703436,0,16,R,1.9
16,4,1.0411044,0,16,R,1.8
16,4,1.3419919,0,16,R,1.1
16,4,0.7437296,1,44,R,1.9
16,4,0.5899088,1,44,R,1.3
16,4,0.623713,1,16,R,1.9
16,4,0.6333554,1,72,R,1.4
16,4,0.5486028,1,72,R,1.8
16,4,0.6266018,1,44,R,2.1
16,4,1.2715829,1,44,R,1.4
16,4,0.6503872,1,16,R,2.3
16,4,0.5959999,1,44,R,1.8
16,4,1.6912599,0,16,R,1.3
16,4,0.6629493,1,44,R,2.1
16,4,0.7055878,1,16,R,1.8
16,4,0.7348511,1,72,R,1.8
16,4,0.9747628,1,16,R,1.1
16,4,0.5579693,1,16,R,1.8
16,4,0.4176253,1,72,R,1.4
16,4,1.1318481,1,72,R,2.1
16,4,0.957173,1,16,R,2.3
16,4,0.807263,1,16,R,2.3
16,4,0.6232444,1,100,R,2.3
16,4,0.7584649,0,16,R,1.1
16,4,0.5760444,1,44,R,1.4
16,4,0.6371805,1,100,R,2.1
16,4,0.7250554,1,100,R,2.1
16,4,0.3905687,1,100,R,1.6
16,4,0.5154756,1,44,R,1.6
16,4,0.9110915,0,16,R,2.1
16,4,1.1103865,1,16,R,1.1
16,4,0.7252966,1,44,R,1.6
16,4,1.6447719,1,16,R,2.3
16,4,0.7064256,1,100,R,1.1
16,4,0.6266207,1,100,R,1.8
16,4,0.4853597,1,72,R,2.1
16,4,0.4550976,1,16,R,2.1
16,4,0.5842208,1,72,R,1.1
16,4,1.1400127,1,16,R,0.9
16,4,0.6908116,1,16,R,0.9
16,4,1.2899145,1,44,R,1.1
16,4,0.5826384,1,100,R,1.8
16,4,0.5336876,1,72,R,0.9
16,4,0.6875633,1,100,R,1.3
16,4,0.6910882,1,16,R,1.6
16,4,0.7105288,1,100,R,1.4
16,4,0.5934595,1,100,R,1.9
16,4,0.606535,1,100,R,2.1
16,4,0.5728187,1,44,R,1.9
16,4,0.9481635,1,16,R,1.1
16,4,0.4820813,1,72,R,1.8
16,4,0.4567676,1,16,R,2.3
16,4,0.4007327,1,44,R,1.6
16,4,0.6517777,1,72,R,1.8
16,4,0.5396487,1,16,R,1.1
16,4,0.5390307,1,44,R,1.1
16,4,0.6241984,1,16,R,0.9
16,4,0.4427452,0,16,R,1.9
16,4,0.4166362,1,72,R,2.1
16,4,0.7251725,1,16,R,0.9
16,4,0.6562374,1,44,R,1.1
17,1,0.745267,1,44,R,1.4
17,1,0.6950236,1,100,R,2.3
17,1,0.7143879,1,44,R,1.4
17,1,0.634029,1,72,R,1.3
17,1,0.812293,0,44,R,1.9
17,1,0.7100822,1,100,R,1.4
17,1,0.6463968,1,44,R,0.9
17,1,0.809176,1,16,R,2.3
17,1,1.439485,1,16,R,0.9
17,1,0.6046451,1,100,R,1.3
17,1,0.8562237,0,16,R,1.9
17,1,1.1301537,1,44,R,1.6
17,1,0.7241973,1,16,R,1.1
17,1,0.667377,1,72,R,1.9
17,1,0.8857561,1,72,R,1.6
17,1,0.6169533,1,72,R,1.8
17,1,0.6167227,1,72,R,1.6
17,1,0.6782746,1,44,R,1.1
17,1,0.7288676,1,44,R,1.8
17,1,0.6014155,1,72,R,1.4
17,1,0.5387007,1,100,R,0.9
17,1,0.7341769,1,72,R,0.9
17,1,0.7608294,1,100,R,1.1
17,1,0.7719933,1,44,R,1.4
17,1,0.6795702,1,100,R,1.8
17,1,0.706973,1,16,R,1.9
17,1,2.2602342,0,16,R,0.9
17,1,0.8066577,1,16,R,1.8
17,1,0.6955223,0,100,R,0.9
17,1,0.6563784,1,100,R,2.3
17,1,1.508871,0,16,R,1.8
17,1,0.6227678,1,100,R,0.9
17,1,0.5552192,1,100,R,2.1
17,1,0.4797129,1,100,R,2.1
17,1,0.5164438,1,72,R,1.4
17,1,1.1229958,1,16,R,1.4
17,1,1.4569872,1,100,R,1.1
17,1,0.6219005,1,100,R,1.4
17,1,0.5219019,1,100,R,0.9
17,1,0.5708406,1,100,R,1.9
17,1,2.0930168,0,16,R,1.9
17,1,1.7253021,0,16,R,1.8
17,1,0.6639529,1,44,R,1.8
17,1,1.3414686,1,16,R,1.8
17,1,0.6223702,1,100,R,1.8
17,1,1.3827756,1,72,R,0.9
17,1,0.9565622,1,44,R,1.3
17,1,0.7400912,1,16,R,1.1
17,1,0.7235329,1,16,R,1.1
17,1,1.4072159,1,16,R,1.9
17,1,0.9727963,1,100,R,1.1
17,1,1.1971986,1,44,R,1.1
17,1,0.5224383,1,100,R,1.4
17,1,2.0742954,1,44,R,1.4
17,1,1.1639628,1,16,R,1.8
17,1,0.6635871,1,100,R,1.1
17,1,1.2916776,1,100,R,1.1
17,1,0.891187,1,16,R,1.6
17,1,0.6017828,1,72,R,1.3
17,1,1.3212215,0,100,R,1.9
17,1,0.5675605,1,72,R,1.8
17,1,1.422991,1,100,R,1.3
17,1,0.5996252,1,72,R,2.1
17,1,0.9249665,0,16,R,1.8
17,1,1.0428679,1,16,R,1.3
17,1,1.502283,0,72,R,1.4
17,1,1.2743729,1,16,R,1.9
17,1,1.9688603,1,72,R,1.9
17,1,0.6711622,1,100,R,1.9
17,1,0.8924019,0,16,R,0.9
17,1,0.8275311,1,100,R,1.1
17,1,0.6554982,1,100,R,1.8
17,1,0.7276697,1,100,R,1.1
17,2,0.8056963,1,100,R,1.3
17,2,0.6579475,1,100,R,2.1
17,2,0.7116207,1,100,R,2.1
17,2,0.6284592,1,44,R,1.4
17,2,0.5828056,1,72,R,2.3
17,2,0.6219544,1,16,R,1.1
17,2,0.5947224,1,44,R,1.1
17,2,0.6784688,1,44,R,2.1
17,2,0.6747883,1,16,R,2.1
17,2,0.6370479,1,100,R,1.6
17,2,0.8173193,1,72,R,2.3
17,2,2.105686,1,44,R,1.9
17,2,0.770546,1,44,R,1.4
17,2,0.5558336,1,44,R,2.1
17,2,0.6234609,1,16,R,1.6
17,2,0.4548564,1,100,R,1.1
17,2,0.6931463,1,100,R,0.9
17,2,0.6048162,1,44,R,1.6
17,2,0.5501763,1,72,R,2.1
17,2,0.627797,1,44,R,2.3
17,2,0.6483374,1,72,R,1.9
17,2,0.6619524,1,44,R,0.9
17,2,0.5787473,1,44,R,2.1
17,2,0.6440779,1,100,R,1.9
17,2,0.7182174,1,72,R,1.1
17,2,1.3346371,1,72,R,1.4
17,2,0.7097906,1,100,R,2.1
17,2,1.2642592,0,44,R,1.3
17,2,0.5552402,1,100,R,2.3
17,2,0.7608716,1,44,R,1.4
17,2,1.4285743,1,100,R,1.1
17,2,0.6297783,1,44,R,2.1
17,2,0.6782081,1,44,R,1.1
17,2,0.654219,1,100,R,0.9
17,2,0.5553389,1,100,R,0.9
17,2,1.2934908,1,100,R,0.9
17,2,0.6222351,1,100,R,1.8
17,2,0.6164924,1,72,R,1.4
17,2,0.9801399,1,44,R,1.6
17,2,0.6012206,1,72,R,0.9
17,2,0.7099284,1,100,R,1.1
17,2,0.6058849,1,44,R,1.4
17,2,0.4661452,1,72,R,1.1
17,2,0.9626733,1,44,R,1.9
17,2,1.6743878,1,16,R,1.9
17,2,0.7132709,1,44,R,1.4
17,2,0.9574384,1,44,R,1.4
17,2,1.3142726,1,16,R,1.8
17,2,0.5922054,1,16,R,1.8
17,2,1.6924638,1,16,R,1.4
17,2,1.3089308,1,16,R,2.1
17,2,0.6054122,1,100,R,2.1
17,2,0.679352,1,44,R,2.1
17,2,2.1081722,1,44,R,1.4
17,2,0.7443939,1,100,R,1.9
17,2,0.6727338,1,44,R,1.6
17,2,0.6669487,1,100,R,2.1
17,2,0.7398825,1,44,R,2.3
17,2,0.6304065,1,16,R,1.6
17,2,0.5306772,1,44,R,1.1
17,2,0.5668287,1,72,R,2.1
17,2,0.6439602,1,100,R,1.8
17,2,0.867365,1,72,R,0.9
17,2,0.7264684,1,100,R,1.4
17,2,0.6131963,1,44,R,1.8
17,2,0.6226077,1,16,R,1.8
17,2,0.7559068,1,44,R,1.9
17,2,0.7460974,1,100,R,1.6
17,2,0.6285595,1,100,R,1.8
17,2,0.6718387,1,44,R,1.3
17,2,0.6331675,1,100,R,1.6
17,2,0.5914237,0,16,R,1.4
17,3,0.6242491,1,16,R,1.4
17,3,0.6405901,1,16,R,1.9
17,3,0.772359,1,16,R,1.9
17,3,0.7173507,1,72,R,0.9
17,3,0.6410488,1,44,R,1.8
17,3,0.5974857,1,16,R,1.3
17,3,0.5377703,1,100,R,0.9
17,3,0.5414234,0,16,R,0.9
17,3,0.4904109,1,16,R,1.6
17,3,0.5796225,1,44,R,1.6
17,3,0.5128952,1,44,R,1.3
17,3,0.495295,1,44,R,1.8
17,3,1.4253558,1,16,R,1.9
17,3,0.6067663,1,16,R,1.6
17,3,0.5337855,1,72,R,1.4
17,3,0.4525382,1,72,R,2.3
17,3,0.5112412,1,44,R,0.9
17,3,1.5257451,0,16,R,2.3
17,3,0.7118379,0,44,R,0.9
17,3,0.7109129,1,44,R,1.8
17,3,0.9580076,1,16,R,2.1
17,3,0.6556972,1,44,R,1.4
17,3,0.7174632,1,100,R,0.9
17,3,0.6752733,1,100,R,2.1
17,3,0.4955388,1,44,R,2.1
17,3,0.5943511,1,100,R,1.1
17,3,0.4906995,1,44,R,2.1
17,3,1.3074402,1,44,R,0.9
17,3,2.4827321,1,16,R,1.8
17,3,0.5333805,1,72,R,1.1
17,3,0.641923,1,16,R,2.3
17,3,0.399844,1,72,R,0.9
17,3,0.4049414,1,100,R,1.4
17,3,0.6167847,1,72,R,1.6
17,3,1.4844385,0,72,R,1.1
17,3,0.6016949,1,100,R,1.3
17,3,0.6399131,1,44,R,1.8
17,3,0.54033,1,72,R,1.1
17,3,0.7945291,1,100,R,2.1
17,3,1.1308959,0,44,R,1.4
17,3,0.6448531,1,44,R,2.3
17,3,0.7082884,1,16,R,1.3
17,3,0.6509212,1,72,R,2.1
17,3,0.6609748,1,100,R,1.8
17,3,1.7858987,1,72,R,1.3
17,3,0.9091406,1,16,R,2.1
17,3,0.5622798,1,44,R,1.3
17,3,0.7364055,1,72,R,2.3
17,3,0.5902924,1,44,R,1.4
17,3,0.4396244,1,72,R,2.3
17,3,0.6235437,1,16,R,1.8
17,3,0.6616386,1,44,R,1.9
17,3,0.3720909,1,100,R,1.9
17,3,0.4511834,1,72,R,1.9
17,3,0.5068728,1,16,R,1.3
17,3,0.7840442,1,72,R,1.6
17,3,0.8894295,1,16,R,1.9
17,3,0.5011076,1,72,R,1.3
17,3,0.6880259,1,16,R,0.9
17,3,0.58141,0,44,R,1.9
17,3,0.5061286,1,44,R,1.6
17,3,0.5526098,1,44,R,2.3
17,3,0.8253604,1,16,R,1.6
17,3,0.5051866,1,100,R,1.6
17,3,0.6231847,1,44,R,2.1
17,3,1.5925115,0,16,R,1.8
17,3,0.5302619,1,44,R,1.6
17,3,0.467733,1,72,R,1.8
17,3,0.5774694,1,100,R,2.1
17,3,0.9748213,1,16,R,1.1
17,3,0.6110293,1,100,R,2.3
17,3,1.0414412,1,16,R,1.4
17,3,0.500197,1,72,R,1.9
17,3,0.524478,1,100,R,1.8
17,3,1.3011698,1,72,R,1.4
17,4,0.6501404,1,72,R,2.3
17,4,1.75484,1,100,R,1.3
17,4,0.6375143,1,100,R,2.3
17,4,0.7009428,1,72,R,2.3
17,4,0.8437158,1,100,R,1.6
17,4,0.6410554,1,16,R,1.8
17,4,0.5844615,1,72,R,1.1
17,4,0.4866255,1,100,R,1.1
17,4,0.6678639,1,72,R,0.9
17,4,0.6326268,1,72,R,1.3
17,4,0.6680654,1,100,R,2.3
17,4,1.0089617,1,16,R,1.6
17,4,1.4836398,1,72,R,1.9
17,4,0.5766167,1,100,R,1.8
17,4,1.2741805,1,72,R,0.9
17,4,1.3409112,1,16,R,1.4
17,4,0.5904188,1,16,R,1.6
17,4,0.563064,1,44,R,1.1
17,4,1.1902763,1,16,R,1.3
17,4,0.7727365,1,44,R,1.8
17,4,0.6895994,1,16,R,2.3
17,4,0.5417231,1,16,R,1.1
17,4,0.6397567,1,16,R,2.1
17,4,0.6572096,1,100,R,1.8
17,4,1.3093431,1,16,R,1.1
17,4,0.5678399,1,72,R,1.3
17,4,0.571219,1,100,R,1.3
17,4,0.9576447,0,16,R,0.9
17,4,0.5900609,1,16,R,1.3
17,4,0.6062051,1,72,R,1.3
17,4,0.7679834,1,100,R,1.3
17,4,0.5278051,1,100,R,1.8
17,4,0.4217292,1,100,R,1.4
17,4,0.4224651,1,100,R,1.6
17,4,0.4558847,1,44,R,1.1
17,4,0.4470751,1,100,R,2.3
17,4,0.5792032,1,44,R,1.1
17,4,0.655523,1,44,R,1.4
17,4,0.9751639,0,16,R,1.1
17,4,1.3297413,1,44,R,1.4
17,4,0.7114338,1,100,R,2.3
17,4,2.2807048,0,16,R,0.9
17,4,0.5041691,1,100,R,1.3
17,4,0.4384748,1,100,R,0.9
17,4,0.8410026,1,16,R,0.9
17,4,0.5837098,1,72,R,1.6
17,4,0.5589372,1,100,R,1.4
17,4,0.4886913,1,44,R,2.1
17,4,0.4916833,1,72,R,1.1
17,4,0.7758298,1,100,R,2.1
17,4,1.1616364,1,100,R,1.4
17,4,0.583603,1,72,R,1.4
17,4,0.6075927,1,16,R,2.3
17,4,0.6404953,1,16,R,0.9
17,4,0.550348,1,72,R,1.8
17,4,0.5562348,1,44,R,1.4
17,4,0.5512589,1,72,R,1.6
17,4,1.0298807,1,16,R,1.6
17,4,1.2255971,1,16,R,1.9
17,4,0.5347464,1,72,R,1.6
17,4,0.646559,1,44,R,1.6
17,4,0.6674137,1,72,R,1.4
17,4,0.524828,1,16,R,1.8
17,4,0.7902694,0,16,R,1.4
17,4,0.8345459,1,72,R,1.8
17,4,0.7798805,1,44,R,2.3
17,4,0.8417701,1,16,R,1.4
17,4,1.2059539,1,44,R,1.4
17,4,0.5289309,1,100,R,2.1
17,4,0.4850617,1,72,R,1.1
17,4,0.5734388,1,44,R,0.9
17,4,0.5294233,1,44,R,1.3
17,4,0.698791,1,16,R,2.3
17,4,0.4525616,1,72,R,1.1
17,4,0.6890414,1,16,R,0.9
17,4,0.4840768,1,72,R,1.9
17,4,0.4871778,1,100,R,0.9
17,4,0.4548678,1,100,R,1.8
17,4,0.5733433,1,44,R,1.8
17,4,0.5477604,1,16,R,1.9
18,1,0.7005041,0,44,R,2.1
18,1,0.6386917,0,100,R,2.1
18,1,0.4838936,1,72,R,2.3
18,1,0.5002553,1,100,R,1.4
18,1,0.4625654,1,44,R,1.6
18,1,0.9385441,1,16,R,1.3
18,1,0.9470462,1,16,R,1.3
18,1,0.8058833,1,100,R,1.8
18,1,0.6003193,1,72,R,1.3
18,1,0.7914833,1,100,R,1.4
18,1,0.6896738,1,16,R,1.8
18,1,0.6591816,1,100,R,1.1
18,1,1.0946789,1,100,R,1.6
18,1,0.7724881,0,16,R,1.6
18,1,1.3233974,1,16,R,2.3
18,1,1.0629556,0,44,R,2.1
18,1,1.0962986,1,16,R,1.9
18,1,1.2074071,1,100,R,1.4
18,1,0.7581258,1,44,R,1.9
18,1,0.6820236,1,100,R,1.9
18,1,0.5010216,1,72,R,2.1
18,1,0.4556902,1,44,R,1.4
18,1,0.7863701,1,72,R,2.3
18,1,0.5833002,1,72,R,0.9
18,1,0.5604583,1,44,R,0.9
18,1,0.6060052,1,100,R,1.8
18,1,0.923163,1,16,R,2.1
18,1,0.9788306,1,100,R,2.3
18,1,0.778742,0,100,R,1.4
18,1,0.7303187,0,44,R,1.6
18,1,0.582936,1,72,R,1.1
18,1,0.5323824,1,72,R,1.8
18,1,0.6056881,1,44,R,1.9
18,1,0.4956122,1,44,R,0.9
18,1,0.4921239,1,72,R,1.1
18,1,0.5580825,0,16,R,0.9
18,1,0.5725109,1,16,R,2.1
18,1,0.6689932,1,72,R,1.8
18,1,0.6235958,1,16,R,2.1
18,1,0.6134046,0,44,R,0.9
18,1,0.3887728,0,16,R,1.6
18,1,0.69132,0,16,R,1.8
18,1,0.4625137,1,44,R,1.3
18,1,0.4175558,1,72,R,1.4
18,1,0.3932711,1,44,R,1.4
18,1,0.3785534,0,44,R,1.9
18,1,0.3854905,0,72,R,1.9
18,1,0.4052908,1,16,R,2.1
18,1,0.3445894,1,100,R,1.6
18,1,0.5356144,1,72,R,1.8
18,1,0.4432505,1,44,R,1.9
18,1,0.6062028,1,100,R,1.3
18,1,0.610802,1,100,R,1.1
18,1,0.539465,1,100,R,1.1
18,1,1.0018932,1,72,R,2.3
18,1,0.4129844,1,44,R,0.9
18,1,0.4174009,0,72,R,1.1
18,1,0.4630476,1,44,R,1.3
18,1,0.4930358,0,16,R,1.9
18,2,0.5365158,1,72,R,1.3
18,2,0.4969992,1,100,R,1.4
18,2,0.5763069,1,100,R,1.1
18,2,1.1819967,0,100,R,1.4
18,2,0.4994603,1,72,R,1.4
18,2,0.5283602,0,44,R,1.9
18,2,0.4366898,0,100,R,1.6
18,2,0.8830337,1,72,R,1.6
18,2,0.2641088,1,44,R,1.9
18,2,0.4289425,0,44,R,1.4
18,2,0.5904255,0,16,R,1.8
18,2,1.2467491,0,44,R,1.3
18,2,0.5241976,1,100,R,1.8
18,2,0.6101436,0,44,R,1.6
18,2,0.65661,1,16,R,2.3
18,2,1.2008621,0,72,R,1.8
18,2,0.4550253,1,16,R,1.1
18,2,0.482271,1,72,R,2.1
18,2,0.3438099,1,100,R,1.4
18,2,0.5728874,1,100,R,1.4
18,2,0.5220116,1,16,R,2.3
18,2,0.6415938,1,100,R,1.1
18,2,0.6117448,0,44,R,1.9
18,2,0.6241994,1,16,R,1.4
18,2,0.5112495,1,100,R,1.9
18,2,0.4450557,0,44,R,1.6
18,2,0.4896046,1,44,R,0.9
18,2,0.6785051,0,16,R,0.9
18,2,0.4790179,1,44,R,1.6
18,2,0.5444997,1,100,R,2.3
18,2,0.4066547,1,100,R,2.1
18,2,0.4572286,1,16,R,1.3
18,2,0.4047026,1,44,R,1.6
18,2,0.4357799,1,44,R,1.3
18,2,0.5778535,1,100,R,2.3
18,2,0.6919773,1,16,R,1.9
18,2,0.5247311,0,16,R,0.9
18,2,0.4549978,1,100,R,1.6
18,2,0.5378411,1,72,R,1.8
18,2,0.4186857,1,72,R,1.6
18,2,0.5883856,1,16,R,0.9
18,2,0.5939014,1,100,R,2.3
18,2,1.0396357,1,44,R,1.1
18,2,0.690304,1,72,R,2.3
18,2,0.4322795,1,72,R,2.3
18,2,0.3839921,1,72,R,2.1
18,2,0.5496902,0,72,R,1.8
18,2,0.9063571,0,16,R,1.9
18,2,0.4898038,1,100,R,1.3
18,2,0.5737512,1,16,R,1.3
18,2,0.6077285,0,16,R,1.4
18,2,0.3545731,1,100,R,1.9
18,2,1.1403149,1,44,R,2.3
18,2,0.882177,1,16,R,0.9
18,2,0.7959841,1,44,R,1.1
18,2,0.4296899,1,44,R,0.9
18,2,0.7543661,1,44,R,1.6
18,2,0.8405545,0,16,R,2.1
18,2,0.8896633,0,100,R,0.9
18,2,2.1893171,1,44,R,1.1
18,2,0.5665201,1,72,R,1.3
18,2,1.6255792,0,16,R,2.3
18,2,1.0115171,1,100,R,1.8
18,2,0.8418592,0,16,R,1.6
18,2,0.5772562,1,100,R,0.9
18,2,0.5247269,1,16,R,1.1
18,2,0.490076,0,16,R,0.9
18,2,1.3594002,0,16,R,2.3
18,2,0.4405185,1,72,R,0.9
18,2,0.4915936,1,72,R,1.6
18,2,1.0753651,0,16,R,1.3
18,2,1.1952675,1,44,R,0.9
18,2,0.6606442,1,100,R,1.6
18,2,0.5074497,0,16,R,1.3
18,2,0.4394599,1,44,R,1.6
18,2,0.8298181,1,44,R,1.9
18,2,0.333997,1,72,R,1.9
18,2,1.3074515,0,16,R,1.1
18,2,0.5800938,1,16,R,2.1
18,2,1.1294118,0,44,R,1.3
18,2,1.6299992,0,44,R,2.1
18,2,0.4739778,0,16,R,1.1
18,2,0.5578077,1,16,R,2.1
18,2,0.4888321,1,44,R,2.1
18,2,0.3899682,1,16,R,1.8
18,2,0.3739519,1,16,R,1.6
18,2,0.4288051,1,44,R,2.3
18,2,0.5236062,0,16,R,2.3
18,2,0.4418832,1,16,R,1.3
18,2,0.4766931,1,100,R,2.1
18,2,0.5062718,0,16,R,1.9
18,2,0.5106484,1,100,R,1.6
18,2,0.3902076,0,16,R,1.6
18,2,0.5266194,0,16,R,1.9
18,2,0.6680183,0,72,R,1.3
18,2,0.5053371,0,100,R,0.9
18,2,0.3482038,1,72,R,1.9
18,2,0.424079,1,16,R,1.9
18,2,0.6114083,1,100,R,1.1
18,2,0.2823698,1,72,R,1.1
18,3,0.3443074,1,44,R,2.1
18,3,0.4255231,1,44,R,2.3
18,3,0.5121886,1,44,R,1.3
18,3,0.4765113,1,100,R,1.9
18,3,0.6051151,1,44,R,1.6
18,3,0.7294743,1,44,R,1.8
18,3,0.5892555,1,16,R,1.4
18,3,0.9369755,1,44,R,1.3
18,3,0.8607899,1,16,R,1.4
18,3,0.606792,1,16,R,1.8
18,3,0.3481962,1,72,R,2.1
18,3,0.4225317,1,16,R,1.1
18,3,0.3949015,1,44,R,1.4
18,3,0.4770662,1,100,R,1.9
18,3,0.5446928,1,100,R,2.3
18,3,0.6169799,1,44,R,1.1
18,3,0.383417,1,72,R,2.1
18,3,0.440485,0,16,R,0.9
18,3,0.5270263,1,100,R,1.3
18,3,0.3473373,1,72,R,1.6
18,3,0.4512525,1,72,R,1.9
18,3,0.3882028,1,72,R,1.9
18,3,0.3166507,1,72,R,0.9
18,3,0.4672385,1,72,R,1.8
18,3,0.3953989,1,44,R,2.3
18,3,0.6275617,0,44,R,1.6
18,3,1.6731727,1,100,R,1.1
18,3,0.2477529,1,72,R,0.9
18,3,0.4078255,1,16,R,1.1
18,3,0.3318134,1,72,R,1.4
18,3,0.398648,1,72,R,1.9
18,3,0.4566323,1,16,R,1.8
18,3,0.4263074,1,100,R,2.1
18,3,0.3578654,1,16,R,1.4
18,3,0.3655691,1,72,R,1.3
18,3,0.4394897,0,16,R,1.6
18,3,0.4006583,1,72,R,2.3
18,3,0.6591916,0,16,R,0.9
18,3,0.5920899,1,100,R,1.4
18,3,0.4697556,1,44,R,1.3
18,3,0.5000578,1,72,R,1.9
18,3,1.1747629,0,16,R,0.9
18,3,0.4303479,0,44,R,1.9
18,3,0.2598167,1,100,R,1.4
18,3,0.2850406,1,16,R,0.9
18,3,0.4899634,1,16,R,1.4
18,3,0.4020175,1,72,R,0.9
18,3,0.3202568,1,100,R,0.9
18,3,0.4123323,1,44,R,1.4
18,3,0.2387033,1,100,R,1.3
18,3,0.94181,0,16,R,1.4
18,3,0.4748941,1,16,R,1.1
18,3,0.6010758,1,72,R,0.9
18,3,0.2750401,1,16,R,2.1
18,3,0.4509015,1,72,R,1.8
18,3,0.3565124,1,44,R,2.1
18,3,0.2678381,1,72,R,2.1
18,3,0.3585467,0,16,R,1.9
18,3,0.434812,1,72,R,1.1
18,3,0.4003124,1,72,R,1.4
18,3,0.4887491,1,44,R,1.8
18,3,0.7039038,0,44,R,1.3
18,3,0.7410775,0,16,R,1.6
18,3,0.6058906,1,44,R,1.3
18,3,0.7241188,0,72,R,0.9
18,3,2.1326608,1,72,R,1.6
18,3,0.5741946,0,16,R,1.8
18,3,0.334447,1,72,R,2.3
18,3,0.4114959,0,16,R,1.1
18,4,0.4522834,1,16,R,1.8
18,4,0.2692894,1,100,R,1.8
18,4,0.5121733,1,44,R,1.1
18,4,0.5041641,1,100,R,1.6
18,4,0.5388748,1,44,R,2.1
18,4,0.4492402,1,100,R,1.8
18,4,0.4269961,1,100,R,1.6
18,4,0.490554,1,16,R,1.3
18,4,0.2560254,1,100,R,0.9
18,4,0.484444,1,44,R,1.3
18,4,0.3326161,1,44,R,1.9
18,4,0.3997148,1,72,R,1.4
18,4,0.2884151,1,16,R,2.1
18,4,0.3324993,1,100,R,1.8
18,4,0.3327639,1,72,R,1.3
18,4,0.4438954,1,100,R,0.9
18,4,0.2592175,1,100,R,1.8
18,4,0.2656918,1,100,R,0.9
18,4,0.480079,0,16,R,1.8
18,4,0.2351105,1,100,R,0.9
18,4,0.4045452,1,100,R,1.8
18,4,0.4342345,1,72,R,1.8
18,4,0.4105154,1,100,R,1.1
18,4,0.3336864,1,72,R,1.3
18,4,0.2384101,1,72,R,1.3
18,4,1.606324,1,16,R,2.1
18,4,0.3920207,1,16,R,1.1
18,4,1.2223281,1,44,R,2.3
18,4,0.4174683,1,44,R,1.9
18,4,0.3948152,0,44,R,1.9
18,4,0.3564722,1,44,R,2.1
18,4,0.8968861,1,100,R,1.9
18,4,0.4772836,1,100,R,0.9
18,4,0.5461536,0,44,R,1.9
18,4,0.4178878,1,72,R,2.1
18,4,0.445431,1,44,R,2.3
18,4,0.373882,1,16,R,0.9
18,4,0.5592738,0,16,R,1.6
18,4,0.4658564,1,72,R,1.8
18,4,0.5226198,1,16,R,1.1
18,4,0.4504976,1,72,R,1.6
18,4,0.4248278,0,16,R,1.8
18,4,1.4299843,1,44,R,1.1
18,4,0.4890694,1,16,R,1.1
18,4,0.8679344,1,72,R,1.3
18,4,0.4465414,0,44,R,1.3
18,4,0.8626414,0,44,R,2.1
18,4,0.518368,1,72,R,2.1
18,4,0.4665378,1,72,R,1.9
18,4,0.3132681,1,44,R,1.3
18,4,0.542741,1,100,R,2.3
18,4,0.3120638,1,44,R,1.6
18,4,0.8391079,1,44,R,2.3
18,4,0.5976626,0,44,R,0.9
18,4,0.6253836,1,100,R,2.3
18,4,0.2759364,1,72,R,2.1
18,4,0.3141061,1,100,R,1.4
18,4,0.4280319,1,44,R,1.1
18,4,0.350044,1,72,R,0.9
18,4,0.2830503,1,72,R,2.1
18,4,0.6952851,1,100,R,2.1
18,4,0.5446597,1,100,R,1.6
18,4,0.6054862,1,44,R,1.8
18,4,0.6902102,1,16,R,0.9
18,4,0.708485,0,16,R,2.1
18,4,0.5104362,1,100,R,1.9
18,4,0.6756327,1,16,R,1.8
18,4,0.5343037,1,72,R,2.3
18,4,1.0402486,1,44,R,1.8
18,4,0.6174825,1,44,R,1.9
18,4,0.6020619,1,72,R,2.3
18,4,0.5756576,0,16,R,1.8
19,1,0.7067548,1,44,R,1.8
19,1,0.6112499,1,100,R,1.4
19,1,0.6888761,1,44,R,1.4
19,1,0.6394191,1,44,R,0.9
19,1,0.8943864,1,100,R,1.8
19,1,0.6940004,1,100,R,1.6
19,1,0.7586639,0,16,R,1.8
19,1,0.5220074,1,44,R,1.4
19,1,0.5133238,0,16,R,0.9
19,1,0.6808279,0,44,R,2.3
19,1,0.6298749,1,100,R,0.9
19,1,0.5424485,1,16,R,1.8
19,1,0.5217487,1,44,R,1.9
19,1,0.6319962,1,72,R,1.4
19,1,0.594651,0,44,R,2.3
19,1,0.5065267,1,16,R,1.9
19,1,0.5787779,1,100,R,0.9
19,1,1.0833177,1,100,R,1.9
19,1,0.6615484,1,100,R,1.8
19,1,0.6112258,1,44,R,2.1
19,1,0.721417,1,100,R,0.9
19,1,0.6067012,1,16,R,0.9
19,1,0.5842501,1,72,R,1.6
19,1,0.6913085,1,16,R,1.4
19,1,0.5554866,1,44,R,1.6
19,1,0.5795495,1,100,R,1.6
19,1,0.4006035,1,72,R,1.1
19,1,0.4704469,1,100,R,0.9
19,1,1.241031,0,16,R,1.9
19,1,0.4334767,1,72,R,0.9
19,1,0.5265707,1,100,R,2.1
19,1,0.2999484,1,72,R,2.3
19,1,0.5736065,1,16,R,1.3
19,1,0.6257168,0,16,R,1.8
19,1,0.7243737,1,16,R,1.3
19,1,0.5833278,1,72,R,1.8
19,1,0.6903176,1,16,R,2.1
19,1,1.2420435,0,16,R,1.3
19,1,1.025028,1,16,R,1.8
19,1,0.4335923,1,72,R,2.3
19,1,1.9757178,1,16,R,1.9
19,1,0.8250669,1,44,R,1.6
19,1,0.6418915,1,72,R,1.8
19,1,0.7045558,1,44,R,2.3
19,1,0.3552231,1,100,R,0.9
19,1,0.6247262,1,16,R,1.9
19,1,0.6731624,1,16,R,1.9
19,1,0.6225983,1,44,R,1.4
19,1,0.7565995,1,16,R,0.9
19,1,0.6335968,1,72,R,2.1
19,1,0.6406034,1,100,R,2.1
19,1,0.5889875,1,100,R,2.1
19,1,0.6647242,0,16,R,0.9
19,1,0.6286981,1,44,R,2.1
19,1,1.0074949,1,16,R,1.9
19,1,0.6403543,1,16,R,1.6
19,1,0.6224419,1,44,R,2.3
19,1,1.1942489,1,100,R,1.1
19,1,0.6043407,1,44,R,0.9
19,1,0.5636002,1,44,R,1.8
19,1,0.6131221,1,44,R,1.3
19,1,1.3090193,1,16,R,2.3
19,1,0.6774001,1,100,R,1.9
19,1,0.5887876,1,100,R,2.3
19,1,0.7124688,1,44,R,2.1
19,1,0.628576,1,100,R,1.9
19,1,0.9752142,0,16,R,1.9
19,1,0.5954797,1,44,R,1.9
19,1,0.5236357,1,16,R,1.9
19,1,0.7484379,0,16,R,2.1
19,1,0.6909154,1,16,R,1.3
19,1,0.4675723,1,72,R,1.1
19,1,0.6137012,0,44,R,1.4
19,2,1.2538683,1,16,R,1.6
19,2,0.6335551,1,72,R,1.9
19,2,0.657597,1,16,R,0.9
19,2,0.7822932,1,72,R,1.3
19,2,0.61133,1,44,R,1.8
19,2,0.5444846,1,100,R,0.9
19,2,0.49814,1,72,R,1.4
19,2,0.5126106,1,72,R,1.9
19,2,0.5738193,1,16,R,0.9
19,2,0.6384909,1,16,R,2.3
19,2,0.7075702,1,16,R,2.1
19,2,0.6047289,1,44,R,2.3
19,2,0.5988691,1,44,R,1.8
19,2,0.6548117,1,100,R,1.8
19,2,0.55063,1,72,R,1.3
19,2,0.9061046,1,16,R,1.8
19,2,0.5712568,1,16,R,1.9
19,2,0.6049661,1,16,R,1.4
19,2,0.6855124,0,44,R,1.8
19,2,0.5444044,1,100,R,1.3
19,2,0.5709363,1,44,R,1.3
19,2,0.8623158,1,44,R,1.9
19,2,0.5071526,1,16,R,2.3
19,2,0.5785639,1,100,R,1.3
19,2,0.5336104,1,72,R,1.4
19,2,0.5767146,1,100,R,1.6
19,2,0.9426613,0,16,R,2.1
19,2,0.7572461,1,16,R,1.3
19,2,0.6834957,1,72,R,2.3
19,2,0.5777187,1,44,R,2.3
19,2,0.6878732,1,100,R,2.3
19,2,0.887734,1,16,R,1.6
19,2,0.7764655,1,16,R,1.6
19,2,0.6389448,1,100,R,2.1
19,2,0.6066553,1,44,R,1.8
19,2,1.0942709,1,100,R,2.3
19,2,0.8081273,0,16,R,1.3
19,2,0.7005482,1,72,R,0.9
19,2,0.8495653,1,72,R,1.6
19,2,0.7840215,1,72,R,1.1
19,2,0.69391,1,100,R,1.8
19,2,0.8671197,1,72,R,1.8
19,2,0.7911733,1,16,R,2.3
19,2,0.8743138,0,16,R,1.9
19,2,0.90711,0,16,R,0.9
19,2,1.1171463,1,72,R,0.9
19,2,0.7213574,1,100,R,2.3
19,2,0.7681159,1,44,R,1.1
19,2,0.9374217,1,44,R,1.9
19,2,0.7298546,1,44,R,1.6
19,2,1.168635,1,100,R,1.1
19,2,1.037482,1,100,R,1.6
19,2,0.8340603,1,72,R,1.4
19,2,0.9568326,1,44,R,1.1
19,2,0.861669,1,100,R,2.3
19,2,0.6951826,1,44,R,2.1
19,2,1.218059,0,72,R,1.9
19,2,1.0396499,1,44,R,1.3
19,2,0.7763735,1,100,R,2.1
19,2,1.0419501,1,16,R,2.1
19,2,0.9350288,1,72,R,1.3
19,2,1.0073339,1,44,R,1.3
19,2,0.7238987,1,16,R,1.9
19,2,0.7949559,1,100,R,1.1
19,2,1.0521238,1,72,R,1.3
19,2,0.7887164,1,100,R,1.1
19,2,1.3086173,0,16,R,1.1
19,2,1.0331097,1,72,R,1.9
19,2,0.7187752,1,72,R,0.9
19,2,0.710304,1,100,R,2.3
19,2,0.627156,1,16,R,1.3
19,2,0.5909618,1,16,R,2.1
19,2,0.9277137,1,100,R,0.9
19,2,0.588137,1,44,R,1.1
19,2,1.1405062,1,72,R,0.9
19,3,0.6062277,1,44,R,0.9
19,3,0.5628952,1,16,R,1.9
19,3,0.5677452,1,72,R,1.1
19,3,0.742182,1,100,R,1.3
19,3,0.5377677,1,44,R,0.9
19,3,0.5462157,1,16,R,1.8
19,3,0.7582328,1,16,R,1.8
19,3,0.6216651,1,44,R,1.1
19,3,0.6501307,1,100,R,2.1
19,3,0.4845169,1,72,R,1.6
19,3,0.5396146,1,16,R,1.9
19,3,0.8220097,1,100,R,0.9
19,3,0.8744883,0,16,R,1.9
19,3,0.5784021,1,44,R,0.9
19,3,0.5949367,1,100,R,1.1
19,3,0.5345888,1,72,R,2.3
19,3,0.4331865,1,72,R,1.8
19,3,0.6707078,1,44,R,1.9
19,3,0.5622526,1,100,R,0.9
19,3,0.6065666,1,16,R,0.9
19,3,0.4003884,1,72,R,2.1
19,3,0.5412814,1,44,R,1.1
19,3,0.4723306,1,44,R,1.4
19,3,0.4445004,1,100,R,1.1
19,3,0.5801601,1,44,R,2.1
19,3,0.4996981,1,72,R,0.9
19,3,0.5066922,1,16,R,2.3
19,3,0.4739926,1,16,R,1.3
19,3,0.5568921,1,16,R,2.1
19,3,0.4002573,1,72,R,1.4
19,3,0.5116534,1,100,R,1.9
19,3,0.500282,1,72,R,0.9
19,3,0.5167579,1,72,R,1.4
19,3,1.1948044,1,100,R,0.9
19,3,1.2174743,1,72,R,1.3
19,3,0.6495184,1,72,R,1.1
19,3,0.4054838,1,100,R,1.1
19,3,0.5243683,0,16,R,1.4
19,3,0.4054879,1,44,R,1.6
19,3,0.3782323,1,100,R,2.1
19,3,0.421842,1,100,R,2.1
19,3,0.6846506,1,72,R,0.9
19,3,1.9739125,1,44,R,1.1
19,3,0.5022252,1,44,R,1.1
19,3,0.5685919,1,72,R,0.9
19,3,0.6439054,1,44,R,1.9
19,3,0.6558152,1,16,R,0.9
19,3,0.5616189,1,44,R,1.4
19,3,0.6435904,1,44,R,2.3
19,3,0.4681573,1,72,R,1.8
19,3,0.3874558,1,100,R,1.9
19,3,0.4069479,1,16,R,1.1
19,3,0.4049029,1,100,R,1.8
19,3,0.5058563,1,100,R,2.1
19,3,0.5895312,1,72,R,2.1
19,3,0.5173313,1,72,R,1.4
19,3,0.8956525,0,44,R,1.6
19,3,0.6440439,1,100,R,1.4
19,3,0.635711,1,72,R,1.8
19,3,0.445867,0,44,R,1.6
19,3,0.741002,0,16,R,2.3
19,3,0.5738442,1,16,R,0.9
19,3,0.6746125,0,16,R,2.1
19,3,0.5195762,1,72,R,1.6
19,3,0.5619296,1,100,R,1.4
19,3,0.4660524,1,72,R,1.9
19,3,0.5899813,1,44,R,2.3
19,3,0.3233159,1,100,R,1.3
19,3,0.5891955,1,100,R,2.3
19,3,0.5282338,1,100,R,1.9
19,3,0.3846741,1,72,R,2.1
19,3,0.3884406,1,100,R,0.9
19,3,0.5067153,1,100,R,1.8
19,3,0.5125696,1,44,R,1.9
19,3,0.4401327,1,44,R,0.9
19,3,0.8082212,1,16,R,2.3
19,3,0.5398415,1,44,R,2.3
19,4,0.6242714,1,72,R,1.8
19,4,0.6689064,1,72,R,2.3
19,4,0.4510778,1,72,R,1.8
19,4,0.4871181,1,100,R,2.1
19,4,0.4894914,1,100,R,1.4
19,4,0.4961429,1,44,R,1.3
19,4,0.3445712,1,100,R,2.3
19,4,0.7195737,1,72,R,1.3
19,4,0.3498398,1,72,R,1.9
19,4,0.3880727,1,100,R,0.9
19,4,0.5104348,1,100,R,2.3
19,4,0.3880875,1,100,R,1.9
19,4,0.5449558,1,44,R,1.4
19,4,0.4448028,1,44,R,2.1
19,4,0.2378739,1,44,R,1.6
19,4,0.3572494,1,72,R,0.9
19,4,0.5292684,1,44,R,1.9
19,4,0.2688553,1,16,R,1.6
19,4,0.3105123,1,100,R,1.1
19,4,0.8022808,0,72,R,2.1
19,4,0.6936433,1,100,R,0.9
19,4,0.2593104,1,100,R,2.1
19,4,0.3734546,1,44,R,1.3
19,4,0.5558272,1,44,R,1.4
19,4,0.4678911,1,72,R,1.1
19,4,0.5620348,1,44,R,2.1
19,4,0.4346077,1,44,R,1.6
19,4,0.3985829,1,72,R,1.8
19,4,0.6610274,1,44,R,1.4
19,4,0.8754436,0,16,R,0.9
19,4,1.1838754,1,72,R,1.8
19,4,0.5437187,1,100,R,1.1
19,4,0.4992309,1,72,R,1.8
19,4,0.5339217,1,72,R,2.3
19,4,1.3762147,0,16,R,2.1
19,4,0.5943212,1,44,R,1.9
19,4,0.4506178,1,72,R,2.1
19,4,0.633382,1,72,R,1.9
19,4,0.5253111,1,44,R,1.4
19,4,0.7476756,1,100,R,1.6
19,4,0.5238017,1,16,R,2.3
19,4,0.3714999,1,100,R,1.3
19,4,0.4973733,1,44,R,1.9
19,4,0.4502946,1,72,R,0.9
19,4,0.4055059,1,44,R,1.6
19,4,0.627492,1,44,R,1.3
19,4,0.6228394,1,44,R,1.6
19,4,0.5616319,1,100,R,1.1
19,4,0.6284582,0,44,R,2.1
19,4,0.6966236,1,44,R,1.3
19,4,0.4779689,1,100,R,1.3
19,4,0.8920163,1,72,R,1.8
19,4,0.4729214,1,16,R,1.8
19,4,0.5568758,1,44,R,2.1
19,4,0.6241787,1,16,R,2.3
19,4,1.3984355,0,44,R,1.4
19,4,0.4391624,1,16,R,1.6
19,4,0.9307815,1,44,R,1.8
19,4,0.5111175,1,100,R,1.1
19,4,0.4046938,1,100,R,1.8
19,4,0.5349024,1,72,R,0.9
19,4,0.9729817,1,44,R,1.4
19,4,0.4239856,1,100,R,1.8
19,4,0.5069839,1,44,R,2.1
19,4,0.461817,1,44,R,1.9
19,4,0.5776686,1,100,R,1.8
19,4,0.6344188,1,72,R,1.4
19,4,0.6342009,1,72,R,0.9
19,4,0.3551376,1,100,R,1.1
20,1,0.5103366,1,44,R,1.8
20,1,0.4262003,1,16,R,1.3
20,1,0.4267228,1,100,R,2.3
20,1,0.2107644,1,100,R,1.3
20,1,0.4336465,1,72,R,1.4
20,1,0.4377555,1,44,R,2.1
20,1,0.3226556,1,72,R,1.6
20,1,0.3229656,1,100,R,0.9
20,1,0.4914046,1,16,R,1.8
20,1,0.3401718,1,16,R,1.9
20,1,0.3820795,1,72,R,1.6
20,1,0.3453006,1,44,R,1.8
20,1,0.4598009,1,100,R,2.3
20,1,0.2273121,1,100,R,1.1
20,1,0.3677039,1,72,R,1.3
20,1,0.4414389,1,16,R,1.4
20,1,0.4132785,1,44,R,1.1
20,1,0.5600109,1,100,R,1.9
20,1,0.2761054,1,100,R,1.3
20,1,0.4795801,1,44,R,2.3
20,1,0.6174023,1,100,R,2.3
20,1,0.3823981,1,72,R,1.6
20,1,0.6080447,1,16,R,2.1
20,1,0.4956132,1,100,R,2.3
20,1,0.3657592,1,100,R,2.1
20,1,0.3876644,1,100,R,1.4
20,1,0.5602466,1,100,R,1.6
20,1,0.576928,1,100,R,2.3
20,1,0.3237058,1,16,R,1.3
20,1,0.4337972,1,72,R,1.8
20,1,0.4961789,1,44,R,1.4
20,1,0.4485258,1,72,R,2.3
20,1,0.2869194,1,100,R,1.9
20,1,0.3848829,1,72,R,1.3
20,1,0.5115939,1,100,R,1.6
20,1,0.3572375,1,16,R,1.4
20,1,0.3338647,1,72,R,1.6
20,1,0.4349072,1,72,R,2.1
20,1,0.3322642,1,72,R,2.1
20,1,0.4556494,1,72,R,1.1
20,1,0.3555166,1,100,R,2.3
20,1,0.5900325,1,44,R,2.1
20,1,0.5750682,0,16,R,1.4
20,1,0.639715,0,16,R,2.1
20,1,0.6415337,0,16,R,1.1
20,1,0.4238521,1,16,R,2.3
20,1,0.6757897,1,16,R,1.3
20,1,0.4760406,1,100,R,2.1
20,1,0.3835558,1,72,R,1.8
20,1,0.6550066,1,44,R,0.9
20,1,0.3272485,1,100,R,1.6
20,1,0.4002756,1,72,R,1.4
20,1,0.4933222,1,100,R,1.1
20,1,0.3212467,1,100,R,1.3
20,1,0.524971,1,16,R,1.4
20,1,0.6569536,1,16,R,2.1
20,1,0.4773946,1,100,R,1.4
20,1,0.2761379,1,100,R,2.1
20,1,0.3715417,1,16,R,1.3
20,1,0.4734757,1,72,R,1.4
20,1,0.49501,1,44,R,1.1
20,1,0.4425762,1,16,R,1.3
20,1,0.9225987,0,16,R,0.9
20,1,0.4052475,1,100,R,1.8
20,1,0.406415,1,100,R,1.6
20,1,0.610197,1,100,R,1.3
20,1,0.4744413,1,16,R,2.3
20,1,0.3046555,1,100,R,1.1
20,1,0.3554421,1,100,R,1.4
20,1,0.3163394,1,72,R,1.1
20,1,0.3461181,1,44,R,1.3
20,2,0.7725192,1,16,R,1.6
20,2,0.4440057,1,44,R,0.9
20,2,0.5287946,0,44,R,2.3
20,2,0.4332655,1,72,R,1.3
20,2,0.6185101,1,44,R,2.3
20,2,0.3796894,1,16,R,1.6
20,2,0.470135,1,100,R,1.6
20,2,0.4488842,1,72,R,1.4
20,2,0.5593935,1,44,R,1.8
20,2,0.4420308,1,100,R,0.9
20,2,0.4671335,1,72,R,1.8
20,2,0.7364963,1,16,R,1.6
20,2,0.5498654,1,72,R,1.4
20,2,0.4088938,1,72,R,1.9
20,2,0.7585213,1,16,R,0.9
20,2,0.4703981,1,100,R,1.3
20,2,0.6255157,1,16,R,2.1
20,2,0.6622176,0,44,R,2.3
20,2,0.5453532,1,44,R,1.8
20,2,0.5434086,1,100,R,1.4
20,2,0.3186443,1,100,R,0.9
20,2,0.5596906,1,100,R,1.6
20,2,0.6893654,0,16,R,1.4
20,2,0.3663356,1,72,R,1.8
20,2,0.5852953,1,72,R,1.8
20,2,1.0756372,1,16,R,2.1
20,2,0.4281767,1,44,R,2.3
20,2,0.5380986,1,100,R,1.3
20,2,0.7298315,0,16,R,1.1
20,2,0.8404852,1,16,R,1.4
20,2,0.6239976,1,16,R,1.8
20,2,0.8303512,1,44,R,1.8
20,2,0.5960747,1,44,R,1.9
20,2,1.0759625,1,16,R,2.1
20,2,0.5562504,1,44,R,1.3
20,2,0.6662795,1,100,R,1.6
20,2,0.5052278,1,100,R,2.3
20,2,0.5185898,1,72,R,1.6
20,2,0.6240292,1,16,R,1.3
20,2,0.7168779,1,72,R,2.3
20,2,0.5391553,1,44,R,1.4
20,2,0.4561424,1,100,R,2.3
20,2,0.5230689,1,44,R,1.4
20,2,0.4562407,1,16,R,1.6
20,2,0.9919957,1,16,R,1.6
20,2,1.0920427,1,100,R,1.1
20,2,0.5020336,1,72,R,1.6
20,2,0.5715467,1,100,R,1.6
20,2,0.7242459,1,16,R,1.4
20,2,0.5840149,1,72,R,0.9
20,2,1.2501314,1,72,R,1.6
20,2,1.041415,1,16,R,0.9
20,2,0.6502563,1,72,R,2.3
20,2,1.1923736,1,16,R,1.3
20,2,0.97694,0,16,R,2.1
20,2,0.9303625,0,16,R,1.1
20,2,0.601315,1,72,R,1.8
20,2,1.5179869,1,72,R,1.8
20,2,0.9738142,0,16,R,2.3
20,2,0.9071797,1,16,R,1.9
20,2,1.2130199,1,44,R,0.9
20,2,0.9742611,1,16,R,1.4
20,2,0.5882886,1,100,R,2.3
20,2,0.5346582,1,72,R,1.8
20,2,0.7692336,1,44,R,1.6
20,2,0.5332543,1,72,R,1.3
20,2,0.7727287,1,44,R,1.3
20,2,0.5571036,1,72,R,1.6
20,2,0.5115706,1,44,R,1.4
20,2,0.5631273,1,44,R,1.1
20,2,1.1906947,0,16,R,2.3
20,2,0.5506486,1,72,R,1.8
20,2,0.5930625,1,100,R,2.3
20,2,0.5393513,1,100,R,2.3
20,2,0.5292461,1,44,R,1.6
20,2,0.5922338,1,16,R,1.1
20,3,0.5118297,1,100,R,0.9
20,3,0.7754575,1,16,R,1.3
20,3,0.596623,0,44,R,1.9
20,3,0.44427,1,44,R,2.3
20,3,0.6791235,0,44,R,1.9
20,3,0.424017,1,16,R,1.8
20,3,0.496313,1,44,R,1.3
20,3,0.8079302,0,16,R,1.3
20,3,0.5903631,1,44,R,1.8
20,3,0.7454435,1,44,R,0.9
20,3,0.564749,1,100,R,1.9
20,3,0.6278897,1,100,R,1.8
20,3,0.9341529,1,72,R,1.1
20,3,0.5272167,1,100,R,1.6
20,3,0.6061155,1,100,R,1.8
20,3,0.666223,1,72,R,0.9
20,3,1.023212,0,16,R,1.9
20,3,0.7074571,1,16,R,1.4
20,3,0.5062242,1,44,R,1.6
20,3,0.4383785,1,100,R,1.4
20,3,0.5913815,1,16,R,2.1
20,3,0.6763575,0,16,R,1.3
20,3,0.4190351,1,100,R,1.6
20,3,0.5172829,1,72,R,1.1
20,3,0.4717898,1,100,R,0.9
20,3,0.5173404,1,72,R,2.3
20,3,0.4963393,1,44,R,2.1
20,3,0.496453,1,44,R,1.6
20,3,0.4339374,1,72,R,1.4
20,3,0.9417969,1,16,R,2.1
20,3,0.5582525,1,16,R,1.3
20,3,0.773885,0,16,R,1.8
20,3,0.5396161,1,100,R,1.1
20,3,0.5508154,1,72,R,1.6
20,3,0.4909988,1,72,R,1.8
20,3,0.6475163,0,44,R,2.3
20,3,0.8093772,1,72,R,1.9
20,3,0.5232316,1,44,R,1.6
20,3,0.5235928,1,72,R,1.9
20,3,0.6580388,0,16,R,1.4
20,3,0.6633781,0,44,R,1.4
20,3,0.9508343,1,72,R,1.1
20,3,0.6621207,1,44,R,1.6
20,3,1.0846421,1,72,R,1.8
20,3,0.4741852,1,16,R,1.8
20,3,1.0917313,0,16,R,0.9
20,3,0.6284321,1,44,R,2.1
20,3,0.5554021,1,100,R,2.1
20,3,0.4897135,1,100,R,2.1
20,3,1.15889,1,16,R,1.9
20,3,0.4714723,1,100,R,1.3
20,3,0.5570898,1,16,R,1.9
20,3,0.4912066,1,16,R,1.6
20,3,0.5504458,1,100,R,1.8
20,3,0.5003282,1,72,R,1.4
20,3,0.3721238,1,100,R,1.6
20,3,0.7252686,0,16,R,1.9
20,3,1.4596447,0,16,R,2.3
20,3,0.5953927,1,100,R,1.9
20,3,0.8073545,0,16,R,0.9
20,3,0.7082331,1,16,R,1.9
20,3,0.5062,1,72,R,1.6
20,3,0.4167793,1,72,R,1.3
20,3,0.4287005,1,44,R,2.3
20,3,0.563684,1,44,R,1.9
20,3,0.9249957,0,16,R,1.9
20,3,0.4887994,1,44,R,1.8
20,3,0.5172686,1,72,R,1.6
20,3,0.4936185,1,100,R,2.3
20,3,0.6759157,0,16,R,2.3
20,3,0.7451478,1,44,R,1.4
20,3,0.5659954,1,72,R,1.4
20,3,0.3722331,1,100,R,1.4
20,3,0.4726364,1,100,R,1.8
20,3,0.5632197,1,44,R,1.9
20,4,0.6254574,1,16,R,1.1
20,4,0.6289128,1,44,R,1.4
20,4,0.4491712,1,72,R,1.4
20,4,0.5557799,1,16,R,1.6
20,4,0.3707901,1,72,R,2.1
20,4,0.4567438,1,16,R,2.1
20,4,0.5277466,1,100,R,0.9
20,4,0.4415202,1,16,R,1.1
20,4,0.316772,1,72,R,1.8
20,4,0.6086457,1,16,R,0.9
20,4,0.3567538,1,72,R,1.6
20,4,0.6939361,1,100,R,1.6
20,4,0.5286429,1,100,R,1.1
20,4,0.3783516,1,44,R,1.4
20,4,0.5571311,1,16,R,1.9
20,4,0.5898785,1,16,R,1.9
20,4,0.477274,1,44,R,2.3
20,4,0.3408161,1,16,R,2.3
20,4,0.6422208,1,16,R,1.1
20,4,0.4444627,1,100,R,1.8
20,4,0.4606966,1,44,R,1.1
20,4,0.4049842,1,44,R,1.1
20,4,0.5391534,1,72,R,1.9
20,4,0.4297429,1,44,R,2.1
20,4,0.6078106,1,16,R,1.4
20,4,0.5274847,1,100,R,1.4
20,4,0.5774123,1,100,R,1.3
20,4,0.4407646,1,16,R,1.6
20,4,0.3834152,1,72,R,1.6
20,4,0.5409122,1,16,R,1.4
20,4,0.5275319,1,100,R,2.1
20,4,0.3726655,1,100,R,2.3
20,4,0.8687438,0,44,R,0.9
20,4,0.5610645,1,44,R,2.1
20,4,0.4413444,1,16,R,1.4
20,4,0.3065237,1,16,R,1.8
20,4,0.4236266,1,16,R,2.1
20,4,0.3249264,1,16,R,1.1
20,4,0.4009417,1,72,R,2.1
20,4,0.5520124,1,44,R,1.9
20,4,0.3931272,1,16,R,1.3
20,4,0.5436577,1,100,R,1.1
20,4,0.4391412,1,16,R,1.3
20,4,0.6731274,1,44,R,1.1
20,4,0.5777798,1,100,R,1.3
20,4,0.6058946,1,100,R,1.4
20,4,0.3500029,1,72,R,2.1
20,4,0.3723299,1,44,R,1.1
20,4,0.4004404,1,72,R,1.9
20,4,0.5099388,1,100,R,1.3
20,4,0.4731037,1,44,R,1.3
20,4,0.4509895,1,72,R,1.6
20,4,0.4936873,1,100,R,1.3
20,4,0.4180032,1,72,R,1.9
20,4,0.5283587,1,100,R,1.1
20,4,0.3062887,1,44,R,1.3
20,4,0.3600082,1,100,R,2.1
20,4,0.3589525,1,16,R,1.1
20,4,0.7588463,0,16,R,0.9
20,4,0.4934588,1,100,R,1.6
20,4,0.528568,1,44,R,1.4
20,4,0.2395573,1,72,R,1.3
20,4,0.494694,1,72,R,2.1
20,4,0.9088373,0,16,R,2.3
20,4,0.3671967,1,72,R,1.1
20,4,0.4007166,1,72,R,1.4
20,4,0.3838104,1,72,R,1.6
20,4,0.4417352,1,16,R,1.3
20,4,0.3047323,1,100,R,2.3
20,4,0.4447954,1,100,R,1.9
20,4,0.2426674,1,72,R,1.1
20,4,0.4738202,1,16,R,1.3
20,4,0.6010956,1,72,R,0.9
20,4,0.6726498,1,100,R,1.9
20,4,0.4054396,1,100,R,0.9
20,4,0.4717594,1,44,R,1.3
21,1,0.6760794,1,100,R,1.4
21,1,0.9891704,1,44,R,1.3
21,1,1.1907471,1,72,R,0.9
21,1,0.7110702,1,100,R,1.1
21,1,0.639839,0,16,R,2.1
21,1,0.9526249,1,72,R,1.4
21,1,1.0392442,0,100,R,1.4
21,1,0.995922,1,44,R,2.1
21,1,0.8175868,1,72,R,1.3
21,1,0.8234985,1,16,R,1.9
21,1,0.663667,1,44,R,1.1
21,1,1.0062869,1,44,R,1.1
21,1,1.4012606,0,44,R,1.8
21,1,1.0234062,0,16,R,2.1
21,1,1.0473988,0,44,R,2.3
21,1,1.2904767,1,16,R,1.8
21,1,0.7632614,1,44,R,1.8
21,1,0.7200392,1,44,R,1.8
21,1,0.857975,0,16,R,1.1
21,1,1.1522034,1,72,R,1.3
21,1,1.3398448,1,16,R,1.1
21,1,0.9965891,1,44,R,1.9
21,1,1.1568526,1,100,R,1.6
21,1,1.2599325,0,100,R,1.3
21,1,0.7687201,1,72,R,1.8
21,1,1.2604079,1,100,R,1.9
21,1,0.8084352,1,100,R,1.9
21,1,0.84537,1,100,R,2.3
21,1,1.4247962,0,16,R,0.9
21,1,0.9514328,1,72,R,2.3
21,1,1.0071214,0,16,R,1.3
21,1,1.6558103,1,100,R,1.8
21,1,1.0060878,1,100,R,0.9
21,1,0.7771058,1,100,R,2.3
21,1,0.8672594,1,72,R,0.9
21,1,0.6168177,1,72,R,1.9
21,1,0.9416782,1,16,R,1.8
21,1,1.2524946,1,72,R,1.3
21,1,1.0393547,1,16,R,1.8
21,1,0.989102,1,44,R,0.9
21,1,1.190635,1,16,R,1.4
21,1,1.2401054,1,16,R,2.3
21,1,0.8966855,1,44,R,0.9
21,1,1.5412735,1,16,R,1.4
21,1,0.7734198,1,100,R,1.3
21,1,1.0540653,0,100,R,2.1
21,1,0.8627919,1,44,R,1.1
21,1,1.0573141,1,16,R,2.3
21,1,1.1092346,0,16,R,1.3
21,1,1.1019619,0,72,R,1.3
21,1,0.9895435,1,16,R,2.3
21,1,0.8161748,1,72,R,1.8
21,1,0.8884381,1,100,R,1.9
21,1,0.8781808,1,100,R,1.8
21,1,0.8739672,0,16,R,1.3
21,1,0.8456877,1,100,R,1.6
21,1,0.8120147,1,100,R,1.3
21,1,0.7413032,0,16,R,1.1
21,1,0.8443443,1,100,R,1.6
21,1,0.7413202,1,16,R,1.4
21,1,0.7285,1,100,R,1.1
21,1,0.8072297,1,44,R,1.3
21,1,1.0933762,1,100,R,1.4
21,1,0.7288879,1,44,R,2.1
21,1,0.7899223,0,16,R,1.6
21,1,0.7887639,1,100,R,2.3
21,1,0.9788995,0,44,R,1.9
21,1,0.757413,1,16,R,1.1
21,1,0.811772,1,44,R,1.3
21,1,1.0550707,0,100,R,1.9
21,1,1.1905245,1,16,R,0.9
21,1,1.1087424,1,16,R,1.8
21,1,0.6210098,1,100,R,0.9
21,1,0.6176899,1,72,R,1.4
21,1,0.6756299,1,100,R,1.3
21,1,0.7458548,0,44,R,1.1
21,1,1.2945148,1,44,R,0.9
21,1,1.4074956,1,16,R,1.1
21,1,1.3470463,1,44,R,1.1
21,2,0.9453486,1,44,R,1.6
21,2,0.8749617,1,16,R,1.6
21,2,1.1573038,0,16,R,1.3
21,2,1.0238856,1,16,R,1.3
21,2,0.9140051,0,44,R,2.3
21,2,1.1836805,1,72,R,1.4
21,2,1.6628003,1,44,R,1.6
21,2,0.6513036,1,72,R,1.1
21,2,1.0107581,0,100,R,1.3
21,2,1.09076,0,16,R,2.3
21,2,1.0634669,0,44,R,2.1
21,2,1.375014,1,16,R,1.3
21,2,0.7248549,0,16,R,2.1
21,2,1.4486902,0,44,R,1.4
21,2,0.7679577,1,72,R,2.3
21,2,1.0238658,1,72,R,2.1
21,2,0.7259767,0,16,R,1.6
21,2,0.7524593,0,72,R,1.3
21,2,0.562835,0,44,R,1.1
21,2,0.8606754,1,100,R,1.1
21,2,0.800861,1,72,R,1.1
21,2,0.912304,0,44,R,0.9
21,2,0.7952874,1,44,R,1.8
21,2,0.8500321,1,72,R,1.6
21,2,1.000828,1,72,R,1.9
21,2,0.7940612,1,100,R,1.4
21,2,0.7289354,1,44,R,2.3
21,2,0.7263694,0,16,R,0.9
21,2,0.7016612,0,72,R,1.8
21,2,0.9437608,1,100,R,0.9
21,2,0.8441893,1,100,R,1.1
21,2,0.7273716,1,100,R,2.3
21,2,0.6226259,1,100,R,1.4
21,2,0.6720631,1,100,R,2.1
21,2,0.6906394,1,16,R,1.4
21,2,1.0563259,1,44,R,1.8
21,2,0.8607317,1,100,R,2.3
21,2,0.8281705,1,100,R,2.1
21,2,1.4761588,0,16,R,1.6
21,2,0.7573095,1,100,R,1.6
21,2,0.7426175,1,16,R,1.1
21,2,1.133172,0,72,R,1.6
21,2,0.9795709,1,44,R,0.9
21,2,0.7571538,1,16,R,2.1
21,2,0.7238048,1,44,R,2.1
21,2,0.8131872,0,16,R,2.3
21,2,0.6049478,1,100,R,1.3
21,2,0.7217756,1,100,R,1.6
21,2,0.6961928,1,44,R,2.1
21,2,0.8006738,1,72,R,2.1
21,2,0.5452874,1,44,R,0.9
21,2,0.661612,0,44,R,2.1
21,2,0.5124777,0,44,R,1.8
21,2,0.6276831,1,100,R,2.1
21,2,0.6394621,0,100,R,1.1
21,2,0.6511967,1,72,R,2.1
21,2,0.6736779,1,44,R,1.1
21,2,0.6517506,1,72,R,1.8
21,2,1.1240697,0,16,R,1.6
21,2,0.5724611,1,100,R,1.3
21,2,0.6093757,1,100,R,2.1
21,2,0.566927,1,72,R,0.9
21,2,0.8405708,1,16,R,1.3
21,2,0.5922575,1,16,R,2.3
21,2,0.6179091,1,72,R,1.3
21,2,0.6834295,0,72,R,1.8
21,3,0.5927946,1,100,R,1.1
21,3,0.5885307,1,100,R,1.1
21,3,0.7958015,1,44,R,1.4
21,3,1.2451516,0,44,R,2.1
21,3,1.1404146,1,44,R,2.1
21,3,0.8420244,0,16,R,0.9
21,3,0.6603722,1,100,R,1.4
21,3,0.8174509,1,72,R,0.9
21,3,0.6608446,1,100,R,1.8
21,3,0.6725658,1,100,R,1.4
21,3,0.9588152,0,16,R,1.4
21,3,1.1242231,1,16,R,2.1
21,3,0.9450764,1,100,R,1.8
21,3,0.9230049,0,16,R,1.9
21,3,0.7399646,1,16,R,1.1
21,3,0.9260945,1,100,R,1.6
21,3,1.5581434,1,16,R,1.6
21,3,0.6570169,1,44,R,1.1
21,3,0.6739523,0,72,R,1.4
21,3,0.7038303,0,16,R,1.4
21,3,0.6942994,0,100,R,1.9
21,3,0.943595,1,100,R,0.9
21,3,0.9166772,1,72,R,2.3
21,3,0.7726531,1,100,R,1.4
21,3,0.9256384,0,16,R,1.3
21,3,1.1396624,1,16,R,1.6
21,3,0.8116975,1,100,R,2.1
21,3,0.817986,1,72,R,1.4
21,3,0.7532208,1,100,R,0.9
21,3,1.074656,1,16,R,0.9
21,3,0.9602528,1,100,R,1.4
21,3,0.7071318,1,16,R,1.3
21,3,0.7728987,1,16,R,1.8
21,3,0.5554623,1,100,R,1.4
21,3,0.5731816,0,16,R,1.3
21,3,0.7360491,0,72,R,1.8
21,3,1.0216886,0,100,R,0.9
21,3,1.329978,0,44,R,1.9
21,3,0.656774,1,44,R,1.9
21,3,0.6247674,0,16,R,1.6
21,3,0.5840457,1,72,R,2.1
21,3,0.5620364,1,44,R,2.3
21,3,0.688886,1,16,R,1.4
21,3,0.6965738,1,16,R,1.3
21,3,0.6838501,0,72,R,1.9
21,3,0.6962562,1,44,R,2.3
21,3,0.6448765,1,100,R,0.9
21,3,0.9067971,1,16,R,1.1
21,3,1.2980822,0,44,R,1.3
21,3,0.7221916,1,100,R,1.4
21,3,0.7677045,0,72,R,1.6
21,3,0.6235393,1,100,R,1.8
21,3,0.7390675,1,44,R,1.9
21,3,0.5500084,1,72,R,1.8
21,3,0.8381456,0,44,R,1.3
21,3,0.5217841,1,100,R,1.6
21,3,0.6611189,1,100,R,1.9
21,3,0.9252014,1,16,R,2.1
21,3,0.6592783,1,16,R,1.3
21,3,0.6280055,1,44,R,0.9
21,3,0.8895362,1,100,R,1.1
21,3,0.9272412,1,100,R,1.3
21,3,0.6841539,1,72,R,1.8
21,3,0.7414086,1,16,R,1.4
21,3,0.6009165,1,72,R,1.4
21,3,0.6059941,1,100,R,2.1
21,3,0.6442979,1,100,R,1.3
21,3,0.7993662,1,72,R,1.8
21,3,0.7281575,1,100,R,1.8
21,4,0.7843237,1,72,R,1.9
21,4,0.6547227,1,100,R,1.9
21,4,0.452313,1,72,R,1.6
21,4,0.9944183,1,100,R,1.8
21,4,0.9881918,1,100,R,1.1
21,4,0.7282806,0,44,R,1.9
21,4,0.5008821,1,72,R,2.3
21,4,0.5276164,1,100,R,1.6
21,4,0.552055,1,44,R,1.3
21,4,0.8179339,1,72,R,1.6
21,4,0.7244575,0,16,R,1.9
21,4,0.5720457,1,100,R,1.8
21,4,0.7625976,1,100,R,1.3
21,4,0.6895882,1,44,R,2.3
21,4,1.0740087,1,16,R,1.4
21,4,0.9242224,1,16,R,1.1
21,4,0.4850949,1,72,R,1.8
21,4,0.5934494,0,44,R,1.9
21,4,0.6949766,1,100,R,1.4
21,4,1.1410058,1,16,R,0.9
21,4,0.5548991,1,100,R,1.6
21,4,0.911926,1,44,R,1.6
21,4,0.7581063,1,16,R,1.1
21,4,0.533422,1,72,R,2.1
21,4,1.033619,1,100,R,1.3
21,4,0.9609547,1,100,R,1.8
21,4,0.8901408,1,44,R,2.3
21,4,0.6807091,1,44,R,2.1
21,4,1.0372598,0,44,R,1.3
21,4,1.3572028,0,16,R,1.1
21,4,0.8571272,1,16,R,1.1
21,4,0.7096317,1,100,R,1.4
21,4,0.4718947,1,100,R,0.9
21,4,0.5715196,1,100,R,2.1
21,4,0.5671709,0,72,R,1.6
21,4,0.4962732,1,44,R,1.9
21,4,0.432627,1,72,R,1.1
21,4,1.4960486,0,44,R,1.4
21,4,0.6237241,1,16,R,1.1
21,4,1.0010484,1,72,R,1.4
21,4,0.6922039,1,100,R,1.9
21,4,0.7107158,1,100,R,1.6
21,4,0.6071449,1,16,R,1.3
21,4,0.8296674,1,44,R,2.3
21,4,1.1556673,1,44,R,1.4
21,4,0.9574309,1,16,R,2.1
21,4,0.6783807,1,100,R,1.8
21,4,0.4589656,1,16,R,2.3
21,4,1.1903584,0,16,R,1.9
21,4,0.5190492,1,72,R,1.3
21,4,0.7161871,1,72,R,1.3
21,4,0.7465538,1,44,R,1.6
21,4,0.6958548,1,44,R,2.1
21,4,0.8442325,0,100,R,1.9
21,4,0.6743083,1,16,R,1.8
21,4,0.941892,0,16,R,2.1
21,4,0.6454949,1,44,R,1.4
21,4,0.9067573,1,44,R,1.3
21,4,0.4778566,1,100,R,1.8
21,4,0.5885442,1,100,R,1.9
21,4,0.5943896,1,100,R,2.3
21,4,0.6000364,1,72,R,1.8
21,4,0.4512414,1,72,R,2.3
21,4,0.4887351,1,100,R,1.1
21,4,0.5553892,1,100,R,1.6
21,4,0.7251243,1,16,R,2.1
21,4,0.5010745,1,72,R,2.1
21,4,0.5971588,1,16,R,1.8
21,4,0.6794698,1,44,R,2.1
21,4,0.4895541,1,100,R,1.3
21,4,1.0282529,0,44,R,1.1
21,4,0.4873865,1,100,R,2.3
21,4,0.5963209,1,44,R,2.1
21,4,0.5891955,0,16,R,1.6
21,4,0.6273885,1,100,R,1.6
22,1,0.4903873,1,100,R,2.1
22,1,0.6117485,1,100,R,2.1
22,1,0.5122405,1,44,R,1.4
22,1,0.5160552,1,72,R,2.3
22,1,0.5372382,1,16,R,1.1
22,1,0.4090638,1,44,R,1.1
22,1,0.4439753,1,44,R,2.1
22,1,0.5566732,1,16,R,2.1
22,1,0.4220027,1,100,R,1.6
22,1,0.3995344,1,72,R,2.3
22,1,0.6369323,1,44,R,1.9
22,1,0.6042779,1,44,R,1.4
22,1,0.421571,1,44,R,2.1
22,1,0.4227702,1,16,R,1.6
22,1,0.7291774,1,44,R,1.3
22,1,0.3397935,1,100,R,1.1
22,1,0.5436182,1,100,R,0.9
22,1,0.403131,1,44,R,1.6
22,1,0.4167127,1,72,R,2.1
22,1,0.7113927,1,44,R,2.3
22,1,0.4625217,1,72,R,1.9
22,1,0.5118193,1,44,R,0.9
22,1,0.4292097,1,44,R,2.1
22,1,0.4773712,1,100,R,1.9
22,1,0.3832204,1,72,R,1.1
22,1,0.501318,1,72,R,1.4
22,1,0.5080429,1,100,R,2.1
22,1,0.4396983,1,44,R,1.3
22,1,0.3604832,1,100,R,2.3
22,1,0.5118375,1,44,R,1.4
22,1,0.5111044,1,100,R,1.1
22,1,0.4103988,1,44,R,2.1
22,1,0.5949512,1,44,R,1.1
22,1,0.4717767,1,100,R,0.9
22,1,0.4570712,0,100,R,0.9
22,1,0.6085017,1,100,R,0.9
22,1,0.4378087,1,100,R,1.8
22,1,0.7019966,1,72,R,1.4
22,1,0.561818,1,44,R,1.6
22,1,0.4666909,1,72,R,0.9
22,1,0.6093533,1,100,R,1.1
22,1,0.5714892,1,44,R,1.4
22,1,0.382371,1,72,R,1.1
22,1,0.4288922,1,44,R,1.9
22,1,0.5728888,1,16,R,1.9
22,1,0.4638521,1,44,R,1.4
22,1,0.4059221,1,44,R,1.4
22,1,0.8823361,1,16,R,1.8
22,1,0.6726523,1,16,R,1.8
22,1,0.6077995,1,16,R,1.4
22,1,0.6251477,0,16,R,2.1
22,1,0.5554612,1,100,R,2.1
22,1,0.8295722,1,44,R,2.1
22,1,0.5555786,1,44,R,1.4
22,1,0.6608189,1,100,R,1.9
22,1,0.4728008,1,44,R,1.6
22,1,0.4844854,1,100,R,2.1
22,1,0.5065002,1,44,R,2.3
22,1,0.5145875,1,16,R,1.6
22,1,0.5118343,1,44,R,1.1
22,1,0.4330261,1,72,R,2.1
22,1,0.4934831,1,100,R,1.8
22,1,0.4678742,1,72,R,0.9
22,1,0.5755804,1,100,R,1.4
22,1,0.5288227,1,44,R,1.8
22,1,0.6245145,1,16,R,1.8
22,1,0.4211604,1,44,R,1.9
22,1,0.4126028,1,100,R,1.6
22,1,0.5450526,1,100,R,1.8
22,1,0.538821,1,44,R,1.3
22,1,0.4819666,1,100,R,1.6
22,1,0.6569417,1,16,R,1.4
22,2,0.5912352,1,100,R,2.1
22,2,0.6710616,1,16,R,0.9
22,2,0.5762475,1,44,R,2.1
22,2,1.1582572,1,16,R,2.1
22,2,0.5934659,1,44,R,1.1
22,2,0.5824462,1,72,R,1.4
22,2,0.7119373,1,44,R,1.8
22,2,0.549062,1,100,R,1.9
22,2,0.4552415,1,44,R,1.9
22,2,0.4630145,1,100,R,1.8
22,2,0.8064498,1,44,R,1.6
22,2,0.5361687,1,44,R,1.3
22,2,0.6955628,0,44,R,1.4
22,2,0.521576,1,16,R,1.1
22,2,0.6644845,1,72,R,1.9
22,2,0.4836497,1,72,R,0.9
22,2,0.520773,1,16,R,1.4
22,2,0.5250847,1,16,R,1.3
22,2,0.4949292,1,72,R,1.1
22,2,0.8389015,1,16,R,1.9
22,2,0.6167241,1,100,R,2.1
22,2,0.5534492,1,72,R,2.1
22,2,0.5840736,1,100,R,1.9
22,2,0.6754633,1,100,R,2.3
22,2,0.5868495,1,100,R,1.4
22,2,0.5346118,1,72,R,2.1
22,2,0.5220151,1,44,R,1.6
22,2,0.4838004,1,100,R,2.1
22,2,1.0275144,1,100,R,1.8
22,2,0.5828145,1,72,R,1.9
22,2,0.6388539,1,100,R,0.9
22,2,0.6007258,1,72,R,1.8
22,2,0.7587708,1,100,R,1.4
22,2,0.6135755,1,44,R,1.8
22,2,0.6915101,1,16,R,1.8
22,2,0.5010535,1,72,R,0.9
22,2,0.5610433,1,100,R,1.8
22,2,0.5151837,1,72,R,0.9
22,2,0.5486514,1,72,R,2.1
22,2,0.4003339,1,72,R,1.6
22,2,0.5220576,1,100,R,1.6
22,2,0.5195438,1,44,R,1.4
22,2,0.5175002,1,72,R,1.9
22,2,0.7395922,1,16,R,1.6
22,2,0.7811685,0,44,R,1.4
22,2,0.7883403,1,44,R,1.9
22,2,0.6466535,1,44,R,0.9
22,2,0.5429761,1,100,R,2.3
22,2,0.5773015,1,100,R,1.6
22,2,0.6951097,1,44,R,2.1
22,2,0.6300547,1,16,R,2.3
22,2,1.3427761,0,100,R,2.1
22,2,0.6048615,1,16,R,1.8
22,2,0.501198,1,72,R,1.9
22,2,0.6516808,1,100,R,2.3
22,2,0.5055238,1,16,R,1.6
22,2,0.7416103,1,16,R,1.6
22,2,0.7211703,1,44,R,1.9
22,2,0.8302222,1,16,R,2.3
22,2,0.9221513,1,16,R,1.3
22,2,0.5401479,1,16,R,2.1
22,2,0.5896335,1,44,R,2.1
22,2,0.5054204,1,44,R,1.8
22,2,0.4716502,1,100,R,0.9
22,2,0.5173225,1,72,R,1.6
22,2,0.5288025,1,44,R,1.3
22,2,0.4327714,1,72,R,1.6
22,2,0.4465571,1,44,R,1.4
22,2,0.608177,1,16,R,1.9
22,2,0.6669737,1,72,R,0.9
22,3,0.3622754,1,44,R,1.4
22,3,0.4139504,1,72,R,0.9
22,3,0.3204027,1,100,R,2.1
22,3,0.4409938,1,16,R,1.4
22,3,0.4573926,1,16,R,2.3
22,3,0.4513549,1,72,R,0.9
22,3,0.4897593,1,72,R,1.1
22,3,0.3498113,1,72,R,2.1
22,3,0.7737459,1,44,R,1.6
22,3,1.0151369,1,16,R,1.4
22,3,0.4891592,1,100,R,1.9
22,3,0.9250441,1,16,R,1.9
22,3,0.4744574,1,16,R,1.4
22,3,0.4732726,1,16,R,1.4
22,3,0.4003753,1,72,R,1.9
22,3,0.5275278,1,100,R,0.9
22,3,0.5224545,1,100,R,2.1
22,3,0.4130891,1,44,R,1.9
22,3,0.4222846,1,44,R,1.3
22,3,0.4848895,1,72,R,1.3
22,3,0.5234075,1,16,R,1.3
22,3,0.4839179,1,72,R,1.4
22,3,0.5005353,1,72,R,1.6
22,3,0.4342853,1,72,R,1.6
22,3,0.4773204,1,100,R,1.3
22,3,0.5608924,1,100,R,1.1
22,3,0.5414141,1,16,R,1.3
22,3,0.3569476,1,16,R,1.1
22,3,0.4215675,1,44,R,1.9
22,3,0.7742297,1,72,R,1.9
22,3,0.5556513,1,44,R,2.3
22,3,0.5966456,1,16,R,1.4
22,3,0.3214934,1,100,R,1.4
22,3,0.3718014,1,44,R,0.9
22,3,0.388614,1,100,R,2.1
22,3,0.506001,1,16,R,1.4
22,3,0.3881075,1,100,R,1.9
22,3,0.4563355,1,44,R,2.3
22,3,0.3733317,1,16,R,2.1
22,3,0.689449,1,16,R,2.3
22,3,0.4076915,1,44,R,2.3
22,3,0.4401198,1,44,R,1.8
22,3,0.4716513,1,44,R,2.3
22,3,0.4993758,1,72,R,1.3
22,3,0.5505191,1,72,R,1.9
22,3,0.4331704,1,72,R,0.9
22,3,0.5406389,1,16,R,1.8
22,3,0.46282,1,44,R,2.1
22,3,0.389641,1,100,R,2.3
22,3,0.538797,1,44,R,0.9
22,3,0.4227836,1,72,R,0.9
22,3,0.4946766,1,100,R,1.8
22,3,0.4510104,1,72,R,1.4
22,3,0.4548105,1,44,R,1.4
22,3,0.4768544,1,100,R,1.3
22,3,0.510273,1,100,R,1.9
22,3,0.447119,1,16,R,1.8
22,3,0.3887764,1,44,R,1.9
22,3,0.5434353,1,100,R,1.8
22,3,0.6785126,1,100,R,1.1
22,3,0.4614634,1,44,R,1.3
22,3,0.3796275,1,44,R,2.1
22,4,0.6607213,1,100,R,1.3
22,4,0.5412569,1,100,R,2.1
22,4,0.54447,1,100,R,2.1
22,4,0.512164,1,44,R,1.4
22,4,0.5504941,1,72,R,2.3
22,4,0.4866566,1,16,R,1.1
22,4,0.4596273,1,44,R,1.1
22,4,0.4776622,1,44,R,2.1
22,4,0.523892,1,16,R,2.1
22,4,0.3544871,1,100,R,1.6
22,4,0.3321445,1,72,R,2.3
22,4,0.4557742,1,44,R,1.9
22,4,0.7049879,1,44,R,1.4
22,4,0.4390012,1,44,R,2.1
22,4,0.4395101,1,16,R,1.6
22,4,0.4634715,1,44,R,1.3
22,4,0.3544394,1,100,R,1.1
22,4,0.5446274,1,100,R,0.9
22,4,0.4538276,1,44,R,1.6
22,4,0.5179696,1,72,R,2.1
22,4,0.5268897,1,44,R,2.3
22,4,0.5139934,1,72,R,1.9
22,4,0.6622457,1,44,R,0.9
22,4,0.7116064,1,44,R,2.1
22,4,0.561352,1,100,R,1.9
22,4,0.4170216,1,72,R,1.1
22,4,0.5167163,1,72,R,1.4
22,4,0.5086057,1,100,R,2.1
22,4,0.5574988,1,44,R,1.3
22,4,0.361363,1,100,R,2.3
22,4,0.4279771,1,44,R,1.4
22,4,0.5447989,1,100,R,1.1
22,4,0.5783976,1,44,R,2.1
22,4,0.4775659,1,44,R,1.1
22,4,0.5382832,1,100,R,0.9
22,4,0.5718241,1,100,R,0.9
22,4,0.5617064,1,100,R,0.9
22,4,0.4049167,1,100,R,1.8
22,4,0.5345839,1,72,R,1.4
22,4,0.4454284,1,44,R,1.6
22,4,0.6165136,1,72,R,0.9
22,4,0.5935719,1,100,R,1.1
22,4,0.6054149,1,44,R,1.4
22,4,0.5667732,1,72,R,1.1
22,4,0.8283869,1,44,R,1.9
22,4,0.5751146,1,16,R,1.9
22,4,0.8298377,1,44,R,1.4
22,4,0.6063584,1,44,R,1.4
22,4,0.5984012,1,16,R,1.8
22,4,0.4571442,1,16,R,1.8
22,4,0.5752396,0,16,R,1.4
22,4,0.689557,0,16,R,2.1
22,4,0.3380022,1,100,R,2.1
22,4,0.5144649,1,44,R,2.1
22,4,0.7643687,0,44,R,1.4
22,4,0.5940284,1,100,R,1.9
22,4,0.5558402,1,44,R,1.6
22,4,0.4838286,1,100,R,2.1
22,4,0.4067515,1,44,R,2.3
22,4,0.5135976,0,16,R,1.6
22,4,0.5115973,1,44,R,1.1
22,4,0.6015304,1,72,R,2.1
22,4,0.610029,1,100,R,1.8
22,4,0.4500822,1,72,R,0.9
22,4,0.5594065,1,100,R,1.4
22,4,0.3791978,1,44,R,1.8
22,4,0.6055264,1,16,R,1.8
22,4,0.4052916,1,44,R,1.9
22,4,0.4295599,1,100,R,1.6
22,4,0.4449553,1,100,R,1.8
22,4,0.5565472,1,44,R,1.3
22,4,0.4670991,1,100,R,1.6
22,4,0.4067604,1,16,R,1.4
23,1,0.5416477,0,16,R,1.8
23,1,0.4996733,1,72,R,0.9
23,1,0.9302908,0,44,R,1.9
23,1,0.449618,1,72,R,1.9
23,1,0.4899188,1,44,R,1.6
23,1,0.4577158,1,72,R,1.8
23,1,0.5451762,1,100,R,1.3
23,1,0.7348148,0,72,R,1.8
23,1,0.4566589,1,16,R,1.8
23,1,0.3745425,1,16,R,0.9
23,1,0.4296648,1,44,R,2.1
23,1,0.4170809,1,72,R,1.6
23,1,0.3843392,1,72,R,2.1
23,1,0.3553358,1,100,R,2.1
23,1,0.3393589,1,100,R,2.1
23,1,0.4040578,1,100,R,2.1
23,1,0.4211943,1,44,R,1.8
23,1,0.4123893,1,100,R,1.6
23,1,0.5735679,0,16,R,1.3
23,1,0.4380515,1,100,R,1.3
23,1,0.5087281,1,16,R,1.8
23,1,0.4893092,1,44,R,0.9
23,1,0.379055,1,100,R,1.9
23,1,0.3992784,1,72,R,1.3
23,1,0.4796413,1,44,R,2.3
23,1,0.8068504,1,16,R,1.6
23,1,0.8478434,0,16,R,0.9
23,1,0.5778714,1,100,R,1.8
23,1,0.839125,1,16,R,1.9
23,1,0.3724635,1,100,R,1.9
23,1,0.4889643,1,44,R,2.1
23,1,0.4552361,1,100,R,1.3
23,1,0.7075222,1,16,R,1.8
23,1,0.5935182,1,100,R,1.9
23,1,0.4468194,1,44,R,1.4
23,1,0.4239623,1,16,R,1.6
23,1,0.5747359,1,16,R,0.9
23,1,0.5465482,0,16,R,0.9
23,1,0.606457,1,16,R,1.1
23,1,0.7501595,1,72,R,1.9
23,1,0.4556095,1,16,R,1.8
23,1,0.4584691,1,16,R,1.1
23,1,0.500191,1,72,R,1.8
23,1,0.4205556,1,100,R,1.1
23,1,0.6104384,1,100,R,1.9
23,1,0.6013665,1,100,R,1.8
23,1,0.6906383,1,16,R,1.3
23,1,0.483301,1,72,R,1.4
23,1,0.5446513,1,100,R,1.9
23,1,0.6979565,1,16,R,2.1
23,1,0.6410493,1,16,R,1.3
23,1,1.190999,1,16,R,1.6
23,1,0.4403052,1,44,R,1.4
23,1,0.6512694,1,72,R,2.3
23,1,0.6098315,1,44,R,1.9
23,1,0.4757033,1,16,R,1.9
23,1,0.9030069,0,72,R,1.6
23,1,0.4726723,1,44,R,1.4
23,1,0.6842253,0,72,R,1.8
23,1,0.5486391,1,72,R,1.9
23,1,0.4547952,1,100,R,1.1
23,1,0.559954,1,100,R,1.6
23,1,0.5287861,1,44,R,1.6
23,1,0.4386703,1,100,R,0.9
23,1,0.5277486,1,100,R,1.1
23,1,0.5077569,1,44,R,2.1
23,2,0.925732,1,100,R,1.8
23,2,0.4204771,1,16,R,1.8
23,2,0.4896623,1,100,R,1.8
23,2,0.2987351,1,72,R,1.9
23,2,0.511455,1,100,R,1.3
23,2,0.3523726,1,100,R,1.1
23,2,0.4727387,1,16,R,1.8
23,2,0.7836105,0,44,R,1.8
23,2,0.4258795,1,100,R,2.3
23,2,0.4275714,1,100,R,1.8
23,2,1.0847566,1,72,R,1.8
23,2,0.2416217,1,100,R,2.1
23,2,0.4545061,1,16,R,2.1
23,2,0.3993715,1,100,R,1.6
23,2,0.3433298,1,100,R,2.3
23,2,0.3743971,1,16,R,1.8
23,2,0.3491378,1,72,R,1.4
23,2,0.2961159,1,72,R,2.1
23,2,0.5405086,0,16,R,1.8
23,2,0.3171373,1,72,R,1.3
23,2,0.4599429,0,44,R,1.6
23,2,0.632634,1,100,R,1.6
23,2,0.598504,1,72,R,1.9
23,2,0.746438,1,44,R,2.1
23,2,0.6253185,0,16,R,1.3
23,2,0.5456319,1,100,R,1.8
23,2,0.461779,1,44,R,0.9
23,2,0.5811538,1,100,R,0.9
23,2,0.5225916,1,44,R,1.6
23,2,0.4802954,1,44,R,1.3
23,2,0.4216669,1,100,R,2.3
23,2,0.5150891,1,16,R,1.1
23,2,0.5916525,1,16,R,0.9
23,2,0.4740746,1,16,R,0.9
23,2,0.6414237,1,16,R,0.9
23,2,0.5744589,1,16,R,1.1
23,2,0.3887008,1,100,R,2.3
23,2,0.4906431,1,44,R,1.3
23,2,0.4475392,1,100,R,1.3
23,2,0.3497193,1,72,R,1.6
23,2,0.3058031,1,100,R,1.1
23,2,0.479531,0,44,R,1.6
23,2,0.3069677,1,16,R,1.4
23,2,0.6215882,1,16,R,1.9
23,2,0.4238968,1,16,R,1.8
23,2,0.430205,1,44,R,2.3
23,2,0.3576609,1,72,R,2.1
23,2,0.3671691,1,72,R,1.6
23,2,0.4541743,1,44,R,1.6
23,2,0.4648184,1,16,R,2.1
23,2,0.4610107,1,100,R,1.3
23,2,0.3885823,1,100,R,2.3
23,2,0.4945675,1,100,R,1.4
23,2,0.3678034,1,72,R,1.6
23,2,0.4716742,1,44,R,2.3
23,2,0.4966417,1,72,R,1.3
23,2,0.4634204,0,44,R,1.3
23,2,0.6604617,0,100,R,1.1
23,2,0.3889367,1,100,R,1.3
23,2,0.4723996,1,44,R,0.9
23,2,0.3958889,1,100,R,1.1
23,2,1.6850711,0,100,R,0.9
23,2,0.5275196,1,100,R,1.4
23,2,0.5614353,1,44,R,2.1
23,2,0.4055592,1,100,R,2.3
23,2,0.5421891,1,16,R,1.3
23,2,0.471378,0,44,R,2.1
23,2,0.4329755,1,72,R,2.1
23,2,0.5612617,1,100,R,1.6
23,2,0.3796104,1,44,R,1.3
23,2,0.5754876,0,16,R,1.4
23,2,0.4552694,1,44,R,0.9
23,2,0.4587232,1,16,R,0.9
23,2,0.4578451,1,16,R,1.4
23,2,0.466262,1,72,R,2.1
23,2,0.2905994,1,100,R,0.9
23,2,0.4579563,1,16,R,2.1
23,2,0.4891068,1,44,R,1.4
23,3,0.2905028,1,16,R,1.6
23,3,0.3299128,1,72,R,1.4
23,3,0.3676124,1,72,R,2.3
23,3,0.4422138,1,100,R,2.3
23,3,0.4580548,1,72,R,2.1
23,3,0.3797893,1,44,R,2.1
23,3,0.3006626,1,72,R,1.8
23,3,0.4069812,1,16,R,0.9
23,3,0.4445847,0,44,R,1.4
23,3,0.3644856,1,16,R,1.1
23,3,0.406298,1,44,R,0.9
23,3,0.4457131,0,44,R,1.1
23,3,0.3945345,1,44,R,1.8
23,3,0.4074516,1,16,R,1.8
23,3,0.384663,1,72,R,1.8
23,3,0.4903282,1,16,R,1.8
23,3,0.3839711,1,72,R,1.9
23,3,0.7849861,1,72,R,2.1
23,3,0.6717792,1,44,R,1.8
23,3,0.3068408,1,72,R,1.4
23,3,0.7463289,0,16,R,1.9
23,3,0.4353265,1,72,R,1.8
23,3,0.6984857,0,16,R,1.4
23,3,0.4774203,1,44,R,2.1
23,3,0.4386421,1,44,R,1.4
23,3,0.4047955,1,100,R,1.1
23,3,0.4172939,1,72,R,1.3
23,3,0.4052659,1,100,R,0.9
23,3,0.588467,1,44,R,0.9
23,3,0.6107306,1,100,R,1.3
23,3,0.4049092,1,100,R,1.3
23,3,0.7507984,1,72,R,1.8
23,3,0.3546042,1,100,R,1.9
23,3,0.4124122,1,44,R,1.8
23,3,0.4505073,1,72,R,2.1
23,3,0.4177752,1,72,R,1.1
23,3,0.3731291,1,16,R,1.8
23,3,0.5436069,1,100,R,0.9
23,3,0.4892572,1,16,R,1.8
23,3,0.5602036,1,100,R,1.4
23,3,0.474962,1,16,R,2.1
23,3,0.4295668,1,44,R,1.1
23,3,0.5429946,1,100,R,1.9
23,3,0.4071387,1,16,R,2.3
23,3,0.3723444,1,100,R,2.1
23,3,0.7254013,1,16,R,2.1
23,3,0.4903282,1,16,R,2.1
23,3,0.4563608,1,44,R,2.3
23,3,0.4148112,1,16,R,0.9
23,3,0.4557008,1,100,R,0.9
23,3,0.739385,1,44,R,1.4
23,3,0.4505754,1,72,R,1.3
23,3,0.4659018,1,72,R,1.1
23,3,0.4511643,1,100,R,0.9
23,3,0.6386295,1,44,R,2.3
23,3,0.6149416,1,16,R,2.3
23,3,0.5407593,1,44,R,1.3
23,3,0.4278926,1,44,R,1.8
23,3,0.4503936,1,72,R,2.1
23,3,0.5738903,0,16,R,2.3
23,3,1.0754035,0,16,R,0.9
23,3,0.523067,1,16,R,1.8
23,3,0.5440049,1,100,R,1.4
23,3,0.488839,1,44,R,1.6
23,3,0.5850467,1,72,R,2.3
23,3,0.47299,0,16,R,2.3
23,3,0.7249058,0,16,R,1.9
23,3,0.5776895,1,100,R,2.1
23,3,0.5218678,1,100,R,2.3
23,3,0.3555616,1,100,R,1.9
23,3,0.475988,1,16,R,1.6
23,3,0.5930393,1,100,R,1.9
23,3,0.5750506,1,16,R,1.3
23,3,0.4839517,1,72,R,1.4
23,4,0.3820065,1,72,R,1.6
23,4,0.5076035,1,44,R,1.4
23,4,0.4826878,1,72,R,1.8
23,4,0.4466648,1,44,R,1.6
23,4,0.4142806,1,72,R,1.4
23,4,0.734447,1,100,R,2.1
23,4,0.5643841,1,72,R,1.1
23,4,0.5523799,1,100,R,1.4
23,4,0.451476,1,100,R,1.6
23,4,0.6412074,1,16,R,2.3
23,4,0.4511758,1,72,R,2.3
23,4,0.6898339,1,16,R,2.1
23,4,0.6920235,1,16,R,2.1
23,4,0.4864058,1,72,R,1.6
23,4,0.7732258,0,16,R,1.3
23,4,0.7016993,1,72,R,1.1
23,4,0.6104905,1,100,R,1.4
23,4,0.5755154,1,16,R,1.9
23,4,0.6557753,1,16,R,1.3
23,4,1.0407134,1,44,R,1.8
23,4,0.6665099,1,44,R,1.6
23,4,0.8006259,1,100,R,1.1
23,4,0.4357736,1,100,R,1.4
23,4,0.6013834,1,72,R,1.1
23,4,0.683083,1,72,R,1.9
23,4,0.4556944,1,44,R,1.3
23,4,0.4893099,1,72,R,1.6
23,4,0.6106685,1,100,R,1.3
23,4,0.6402453,1,16,R,0.9
23,4,0.5130529,0,44,R,1.8
23,4,0.3836997,1,72,R,1.3
23,4,0.5657886,1,72,R,1.9
23,4,0.7571501,1,16,R,2.1
23,4,0.7392115,1,100,R,2.3
23,4,1.0781297,1,100,R,0.9
23,4,0.486635,1,100,R,1.4
23,4,0.4834145,1,72,R,2.1
23,4,0.416039,1,72,R,1.6
23,4,0.4561981,1,100,R,2.1
23,4,0.6797731,0,44,R,1.1
23,4,0.6075404,1,16,R,2.1
23,4,0.5175802,1,72,R,1.6
23,4,0.6291201,1,44,R,1.1
23,4,0.7714896,1,44,R,1.9
23,4,0.4282562,1,100,R,1.1
23,4,0.7279114,1,44,R,1.1
23,4,0.6609835,1,44,R,1.9
23,4,0.524183,1,44,R,1.9
23,4,0.9201365,0,72,R,2.3
23,4,0.9561286,1,44,R,1.8
23,4,0.5900275,1,72,R,1.6
23,4,0.5684565,1,72,R,1.8
23,4,0.4886305,1,100,R,1.3
23,4,0.5696389,1,44,R,2.3
23,4,0.8514451,1,72,R,2.3
23,4,0.6413391,1,16,R,1.4
23,4,0.5016888,1,72,R,1.1
23,4,0.4833911,1,72,R,1.8
23,4,0.5912527,1,16,R,2.1
23,4,0.5545982,1,100,R,1.1
23,4,0.551671,1,72,R,1.8
23,4,0.6336133,1,72,R,2.1
23,4,1.4694906,0,72,R,1.9
23,4,0.4454866,1,100,R,1.4
23,4,0.4558366,1,44,R,1.4
23,4,0.4619873,1,100,R,0.9
23,4,0.8565655,1,16,R,1.6
23,4,0.5605841,1,100,R,1.6
23,4,0.4667451,1,72,R,1.3
23,4,0.6406475,0,16,R,1.9
24,1,0.5101695,0,44,R,1.4
24,1,0.5428384,1,16,R,1.1
24,1,0.3297545,1,72,R,2.1
24,1,0.3415552,1,44,R,1.6
24,1,0.4065286,1,16,R,2.3
24,1,0.3620046,1,100,R,1.4
24,1,0.5713005,1,16,R,2.1
24,1,0.3600102,0,44,R,1.9
24,1,0.3466535,1,44,R,1.1
24,1,0.3156987,1,72,R,1.9
24,1,0.3256106,1,16,R,1.3
24,1,0.5834936,1,72,R,2.3
24,1,0.4055838,1,44,R,2.3
24,1,0.3471486,1,16,R,1.9
24,1,0.3731168,1,100,R,1.1
24,1,0.36693,1,72,R,2.3
24,1,0.5747792,1,16,R,1.9
24,1,0.4135557,1,44,R,1.9
24,1,0.4418814,1,44,R,1.3
24,1,0.628217,1,16,R,1.3
24,1,0.4185629,1,72,R,1.4
24,1,0.368229,1,72,R,1.6
24,1,0.3914557,1,44,R,2.1
24,1,0.4651545,1,44,R,1.9
24,1,0.5452201,1,16,R,2.3
24,1,0.6098629,1,16,R,1.4
24,1,0.3978391,1,44,R,1.9
24,1,0.5606095,1,16,R,1.1
24,1,0.6609902,0,16,R,2.3
24,1,0.5794268,1,100,R,2.1
24,1,0.4063047,1,16,R,1.8
24,1,0.5745795,1,16,R,1.3
24,1,0.7255456,1,100,R,1.6
24,1,0.416344,1,72,R,2.3
24,1,0.5637121,0,16,R,0.9
24,1,0.420074,1,44,R,2.1
24,1,0.390333,1,72,R,0.9
24,1,0.4179584,1,72,R,1.8
24,1,0.4233039,1,16,R,1.9
24,1,0.3234818,1,100,R,1.9
24,1,0.4077185,1,16,R,1.6
24,1,0.4885149,1,44,R,1.8
24,1,0.5197987,1,44,R,2.1
24,1,0.4904757,1,16,R,2.3
24,1,0.4915739,0,16,R,1.6
24,1,0.3326977,1,72,R,1.8
24,1,0.3296894,1,44,R,0.9
24,1,0.5275343,1,100,R,1.4
24,1,0.5238135,1,44,R,1.8
24,1,0.4478777,0,44,R,1.8
24,1,0.4291911,1,44,R,1.6
24,1,0.3493421,1,72,R,0.9
24,1,0.30599,1,100,R,1.3
24,1,0.2670674,1,72,R,1.9
24,1,0.443731,0,16,R,2.3
24,1,0.4220718,1,16,R,1.9
24,1,0.4970041,1,44,R,1.9
24,1,0.3340674,1,72,R,2.1
24,1,0.3621878,1,44,R,0.9
24,1,0.3948942,1,44,R,1.1
24,1,0.3952084,0,44,R,1.4
24,1,0.6177951,1,72,R,1.8
24,1,0.445323,1,44,R,1.3
24,1,0.4402258,1,16,R,0.9
24,1,0.6063286,1,44,R,1.3
24,1,0.6421335,0,16,R,1.1
24,1,0.440245,0,16,R,1.3
24,1,0.5463569,0,44,R,1.6
24,1,0.3505981,1,72,R,1.9
24,1,0.3338903,1,72,R,0.9
24,2,0.3584473,1,16,R,1.6
24,2,0.3959624,0,16,R,1.8
24,2,0.3759647,1,44,R,2.1
24,2,0.339024,1,100,R,1.9
24,2,0.3072333,1,44,R,2.1
24,2,0.2907855,1,72,R,1.9
24,2,0.5395889,1,16,R,2.1
24,2,0.5579078,1,16,R,2.1
24,2,0.36875,1,72,R,2.3
24,2,0.5237569,1,100,R,1.3
24,2,0.5251173,1,16,R,1.8
24,2,0.3629317,1,44,R,1.8
24,2,0.5121829,0,44,R,0.9
24,2,0.3170997,1,72,R,2.3
24,2,0.3398268,1,16,R,1.6
24,2,0.3502655,1,72,R,1.9
24,2,0.3226272,1,100,R,0.9
24,2,0.5738716,1,16,R,0.9
24,2,0.3042402,1,44,R,0.9
24,2,0.4171814,1,44,R,1.6
24,2,0.3328484,1,72,R,1.3
24,2,0.5061101,1,44,R,1.8
24,2,0.4501448,1,100,R,2.1
24,2,0.3399343,1,16,R,1.3
24,2,0.5102413,1,100,R,1.1
24,2,0.3554046,1,44,R,2.1
24,2,0.332415,1,72,R,1.1
24,2,0.3392623,1,44,R,0.9
24,2,0.2320382,1,100,R,1.3
24,2,0.3847048,1,72,R,1.3
24,2,0.4547923,1,44,R,1.1
24,2,0.3460249,1,16,R,1.9
24,2,0.5796969,1,16,R,2.1
24,2,0.4884576,1,44,R,1.4
24,2,0.4172104,1,72,R,1.1
24,2,0.3323358,1,72,R,0.9
24,2,0.4605205,1,100,R,1.6
24,2,0.567032,1,72,R,1.6
24,2,0.4177474,1,72,R,2.1
24,2,0.4720209,1,44,R,2.1
24,2,0.3743218,1,72,R,1.9
24,2,0.4072206,1,44,R,1.4
24,2,0.5279385,1,100,R,1.9
24,2,0.3720469,1,100,R,1.8
24,2,0.4776597,1,100,R,0.9
24,2,0.4881258,1,44,R,0.9
24,2,0.5732666,1,72,R,1.6
24,2,0.3833874,1,72,R,1.1
24,2,0.4995899,1,72,R,1.4
24,2,0.5722138,1,44,R,0.9
24,2,0.4240994,1,72,R,1.3
24,2,0.6332627,1,72,R,1.4
24,2,0.4011412,1,72,R,1.1
24,2,0.3580764,1,16,R,1.9
24,2,0.5394894,1,100,R,2.1
24,2,0.5615977,1,100,R,1.8
24,2,0.3677205,1,72,R,0.9
24,2,0.384726,1,72,R,2.1
24,2,0.6059746,1,100,R,1.3
24,2,0.4274861,1,100,R,1.1
24,2,0.5084346,0,16,R,1.4
24,2,0.4401638,1,44,R,1.1
24,2,0.451009,1,72,R,1.9
24,2,0.5749218,0,16,R,1.8
24,2,0.5338031,1,72,R,1.1
24,2,0.4379034,1,100,R,1.9
24,2,0.4338159,1,72,R,2.1
24,2,0.3959011,1,44,R,1.8
24,2,0.4575388,1,16,R,2.3
24,2,0.5572434,1,16,R,0.9
24,2,0.4893899,1,44,R,2.1
24,2,0.4124318,1,44,R,2.1
24,2,0.5168255,1,72,R,0.9
24,2,0.4943323,1,44,R,2.3
24,2,0.4583427,1,16,R,2.1
24,2,0.3388891,1,100,R,1.3
24,2,0.4843131,1,72,R,1.3
24,2,0.4006262,1,72,R,1.4
24,2,0.6466058,1,16,R,1.4
24,2,0.4299506,1,44,R,2.3
24,2,0.3496827,1,72,R,1.4
24,3,0.4376982,0,16,R,1.3
24,3,0.3172613,1,72,R,1.3
24,3,0.3560283,1,44,R,1.1
24,3,0.3643091,1,16,R,1.3
24,3,0.5416775,0,16,R,1.8
24,3,0.3611341,1,44,R,1.1
24,3,0.4107663,1,100,R,0.9
24,3,0.3335211,1,72,R,1.6
24,3,0.316295,1,72,R,0.9
24,3,0.406415,1,100,R,1.6
24,3,0.4081935,1,72,R,1.1
24,3,0.3984333,1,72,R,2.3
24,3,0.3352091,1,72,R,1.3
24,3,0.4546348,1,44,R,1.1
24,3,0.3781973,1,44,R,1.6
24,3,0.4932348,1,100,R,1.6
24,3,0.4738582,1,16,R,2.3
24,3,0.5749349,1,16,R,1.8
24,3,0.4738743,0,16,R,2.1
24,3,0.3561637,1,100,R,1.1
24,3,0.4076437,1,16,R,1.8
24,3,0.423622,1,16,R,2.3
24,3,0.5409545,1,16,R,2.3
24,3,0.4341157,1,72,R,2.1
24,3,0.3401742,1,16,R,1.1
24,3,0.3162483,1,72,R,1.4
24,3,0.304075,1,100,R,1.8
24,3,0.6575927,0,16,R,2.1
24,3,0.5742512,1,16,R,1.3
24,3,0.37194,1,100,R,2.1
24,3,0.357265,1,16,R,1.6
24,3,0.4565533,1,16,R,1.4
24,3,0.3555276,1,44,R,2.1
24,3,0.476703,1,100,R,0.9
24,3,0.3042458,1,100,R,0.9
24,3,0.428164,1,100,R,1.6
24,3,0.5416442,1,16,R,2.1
24,3,0.3353692,1,44,R,1.9
24,3,0.3744653,1,16,R,1.8
24,3,0.5063455,1,44,R,2.3
24,3,0.494525,1,100,R,1.8
24,3,0.3219071,1,100,R,1.6
24,3,0.3160535,1,72,R,1.1
24,3,0.4066223,1,72,R,2.1
24,3,0.5949855,0,44,R,1.9
24,3,1.0587626,1,16,R,1.4
24,3,0.4501158,1,72,R,1.1
24,3,0.5904354,1,72,R,1.8
24,3,0.7912655,1,16,R,2.1
24,3,0.349193,1,72,R,1.9
24,3,0.5129661,1,44,R,1.6
24,3,0.3568216,1,16,R,2.1
24,3,0.8906066,1,16,R,1.1
24,3,0.8251643,1,16,R,1.9
24,3,0.4776268,1,100,R,2.3
24,3,0.4396511,1,72,R,1.6
24,3,0.6446084,1,100,R,1.1
24,3,0.444602,1,44,R,2.1
24,3,0.3892757,1,100,R,1.6
24,3,0.4603041,1,100,R,1.1
24,3,0.7569383,0,16,R,1.3
24,3,0.5563033,0,16,R,1.1
24,3,0.5609942,1,100,R,2.3
24,3,0.5595901,1,16,R,1.8
24,3,0.5547718,1,100,R,1.1
24,3,0.5273511,1,100,R,1.6
24,3,0.4937918,1,100,R,1.9
24,3,0.5447679,1,100,R,1.8
24,3,0.568743,0,72,R,1.8
24,3,0.541914,1,100,R,1.4
24,3,0.3211493,1,100,R,1.1
24,3,0.4177033,1,72,R,1.1
24,3,0.3836365,1,72,R,1.3
24,3,0.6079792,1,16,R,1.1
24,3,0.3787409,1,44,R,1.6
24,4,0.4454086,1,72,R,2.3
24,4,0.3824169,1,72,R,1.9
24,4,0.3290067,1,44,R,0.9
24,4,0.625547,0,16,R,2.3
24,4,0.3677715,1,72,R,1.6
24,4,0.339628,1,100,R,1.3
24,4,0.5610283,1,100,R,1.4
24,4,0.4050721,1,44,R,2.1
24,4,0.2958547,1,100,R,1.9
24,4,0.3488309,1,72,R,0.9
24,4,0.5166534,1,72,R,2.1
24,4,0.3392592,1,72,R,2.1
24,4,0.4633912,1,44,R,1.4
24,4,0.3668374,1,72,R,1.6
24,4,0.4433036,1,100,R,1.3
24,4,0.3938505,1,100,R,2.1
24,4,0.3723167,1,16,R,1.4
24,4,0.5327209,1,72,R,1.8
24,4,0.2410292,1,100,R,1.8
24,4,0.4244372,0,16,R,1.8
24,4,0.3930574,1,16,R,1.8
24,4,0.423626,1,16,R,2.1
24,4,0.3322231,1,72,R,2.1
24,4,0.3182639,1,72,R,1.9
24,4,0.3499791,1,72,R,1.8
24,4,0.2327573,1,72,R,2.1
24,4,0.3397211,1,44,R,1.8
24,4,0.3133475,1,100,R,1.8
24,4,0.3349852,1,72,R,2.1
24,4,0.357433,1,16,R,1.4
24,4,0.3936544,1,100,R,1.4
24,4,0.3412682,1,16,R,1.4
24,4,0.3440597,1,100,R,1.6
24,4,0.3219158,1,44,R,1.6
24,4,0.3629918,1,16,R,0.9
24,4,0.3269677,1,44,R,1.8
24,4,0.3337886,1,72,R,1.6
24,4,0.2578699,1,100,R,1.9
24,4,0.2370704,1,72,R,1.1
24,4,0.658162,0,16,R,1.9
24,4,0.4054584,1,100,R,1.1
24,4,0.4903806,0,16,R,2.1
24,4,0.725095,0,16,R,1.6
24,4,0.3441533,1,44,R,1.4
24,4,0.5248933,0,16,R,1.6
24,4,0.6055952,1,100,R,1.9
24,4,0.7074475,1,16,R,1.8
24,4,0.3839565,1,72,R,1.6
24,4,0.411486,1,44,R,1.1
24,4,0.5099369,1,100,R,1.4
24,4,0.4581832,1,16,R,1.4
24,4,0.3735148,1,16,R,1.9
24,4,0.4944057,1,100,R,1.8
24,4,0.3158646,1,72,R,1.1
24,4,0.3379295,1,100,R,1.3
24,4,0.5406924,1,16,R,1.6
24,4,0.3725204,1,44,R,2.3
24,4,0.3629856,1,44,R,1.4
24,4,0.4276709,1,100,R,1.1
24,4,0.6235179,1,16,R,1.6
24,4,0.6089429,0,16,R,1.6
24,4,0.440892,1,16,R,1.8
24,4,0.4502738,1,72,R,1.8
24,4,0.305032,1,100,R,2.3
24,4,0.4083424,1,16,R,1.9
24,4,0.4074427,1,44,R,2.1
24,4,0.3752343,1,72,R,1.8
24,4,0.3902587,1,44,R,2.3
24,4,0.3785716,1,44,R,1.6
24,4,0.5197686,0,44,R,1.4
24,4,0.4068917,1,100,R,1.3
24,4,0.4962697,1,44,R,1.9
24,4,0.3789251,1,44,R,1.6
24,4,0.3669244,1,72,R,0.9
24,4,0.4156824,1,72,R,1.1
24,4,0.657374,0,16,R,1.3
24,4,0.5056229,0,16,R,1.4
24,4,0.4582966,1,16,R,1.9
25,1,0.5140043,1,44,R,2.1
25,1,0.3684904,1,44,R,2.1
25,1,0.667332,1,72,R,2.1
25,1,0.6176317,1,72,R,1.1
25,1,0.5734605,1,16,R,1.6
25,1,0.6261725,1,100,R,1.6
25,1,0.5549667,1,100,R,1.6
25,1,0.4774378,1,44,R,0.9
25,1,0.4337361,1,72,R,2.1
25,1,0.7346137,1,44,R,0.9
25,1,0.4835699,1,72,R,2.1
25,1,0.4965661,1,44,R,2.3
25,1,0.5059683,1,44,R,1.9
25,1,0.5771813,1,100,R,1.4
25,1,0.7337256,1,100,R,1.4
25,1,0.6892878,1,44,R,1.8
25,1,0.5506212,1,100,R,0.9
25,1,0.5726388,1,44,R,2.1
25,1,0.5104729,1,100,R,1.9
25,1,0.7425891,1,16,R,1.8
25,1,0.5343793,1,72,R,1.6
25,1,0.5020254,1,72,R,2.3
25,1,0.6061705,1,44,R,1.1
25,1,0.4833862,1,72,R,2.3
25,1,0.5671197,1,72,R,1.9
25,1,0.5048185,1,100,R,1.9
25,1,0.5567656,1,16,R,1.4
25,1,0.8916126,1,16,R,0.9
25,1,0.7248342,1,72,R,1.6
25,1,0.7786399,1,100,R,2.1
25,1,0.6117339,1,100,R,1.1
25,1,0.7178447,1,72,R,1.9
25,1,0.4835917,1,72,R,0.9
25,1,0.4057174,1,16,R,1.4
25,1,0.7393216,1,72,R,1.6
25,1,0.6722272,1,100,R,0.9
25,1,0.6075479,1,16,R,1.6
25,1,0.642111,1,16,R,1.3
25,1,0.6341971,1,72,R,1.8
25,1,0.6433818,1,100,R,1.3
25,1,0.4259175,1,72,R,2.1
25,1,0.515965,1,16,R,1.9
25,1,0.5017195,1,72,R,2.3
25,1,0.661231,1,100,R,1.8
25,1,0.5134759,1,44,R,2.1
25,1,0.674116,1,16,R,2.3
25,1,0.7351579,1,72,R,1.3
25,1,0.9498603,1,72,R,2.1
25,1,0.5848205,1,72,R,2.3
25,1,0.7500943,1,72,R,1.3
25,1,0.595669,1,44,R,1.1
25,1,0.489818,1,100,R,1.4
25,1,0.6955081,1,44,R,1.9
25,1,0.5000365,1,72,R,0.9
25,1,1.0249721,0,16,R,1.6
25,1,0.8174078,1,72,R,1.1
25,1,0.6052318,1,44,R,1.3
25,1,0.678778,1,100,R,1.1
25,1,0.6895655,1,100,R,1.3
25,1,0.6630918,1,44,R,2.3
25,1,0.6667854,1,72,R,2.1
25,1,0.6345858,1,72,R,0.9
25,1,0.5614401,1,44,R,2.3
25,1,0.4733884,1,100,R,1.3
25,1,0.6909945,1,16,R,1.1
25,1,0.6241247,1,16,R,2.3
25,1,0.4784337,1,44,R,1.4
25,1,0.6892251,1,44,R,1.4
25,1,0.5964449,1,44,R,1.8
25,1,0.7634409,1,44,R,1.9
25,1,0.7628545,1,44,R,1.6
25,1,0.6892637,1,100,R,1.3
25,1,0.5160345,1,72,R,1.9
25,1,0.5568902,1,44,R,1.1
25,1,0.6675023,1,100,R,1.6
25,1,0.6609524,1,100,R,1.1
25,1,0.4731873,1,16,R,1.8
25,1,0.4587572,1,16,R,1.1
25,1,0.455986,1,44,R,2.3
25,1,0.5448662,1,100,R,2.1
25,1,0.7436766,1,100,R,0.9
25,1,0.6518678,1,72,R,1.8
25,1,0.6785016,1,100,R,1.8
25,2,0.6568065,1,16,R,1.9
25,2,0.5788565,1,16,R,1.6
25,2,0.6557505,1,44,R,1.6
25,2,0.7718032,1,16,R,2.3
25,2,0.6950272,1,100,R,1.3
25,2,0.7222092,1,16,R,2.3
25,2,0.6394287,1,16,R,1.3
25,2,0.6904718,1,16,R,1.1
25,2,0.8234454,1,44,R,1.8
25,2,1.6881458,0,44,R,2.3
25,2,0.5887844,1,44,R,1.9
25,2,0.6214312,1,44,R,1.6
25,2,0.6298758,1,16,R,2.3
25,2,0.5126084,1,44,R,2.1
25,2,0.6792924,1,44,R,1.4
25,2,0.6061816,1,16,R,2.3
25,2,0.6637498,1,100,R,1.1
25,2,0.7234948,1,44,R,2.3
25,2,0.750945,1,100,R,1.9
25,2,0.5741006,1,44,R,2.1
25,2,0.5652595,1,16,R,2.1
25,2,0.5417047,1,16,R,1.3
25,2,0.3554224,1,100,R,1.3
25,2,0.8465561,1,16,R,1.1
25,2,0.7063445,1,16,R,1.1
25,2,0.6115408,1,44,R,1.6
25,2,0.4719848,1,100,R,2.1
25,2,0.7898741,1,100,R,1.6
25,2,0.745333,1,100,R,1.1
25,2,0.8607348,1,100,R,1.4
25,2,0.5635669,1,44,R,1.4
25,2,0.6377794,1,44,R,1.6
25,2,0.5455693,1,100,R,1.4
25,2,0.4165257,1,72,R,0.9
25,2,0.6572849,1,16,R,1.6
25,2,0.6413486,1,16,R,0.9
25,2,0.6914958,1,16,R,2.3
25,2,0.6918404,1,44,R,1.8
25,2,0.516748,1,72,R,1.1
25,2,0.7587857,1,16,R,1.4
25,2,0.7087604,1,100,R,1.6
25,2,0.6458374,1,44,R,2.1
25,2,0.6109338,1,100,R,1.9
25,2,0.6222454,1,44,R,1.4
25,2,0.4702727,1,44,R,2.1
25,2,0.6856272,1,72,R,1.3
25,2,0.9326164,1,72,R,0.9
25,2,0.6517939,1,72,R,1.1
25,2,0.6127068,1,44,R,1.6
25,2,0.5397276,1,44,R,0.9
25,2,0.6049102,1,44,R,1.3
25,2,0.5248762,1,16,R,1.3
25,2,0.4717134,1,44,R,1.9
25,2,0.5663373,1,16,R,1.3
25,2,0.5899507,1,44,R,2.1
25,2,0.651718,1,72,R,2.3
25,2,0.6757313,1,16,R,1.3
25,2,0.5162049,1,72,R,1.3
25,2,0.6391286,1,16,R,2.1
25,2,1.2429383,1,16,R,1.6
25,2,0.7347463,1,72,R,1.8
25,2,0.7100779,1,100,R,2.3
25,2,0.505959,1,16,R,2.3
25,2,0.6016579,1,72,R,1.3
25,2,0.8132795,1,44,R,2.1
25,2,0.6405005,1,16,R,2.1
25,2,0.6087334,1,16,R,1.9
25,2,0.5299286,1,16,R,1.1
25,2,0.6382631,1,100,R,1.1
25,2,0.7440083,1,100,R,1.1
25,2,0.5738666,1,16,R,1.1
25,2,0.5289136,1,44,R,1.1
25,2,0.5248335,1,16,R,0.9
25,3,0.7113301,1,44,R,2.3
25,3,0.506864,1,100,R,2.1
25,3,0.554663,1,44,R,0.9
25,3,0.574291,1,16,R,1.3
25,3,0.5700661,1,44,R,1.4
25,3,0.7306334,1,44,R,1.9
25,3,0.6117964,1,44,R,1.1
25,3,0.6069066,1,72,R,1.6
25,3,0.616813,1,72,R,1.1
25,3,0.7460506,1,44,R,1.9
25,3,0.6548806,1,100,R,1.8
25,3,0.6463306,1,44,R,1.4
25,3,0.5847376,1,72,R,1.4
25,3,0.689343,1,16,R,1.3
25,3,0.8925294,1,16,R,1.3
25,3,0.6331142,1,72,R,1.9
25,3,0.676566,1,100,R,1.1
25,3,0.6327657,1,72,R,2.3
25,3,0.7853037,1,72,R,1.6
25,3,0.6912444,1,44,R,2.1
25,3,0.4181125,1,72,R,0.9
25,3,0.5563759,1,100,R,2.3
25,3,0.5674757,1,72,R,0.9
25,3,0.5516704,1,72,R,1.1
25,3,0.6051728,1,44,R,1.6
25,3,0.5953721,1,16,R,1.9
25,3,0.5896223,1,44,R,1.6
25,3,0.5511245,1,72,R,1.6
25,3,0.7275827,1,100,R,1.1
25,3,0.4822236,1,72,R,0.9
25,3,0.5056617,1,100,R,2.3
25,3,0.65127,1,72,R,0.9
25,3,0.7908688,1,16,R,1.6
25,3,0.6562236,1,16,R,1.1
25,3,0.5956552,1,44,R,1.1
25,3,0.6278512,1,44,R,1.1
25,3,0.7618103,1,44,R,0.9
25,3,0.4681163,1,72,R,1.3
25,3,0.422666,1,100,R,0.9
25,3,0.6490576,1,72,R,1.9
25,3,0.7609412,1,100,R,0.9
25,3,0.6966312,1,44,R,2.3
25,3,0.5081411,1,16,R,2.3
25,3,0.5572359,1,16,R,1.1
25,3,0.6573642,1,44,R,2.1
25,3,0.4998816,1,72,R,1.9
25,3,0.683078,1,72,R,0.9
25,3,0.8585652,1,100,R,1.9
25,3,0.5028221,1,72,R,2.3
25,3,0.7903355,1,16,R,2.1
25,3,0.629815,1,44,R,1.6
25,3,0.7777386,1,100,R,1.6
25,3,0.5660363,1,72,R,1.4
25,3,0.5061181,1,100,R,1.6
25,3,0.3386994,1,100,R,1.1
25,3,0.3717666,1,100,R,0.9
25,3,0.2650751,1,72,R,0.9
25,3,0.5097928,1,100,R,2.1
25,3,0.5169759,1,100,R,1.4
25,3,0.572345,1,44,R,1.3
25,3,0.5443022,1,100,R,2.3
25,3,0.4559299,1,100,R,2.1
25,3,0.588953,1,44,R,1.3
25,3,0.7314357,1,16,R,1.3
25,3,0.6125518,1,44,R,1.9
25,3,0.6239588,1,100,R,2.1
25,3,0.5056443,1,100,R,1.1
25,3,0.589798,1,44,R,1.8
25,4,0.5783503,1,44,R,2.1
25,4,0.49737,1,44,R,1.6
25,4,0.4791235,1,44,R,1.8
25,4,0.4626965,1,44,R,1.6
25,4,0.4884273,1,44,R,2.1
25,4,0.5962969,1,44,R,1.8
25,4,0.6147293,1,16,R,1.8
25,4,0.5174042,1,72,R,2.1
25,4,0.5846403,1,72,R,1.6
25,4,0.9232853,0,16,R,1.1
25,4,0.5152302,1,72,R,1.6
25,4,0.6512044,1,72,R,2.1
25,4,0.6430164,1,100,R,1.1
25,4,0.8387919,1,100,R,1.3
25,4,0.5671407,1,72,R,1.9
25,4,0.5939443,1,100,R,1.9
25,4,1.6260942,1,16,R,1.3
25,4,0.471768,1,44,R,1.6
25,4,0.7585731,0,16,R,2.3
25,4,0.6562097,1,16,R,1.8
25,4,0.6348093,1,72,R,1.8
25,4,0.8233523,1,16,R,1.4
25,4,0.6748219,1,16,R,2.3
25,4,0.5745339,1,16,R,0.9
25,4,0.5237952,1,16,R,2.3
25,4,0.5849663,1,72,R,2.3
25,4,0.4509808,1,72,R,1.1
25,4,0.4387861,1,100,R,1.4
25,4,0.3790588,1,100,R,1.4
25,4,0.4745751,1,16,R,1.9
25,4,0.6071881,1,16,R,1.1
25,4,0.3503185,1,72,R,2.3
25,4,0.4679192,1,72,R,1.3
25,4,0.5659669,1,100,R,1.9
25,4,0.416539,1,72,R,1.9
25,4,0.5753252,1,16,R,1.3
25,4,0.7079982,1,16,R,1.8
25,4,0.761267,1,44,R,0.9
25,4,0.6933708,1,100,R,1.4
25,4,0.4403309,1,16,R,0.9
25,4,0.5769649,1,44,R,1.9
25,4,0.3894177,1,44,R,2.1
25,4,0.4466592,1,16,R,2.1
25,4,0.4396772,1,44,R,2.3
25,4,0.3909683,1,100,R,1.1
25,4,0.3376031,1,100,R,1.9
25,4,0.3594122,1,16,R,1.3
25,4,0.3726294,1,16,R,0.9
25,4,0.3842912,1,72,R,2.1
25,4,0.4506007,1,72,R,2.3
25,4,0.2750886,1,100,R,1.1
25,4,0.4019266,1,100,R,1.3
25,4,0.3230279,1,44,R,1.6
25,4,0.6011046,1,100,R,1.9
25,4,0.4402888,1,44,R,1.8
25,4,0.3335222,1,72,R,2.3
25,4,0.4244616,1,16,R,1.1
25,4,0.7733342,0,16,R,1.9
25,4,0.5797457,1,44,R,2.3
25,4,0.5767365,1,100,R,0.9
25,4,0.4596804,1,100,R,1.3
25,4,0.6108677,1,100,R,1.6
25,4,0.5070378,1,100,R,1.9
25,4,0.8741669,1,16,R,1.9
25,4,0.6950015,1,100,R,1.6
25,4,0.4545554,1,100,R,1.9
25,4,0.2482961,1,100,R,1.9
25,4,0.7162214,1,16,R,1.9
25,4,0.5918952,1,16,R,1.4
25,4,0.7335619,1,72,R,1.8
25,4,0.3897312,1,16,R,0.9
25,4,0.7918651,1,16,R,2.3
25,4,0.4060506,1,44,R,0.9
25,4,0.5236152,1,16,R,1.6
25,4,0.4556024,1,72,R,0.9
25,4,0.5772078,1,100,R,0.9
26,1,0.9090758,1,44,R,2.1
26,1,0.8073117,1,16,R,1.6
26,1,0.7379412,1,100,R,2.3
26,1,0.6009556,1,100,R,2.3
26,1,0.863007,1,16,R,0.9
26,1,0.5622534,1,44,R,2.3
26,1,0.4444379,1,44,R,1.6
26,1,0.7761312,1,100,R,2.1
26,1,0.5340705,1,72,R,1.4
26,1,0.7918964,1,44,R,0.9
26,1,0.5771637,1,100,R,1.1
26,1,0.6822641,1,72,R,2.1
26,1,0.6067293,1,16,R,2.1
26,1,0.5385904,1,100,R,1.3
26,1,0.5346683,1,72,R,1.6
26,1,1.1377515,0,100,R,1.6
26,1,0.6869131,1,44,R,1.6
26,1,0.5627904,1,44,R,1.8
26,1,0.6608784,1,16,R,2.1
26,1,0.8668072,1,16,R,2.1
26,1,0.5495548,1,72,R,1.6
26,1,0.8414209,1,16,R,1.3
26,1,0.4780944,1,44,R,1.6
26,1,1.0222546,1,16,R,0.9
26,1,0.6404606,1,16,R,0.9
26,1,1.0742961,1,44,R,1.1
26,1,0.4742167,1,16,R,1.6
26,1,0.5773016,1,100,R,1.4
26,1,0.5555854,1,44,R,1.9
26,1,0.765216,1,72,R,0.9
26,1,1.1883069,0,100,R,2.3
26,1,0.683313,1,72,R,1.9
26,1,1.4794318,0,44,R,1.1
26,1,1.0082334,0,16,R,0.9
26,1,0.6670423,1,100,R,1.8
26,1,1.2473519,0,44,R,2.1
26,1,0.7053549,1,16,R,1.1
26,1,0.7221556,1,44,R,1.1
26,1,0.6451101,1,100,R,2.3
26,1,0.9811191,0,72,R,1.6
26,1,0.678173,1,100,R,1.3
26,1,0.6099016,1,100,R,2.1
26,1,1.1602831,0,16,R,2.1
26,1,0.684139,1,72,R,1.3
26,1,1.3578466,1,16,R,1.9
26,1,0.6278212,1,100,R,1.1
26,1,0.6563825,1,16,R,1.8
26,1,0.5570809,1,16,R,1.6
26,1,0.5108448,1,100,R,2.3
26,1,0.8158601,1,72,R,1.6
26,1,1.0726444,1,100,R,2.1
26,1,1.18913,1,100,R,1.4
26,1,0.5747171,1,16,R,1.1
26,1,0.6768102,1,100,R,1.4
26,1,0.5677586,1,72,R,2.3
26,1,0.5574422,1,16,R,2.1
26,1,0.5003031,1,72,R,1.6
26,1,0.412784,1,44,R,2.1
26,1,0.6389107,1,100,R,1.1
26,1,0.6176751,1,72,R,1.3
26,1,1.7425384,1,16,R,1.3
26,1,0.6334143,1,72,R,1.3
26,1,0.5886363,1,44,R,0.9
26,1,1.2300662,0,44,R,1.8
26,1,1.4922697,0,16,R,2.3
26,1,1.0227917,1,100,R,1.1
26,1,0.5053506,1,16,R,1.9
26,1,0.4690542,1,72,R,1.6
26,1,0.4718955,1,100,R,1.6
26,1,0.6222267,1,44,R,1.8
26,1,0.5959007,1,100,R,1.1
26,1,0.6891308,1,100,R,1.6
26,1,0.9688788,0,72,R,1.6
26,2,0.5608855,1,44,R,2.1
26,2,0.4894655,1,72,R,1.8
26,2,0.4671377,1,72,R,1.1
26,2,0.6163842,1,72,R,1.8
26,2,0.7171446,1,72,R,2.3
26,2,0.5335435,1,72,R,1.9
26,2,0.5744904,1,16,R,1.8
26,2,0.5839385,1,72,R,2.3
26,2,0.4502792,1,72,R,1.3
26,2,0.4889701,1,100,R,1.1
26,2,0.6560934,1,44,R,1.6
26,2,1.1811675,1,16,R,2.1
26,2,0.4954257,1,44,R,1.4
26,2,0.458475,1,72,R,1.8
26,2,0.4883157,1,44,R,2.3
26,2,0.5509329,1,100,R,1.6
26,2,0.9743347,1,16,R,0.9
26,2,0.7668992,1,72,R,0.9
26,2,0.4908915,1,16,R,1.1
26,2,0.6524286,1,72,R,1.4
26,2,0.5848452,1,72,R,1.3
26,2,0.4238701,1,72,R,1.1
26,2,0.4413153,1,72,R,1.8
26,2,0.5613318,1,100,R,1.3
26,2,0.3336905,1,72,R,1.6
26,2,0.3170185,1,72,R,2.1
26,2,0.3054758,1,100,R,2.1
26,2,0.4902195,1,16,R,0.9
26,2,0.8914256,0,16,R,1.3
26,2,0.8914225,1,16,R,1.9
26,2,0.4556649,1,100,R,1.3
26,2,0.4181166,1,72,R,1.9
26,2,0.5719731,1,44,R,2.3
26,2,1.0732747,1,44,R,1.4
26,2,0.9560138,1,100,R,1.6
26,2,0.3840891,1,72,R,1.9
26,2,0.4558998,1,100,R,1.3
26,2,0.4457078,1,44,R,1.3
26,2,0.3664203,1,72,R,1.1
26,2,1.4728483,1,44,R,1.8
26,2,1.7141239,0,16,R,1.8
26,2,0.9244967,0,16,R,0.9
26,2,0.6902042,1,44,R,1.8
26,2,0.813137,1,16,R,0.9
26,2,0.5552405,1,100,R,1.9
26,2,0.956576,1,44,R,1.8
26,2,0.98003,1,44,R,1.3
26,2,0.516963,1,72,R,1.9
26,2,0.4967243,1,44,R,1.1
26,2,0.7728001,1,44,R,1.1
26,2,0.5290235,1,100,R,1.3
26,2,0.4984538,1,72,R,1.9
26,2,0.5130049,1,44,R,1.3
26,2,0.2661116,1,100,R,1.3
26,2,0.3764333,1,100,R,1.4
26,2,0.5917959,1,16,R,1.3
26,2,0.6606787,1,100,R,1.9
26,2,0.8727062,1,100,R,1.8
26,2,0.8731789,1,16,R,2.3
26,2,0.5168151,1,100,R,1.6
26,2,0.9084796,0,16,R,1.9
26,2,0.489559,1,44,R,2.3
26,2,1.3115148,0,72,R,2.3
26,2,0.8640272,1,16,R,1.8
26,2,0.4454802,1,44,R,1.6
26,3,0.503658,1,44,R,0.9
26,3,1.0589538,1,16,R,0.9
26,3,0.8589186,1,16,R,1.6
26,3,0.7241311,1,16,R,1.1
26,3,0.5948942,1,100,R,1.1
26,3,0.4210827,1,100,R,1.4
26,3,0.473479,1,16,R,2.3
26,3,0.8061905,1,44,R,2.1
26,3,0.60774,1,16,R,0.9
26,3,0.5108933,1,44,R,1.3
26,3,0.9241108,1,16,R,1.6
26,3,0.7176546,1,72,R,1.6
26,3,0.9903861,1,16,R,1.6
26,3,0.417883,1,72,R,1.1
26,3,0.7114869,1,44,R,1.3
26,3,0.7141068,1,16,R,1.1
26,3,0.4510394,1,72,R,1.3
26,3,0.638291,1,16,R,2.3
26,3,2.1251457,1,16,R,1.1
26,3,0.4005228,1,72,R,1.6
26,3,0.4659914,1,72,R,0.9
26,3,0.5210598,1,16,R,1.9
26,3,0.9407476,1,16,R,1.4
26,3,0.4234443,1,72,R,1.3
26,3,1.0632805,0,44,R,1.3
26,3,0.7104765,1,100,R,1.3
26,3,0.9571295,1,16,R,1.1
26,3,0.9248108,1,16,R,1.3
26,3,0.6171582,1,72,R,1.9
26,3,0.5563236,1,44,R,2.3
26,3,0.8826641,1,16,R,1.1
26,3,0.8546677,1,100,R,2.1
26,3,0.5563004,1,72,R,1.9
26,3,0.6346432,1,72,R,1.3
26,3,0.5458438,1,44,R,1.4
26,3,1.1132484,1,100,R,2.3
26,3,0.8813022,0,16,R,1.9
26,3,0.7110829,1,100,R,0.9
26,3,0.7551642,1,100,R,1.6
26,3,0.4868086,1,100,R,0.9
26,3,0.5582943,1,16,R,1.6
26,3,0.6278246,1,44,R,2.1
26,3,0.6954137,1,100,R,2.3
26,3,0.6056673,1,44,R,2.3
26,3,1.0794788,1,16,R,1.3
26,3,1.0862562,1,16,R,0.9
26,3,0.5438788,1,100,R,0.9
26,3,0.5826781,1,72,R,0.9
26,3,1.3752753,1,16,R,1.1
26,3,0.895397,0,44,R,1.9
26,3,0.5354841,1,72,R,1.8
26,3,0.5007515,1,72,R,0.9
26,3,0.6571794,1,16,R,1.6
26,3,0.7741665,1,16,R,0.9
26,3,0.5266601,1,100,R,1.1
26,3,0.4174214,1,72,R,1.8
26,3,0.6175701,1,72,R,1.8
26,3,0.7601429,1,44,R,1.9
26,3,1.1583701,0,16,R,1.3
26,3,0.4546327,1,100,R,1.3
26,3,0.370196,1,100,R,1.6
26,3,0.4180484,1,72,R,1.8
26,3,0.4162599,1,72,R,1.8
26,3,1.475519,1,16,R,1.3
26,3,0.9865964,0,72,R,1.9
26,3,1.2033782,1,44,R,2.3
26,3,0.5683314,1,44,R,2.1
26,3,1.0114686,1,100,R,1.4
26,3,0.4728522,1,44,R,1.4
26,3,1.3261903,1,100,R,0.9
26,3,0.5787902,1,100,R,1.1
26,3,1.1409594,1,16,R,1.9
26,4,0.5919146,1,16,R,1.3
26,4,1.2113671,1,44,R,0.9
26,4,0.4896604,1,44,R,1.8
26,4,0.7010231,1,72,R,2.1
26,4,0.4984135,1,72,R,1.1
26,4,0.7950939,0,44,R,0.9
26,4,0.4394337,1,72,R,1.8
26,4,0.6836327,1,100,R,0.9
26,4,0.5386788,1,16,R,1.6
26,4,0.4070356,1,44,R,1.6
26,4,0.440387,1,72,R,0.9
26,4,0.4274952,1,44,R,2.3
26,4,0.4352882,1,72,R,2.1
26,4,0.5212485,1,44,R,1.3
26,4,0.6723687,1,72,R,1.9
26,4,0.6235761,1,16,R,1.4
26,4,1.089924,1,16,R,1.6
26,4,0.6340012,1,72,R,2.3
26,4,0.5830066,1,72,R,1.9
26,4,0.5931113,1,100,R,2.1
26,4,0.4559594,1,100,R,1.1
26,4,0.5421156,1,16,R,1.4
26,4,0.4718142,1,100,R,2.1
26,4,0.5001146,1,72,R,1.6
26,4,0.4073898,1,44,R,2.1
26,4,0.4332355,1,72,R,1.6
26,4,0.340019,1,16,R,2.1
26,4,0.5941645,1,100,R,1.8
26,4,0.5232479,1,16,R,1.9
26,4,0.5566824,1,44,R,2.3
26,4,0.5994159,1,100,R,2.1
26,4,0.7504028,1,100,R,1.9
26,4,0.5605915,1,100,R,1.9
26,4,0.610764,1,100,R,0.9
26,4,0.5341521,1,72,R,1.8
26,4,0.7978349,0,44,R,1.8
26,4,0.9436545,1,100,R,1.8
26,4,0.5548905,1,44,R,1.9
26,4,0.5631714,1,44,R,1.9
26,4,0.4177214,1,72,R,1.6
26,4,0.5164223,1,72,R,1.4
26,4,0.4667225,1,72,R,0.9
26,4,0.5764641,1,44,R,2.3
26,4,0.4003683,1,72,R,1.6
26,4,0.9136348,0,44,R,1.3
26,4,0.6764017,1,100,R,1.9
26,4,0.5721855,1,100,R,2.1
26,4,0.9679185,1,72,R,1.9
26,4,0.4821701,1,72,R,1.3
26,4,0.4944302,1,44,R,0.9
26,4,0.7447995,1,100,R,2.3
26,4,0.6115141,1,100,R,2.1
26,4,0.5006141,1,72,R,0.9
26,4,0.6216079,1,100,R,1.1
26,4,0.3504933,1,72,R,1.1
26,4,0.4793491,1,44,R,2.3
26,4,0.4677437,1,72,R,1.3
26,4,1.1265817,0,16,R,1.3
26,4,0.3547694,1,100,R,2.3
26,4,0.6440631,1,100,R,2.3
26,4,0.8973515,0,44,R,1.4
26,4,0.677241,1,44,R,1.4
26,4,0.4169304,1,72,R,1.1
26,4,0.8713373,1,16,R,0.9
26,4,0.6523949,1,44,R,1.6
27,1,0.5770553,1,44,R,2.1
27,1,0.5892211,1,16,R,1.3
27,1,0.5953457,1,72,R,2.3
27,1,0.9921089,0,16,R,1.4
27,1,0.6443888,1,100,R,1.9
27,1,0.5733621,1,16,R,1.4
27,1,1.006404,0,16,R,2.3
27,1,1.534766,1,72,R,2.1
27,1,0.5060833,1,100,R,1.8
27,1,0.7629969,0,44,R,2.1
27,1,0.8903429,0,16,R,1.4
27,1,0.7065549,1,44,R,1.3
27,1,0.6719115,1,100,R,1.6
27,1,0.6920685,1,100,R,1.9
27,1,0.8408715,1,16,R,2.3
27,1,0.6648774,1,72,R,1.6
27,1,0.7221449,0,16,R,1.9
27,1,0.7096143,0,16,R,1.9
27,1,0.6041137,1,100,R,1.9
27,1,0.8520097,1,72,R,1.6
27,1,0.9133777,0,16,R,1.3
27,1,1.3556864,0,16,R,1.8
27,1,0.8740629,1,16,R,0.9
27,1,1.1206554,0,44,R,1.3
27,1,0.9158101,1,72,R,1.4
27,1,0.6974938,1,72,R,1.6
27,1,0.7603079,1,100,R,1.6
27,1,0.694247,1,100,R,2.3
27,1,0.6713073,1,72,R,1.8
27,1,0.8925362,0,16,R,1.3
27,1,0.7935907,1,100,R,2.1
27,1,0.6680546,1,72,R,1.3
27,1,0.8003658,1,72,R,1.4
27,1,0.9587483,1,16,R,1.9
27,1,0.8791791,0,44,R,1.3
27,1,0.680159,1,44,R,1.8
27,1,0.8924239,0,16,R,1.4
27,1,0.7104549,1,100,R,1.8
27,1,0.8726905,0,16,R,1.4
27,1,0.7556682,1,100,R,1.8
27,1,0.9242104,1,16,R,1.4
27,1,0.8249558,0,16,R,1.4
27,1,0.6127424,1,44,R,1.1
27,1,0.7889462,1,100,R,0.9
27,1,0.6246352,1,44,R,1.6
27,1,0.7052315,1,100,R,2.3
27,1,0.9318035,0,44,R,2.3
27,1,0.6947992,1,100,R,1.1
27,1,0.7899567,0,16,R,1.9
27,1,0.973929,0,16,R,1.3
27,1,0.7723057,1,100,R,1.6
27,1,0.9226902,1,44,R,0.9
27,1,0.7268179,1,100,R,0.9
27,1,0.6914844,1,16,R,1.1
27,1,0.8090596,1,16,R,2.3
27,1,0.6510804,1,72,R,1.3
27,1,0.6941772,0,44,R,1.3
27,1,0.6910759,1,16,R,1.8
27,1,0.7426998,1,100,R,2.3
27,1,1.7499896,0,44,R,1.1
27,1,0.6509828,1,72,R,2.3
27,1,0.7567673,0,16,R,1.4
27,1,0.6946394,1,100,R,1.9
27,1,0.7566866,1,100,R,1.3
27,1,0.6393933,1,44,R,1.9
27,2,0.5441375,1,16,R,1.6
27,2,0.7717805,1,44,R,2.1
27,2,0.6006772,1,100,R,1.9
27,2,0.5674118,1,72,R,1.1
27,2,0.662437,0,44,R,1.1
27,2,0.5890038,1,100,R,1.6
27,2,0.7086087,0,16,R,1.1
27,2,0.6873855,1,100,R,1.8
27,2,1.3403018,1,44,R,1.6
27,2,0.5895514,1,72,R,0.9
27,2,0.6909748,0,16,R,1.9
27,2,0.6807669,0,44,R,2.3
27,2,0.7067908,1,44,R,1.3
27,2,0.7000709,1,100,R,2.1
27,2,0.7776191,1,100,R,2.3
27,2,0.5954466,1,16,R,2.3
27,2,0.5967343,1,44,R,2.1
27,2,0.8749733,1,16,R,1.3
27,2,0.6229724,1,44,R,1.3
27,2,0.6112954,1,100,R,1.4
27,2,0.6958712,1,44,R,1.4
27,2,0.8167227,1,72,R,1.1
27,2,0.6052889,1,100,R,2.1
27,2,0.5670879,1,72,R,0.9
27,2,0.794644,0,100,R,1.4
27,2,0.5786111,1,44,R,1.1
27,2,0.5635141,1,44,R,1.4
27,2,0.5634064,1,44,R,1.1
27,2,0.6172624,1,72,R,1.4
27,2,0.9238907,0,16,R,2.3
27,2,0.5890763,1,100,R,1.3
27,2,0.6386499,0,16,R,0.9
27,2,0.4877186,1,100,R,1.1
27,2,0.7750132,1,16,R,2.1
27,2,0.7087238,1,16,R,2.3
27,2,0.5852861,1,72,R,1.6
27,2,0.6057257,1,100,R,1.8
27,2,0.5841906,1,72,R,1.1
27,2,1.0341298,0,72,R,1.4
27,2,1.2085551,1,16,R,1.1
27,2,0.774181,1,16,R,2.3
27,2,0.6722879,1,100,R,0.9
27,2,1.001878,1,72,R,1.8
27,2,0.6664772,1,72,R,1.6
27,2,0.6224576,1,44,R,2.1
27,2,0.5493928,1,72,R,1.4
27,2,0.6876979,1,100,R,1.4
27,2,0.5720834,1,100,R,1.1
27,2,0.7546703,1,100,R,0.9
27,2,0.8213134,1,100,R,0.9
27,2,0.8829135,1,72,R,0.9
27,2,0.5377762,1,44,R,2.1
27,2,0.7385335,1,44,R,1.4
27,2,0.6419797,0,16,R,1.1
27,2,0.6268791,1,100,R,1.6
27,2,0.5340844,1,72,R,2.1
27,2,0.5676579,1,72,R,1.1
27,2,0.5161183,1,72,R,1.6
27,2,0.5742013,1,16,R,1.8
27,2,0.5904303,1,44,R,1.6
27,2,0.7398243,1,100,R,1.3
27,2,0.8412513,0,16,R,1.4
27,2,0.7553581,1,100,R,2.1
27,2,1.2089132,0,16,R,0.9
27,2,1.0933027,1,16,R,1.3
27,2,0.5885162,1,100,R,1.4
27,2,0.55579,1,100,R,0.9
27,2,0.7130294,0,44,R,1.9
27,2,0.6912285,1,16,R,1.6
27,2,0.8750869,0,16,R,1.9
27,2,1.4407347,1,44,R,1.8
27,2,0.6403563,1,16,R,1.9
27,2,1.0136738,0,44,R,1.8
27,2,0.6677773,1,72,R,1.6
27,2,0.7401364,1,16,R,1.8
27,3,0.7408339,1,16,R,1.4
27,3,0.6449263,1,44,R,1.4
27,3,1.0851498,1,72,R,1.8
27,3,0.8305433,1,44,R,1.6
27,3,0.7248821,0,16,R,1.9
27,3,1.2352919,1,44,R,1.3
27,3,1.1275,1,72,R,2.3
27,3,0.8571572,1,44,R,0.9
27,3,0.8422621,1,16,R,2.1
27,3,0.8669676,1,72,R,1.9
27,3,0.6774021,1,100,R,1.9
27,3,0.6581168,1,16,R,2.1
27,3,0.7754253,0,16,R,2.3
27,3,0.9919503,0,16,R,1.6
27,3,0.6078438,1,16,R,1.1
27,3,0.7648516,0,44,R,0.9
27,3,0.7152202,1,72,R,1.8
27,3,0.6327679,1,72,R,1.3
27,3,0.8259262,1,100,R,1.9
27,3,0.7782028,1,100,R,1.6
27,3,0.8593401,0,16,R,1.9
27,3,1.5912344,0,16,R,0.9
27,3,0.7007478,1,100,R,1.4
27,3,0.5838568,1,72,R,1.6
27,3,0.7071609,0,16,R,1.8
27,3,0.8919282,1,16,R,2.1
27,3,0.7441885,1,100,R,0.9
27,3,0.7133521,0,44,R,1.6
27,3,0.8236576,1,16,R,1.3
27,3,0.6167304,1,72,R,1.3
27,3,0.8948598,1,100,R,1.4
27,3,0.7058736,1,100,R,2.1
27,3,0.9241581,1,16,R,1.3
27,3,0.6389867,1,100,R,2.1
27,3,0.7292252,1,100,R,1.8
27,3,1.613118,0,44,R,2.1
27,3,0.629355,1,44,R,1.6
27,3,0.6432988,1,100,R,1.6
27,3,0.7621027,1,100,R,2.1
27,3,0.8276129,1,100,R,2.1
27,3,0.758351,0,16,R,1.9
27,3,0.701431,1,72,R,1.4
27,3,0.6678328,1,72,R,1.4
27,3,0.704082,1,100,R,1.6
27,3,0.9912424,0,16,R,0.9
27,3,1.1221218,0,100,R,1.4
27,3,0.7176822,1,72,R,0.9
27,3,1.02734,1,44,R,1.4
27,3,0.7433621,1,100,R,1.8
27,3,1.2300998,0,44,R,1.9
27,3,1.0016484,1,72,R,2.1
27,3,1.1915429,0,16,R,2.1
27,3,0.6271203,1,100,R,0.9
27,3,0.5935851,1,100,R,1.6
27,3,0.6390269,1,44,R,1.1
27,3,0.9742741,1,72,R,1.6
27,3,1.2167788,1,16,R,2.1
27,3,0.7507731,1,16,R,2.3
27,3,0.590131,1,16,R,1.8
27,3,0.4670033,1,72,R,2.3
27,3,1.1399277,1,44,R,1.6
27,3,0.6790048,1,44,R,0.9
27,3,1.5138205,0,16,R,2.3
27,3,0.783138,1,72,R,0.9
27,3,0.6436614,1,100,R,1.4
27,3,0.5714884,1,100,R,1.3
27,3,1.2388922,1,44,R,1.8
27,3,0.5865721,1,44,R,2.3
27,3,0.5634343,1,44,R,1.6
27,3,0.6898733,1,44,R,1.4
27,3,0.5804634,1,44,R,2.3
27,3,0.8304048,1,16,R,1.9
27,3,0.8097177,1,16,R,2.3
27,3,0.6057598,1,100,R,1.9
27,3,1.1910709,0,16,R,0.9
27,3,0.7064487,1,44,R,1.6
27,3,0.7748352,1,16,R,1.8
27,3,0.9090872,1,16,R,1.4
27,3,1.1706362,1,44,R,1.9
27,3,1.1906399,0,16,R,1.6
27,3,1.4471725,1,44,R,1.9
27,3,0.5623633,1,44,R,1.3
27,3,1.1570693,0,72,R,2.1
27,3,0.6890775,1,100,R,1.4
27,3,1.9849963,1,72,R,2.3
27,3,1.0247207,1,16,R,2.3
27,4,0.6926128,1,100,R,1.8
27,4,0.6551829,1,100,R,1.8
27,4,0.6115745,1,100,R,1.3
27,4,0.6163364,0,72,R,2.1
27,4,0.3677468,1,72,R,2.3
27,4,0.9514402,1,72,R,1.3
27,4,0.6397263,1,100,R,1.8
27,4,0.6340639,1,72,R,1.9
27,4,0.807152,1,44,R,1.3
27,4,0.4778274,1,44,R,1.4
27,4,1.001358,1,72,R,2.3
27,4,0.7881634,1,100,R,1.1
27,4,0.6275245,1,100,R,1.1
27,4,0.6284411,1,44,R,1.8
27,4,0.6744804,1,16,R,1.9
27,4,1.2926477,1,16,R,1.9
27,4,0.627389,1,100,R,2.1
27,4,0.8839595,0,72,R,1.4
27,4,0.6392784,1,44,R,0.9
27,4,0.9722886,1,44,R,1.4
27,4,0.4903609,1,72,R,1.9
27,4,0.6212972,1,100,R,1.4
27,4,0.6235685,1,44,R,2.1
27,4,0.7244824,1,72,R,1.3
27,4,0.5036751,1,100,R,1.1
27,4,0.58359,1,72,R,1.6
27,4,0.6213132,1,44,R,1.8
27,4,0.4683714,1,44,R,2.1
27,4,0.7294717,1,44,R,0.9
27,4,0.5578106,1,16,R,0.9
27,4,0.4673849,1,72,R,1.3
27,4,0.8728863,1,100,R,1.1
27,4,0.9576385,1,16,R,1.1
27,4,0.984431,1,72,R,1.9
27,4,0.8479025,1,16,R,1.8
27,4,0.7920683,1,16,R,2.1
27,4,0.6444392,1,100,R,1.6
27,4,0.8568801,1,16,R,2.3
27,4,0.5680814,1,72,R,1.3
27,4,0.5227782,1,16,R,1.8
27,4,0.8397509,1,100,R,1.9
27,4,0.4956315,1,44,R,1.8
27,4,0.9087649,0,16,R,2.1
27,4,0.5889799,1,100,R,1.6
27,4,0.9255851,1,16,R,2.3
27,4,0.6946287,1,100,R,1.6
27,4,0.6007767,1,72,R,1.9
27,4,0.5512063,1,72,R,1.4
27,4,1.1577733,1,16,R,2.1
27,4,1.0596406,1,16,R,1.8
27,4,0.6401393,1,16,R,0.9
27,4,0.760229,1,100,R,1.1
27,4,0.9185922,0,72,R,2.3
27,4,0.6080236,0,16,R,1.8
27,4,1.9598359,0,16,R,2.1
27,4,0.5839305,1,72,R,1.1
27,4,0.8594805,0,44,R,1.9
27,4,0.7405608,0,16,R,1.9
27,4,0.711779,1,100,R,1.3
27,4,0.8839849,1,72,R,1.1
27,4,0.6521498,1,72,R,1.3
27,4,0.9170777,0,72,R,1.3
27,4,0.8458362,0,44,R,1.4
27,4,0.7649212,1,44,R,2.1
27,4,0.5801988,1,44,R,1.6
27,4,0.6451982,1,44,R,0.9
27,4,0.6786737,0,44,R,1.1
27,4,0.6081274,1,72,R,1.3
27,4,0.5339507,1,72,R,1.4
27,4,2.0575216,1,16,R,0.9
27,4,0.6085674,1,16,R,1.3
27,4,0.7174695,1,72,R,1.4
27,4,0.6501931,1,72,R,1.9
27,4,0.722907,1,44,R,1.8
27,4,0.6073358,1,44,R,1.6
27,4,0.957634,1,16,R,0.9
27,4,0.8832243,1,72,R,2.3
27,4,0.6384715,1,100,R,1.9
28,1,1.0597036,1,100,R,2.3
28,1,1.0241141,1,44,R,2.1
28,1,1.0026741,1,44,R,0.9
28,1,1.5742058,1,16,R,2.3
28,1,1.6839164,0,72,R,1.1
28,1,1.042267,1,44,R,2.3
28,1,1.0026592,1,100,R,2.1
28,1,2.1529914,1,72,R,2.3
28,1,0.8948993,1,100,R,2.1
28,1,1.015778,1,72,R,1.4
28,1,1.4009995,1,72,R,1.1
28,1,1.0393478,1,44,R,1.3
28,1,2.0474506,0,16,R,1.1
28,1,1.1445693,0,44,R,0.9
28,1,1.3102634,0,44,R,1.4
28,1,0.8634332,1,72,R,2.3
28,1,1.0251887,0,16,R,1.8
28,1,0.9244249,0,16,R,2.3
28,1,0.766509,1,72,R,1.6
28,1,0.9259022,0,16,R,0.9
28,1,1.0441642,0,16,R,2.1
28,1,0.821919,1,100,R,1.8
28,1,1.4249566,1,16,R,1.1
28,1,0.6196945,1,100,R,1.4
28,1,1.4453888,0,44,R,0.9
28,1,0.8239778,1,16,R,2.1
28,1,0.7176391,1,72,R,1.9
28,1,1.1122579,1,100,R,1.8
28,1,1.7405046,1,44,R,0.9
28,1,1.3394977,1,100,R,0.9
28,1,1.1249123,0,16,R,2.1
28,1,1.8127655,1,100,R,1.6
28,1,0.9839659,1,72,R,1.9
28,1,0.8728848,1,44,R,1.4
28,1,1.8796223,1,44,R,2.3
28,1,1.4159996,1,16,R,1.8
28,1,0.8431442,1,44,R,1.8
28,1,1.8562574,0,44,R,1.1
28,1,2.4651276,1,16,R,1.9
28,1,0.8901729,1,44,R,1.8
28,1,1.0482164,1,16,R,1.1
28,1,1.7790481,0,100,R,2.1
28,1,1.0291506,1,44,R,2.1
28,1,0.9534294,1,72,R,1.8
28,1,2.1907982,1,16,R,1.8
28,1,0.8513442,1,72,R,1.1
28,1,0.9244185,1,16,R,2.1
28,1,0.8679801,1,72,R,1.6
28,1,1.2236267,1,16,R,2.1
28,1,0.9464597,1,44,R,1.8
28,1,1.1891227,1,100,R,1.1
28,1,0.7562775,1,44,R,2.1
28,1,0.8185846,1,44,R,1.1
28,1,2.1530214,1,72,R,1.4
28,1,2.4190331,1,72,R,1.8
28,1,1.4922867,0,16,R,1.1
28,1,0.9060619,1,100,R,1.3
28,1,1.5457565,1,44,R,1.1
28,1,0.716251,1,72,R,1.9
28,1,0.6400166,1,44,R,1.6
28,1,0.7075151,1,16,R,2.3
28,1,1.034632,1,72,R,2.3
28,1,1.1120931,1,44,R,1.1
28,2,0.9698804,1,44,R,1.1
28,2,2.0564266,1,44,R,0.9
28,2,0.8118583,1,100,R,1.1
28,2,0.8734435,1,44,R,1.4
28,2,1.3809072,0,16,R,1.4
28,2,0.9210502,1,44,R,1.1
28,2,1.8087233,0,16,R,0.9
28,2,1.0087511,1,16,R,1.8
28,2,0.7949681,1,44,R,1.8
28,2,1.0573188,1,16,R,2.1
28,2,0.7231282,1,44,R,1.8
28,2,0.8350814,1,72,R,1.1
28,2,0.7208435,1,100,R,0.9
28,2,1.0908056,1,100,R,1.8
28,2,0.6343588,1,100,R,2.3
28,2,0.674345,1,16,R,2.3
28,2,0.9294363,1,44,R,1.6
28,2,0.9896978,1,44,R,1.1
28,2,0.9005031,1,72,R,0.9
28,2,0.9351836,1,72,R,2.1
28,2,1.3838629,1,72,R,0.9
28,2,0.6611156,1,44,R,1.1
28,2,0.7399498,1,16,R,1.9
28,2,1.659334,1,100,R,1.8
28,2,0.9790365,1,44,R,2.3
28,2,0.7518424,1,72,R,1.9
28,2,0.7581192,0,16,R,2.1
28,2,0.7800048,1,44,R,1.8
28,2,1.0240999,1,16,R,2.1
28,2,0.9578837,0,16,R,1.4
28,2,0.8968886,0,44,R,1.9
28,2,0.6624489,1,44,R,1.1
28,2,2.195694,0,100,R,1.1
28,2,0.5332827,1,72,R,2.1
28,2,2.2030615,1,72,R,2.1
28,2,0.9413042,1,16,R,1.6
28,2,0.8230368,1,100,R,1.3
28,2,1.1908187,1,44,R,1.8
28,2,0.7628674,1,44,R,1.8
28,2,0.6767679,1,44,R,1.6
28,2,1.1583539,1,16,R,1.8
28,2,0.4226148,1,100,R,1.3
28,2,1.5129851,0,44,R,1.8
28,2,1.0950988,0,44,R,0.9
28,2,2.2255802,1,16,R,2.1
28,2,0.7125425,1,44,R,0.9
28,2,0.6181689,1,72,R,1.6
28,2,0.5704694,1,44,R,0.9
28,2,0.849555,1,72,R,0.9
28,2,1.0258415,1,16,R,1.3
28,2,0.4880297,1,100,R,1.1
28,2,0.9950426,1,100,R,1.9
28,2,0.6348211,1,72,R,1.1
28,2,0.811208,1,100,R,2.1
28,2,0.5390869,1,100,R,1.1
28,2,1.9561611,1,44,R,1.4
28,2,0.5730762,1,72,R,1.3
28,2,1.0834005,0,72,R,1.6
28,2,0.5060024,1,100,R,2.1
28,2,1.1595318,1,16,R,1.3
28,2,0.972948,1,44,R,2.3
28,2,0.5629526,1,44,R,1.3
28,2,1.1130307,0,44,R,1.6
28,2,0.7151185,1,16,R,1.8
28,2,0.8511766,1,72,R,1.9
28,2,1.4246127,1,100,R,1.4
28,3,0.9181895,1,72,R,1.8
28,3,0.7009067,1,72,R,1.3
28,3,1.0073759,1,44,R,1.3
28,3,0.5783529,1,44,R,0.9
28,3,1.5931334,1,16,R,1.6
28,3,0.5838006,1,72,R,2.1
28,3,0.7396839,1,72,R,1.8
28,3,2.4918824,0,100,R,1.8
28,3,1.074964,1,16,R,1.4
28,3,1.5015668,1,72,R,0.9
28,3,0.5947009,1,44,R,2.1
28,3,0.991851,1,16,R,1.8
28,3,1.367324,1,72,R,1.3
28,3,1.2240079,1,16,R,1.3
28,3,1.3846609,1,72,R,2.1
28,3,0.5170363,1,72,R,2.1
28,3,0.617586,1,72,R,2.3
28,3,0.4385255,1,100,R,1.4
28,3,0.7500868,1,72,R,1.3
28,3,0.8016068,1,72,R,1.4
28,3,0.7548387,1,44,R,1.9
28,3,0.6147894,1,16,R,1.3
28,3,1.0797867,0,44,R,2.3
28,3,2.3096115,0,72,R,1.6
28,3,0.8139613,1,44,R,1.4
28,3,0.9634668,0,16,R,1.3
28,3,1.0754833,1,16,R,2.3
28,3,1.2124145,1,44,R,1.9
28,3,0.622465,1,100,R,2.3
28,3,2.2016085,1,72,R,0.9
28,3,0.8316926,0,72,R,1.9
28,3,0.6389402,1,44,R,1.8
28,3,0.5072697,1,72,R,2.1
28,3,0.6846436,1,72,R,0.9
28,3,1.0891342,0,16,R,1.8
28,3,1.9572845,0,16,R,1.4
28,3,0.6833951,1,72,R,0.9
28,3,1.1004298,1,72,R,0.9
28,3,1.0299208,1,44,R,1.3
28,3,0.7139612,1,44,R,1.8
28,3,0.6169669,1,72,R,1.9
28,3,0.891825,0,16,R,2.3
28,3,0.8614831,1,100,R,2.1
28,3,0.8184699,1,72,R,2.3
28,3,0.4888119,1,100,R,0.9
28,3,1.577778,1,100,R,1.6
28,3,0.5367624,1,100,R,0.9
28,3,1.0405482,1,16,R,1.3
28,3,0.7502931,1,72,R,2.1
28,3,1.8405533,1,16,R,0.9
28,3,1.1073667,0,16,R,1.1
28,3,0.9894515,1,100,R,1.4
28,3,0.5541709,1,100,R,1.9
28,3,1.9193062,1,72,R,1.1
28,3,0.539956,1,44,R,1.1
28,3,0.6394459,1,100,R,0.9
28,3,1.0620861,1,44,R,0.9
28,3,0.8579918,1,16,R,1.6
28,3,1.0135308,1,44,R,2.1
28,3,1.7255424,0,16,R,1.9
28,3,0.6413246,1,16,R,1.6
28,3,0.5286923,1,44,R,1.6
28,3,0.7069917,1,16,R,0.9
28,3,0.6601202,1,100,R,1.9
28,3,0.7839441,1,72,R,2.3
28,3,0.5821184,1,72,R,1.4
28,3,0.5959635,1,44,R,1.4
28,3,0.7845129,0,72,R,0.9
28,3,1.0907661,1,16,R,0.9
28,3,0.8673653,0,72,R,2.3
28,3,0.5950693,1,100,R,2.3
28,4,0.8338578,1,72,R,0.9
28,4,0.534358,1,72,R,1.1
28,4,0.4853981,1,72,R,0.9
28,4,1.4288193,1,44,R,1.8
28,4,1.2966871,1,44,R,1.1
28,4,0.8027873,1,44,R,1.8
28,4,0.930073,0,44,R,1.4
28,4,0.491234,1,16,R,1.8
28,4,1.4086221,1,16,R,2.3
28,4,1.2427653,0,16,R,2.1
28,4,1.0088647,0,16,R,1.8
28,4,1.0745751,0,16,R,1.8
28,4,0.5285069,1,44,R,1.1
28,4,0.6950085,1,100,R,1.1
28,4,1.0445749,0,100,R,1.1
28,4,1.0568873,0,16,R,1.9
28,4,0.5407982,1,16,R,0.9
28,4,0.6560039,1,100,R,1.4
28,4,0.6664936,1,72,R,1.3
28,4,0.5871265,1,100,R,1.4
28,4,1.2902976,0,16,R,1.3
28,4,1.0340258,0,72,R,1.6
28,4,0.6773171,1,100,R,1.6
28,4,0.634503,1,72,R,1.9
28,4,0.7505299,0,72,R,1.4
28,4,0.7617823,1,100,R,1.4
28,4,0.7833685,1,72,R,1.9
28,4,1.0390775,1,100,R,1.4
28,4,0.6808274,1,44,R,1.8
28,4,0.5131144,1,44,R,1.8
28,4,1.7211591,1,44,R,2.1
28,4,1.0972726,1,44,R,1.4
28,4,0.7173076,1,100,R,1.4
28,4,0.5732081,1,16,R,1.6
28,4,0.7311445,1,44,R,1.8
28,4,1.611138,1,100,R,1.6
28,4,1.0430421,1,100,R,1.4
28,4,1.1889974,1,100,R,0.9
28,4,0.5506135,1,72,R,2.1
28,4,0.5133493,1,44,R,2.3
28,4,1.0417845,1,72,R,2.3
28,4,0.6402763,1,16,R,1.1
28,4,1.4134418,1,44,R,2.1
28,4,0.5340566,1,72,R,1.9
28,4,0.6957798,1,44,R,1.8
28,4,0.8937461,1,100,R,1.4
28,4,0.8716675,1,100,R,1.1
28,4,0.4839078,1,72,R,1.6
28,4,1.3247696,1,16,R,2.3
28,4,0.8305959,0,44,R,1.9
28,4,0.612077,1,100,R,2.1
28,4,0.6454713,1,44,R,0.9
28,4,0.9771795,1,44,R,1.1
28,4,0.7086548,1,16,R,1.6
28,4,0.6780595,0,44,R,1.1
28,4,0.7721926,1,100,R,1.9
28,4,1.5428264,1,16,R,1.9
28,4,0.7177738,1,72,R,2.1
28,4,1.3403307,0,16,R,1.1
28,4,0.9581809,0,16,R,2.3
28,4,0.8135874,1,44,R,1.1
28,4,0.5391376,1,100,R,1.1
28,4,0.422911,1,100,R,1.1
28,4,1.1076724,1,16,R,1.9
28,4,0.7576306,1,16,R,1.8
28,4,0.5556652,1,44,R,1.6
28,4,0.7675741,1,100,R,1.8
28,4,0.8398659,0,16,R,0.9
28,4,0.724104,0,16,R,0.9
28,4,0.5894012,1,44,R,1.9
28,4,0.5119232,1,44,R,2.1
28,4,0.5472769,1,44,R,1.6
28,4,1.1255395,1,16,R,1.6
28,4,0.7464195,1,44,R,2.3
29,1,0.540614,1,16,R,1.6
29,1,0.5199096,1,100,R,1.8
29,1,0.5069684,1,44,R,1.3
29,1,0.5094501,1,100,R,2.3
29,1,0.4752496,1,16,R,1.9
29,1,0.4674796,1,72,R,1.3
29,1,0.510386,1,100,R,1.6
29,1,0.8389266,0,16,R,1.4
29,1,0.512411,1,44,R,2.1
29,1,0.7636463,1,44,R,2.3
29,1,0.5887214,1,44,R,1.4
29,1,0.8185555,0,44,R,1.8
29,1,0.6277905,1,100,R,1.3
29,1,0.7623138,0,44,R,0.9
29,1,0.5929,1,100,R,2.1
29,1,0.8728919,1,100,R,1.4
29,1,1.0816394,1,72,R,1.8
29,1,0.6575,1,16,R,2.3
29,1,0.7844129,1,72,R,1.6
29,1,0.8223394,1,100,R,2.3
29,1,0.9244701,1,16,R,1.1
29,1,0.8904178,1,44,R,1.4
29,1,0.7453752,0,16,R,0.9
29,1,0.7104443,0,44,R,2.3
29,1,0.9298047,1,44,R,0.9
29,1,0.9608644,1,100,R,1.1
29,1,1.2759884,1,16,R,2.1
29,1,1.0662289,0,72,R,1.6
29,1,1.0899607,1,100,R,1.6
29,1,0.9742463,1,44,R,1.8
29,1,1.263629,1,16,R,1.1
29,1,0.86516,0,16,R,2.1
29,1,1.3069598,0,16,R,1.4
29,1,0.8980944,1,72,R,2.1
29,1,0.8241314,1,16,R,2.1
29,1,0.7603007,1,44,R,1.6
29,1,0.725971,1,16,R,1.8
29,1,0.8093273,1,72,R,0.9
29,1,0.7479353,1,72,R,1.4
29,1,1.1439657,1,100,R,1.4
29,1,0.5883609,1,44,R,1.9
29,1,0.8654215,1,16,R,1.1
29,1,1.3185981,1,72,R,1.8
29,1,0.612536,1,44,R,0.9
29,1,0.9576876,0,16,R,1.4
29,1,0.8173708,1,44,R,1.1
29,1,1.3581542,0,16,R,0.9
29,1,0.6358763,1,100,R,1.8
29,1,0.9887518,1,44,R,2.1
29,1,0.6297272,1,44,R,1.6
29,1,0.8838026,1,100,R,1.1
29,1,1.1466899,1,44,R,1.8
29,1,0.7339768,1,72,R,1.3
29,1,1.1734176,1,16,R,0.9
29,1,0.7511603,1,72,R,1.1
29,1,0.8402538,1,16,R,1.1
29,1,0.7724719,1,44,R,1.1
29,1,0.6732003,1,44,R,1.3
29,1,0.8898318,1,72,R,1.6
29,1,0.7561132,1,16,R,1.8
29,1,1.1973939,0,44,R,1.8
29,1,0.8007149,0,72,R,1.3
29,1,1.2412245,1,16,R,2.1
29,1,0.62304,1,100,R,2.3
29,1,0.7579056,0,16,R,1.6
29,1,0.9117522,0,44,R,1.1
29,1,1.4350195,0,72,R,0.9
29,1,0.4275914,1,100,R,1.8
29,1,0.5254722,1,16,R,1.1
29,1,0.8110334,1,100,R,1.4
29,1,0.9577865,1,16,R,1.6
29,1,0.5020182,1,72,R,2.3
29,1,0.4775082,1,44,R,2.1
29,1,0.4397415,1,100,R,1.3
29,1,0.6937661,1,100,R,1.4
29,1,1.0741243,0,16,R,2.3
29,1,1.0691806,1,72,R,1.3
29,1,0.924973,0,16,R,2.1
29,1,0.5898865,1,100,R,1.8
29,1,0.5082918,1,72,R,1.3
29,1,0.7892072,1,44,R,0.9
29,1,0.646158,0,16,R,1.6
29,1,0.7010551,1,72,R,2.3
29,2,0.5216312,1,44,R,1.4
29,2,0.5799596,1,100,R,0.9
29,2,0.6262353,1,100,R,0.9
29,2,0.4170465,1,72,R,1.6
29,2,0.6300817,1,16,R,1.6
29,2,0.7916594,1,16,R,2.1
29,2,0.8305553,0,16,R,0.9
29,2,0.6113002,1,44,R,2.3
29,2,0.6171002,1,72,R,1.4
29,2,0.5387695,1,44,R,2.1
29,2,0.5671125,1,72,R,1.1
29,2,0.8219904,1,44,R,1.9
29,2,1.2144327,1,44,R,1.3
29,2,0.9577148,1,16,R,1.3
29,2,0.7248533,1,16,R,1.3
29,2,0.7902689,1,16,R,1.3
29,2,0.6671305,1,72,R,1.9
29,2,0.6578882,1,16,R,1.1
29,2,0.5057599,1,100,R,2.3
29,2,0.5729192,1,100,R,1.1
29,2,0.4999816,1,72,R,1.1
29,2,0.6273222,1,100,R,1.6
29,2,0.5223211,1,100,R,1.8
29,2,0.4869025,1,44,R,1.9
29,2,0.4399806,1,100,R,1.4
29,2,0.6203154,1,100,R,0.9
29,2,1.6587787,1,16,R,1.9
29,2,0.4672281,1,72,R,0.9
29,2,0.6438601,1,100,R,2.1
29,2,0.5513219,1,72,R,2.3
29,2,0.5160004,1,72,R,1.6
29,2,1.0253323,1,16,R,1.8
29,2,0.5618445,1,44,R,2.1
29,2,0.5712408,1,44,R,1.1
29,2,0.8527135,0,44,R,1.3
29,2,0.4675385,1,72,R,1.8
29,2,0.5915133,1,16,R,1.8
29,2,0.6345784,0,72,R,2.3
29,2,0.5007549,1,72,R,1.3
29,2,1.5274153,1,100,R,0.9
29,2,1.0754875,0,16,R,1.4
29,2,0.6258783,1,16,R,2.1
29,2,0.6462508,1,44,R,1.4
29,2,0.6513868,1,100,R,1.6
29,2,0.7085362,1,16,R,1.9
29,2,0.5938392,1,100,R,1.8
29,2,0.6183772,1,72,R,1.3
29,2,0.8307548,0,44,R,1.4
29,2,0.5014578,1,72,R,1.1
29,2,0.6784802,1,44,R,2.1
29,2,0.4515418,1,72,R,1.6
29,2,0.5901948,1,44,R,1.8
29,2,0.6289918,1,100,R,1.1
29,2,0.6899435,0,16,R,1.4
29,2,0.451658,1,72,R,1.3
29,2,0.3836409,1,72,R,1.3
29,2,0.8567963,0,16,R,1.9
29,2,0.6174053,1,72,R,1.6
29,2,0.567809,1,72,R,1.6
29,2,0.3788272,1,100,R,1.6
29,2,0.6267485,0,16,R,1.3
29,2,1.3316766,0,16,R,1.8
29,2,0.6060633,1,100,R,1.6
29,2,0.658141,1,16,R,2.3
29,2,0.5779501,1,100,R,1.9
29,2,0.5062611,1,100,R,2.3
29,2,0.7749352,1,16,R,1.9
29,2,0.6456367,1,44,R,1.9
29,2,0.7074887,1,16,R,1.9
29,2,0.579231,1,44,R,1.9
29,2,1.6922373,1,16,R,1.9
29,2,0.5047679,1,100,R,1.4
29,2,0.5915243,1,16,R,1.3
29,2,0.7123674,0,100,R,1.8
29,2,0.6096102,1,100,R,2.3
29,2,0.9161202,0,16,R,1.3
29,3,0.5730206,1,44,R,2.1
29,3,0.6240885,1,16,R,1.3
29,3,0.7333307,1,72,R,0.9
29,3,0.5439738,1,100,R,0.9
29,3,0.4219546,1,100,R,1.4
29,3,0.5293332,1,44,R,1.3
29,3,0.450024,1,72,R,1.3
29,3,0.613532,1,44,R,2.3
29,3,0.4549598,1,100,R,1.4
29,3,0.5286126,1,44,R,1.3
29,3,0.4329525,1,72,R,1.1
29,3,0.7746633,0,16,R,1.3
29,3,0.4793048,1,44,R,2.1
29,3,0.4390016,1,100,R,1.6
29,3,0.6129956,1,44,R,1.6
29,3,0.4501657,1,72,R,0.9
29,3,0.5928907,1,44,R,1.9
29,3,0.6277282,1,100,R,1.8
29,3,0.5733475,1,100,R,1.1
29,3,0.7227644,0,16,R,1.4
29,3,0.6422499,1,100,R,0.9
29,3,0.5881668,1,44,R,1.9
29,3,0.6617303,1,100,R,1.8
29,3,0.4805191,1,44,R,2.3
29,3,0.6363697,1,44,R,1.9
29,3,0.6396519,0,16,R,1.1
29,3,0.570152,1,44,R,1.6
29,3,0.607079,1,16,R,0.9
29,3,0.4336581,1,72,R,1.8
29,3,0.7800464,1,44,R,1.6
29,3,0.5506708,1,72,R,2.3
29,3,0.4655776,1,72,R,2.3
29,3,0.6075626,0,16,R,2.1
29,3,0.7241864,1,16,R,2.1
29,3,0.8634697,0,44,R,1.6
29,3,0.449334,1,72,R,1.9
29,3,0.605828,1,16,R,0.9
29,3,0.6401552,0,16,R,1.3
29,3,0.4390243,1,100,R,1.6
29,3,0.8279537,1,100,R,1.4
29,3,0.5915132,1,72,R,1.8
29,3,0.6252194,0,16,R,1.8
29,3,0.639313,1,44,R,1.6
29,3,0.5753977,1,72,R,2.1
29,3,0.4406376,1,100,R,2.3
29,3,0.6005488,1,100,R,2.3
29,3,0.6233522,1,16,R,1.9
29,3,0.4823828,1,16,R,1.6
29,3,0.8226909,1,44,R,1.4
29,3,1.1790559,1,44,R,1.1
29,3,1.2509176,1,72,R,1.4
29,3,0.7049361,1,100,R,1.9
29,3,0.5351972,1,72,R,0.9
29,3,1.7894355,0,16,R,0.9
29,3,0.517865,1,72,R,1.9
29,3,0.5177922,1,72,R,1.4
29,3,1.0056794,1,44,R,1.3
29,3,0.4501745,1,72,R,1.1
29,3,0.695361,1,100,R,2.1
29,3,0.5568244,1,16,R,1.6
29,3,0.4890018,1,44,R,1.6
29,3,0.5802052,1,44,R,0.9
29,3,0.831137,0,16,R,0.9
29,3,1.041207,1,16,R,0.9
29,3,0.711162,1,100,R,1.4
29,3,0.6119873,1,44,R,1.3
29,3,0.47256,1,44,R,0.9
29,3,0.5546805,1,100,R,1.9
29,4,0.4311332,1,72,R,1.3
29,4,0.4162285,1,72,R,1.9
29,4,0.8750282,1,16,R,1.4
29,4,0.4831341,1,72,R,1.9
29,4,0.576221,1,16,R,1.4
29,4,0.5896672,1,44,R,1.9
29,4,0.623878,1,16,R,2.3
29,4,0.5776666,1,44,R,1.4
29,4,0.4180367,1,72,R,1.9
29,4,0.4506035,1,72,R,2.1
29,4,0.5087347,1,16,R,2.1
29,4,0.6918361,1,16,R,1.6
29,4,0.3225745,1,100,R,1.1
29,4,0.399603,1,72,R,1.6
29,4,0.3498004,1,72,R,2.3
29,4,0.4610536,1,100,R,0.9
29,4,0.3497143,1,72,R,1.3
29,4,0.4171389,1,72,R,1.4
29,4,0.4720594,1,16,R,1.6
29,4,0.4510109,1,72,R,1.9
29,4,0.7913302,1,16,R,2.1
29,4,0.5011468,1,72,R,1.1
29,4,0.3882923,1,100,R,0.9
29,4,0.6216666,1,16,R,2.3
29,4,0.4568691,1,16,R,2.3
29,4,0.400718,1,72,R,1.3
29,4,0.3831569,1,72,R,1.1
29,4,0.8411874,0,16,R,1.3
29,4,0.9467995,1,44,R,1.1
29,4,1.2331375,1,72,R,1.4
29,4,1.4817156,1,44,R,1.1
29,4,1.0051828,1,44,R,1.4
29,4,0.9022343,0,44,R,1.1
29,4,0.5840809,1,72,R,2.3
29,4,0.6223838,1,44,R,1.9
29,4,0.4384713,1,100,R,1.6
29,4,1.3254733,1,16,R,1.3
29,4,0.5010665,1,72,R,1.1
29,4,0.5127782,1,100,R,1.4
29,4,0.8893173,1,100,R,0.9
29,4,0.8891784,1,44,R,1.4
29,4,0.6171818,1,100,R,1.9
29,4,1.4765904,1,16,R,2.3
29,4,0.7115985,1,100,R,1.9
29,4,0.5680937,1,72,R,2.1
29,4,0.6228692,1,16,R,2.3
29,4,0.5310119,1,44,R,0.9
29,4,0.5321331,1,72,R,0.9
29,4,0.7419505,1,16,R,1.1
29,4,0.4500228,1,72,R,1.6
29,4,0.4653335,1,72,R,1.9
29,4,0.3334008,1,72,R,1.3
29,4,0.6290773,1,44,R,1.1
29,4,0.611217,0,44,R,1.3
29,4,0.7289201,1,44,R,2.3
29,4,0.7470729,0,44,R,2.1
29,4,0.5521854,1,72,R,2.1
29,4,0.4892135,1,44,R,1.3
29,4,0.6246157,0,72,R,1.3
29,4,0.4888494,1,44,R,0.9
29,4,1.0297179,1,44,R,1.8
29,4,0.6065026,1,16,R,1.4
29,4,0.454734,1,100,R,1.9
29,4,0.7015071,1,72,R,0.9
29,4,0.5975615,1,72,R,0.9
29,4,0.7410543,1,16,R,2.1
29,4,0.3670463,1,72,R,1.6
29,4,0.4728125,1,100,R,1.8
29,4,0.7057495,1,100,R,1.9
29,4,0.5892745,1,100,R,1.9
29,4,0.6609187,1,100,R,1.6
29,4,0.5407746,1,16,R,1.3
29,4,1.3016003,1,72,R,2.1
29,4,0.5793245,0,44,R,1.4
29,4,0.4369848,1,100,R,1.6
29,4,0.6885622,1,44,R,1.4
30,1,0.9154596,1,100,R,1.1
30,1,1.0900919,1,16,R,1.6
30,1,1.0957016,1,44,R,0.9
30,1,1.0876447,1,16,R,0.9
30,1,0.7213544,1,100,R,1.3
30,1,0.6936678,1,100,R,2.3
30,1,0.5046237,1,72,R,0.9
30,1,0.512428,1,44,R,1.8
30,1,1.2778864,1,44,R,1.9
30,1,0.6571359,1,16,R,1.6
30,1,1.0245121,0,16,R,1.1
30,1,0.7660061,1,72,R,1.9
30,1,0.8208109,1,100,R,1.3
30,1,0.8104798,1,100,R,1.4
30,1,0.5506091,1,100,R,0.9
30,1,0.6058468,1,16,R,1.4
30,1,0.4814098,1,72,R,2.3
30,1,0.9621727,1,100,R,2.3
30,1,0.8342602,1,100,R,1.1
30,1,0.5443683,1,44,R,0.9
30,1,0.5773891,1,100,R,2.1
30,1,0.7183248,1,72,R,1.9
30,1,0.4551653,1,100,R,1.8
30,1,0.7721009,1,100,R,1.9
30,1,0.6765454,1,44,R,2.1
30,1,0.591172,1,16,R,2.1
30,1,0.4184401,1,72,R,1.6
30,1,0.5752572,1,16,R,1.8
30,1,0.4012189,1,72,R,1.8
30,1,0.489198,1,44,R,1.4
30,1,0.9728872,1,16,R,1.6
30,1,1.3777394,1,44,R,0.9
30,1,0.8265822,1,100,R,1.1
30,1,1.2512306,1,72,R,2.1
30,1,1.2227886,0,16,R,1.3
30,1,1.2844009,1,72,R,1.1
30,1,0.7272329,1,100,R,1.8
30,1,0.4905052,1,16,R,0.9
30,1,0.6178285,1,72,R,2.3
30,1,1.393463,0,16,R,1.3
30,1,0.5402119,1,16,R,1.9
30,1,0.5624832,1,44,R,0.9
30,1,1.1236722,1,16,R,1.4
30,1,0.4872852,1,100,R,2.3
30,1,0.5348996,1,72,R,1.8
30,1,0.6092044,1,100,R,0.9
30,1,1.0140347,0,44,R,1.1
30,1,0.4076919,1,44,R,2.1
30,1,0.5297951,1,44,R,1.8
30,1,0.5011439,1,72,R,1.3
30,1,0.7836751,1,72,R,1.6
30,1,0.6727599,0,16,R,0.9
30,1,0.9063516,1,100,R,1.4
30,1,0.7170874,1,72,R,1.1
30,1,0.56607,1,72,R,1.9
30,1,0.5617555,1,100,R,1.3
30,1,0.577821,1,100,R,2.1
30,1,0.4333171,1,72,R,1.1
30,1,1.4630467,1,44,R,1.4
30,1,0.99786,0,44,R,1.3
30,1,1.1574841,1,16,R,1.8
30,1,0.7136418,1,44,R,1.8
30,1,0.4340953,1,72,R,1.3
30,1,0.6333788,1,72,R,1.9
30,1,0.4173283,1,72,R,0.9
30,1,0.66822,1,72,R,1.8
30,1,0.5413222,1,16,R,2.3
30,1,0.5448204,1,100,R,1.6
30,1,0.3568826,1,100,R,2.3
30,1,0.655585,1,100,R,1.6
30,1,0.8914627,0,16,R,1.9
30,1,0.5606026,1,100,R,2.3
30,1,0.5509507,1,72,R,2.1
30,1,1.0332729,1,72,R,1.6
30,1,0.4550146,1,100,R,2.1
30,2,1.3929253,0,16,R,2.3
30,2,0.7842346,1,72,R,1.9
30,2,0.4983179,1,72,R,1.6
30,2,0.5322713,1,72,R,1.1
30,2,0.5110894,1,100,R,1.1
30,2,0.3549063,1,100,R,2.3
30,2,1.1568337,1,44,R,1.3
30,2,0.9172681,1,100,R,1.9
30,2,0.3221862,1,100,R,1.1
30,2,0.4747096,1,16,R,2.3
30,2,1.1979797,1,44,R,1.8
30,2,0.4949276,1,100,R,1.9
30,2,0.6733004,1,16,R,1.9
30,2,0.6274883,1,100,R,1.8
30,2,0.5441008,1,100,R,1.4
30,2,0.4387342,1,100,R,1.1
30,2,0.5175942,1,72,R,1.6
30,2,0.3713018,1,16,R,2.1
30,2,0.3675866,1,72,R,2.1
30,2,0.3556328,1,100,R,1.9
30,2,0.4368123,1,44,R,1.6
30,2,1.6917844,1,16,R,2.1
30,2,0.327387,1,100,R,1.4
30,2,0.305728,1,44,R,0.9
30,2,1.0127894,1,44,R,1.3
30,2,0.4166218,1,72,R,1.8
30,2,0.3219424,1,100,R,2.1
30,2,0.4313172,1,72,R,1.6
30,2,0.3732798,1,100,R,1.3
30,2,0.6568255,1,16,R,1.8
30,2,0.3730906,1,16,R,1.9
30,2,0.4680955,1,72,R,2.3
30,2,0.4225123,1,100,R,1.8
30,2,0.5130268,1,44,R,1.3
30,2,0.4000723,1,72,R,1.8
30,2,0.4665366,1,72,R,1.9
30,2,0.5807071,1,44,R,1.1
30,2,0.5619826,1,44,R,1.3
30,2,0.6714306,0,16,R,1.6
30,2,0.2743255,1,100,R,1.1
30,2,0.4777626,1,100,R,2.3
30,2,0.5005446,1,72,R,1.9
30,2,0.3551363,1,44,R,1.3
30,2,0.6129146,1,44,R,1.1
30,2,0.6168638,1,72,R,1.4
30,2,0.3674739,1,72,R,1.8
30,2,0.8399228,0,16,R,1.4
30,2,0.5552938,1,100,R,0.9
30,2,1.1912281,0,100,R,1.1
30,2,1.2562132,0,16,R,2.1
30,2,0.5780983,1,100,R,1.8
30,2,0.6744172,1,100,R,2.3
30,2,1.7652444,1,16,R,1.4
30,2,0.3380369,1,100,R,1.6
30,2,0.3726395,1,100,R,2.1
30,2,0.4003637,1,72,R,2.3
30,2,2.1975725,1,100,R,1.1
30,2,1.3914953,1,16,R,0.9
30,2,1.5305252,1,44,R,1.6
30,2,0.4999583,1,72,R,1.8
30,2,0.3158793,1,72,R,1.8
30,2,0.5910109,0,16,R,2.3
30,2,0.5604407,1,100,R,1.9
30,2,0.5785518,1,100,R,1.8
30,2,0.6237515,0,16,R,1.8
30,2,0.7445068,1,44,R,1.3
30,2,0.5682977,1,72,R,2.1
30,2,0.4625368,1,44,R,1.3
30,2,0.4715545,1,44,R,1.6
30,2,0.4128302,1,100,R,1.3
30,2,0.3831865,1,72,R,1.6
30,2,0.4205788,1,44,R,2.3
30,2,0.5719777,1,44,R,2.3
30,2,0.435392,1,72,R,1.4
30,2,0.5433727,1,100,R,1.4
30,2,0.4455516,1,44,R,2.1
30,2,0.758857,0,16,R,1.3
30,2,0.3495736,1,72,R,1.6
30,2,0.341216,0,16,R,2.1
30,2,0.3885806,1,100,R,1.4
30,3,1.5673622,1,72,R,1.3
30,3,0.4325793,1,72,R,1.1
30,3,0.561885,1,44,R,1.4
30,3,0.383721,1,72,R,2.1
30,3,0.299748,1,72,R,1.6
30,3,0.5066174,1,44,R,1.6
30,3,1.0462539,0,44,R,1.8
30,3,0.5329729,1,72,R,0.9
30,3,0.5791398,1,44,R,1.3
30,3,0.9562967,1,100,R,0.9
30,3,0.5661898,1,72,R,0.9
30,3,1.2230177,1,16,R,0.9
30,3,1.7919508,0,16,R,1.8
30,3,0.611136,1,100,R,2.3
30,3,0.457287,1,16,R,0.9
30,3,0.6244593,1,16,R,1.1
30,3,0.3724604,1,44,R,1.8
30,3,0.3383481,1,100,R,2.3
30,3,0.3052913,1,100,R,2.1
30,3,0.4455086,1,100,R,1.4
30,3,0.3221755,1,100,R,1.4
30,3,0.7886951,1,44,R,1.1
30,3,0.5165025,1,72,R,0.9
30,3,0.9928013,1,16,R,1.1
30,3,0.3729011,1,100,R,1.6
30,3,0.4393189,1,100,R,1.9
30,3,0.6968144,1,44,R,1.8
30,3,1.6249549,0,100,R,1.6
30,3,0.6240074,1,16,R,1.1
30,3,0.4285246,1,44,R,1.6
30,3,0.4463376,1,44,R,2.3
30,3,1.426023,0,16,R,2.1
30,3,0.4719977,1,44,R,1.4
30,3,0.5612228,1,100,R,2.1
30,3,0.38549,1,72,R,1.6
30,3,0.3368205,1,100,R,2.1
30,3,0.1693911,1,72,R,0.9
30,3,0.4625517,1,44,R,1.1
30,3,0.5275678,1,44,R,0.9
30,3,1.2622383,0,44,R,0.9
30,3,1.0420264,1,16,R,1.6
30,3,0.4219199,1,44,R,0.9
30,3,0.7132226,1,44,R,1.3
30,3,0.6444422,1,100,R,1.8
30,3,0.5128156,0,44,R,1.6
30,3,0.6236836,1,16,R,2.3
30,3,0.3176077,1,72,R,1.4
30,3,0.4541504,1,100,R,2.3
30,3,0.6958222,0,44,R,1.4
30,3,0.9925506,1,16,R,2.3
30,3,0.4016758,1,72,R,1.8
30,3,0.4748472,1,16,R,1.6
30,3,0.3840554,1,72,R,1.9
30,3,2.076115,1,16,R,1.1
30,3,0.9507501,1,72,R,1.6
30,3,0.4729091,1,100,R,1.8
30,3,0.4220753,1,44,R,1.1
30,3,0.3727729,1,72,R,2.3
30,3,0.3165721,1,72,R,1.9
30,3,0.3685684,1,72,R,1.8
30,3,0.4503426,1,72,R,1.4
30,3,1.2423621,0,16,R,2.1
30,3,0.4284668,1,100,R,1.3
30,3,1.2246668,1,16,R,1.8
30,3,0.5755533,0,16,R,1.3
30,3,0.6222532,0,16,R,0.9
30,3,0.6923782,1,100,R,1.8
30,3,0.4568531,1,16,R,1.8
30,3,0.39961,1,72,R,1.3
30,3,0.370715,1,100,R,1.9
30,4,0.5223117,1,100,R,2.3
30,4,0.511215,1,100,R,2.1
30,4,0.3066169,1,44,R,2.3
30,4,0.442989,1,72,R,1.6
30,4,0.3779513,1,100,R,1.6
30,4,0.5567219,1,16,R,1.9
30,4,0.4003851,1,72,R,1.3
30,4,1.1963144,0,44,R,1.3
30,4,0.3388383,1,100,R,1.1
30,4,0.372594,1,100,R,1.1
30,4,0.3413968,0,16,R,1.9
30,4,0.3717706,1,100,R,1.9
30,4,0.3852975,1,72,R,0.9
30,4,0.6541027,1,16,R,1.4
30,4,0.3163747,1,72,R,1.1
30,4,0.3834419,1,72,R,1.3
30,4,0.4965612,1,44,R,1.8
30,4,0.3885381,1,100,R,2.1
30,4,1.3615616,0,44,R,0.9
30,4,0.5892599,1,44,R,1.9
30,4,0.9241293,1,16,R,1.9
30,4,0.6026656,1,72,R,1.8
30,4,0.4565906,1,16,R,1.8
30,4,0.3393239,1,100,R,0.9
30,4,0.7070332,1,16,R,1.4
30,4,0.4408667,1,16,R,1.6
30,4,0.4725779,1,44,R,1.1
30,4,0.6015302,0,44,R,2.1
30,4,0.4012051,1,72,R,1.9
30,4,0.5739919,1,16,R,0.9
30,4,0.3949942,1,44,R,1.3
30,4,0.3617114,1,44,R,1.3
30,4,0.5569399,0,16,R,1.8
30,4,0.3224521,1,100,R,1.1
30,4,0.5733322,0,16,R,2.1
30,4,0.3423258,1,16,R,1.4
30,4,0.3384122,1,100,R,1.4
30,4,0.4456768,1,44,R,1.6
30,4,1.4090315,0,16,R,0.9
30,4,0.5264129,1,100,R,2.1
30,4,0.2897013,1,100,R,2.1
30,4,0.4515154,1,72,R,1.6
30,4,0.4453635,1,44,R,1.8
30,4,0.3243426,1,16,R,0.9
30,4,0.4579699,1,16,R,2.1
30,4,0.5577672,0,16,R,1.4
30,4,0.7343897,1,72,R,1.3
30,4,0.3375601,1,100,R,1.1
30,4,0.3094475,1,100,R,0.9
30,4,0.4308412,1,44,R,1.9
30,4,0.4182759,1,72,R,1.8
30,4,0.355945,1,100,R,0.9
30,4,0.3051562,1,100,R,1.8
30,4,0.4951701,0,100,R,2.3
30,4,0.255537,1,72,R,2.1
30,4,0.4509205,1,44,R,0.9
30,4,0.63482,1,72,R,1.1
30,4,0.5186768,1,72,R,2.1
30,4,0.6228486,1,16,R,1.3
30,4,0.8175791,1,72,R,1.6
30,4,0.3872903,1,100,R,1.6
30,4,0.6628595,0,44,R,0.9
30,4,0.4229114,0,100,R,1.6
30,4,0.4925821,1,100,R,2.3
30,4,0.4912576,0,16,R,2.3
30,4,0.3420831,1,16,R,1.6
30,4,0.4386742,1,100,R,2.1
30,4,0.4447859,1,100,R,1.4
30,4,0.5498163,1,72,R,1.6
30,4,0.7752419,1,16,R,1.8
30,4,1.2559842,1,44,R,1.1
30,4,0.3302115,1,44,R,1.1
30,4,0.4129047,1,44,R,1.8
30,4,1.3919062,0,16,R,1.9
31,1,1.410352,1,100,R,2.3
31,1,0.9518072,1,72,R,1.3
31,1,1.3589872,1,16,R,1.4
31,1,0.5886506,1,100,R,2.3
31,1,0.6749053,1,44,R,2.3
31,1,1.1178099,1,44,R,0.9
31,1,0.8472209,1,44,R,1.3
31,1,1.1052,0,100,R,1.6
31,1,1.3015389,1,72,R,0.9
31,1,0.9523235,1,72,R,1.1
31,1,2.1803275,0,44,R,2.3
31,1,2.0404642,1,44,R,1.9
31,1,1.5416973,1,72,R,2.3
31,1,1.7245855,1,16,R,1.6
31,1,0.922221,1,100,R,1.9
31,1,0.8568553,1,44,R,1.1
31,1,0.6124448,1,100,R,1.6
31,1,0.5565246,1,100,R,1.3
31,1,1.1801032,1,44,R,2.3
31,1,0.639184,1,100,R,1.1
31,1,0.700618,1,72,R,0.9
31,1,0.7351765,1,72,R,2.1
31,1,0.6225495,1,44,R,1.3
31,1,0.9843743,1,72,R,1.1
31,1,0.607874,1,72,R,2.3
31,1,0.7330442,0,72,R,1.9
31,1,0.7949141,1,100,R,2.3
31,1,0.6884598,1,100,R,1.1
31,1,2.3309866,0,44,R,1.3
31,1,1.0417562,0,16,R,1.8
31,1,0.6439187,1,100,R,2.1
31,1,0.7776523,1,100,R,1.4
31,1,0.6631023,1,44,R,2.1
31,1,1.3924017,1,16,R,1.9
31,1,1.3087717,1,16,R,1.8
31,1,1.0457203,1,100,R,1.9
31,1,1.3640657,1,44,R,1.4
31,1,0.7843375,1,72,R,1.3
31,1,0.9921633,0,16,R,1.8
31,1,1.4306056,0,44,R,2.3
31,1,1.2591748,0,16,R,2.3
31,1,0.9350119,1,72,R,1.1
31,1,0.6385776,1,100,R,0.9
31,1,1.3162699,1,72,R,1.9
31,1,0.6461154,1,44,R,2.1
31,1,1.4469038,0,44,R,2.3
31,1,1.8100368,1,16,R,2.3
31,1,0.4381525,1,100,R,0.9
31,1,0.9921125,0,16,R,1.1
31,1,1.6092077,1,16,R,2.1
31,1,1.3765035,1,16,R,1.6
31,1,0.8233547,1,16,R,1.6
31,1,1.6928726,1,16,R,2.1
31,1,0.7294353,1,44,R,1.4
31,1,0.5978831,1,44,R,1.6
31,1,1.1636032,1,44,R,1.8
31,1,0.8129991,0,44,R,0.9
31,1,1.1557127,1,100,R,1.4
31,1,0.5172173,1,72,R,1.3
31,1,0.5616304,1,100,R,1.1
31,1,0.7602961,1,100,R,1.1
31,1,1.4281966,0,44,R,1.4
31,1,1.0948211,1,100,R,0.9
31,1,1.4119172,1,100,R,1.8
31,1,1.3683782,1,72,R,2.1
31,1,0.6786293,1,44,R,1.8
31,1,0.7344659,1,72,R,1.4
31,1,0.633679,1,72,R,1.1
31,1,0.8556275,0,100,R,2.3
31,1,0.5727656,1,100,R,1.3
31,1,0.7723849,1,100,R,1.1
31,1,0.9191679,0,16,R,0.9
31,1,0.8411148,0,16,R,0.9
31,2,0.7957524,1,44,R,1.1
31,2,0.6545817,1,44,R,1.9
31,2,0.8750513,0,16,R,2.1
31,2,0.6836826,1,72,R,1.8
31,2,1.6761537,1,16,R,1.3
31,2,1.1301083,0,44,R,1.9
31,2,0.9736968,1,16,R,0.9
31,2,0.843289,1,100,R,1.4
31,2,0.5061448,1,100,R,2.3
31,2,1.3246818,0,16,R,0.9
31,2,0.7219382,1,44,R,1.4
31,2,1.2138024,1,44,R,2.3
31,2,0.6054143,1,100,R,2.1
31,2,2.2745657,0,72,R,1.3
31,2,1.3304344,0,44,R,2.3
31,2,0.8915889,0,16,R,1.3
31,2,0.5889209,1,100,R,0.9
31,2,1.8798591,1,44,R,2.3
31,2,1.0179587,0,72,R,1.8
31,2,1.3354364,1,72,R,1.1
31,2,1.3737624,1,16,R,1.1
31,2,0.4707172,1,100,R,1.8
31,2,1.2505354,1,72,R,1.4
31,2,0.4385877,1,100,R,1.3
31,2,0.4674904,1,72,R,1.1
31,2,0.4833674,1,72,R,1.6
31,2,0.8802962,0,44,R,1.9
31,2,1.058102,1,16,R,1.1
31,2,0.5070501,1,44,R,2.1
31,2,0.4672503,1,72,R,1.1
31,2,0.8963644,1,44,R,1.1
31,2,0.6955179,1,100,R,1.4
31,2,1.2588112,1,16,R,1.6
31,2,0.5558863,1,100,R,1.1
31,2,1.3579582,1,16,R,2.1
31,2,0.5684379,1,72,R,1.3
31,2,1.0678101,0,72,R,1.4
31,2,0.6005934,1,72,R,2.1
31,2,1.5284536,0,44,R,2.1
31,2,1.9592768,1,16,R,1.1
31,2,1.3954712,0,44,R,1.4
31,2,1.7088061,1,16,R,1.9
31,2,0.6005603,1,72,R,1.1
31,2,0.9737875,1,44,R,2.1
31,2,0.898754,0,44,R,1.8
31,2,1.342075,0,16,R,1.6
31,2,0.9425142,0,16,R,2.1
31,2,1.1638267,1,44,R,0.9
31,2,0.6717991,0,100,R,0.9
31,2,0.8010139,1,72,R,1.3
31,2,0.7487615,1,72,R,1.8
31,2,0.6003104,1,72,R,1.9
31,2,1.2082657,1,16,R,1.9
31,2,0.483987,1,72,R,1.8
31,2,0.7020311,1,72,R,1.8
31,2,0.6773144,1,100,R,1.1
31,2,0.6177712,1,72,R,1.1
31,2,0.5673707,1,72,R,1.6
31,2,1.2321293,0,72,R,1.1
31,2,0.9445164,1,100,R,1.8
31,2,0.8421133,0,16,R,1.9
31,2,2.4994555,0,44,R,0.9
31,2,1.311945,1,100,R,2.1
31,2,0.7013093,1,72,R,1.6
31,2,0.5170253,1,72,R,2.1
31,2,0.8062027,1,16,R,1.6
31,2,0.6911118,0,16,R,1.8
31,2,0.6273974,1,100,R,2.1
31,2,0.651567,1,72,R,1.3
31,2,1.4248802,1,44,R,1.9
31,2,0.4744886,1,72,R,1.3
31,2,1.9913818,1,44,R,2.3
31,2,1.5924732,1,16,R,1.4
31,2,2.3257996,1,16,R,1.4
31,2,1.1767243,1,100,R,1.4
31,3,0.7547087,1,100,R,1.3
31,3,0.6739597,1,44,R,1.4
31,3,1.5140529,1,16,R,0.9
31,3,1.406406,1,44,R,1.4
31,3,1.1846734,1,72,R,1.8
31,3,1.4851769,1,72,R,2.1
31,3,0.8334571,1,72,R,2.1
31,3,0.6169252,1,72,R,1.3
31,3,1.3084658,0,16,R,1.6
31,3,1.3137404,0,44,R,1.8
31,3,0.8068101,1,16,R,2.1
31,3,0.6192104,1,72,R,2.1
31,3,1.1586901,1,16,R,1.6
31,3,1.7017679,0,72,R,2.1
31,3,1.5635071,1,44,R,1.1
31,3,0.5849985,1,72,R,2.1
31,3,1.3421481,1,16,R,1.3
31,3,1.1683981,1,72,R,2.1
31,3,0.422131,1,100,R,2.3
31,3,0.7737829,1,16,R,1.6
31,3,1.3253792,1,16,R,1.8
31,3,0.5678663,1,72,R,0.9
31,3,0.5910417,1,44,R,2.3
31,3,0.8460167,1,44,R,1.8
31,3,1.1239525,0,16,R,1.1
31,3,1.0956583,1,44,R,1.4
31,3,0.6439786,1,100,R,1.9
31,3,0.522428,1,44,R,1.3
31,3,0.328465,1,100,R,1.8
31,3,0.9458134,0,44,R,1.4
31,3,0.9301603,1,44,R,1.9
31,3,0.5659841,1,72,R,0.9
31,3,0.4999007,1,72,R,2.3
31,3,1.3640507,1,44,R,1.4
31,3,0.929472,1,44,R,1.1
31,3,0.706107,1,44,R,1.8
31,3,0.8973347,1,44,R,2.3
31,3,1.1074299,1,16,R,1.9
31,3,1.3583393,0,16,R,1.1
31,3,1.1679282,0,72,R,1.9
31,3,0.6429572,1,100,R,1.1
31,3,0.5152702,1,72,R,1.6
31,3,0.7725093,1,100,R,2.1
31,3,0.6611423,1,100,R,1.6
31,3,0.6289365,1,44,R,1.1
31,3,0.5678093,1,72,R,1.1
31,3,0.3656938,1,72,R,0.9
31,3,0.5889678,1,16,R,2.3
31,3,0.6616643,1,100,R,1.8
31,3,0.8609378,1,100,R,1.8
31,3,0.8742983,0,16,R,2.1
31,3,0.763877,1,16,R,0.9
31,3,0.6605309,1,100,R,1.1
31,3,0.3671665,1,72,R,1.6
31,3,0.4227262,1,44,R,1.1
31,3,1.1560628,0,100,R,1.1
31,3,0.6161526,1,72,R,0.9
31,3,1.1261815,1,16,R,1.4
31,3,0.8913082,0,16,R,1.3
31,3,0.5998492,1,72,R,2.1
31,3,0.3220394,1,100,R,2.1
31,3,0.7016254,1,72,R,2.3
31,3,0.757479,0,16,R,2.3
31,3,0.6276621,1,100,R,2.1
31,3,0.3681271,1,72,R,2.3
31,3,1.0417209,0,16,R,1.9
31,3,0.6223904,1,100,R,1.4
31,3,0.8075957,0,16,R,0.9
31,3,0.5908615,0,16,R,1.8
31,3,0.2691435,1,100,R,1.6
31,3,0.3779945,1,100,R,2.3
31,3,0.7441257,1,100,R,2.3
31,3,0.6557137,1,16,R,1.1
31,4,1.8023657,1,72,R,0.9
31,4,0.6557045,1,16,R,1.8
31,4,0.6176694,1,72,R,1.3
31,4,0.50511,1,100,R,1.4
31,4,1.7016361,1,72,R,0.9
31,4,0.8283775,0,44,R,1.8
31,4,0.624389,1,16,R,1.3
31,4,1.263373,0,44,R,2.3
31,4,0.5560207,1,44,R,1.3
31,4,0.4990662,1,72,R,2.1
31,4,0.589799,1,44,R,2.3
31,4,0.5508239,1,72,R,1.6
31,4,1.7420325,0,16,R,2.1
31,4,0.4838257,1,72,R,1.3
31,4,1.3418209,1,16,R,2.3
31,4,0.5681444,1,72,R,1.6
31,4,0.3371848,1,100,R,1.3
31,4,0.658296,1,16,R,2.3
31,4,0.567518,0,72,R,1.1
31,4,0.7893126,1,100,R,2.3
31,4,0.6387252,1,44,R,1.6
31,4,0.462897,1,100,R,1.3
31,4,2.1344301,1,72,R,0.9
31,4,0.5385644,1,16,R,0.9
31,4,0.6508651,1,72,R,1.4
31,4,0.8550579,1,16,R,0.9
31,4,2.0430687,0,16,R,1.3
31,4,0.6549444,1,100,R,1.1
31,4,1.0684396,0,72,R,1.1
31,4,0.6945192,1,100,R,2.1
31,4,0.5909741,0,16,R,1.9
31,4,0.5521103,1,72,R,1.4
31,4,0.471812,1,100,R,1.1
31,4,1.0791644,1,44,R,1.4
31,4,0.4673949,1,72,R,2.1
31,4,0.7839595,1,72,R,1.9
31,4,2.2643956,0,44,R,2.1
31,4,0.8627003,0,44,R,1.8
31,4,0.5727505,1,100,R,1.9
31,4,0.3233247,1,100,R,2.3
31,4,0.9245373,1,16,R,1.6
31,4,0.7993938,0,72,R,1.3
31,4,0.8730132,0,16,R,0.9
31,4,1.3900971,1,44,R,1.9
31,4,0.5412462,1,72,R,1.6
31,4,0.7564295,1,16,R,0.9
31,4,1.5225305,0,100,R,1.3
31,4,2.1253421,0,16,R,1.6
31,4,1.2968788,0,44,R,1.8
31,4,1.0127036,0,44,R,1.4
31,4,1.6269945,0,16,R,1.3
31,4,0.7240812,1,16,R,1.1
31,4,0.6239308,1,16,R,0.9
31,4,1.249969,0,72,R,1.6
31,4,0.5728121,1,100,R,1.8
31,4,1.035046,1,72,R,1.3
31,4,0.6773329,1,100,R,2.1
31,4,0.4728672,1,44,R,2.3
31,4,0.730783,1,16,R,1.4
31,4,0.6941393,1,100,R,1.3
31,4,0.9713358,0,100,R,1.6
31,4,0.6598321,0,16,R,1.8
31,4,0.7414572,0,16,R,1.8
31,4,0.3177738,1,72,R,1.8
31,4,0.9681346,0,72,R,1.4
31,4,1.0256383,0,16,R,1.9
31,4,1.880576,0,44,R,1.1
31,4,1.3634865,0,44,R,1.6
31,4,0.767885,0,72,R,1.1
31,4,0.8074997,1,16,R,1.4
31,4,0.9411824,0,16,R,1.4
32,1,0.5225739,1,100,R,1.1
32,1,0.9099146,1,100,R,2.3
32,1,0.828196,1,100,R,2.3
32,1,0.6118205,1,100,R,1.9
32,1,0.7782955,0,44,R,2.1
32,1,0.7609416,1,100,R,1.1
32,1,1.1747327,1,16,R,1.8
32,1,0.6103204,1,100,R,0.9
32,1,0.6400053,1,16,R,1.1
32,1,0.6713166,1,100,R,1.3
32,1,1.3961377,0,44,R,1.9
32,1,0.5776834,1,100,R,2.1
32,1,0.6222997,1,100,R,1.4
32,1,0.7723149,1,100,R,2.1
32,1,0.6620375,1,100,R,1.6
32,1,2.3728937,1,44,R,0.9
32,1,0.7419015,1,16,R,2.3
32,1,1.2922299,1,16,R,1.6
32,1,0.4524309,1,72,R,1.8
32,1,0.331185,1,72,R,1.6
32,1,0.468196,1,72,R,2.3
32,1,1.2853426,1,72,R,1.1
32,1,1.0636389,0,44,R,2.1
32,1,1.1292586,1,44,R,1.4
32,1,0.4785721,1,44,R,1.9
32,1,0.4722287,1,100,R,1.3
32,1,0.5231222,1,100,R,1.1
32,1,0.7796209,0,44,R,1.1
32,1,0.6753785,1,16,R,0.9
32,1,1.0454309,0,44,R,1.9
32,1,1.0399253,1,16,R,1.1
32,1,0.6519375,0,44,R,1.1
32,1,0.9226579,0,16,R,0.9
32,1,0.6612496,1,100,R,1.6
32,1,1.4741891,1,44,R,2.3
32,1,1.8143855,0,16,R,1.3
32,1,0.9895763,0,16,R,1.9
32,1,1.1072279,1,16,R,1.6
32,1,0.8293776,1,44,R,1.4
32,1,1.4902418,1,44,R,2.3
32,1,0.4085794,1,72,R,1.3
32,1,1.289125,0,16,R,1.1
32,1,0.6501986,1,72,R,1.4
32,1,0.5123186,0,44,R,1.9
32,1,1.291321,0,16,R,1.6
32,1,0.5213836,1,100,R,2.1
32,1,1.1647294,0,16,R,1.8
32,1,0.7519605,1,72,R,1.8
32,1,1.8503908,0,72,R,2.1
32,1,1.2761024,1,16,R,1.1
32,1,1.2086427,0,16,R,1.9
32,1,0.8090433,1,16,R,1.4
32,1,1.1183448,1,72,R,2.1
32,1,0.4792192,1,44,R,2.3
32,1,0.7273479,1,100,R,0.9
32,1,0.7018089,1,72,R,1.3
32,1,0.9955833,0,44,R,1.4
32,1,0.6013654,1,72,R,1.6
32,1,0.6823963,1,72,R,1.6
32,1,0.6757972,1,16,R,1.6
32,1,0.6394715,1,100,R,2.1
32,1,1.1814298,0,16,R,2.1
32,1,1.0061443,1,44,R,1.1
32,1,0.8253876,0,16,R,1.6
32,1,0.9163166,1,72,R,2.1
32,1,1.1499953,0,72,R,1.9
32,1,0.6577157,0,16,R,2.1
32,1,0.6617022,1,100,R,1.8
32,1,0.8849075,0,72,R,2.1
32,1,0.6390459,0,16,R,2.3
32,1,0.7174973,1,72,R,1.3
32,1,0.8238792,0,16,R,0.9
32,1,0.963932,1,44,R,1.8
32,1,0.8344715,1,72,R,1.8
32,2,0.8751764,1,16,R,0.9
32,2,1.2020324,1,72,R,1.9
32,2,0.6945898,1,100,R,1.3
32,2,0.7438,1,100,R,1.9
32,2,1.1656834,1,16,R,2.3
32,2,1.344492,1,100,R,1.8
32,2,0.7137873,1,44,R,0.9
32,2,0.746319,0,44,R,1.1
32,2,1.9297547,0,44,R,1.1
32,2,2.4757981,0,16,R,0.9
32,2,0.717955,1,100,R,1.8
32,2,1.5580651,0,16,R,1.4
32,2,0.7110414,1,100,R,1.3
32,2,1.2292959,0,44,R,2.1
32,2,1.3420503,1,16,R,1.8
32,2,1.1297959,0,44,R,2.3
32,2,1.5587859,1,16,R,2.1
32,2,1.2857814,0,72,R,0.9
32,2,0.9131102,0,44,R,2.3
32,2,0.761611,1,100,R,2.3
32,2,0.9341877,1,72,R,1.6
32,2,1.6252,1,16,R,2.3
32,2,1.3953078,1,100,R,2.3
32,2,1.7876475,0,72,R,1.6
32,2,1.249424,0,72,R,1.4
32,2,0.7209246,1,44,R,2.3
32,2,1.0982845,1,16,R,1.4
32,2,0.8513722,1,72,R,2.1
32,2,1.7399237,1,100,R,0.9
32,2,1.0081266,0,16,R,0.9
32,2,0.6289071,0,44,R,1.6
32,2,1.2674102,1,72,R,1.4
32,2,1.658945,1,16,R,1.8
32,2,1.1124511,1,44,R,1.9
32,2,1.5140603,1,44,R,1.1
32,2,1.9476236,0,44,R,0.9
32,2,1.3588023,0,16,R,2.3
32,2,1.7660366,0,44,R,1.6
32,2,0.6715483,1,44,R,2.3
32,2,1.0086694,0,16,R,1.3
32,2,1.327586,0,44,R,1.4
32,2,0.2329888,1,100,R,1.3
32,2,0.8090728,0,44,R,1.3
32,2,0.6178558,1,72,R,1.9
32,2,0.5508116,1,72,R,1.8
32,2,0.6779859,1,44,R,1.9
32,2,0.5469864,1,44,R,2.1
32,2,0.785521,0,72,R,1.9
32,2,1.6237426,1,44,R,2.1
32,2,0.8370602,1,100,R,1.8
32,2,1.5579735,0,16,R,1.1
32,2,2.4138969,0,44,R,1.3
32,2,1.2562219,1,100,R,0.9
32,2,0.9512199,1,72,R,1.3
32,2,0.717267,1,72,R,1.3
32,2,0.9228975,1,44,R,1.4
32,2,0.7362469,1,44,R,1.1
32,2,0.5741146,0,16,R,1.3
32,2,0.6575933,1,16,R,1.1
32,2,0.5336723,1,72,R,1.8
32,2,1.2449386,1,100,R,1.3
32,2,0.8737055,0,16,R,1.4
32,2,1.0444959,1,100,R,0.9
32,2,1.2588445,0,16,R,2.1
32,2,0.7119856,0,44,R,1.9
32,2,0.8495809,0,44,R,2.3
32,2,0.687218,1,100,R,0.9
32,2,0.6490637,1,72,R,1.9
32,2,0.6848885,1,72,R,2.3
32,2,2.2419141,1,72,R,1.4
32,3,0.7450346,1,44,R,2.3
32,3,1.1302228,1,16,R,1.6
32,3,0.6528776,1,100,R,1.8
32,3,0.7029861,0,72,R,1.9
32,3,0.4988074,1,72,R,1.6
32,3,1.5678459,1,72,R,2.1
32,3,1.19513,1,100,R,1.3
32,3,0.5911345,0,16,R,2.3
32,3,0.8737177,1,44,R,1.6
32,3,0.8452769,1,100,R,1.6
32,3,0.5734431,1,100,R,0.9
32,3,0.5230087,1,100,R,0.9
32,3,0.5500106,1,72,R,1.6
32,3,0.7941357,1,100,R,1.6
32,3,0.9337792,1,72,R,0.9
32,3,0.5122817,0,44,R,0.9
32,3,0.6387832,1,44,R,1.3
32,3,0.6131552,1,16,R,2.1
32,3,1.13582,0,72,R,1.3
32,3,0.790405,1,100,R,2.1
32,3,0.9418438,0,16,R,2.1
32,3,0.5943582,1,100,R,1.6
32,3,0.5162381,1,72,R,1.8
32,3,0.6449033,1,100,R,1.9
32,3,1.1009633,0,72,R,1.1
32,3,0.6493539,1,72,R,1.8
32,3,1.1048908,1,16,R,2.3
32,3,0.8749736,0,16,R,1.6
32,3,0.5575925,1,16,R,1.8
32,3,0.8283656,0,100,R,1.3
32,3,1.4583217,0,16,R,2.1
32,3,0.7550229,1,100,R,1.6
32,3,0.9334756,0,72,R,0.9
32,3,0.5230725,1,44,R,1.8
32,3,0.7517607,1,72,R,1.3
32,3,0.7236536,0,16,R,1.9
32,3,0.7741933,0,16,R,0.9
32,3,0.6075902,1,16,R,1.3
32,3,0.76229,1,44,R,1.3
32,3,0.5629501,1,44,R,1.3
32,3,0.8421752,0,16,R,2.3
32,3,0.6848824,1,72,R,1.3
32,3,0.4857895,1,100,R,0.9
32,3,0.7084322,0,16,R,1.3
32,3,0.4208855,1,100,R,1.1
32,3,0.4911115,0,16,R,0.9
32,3,0.6574621,0,16,R,1.8
32,3,0.4909412,1,16,R,1.6
32,3,0.5573538,1,16,R,0.9
32,3,0.5114767,0,44,R,1.1
32,3,0.5171807,1,72,R,1.9
32,3,1.0601094,0,100,R,1.4
32,3,0.4593449,0,100,R,1.6
32,3,0.5231337,1,100,R,1.3
32,3,0.7824713,1,72,R,1.6
32,3,0.6237893,1,16,R,1.6
32,3,0.7812683,0,44,R,1.4
32,3,0.5522926,1,16,R,1.9
32,3,0.7245156,1,16,R,1.6
32,3,0.7908063,0,16,R,1.9
32,3,0.6566198,1,16,R,1.8
32,3,1.039479,1,100,R,1.9
32,3,0.8657,1,72,R,0.9
32,3,1.4289236,0,44,R,2.1
32,3,0.7415993,0,16,R,2.1
32,3,0.4142139,0,44,R,1.3
32,3,0.4679455,1,72,R,1.6
32,3,0.7705794,1,44,R,0.9
32,3,0.8133937,0,100,R,1.9
32,3,0.5155624,1,72,R,2.1
32,3,0.6616076,1,100,R,1.3
32,3,0.6564368,1,44,R,1.1
32,3,0.6904476,0,72,R,1.9
32,3,1.5584038,0,16,R,1.4
32,3,1.2497586,1,16,R,1.9
32,3,0.304929,1,100,R,2.1
32,3,0.7550158,1,100,R,1.4
32,4,0.668786,1,100,R,1.3
32,4,0.6073936,1,100,R,2.1
32,4,0.8120565,0,100,R,2.1
32,4,1.5801615,1,44,R,1.4
32,4,1.1001037,1,72,R,2.3
32,4,0.8707462,0,16,R,1.1
32,4,0.9603618,1,44,R,1.1
32,4,0.9468299,0,44,R,2.1
32,4,0.9407032,0,16,R,2.1
32,4,0.9044241,1,100,R,1.6
32,4,1.5016733,1,72,R,2.3
32,4,0.7708518,1,44,R,1.9
32,4,1.4559127,1,44,R,1.4
32,4,0.6724866,1,44,R,2.1
32,4,1.4064828,1,16,R,1.6
32,4,1.2642214,0,44,R,1.3
32,4,0.5382427,1,100,R,1.1
32,4,0.8116417,1,100,R,0.9
32,4,1.0058699,1,44,R,1.6
32,4,1.3494106,1,72,R,2.1
32,4,0.6785053,1,44,R,2.3
32,4,0.6627123,0,72,R,1.9
32,4,0.7117166,1,44,R,0.9
32,4,0.961544,1,44,R,2.1
32,4,1.1456916,0,100,R,1.9
32,4,0.6317854,1,72,R,1.1
32,4,1.0353033,1,72,R,1.4
32,4,0.8751889,1,100,R,2.1
32,4,0.3053187,1,44,R,1.3
32,4,0.4619274,1,100,R,2.3
32,4,0.6124884,0,44,R,1.4
32,4,0.6449365,0,100,R,1.1
32,4,0.5615472,0,44,R,2.1
32,4,0.6098023,0,44,R,1.1
32,4,0.4886417,1,100,R,0.9
32,4,0.5715096,1,100,R,0.9
32,4,0.6624607,0,100,R,0.9
32,4,0.7550385,1,100,R,1.8
32,4,0.6176324,1,72,R,1.4
32,4,1.4629288,0,44,R,1.6
32,4,1.5167396,1,72,R,0.9
32,4,0.7095073,1,100,R,1.1
32,4,0.5871926,1,44,R,1.4
32,4,0.5844483,1,72,R,1.1
32,4,0.6789506,0,44,R,1.9
32,4,0.7407924,1,16,R,1.9
32,4,0.646466,0,44,R,1.4
32,4,0.5073366,1,44,R,1.4
32,4,0.5643876,0,16,R,1.8
32,4,0.7744883,1,16,R,1.8
32,4,1.1903577,1,16,R,1.4
32,4,1.0421354,1,16,R,2.1
32,4,0.7056086,1,100,R,2.1
32,4,1.6480465,1,44,R,2.1
32,4,0.8404786,1,44,R,1.4
32,4,0.7098387,1,100,R,1.9
32,4,0.4394869,1,44,R,1.6
32,4,0.6177724,0,100,R,2.1
32,4,1.1745685,1,44,R,2.3
32,4,0.896619,1,16,R,1.6
32,4,0.5122356,0,44,R,1.1
32,4,0.9533584,0,72,R,2.1
32,4,1.4090612,0,100,R,1.8
32,4,0.7512184,1,72,R,0.9
32,4,0.8428755,1,100,R,1.4
32,4,0.5794681,0,44,R,1.8
32,4,1.0589848,1,16,R,1.8
32,4,0.7228811,1,44,R,1.9
32,4,0.4454838,1,100,R,1.6
32,4,0.8440036,1,100,R,1.8
32,4,0.6565346,1,44,R,1.3
32,4,0.6670507,0,100,R,1.6
32,4,0.5915511,1,16,R,1.4
33,1,0.6967505,0,72,R,1.9
33,1,0.7905446,0,16,R,0.9
33,1,0.7575343,0,16,R,2.3
33,1,0.8139763,0,16,R,1.9
33,1,0.791432,1,16,R,2.1
33,1,1.0292631,0,44,R,2.3
33,1,0.8065983,1,16,R,1.6
33,1,0.711507,1,44,R,2.3
33,1,0.7489185,1,72,R,1.9
33,1,0.7546489,1,100,R,0.9
33,1,0.623355,1,16,R,1.9
33,1,0.8005397,1,72,R,1.8
33,1,0.7782892,0,44,R,1.4
33,1,0.7635678,1,72,R,1.3
33,1,0.719217,1,72,R,2.3
33,1,0.7215567,0,16,R,1.4
33,1,0.7912441,1,16,R,1.8
33,1,0.896487,1,44,R,1.8
33,1,0.7275141,1,100,R,2.3
33,1,0.6224903,1,44,R,1.4
33,1,1.0955299,0,44,R,1.9
33,1,1.0260747,1,16,R,1.1
33,1,0.7226746,1,16,R,1.8
33,1,0.8912581,1,100,R,1.6
33,1,1.0916823,1,16,R,2.1
33,1,0.6511332,1,72,R,1.6
33,1,0.6049809,1,100,R,2.3
33,1,0.7313121,1,72,R,1.4
33,1,0.8056532,1,16,R,1.6
33,1,0.892169,1,16,R,1.6
33,1,0.7233706,1,100,R,1.6
33,1,1.2134932,1,44,R,1.6
33,1,0.7234746,1,16,R,2.1
33,1,0.67309,1,100,R,1.3
33,1,0.6552698,1,100,R,1.4
33,1,0.5874141,1,100,R,1.6
33,1,0.9058612,1,44,R,1.6
33,1,1.0435746,1,100,R,1.8
33,1,0.7745357,0,16,R,0.9
33,1,0.751112,1,72,R,2.1
33,1,0.7235413,1,16,R,2.1
33,1,1.1251824,1,16,R,0.9
33,1,0.5821594,1,72,R,0.9
33,1,0.6243444,0,16,R,1.6
33,1,0.6262391,1,100,R,1.4
33,1,0.5808462,1,16,R,1.1
33,1,0.6509748,1,72,R,1.8
33,1,0.749698,1,72,R,1.8
33,1,0.7694078,1,72,R,1.8
33,1,0.658409,1,44,R,1.3
33,1,0.7564764,1,44,R,1.1
33,1,0.5784214,1,16,R,0.9
33,1,0.5050459,1,100,R,1.8
33,1,1.4179209,1,100,R,1.1
33,1,0.9803364,0,44,R,1.8
33,1,0.7514584,1,72,R,1.3
33,1,0.6366461,1,100,R,1.6
33,1,0.7884443,1,44,R,1.1
33,1,0.5621813,1,100,R,2.3
33,1,0.6010432,1,72,R,1.1
33,1,1.0238943,1,16,R,0.9
33,1,0.8863875,0,72,R,1.8
33,1,0.8628207,1,72,R,2.1
33,1,0.5839787,1,72,R,0.9
33,1,0.583959,1,72,R,1.8
33,1,0.5888889,1,100,R,1.6
33,1,0.8751017,1,16,R,2.3
33,1,0.6105386,1,100,R,0.9
33,1,0.5963364,1,44,R,1.1
33,1,0.8603468,1,100,R,0.9
33,1,0.5673378,1,72,R,1.1
33,1,0.5933169,1,100,R,1.4
33,1,0.6188252,0,72,R,1.9
33,1,0.6902992,1,16,R,1.3
33,1,0.5722025,0,16,R,1.9
33,1,0.5715763,1,100,R,1.3
33,1,0.4885454,1,44,R,1.9
33,1,0.5627848,1,100,R,1.1
33,1,0.7967979,0,44,R,1.8
33,1,0.6068497,1,100,R,1.8
33,1,0.6172309,1,72,R,1.3
33,2,0.4297437,1,72,R,0.9
33,2,0.6405027,1,16,R,1.3
33,2,0.3703494,1,100,R,1.4
33,2,1.1216738,0,44,R,2.3
33,2,0.9095807,1,100,R,1.9
33,2,0.623036,1,44,R,2.1
33,2,0.9092985,0,72,R,1.4
33,2,0.5568516,1,44,R,1.6
33,2,0.5394365,1,100,R,0.9
33,2,0.5931694,0,44,R,1.8
33,2,0.6629429,0,44,R,1.8
33,2,0.4839321,0,72,R,1.9
33,2,0.6538391,1,44,R,0.9
33,2,0.5181076,0,44,R,0.9
33,2,0.852807,0,72,R,0.9
33,2,0.8036952,1,100,R,0.9
33,2,0.7120482,0,44,R,2.1
33,2,1.1960869,1,44,R,1.3
33,2,0.9633382,0,44,R,2.3
33,2,1.5041487,1,72,R,2.1
33,2,0.8108083,1,100,R,1.4
33,2,1.1281539,0,100,R,0.9
33,2,1.0594479,1,16,R,0.9
33,2,0.7411164,1,72,R,1.8
33,2,0.8833872,1,72,R,2.3
33,2,0.6789843,0,44,R,1.3
33,2,0.7956001,1,44,R,2.3
33,2,0.7121578,0,44,R,1.8
33,2,0.6994598,1,72,R,1.4
33,2,0.6191357,1,16,R,2.3
33,2,1.2951927,0,100,R,2.3
33,2,0.7178345,0,72,R,1.3
33,2,0.8496972,1,72,R,2.3
33,2,0.7749303,1,100,R,1.3
33,2,0.8023601,1,72,R,1.4
33,2,0.7741316,0,100,R,2.3
33,2,1.1998715,1,72,R,1.4
33,2,0.6079247,1,16,R,0.9
33,2,0.7409204,0,16,R,0.9
33,2,0.725449,0,16,R,1.3
33,2,0.9845756,1,72,R,1.8
33,2,1.1231411,1,100,R,2.3
33,2,0.7631076,0,44,R,2.1
33,2,0.8069269,1,100,R,1.8
33,2,0.6914449,1,16,R,1.9
33,2,0.9671178,1,72,R,1.6
33,2,0.9589579,1,16,R,1.8
33,2,0.6386583,1,100,R,1.6
33,2,0.6646761,0,16,R,1.4
33,2,0.5730638,0,16,R,1.6
33,2,0.6730192,1,44,R,1.8
33,2,0.7360626,0,72,R,1.6
33,2,1.0157198,0,72,R,1.4
33,2,0.6877631,1,100,R,1.1
33,2,0.6795135,0,44,R,0.9
33,2,0.6781421,1,44,R,1.4
33,2,0.7167013,0,72,R,1.1
33,2,0.8130462,0,44,R,1.3
33,2,0.6378509,1,44,R,1.6
33,2,0.8411783,0,72,R,2.3
33,2,0.8229541,1,44,R,1.6
33,2,0.6907548,1,72,R,1.6
33,2,0.6739304,0,100,R,0.9
33,2,0.8887141,1,16,R,0.9
33,2,0.6236264,1,16,R,1.1
33,2,0.7340188,0,72,R,1.3
33,2,0.6184553,1,44,R,2.1
33,2,0.6565876,0,16,R,1.9
33,2,0.7030073,1,72,R,1.8
33,2,0.6905741,1,100,R,1.8
33,2,0.6662749,1,72,R,2.3
33,2,0.6743882,1,100,R,1.6
33,2,0.6786668,0,44,R,1.9
33,2,0.7675994,1,72,R,1.3
33,2,0.6058983,1,44,R,1.9
33,2,1.3899349,1,100,R,1.3
33,2,0.7277947,1,100,R,1.3
33,2,0.6770565,1,100,R,1.3
33,2,0.5572946,1,16,R,1.4
33,3,0.9454392,0,16,R,2.3
33,3,0.7350661,1,72,R,1.8
33,3,0.7946881,1,100,R,2.3
33,3,1.2119555,1,100,R,2.3
33,3,0.6180436,1,72,R,1.1
33,3,0.7066473,0,16,R,1.8
33,3,1.3011415,1,72,R,1.9
33,3,0.6551779,1,100,R,1.1
33,3,1.20052,1,72,R,1.4
33,3,0.6576792,1,44,R,1.8
33,3,1.149883,1,100,R,1.1
33,3,0.7289189,0,44,R,2.3
33,3,0.9474948,1,44,R,1.8
33,3,0.6738861,1,44,R,1.1
33,3,1.1293251,0,16,R,1.3
33,3,0.8635639,0,44,R,1.1
33,3,0.874708,0,16,R,1.9
33,3,0.6581656,1,16,R,1.6
33,3,0.6511385,1,72,R,1.4
33,3,0.6055128,1,44,R,1.6
33,3,0.6290081,1,100,R,2.1
33,3,0.9311112,0,44,R,1.9
33,3,0.6675789,0,72,R,1.8
33,3,0.7739575,1,100,R,2.1
33,3,1.1612519,1,100,R,1.9
33,3,0.7504148,1,72,R,1.6
33,3,0.8398972,0,16,R,1.6
33,3,0.6466732,1,44,R,1.9
33,3,1.134077,0,72,R,1.4
33,3,0.8120987,0,44,R,2.3
33,3,0.6290112,1,44,R,1.1
33,3,0.8511406,0,72,R,0.9
33,3,0.7784708,0,100,R,0.9
33,3,0.9729687,1,44,R,0.9
33,3,0.8077123,0,16,R,1.8
33,3,0.8582924,0,16,R,0.9
33,3,1.591577,1,16,R,2.1
33,3,0.6452452,0,44,R,1.4
33,3,0.7176802,1,72,R,1.3
33,3,0.8382644,0,44,R,1.1
33,3,0.8402923,1,72,R,1.3
33,3,0.7121742,1,44,R,1.8
33,3,0.6072871,1,72,R,2.1
33,3,0.5893596,1,100,R,1.9
33,3,0.6335693,0,72,R,0.9
33,3,0.6071623,1,16,R,2.1
33,3,0.6717439,1,16,R,2.1
33,3,0.6570471,1,44,R,2.1
33,3,0.6316536,0,16,R,2.3
33,3,0.8011256,1,72,R,0.9
33,3,0.6727253,0,16,R,1.1
33,3,0.7847334,1,72,R,1.6
33,3,0.6786325,1,100,R,1.1
33,3,0.5997598,1,72,R,1.9
33,3,0.6933714,1,100,R,1.8
33,3,0.6178132,1,72,R,1.3
33,3,0.6257967,1,100,R,2.3
33,3,0.6127936,0,44,R,1.9
33,3,0.9009019,1,72,R,1.1
33,3,0.6887101,0,16,R,1.6
33,3,0.8414806,1,16,R,1.6
33,3,0.8453602,0,44,R,2.1
33,3,1.1725739,1,100,R,1.9
33,3,1.144406,1,100,R,1.1
33,3,0.6904118,1,44,R,1.1
33,3,0.812171,0,44,R,1.4
33,3,0.774553,1,16,R,1.1
33,3,0.6630899,0,44,R,0.9
33,3,0.7004488,0,72,R,1.1
33,3,0.605115,1,100,R,1.9
33,3,0.6133479,1,44,R,1.8
33,3,0.8464421,0,44,R,0.9
33,3,0.7681047,0,72,R,2.1
33,4,0.6404101,1,100,R,1.3
33,4,1.25174,1,72,R,1.4
33,4,1.2241244,0,16,R,1.1
33,4,0.8778025,0,100,R,1.8
33,4,0.6906381,0,16,R,1.8
33,4,0.8784285,0,100,R,1.8
33,4,0.6778702,1,100,R,1.3
33,4,0.7719278,1,44,R,1.1
33,4,0.6454053,1,100,R,0.9
33,4,0.8392321,1,100,R,1.8
33,4,0.606112,1,100,R,1.4
33,4,0.7178827,1,72,R,1.8
33,4,0.6430775,1,100,R,0.9
33,4,0.5557052,1,44,R,1.4
33,4,0.5462658,1,44,R,1.4
33,4,0.7748265,0,16,R,1.4
33,4,0.7666629,0,72,R,1.6
33,4,0.7512866,1,72,R,1.4
33,4,1.6922787,0,16,R,2.1
33,4,0.7079448,0,16,R,1.8
33,4,0.6374547,1,100,R,2.3
33,4,0.5677872,1,72,R,2.1
33,4,0.58809,1,44,R,2.3
33,4,0.5225853,1,100,R,1.6
33,4,1.2085941,1,16,R,1.6
33,4,0.794906,1,44,R,1.4
33,4,0.5388273,1,100,R,1.6
33,4,0.6915144,0,16,R,1.6
33,4,0.6438094,1,100,R,1.9
33,4,0.590347,1,100,R,1.8
33,4,0.4884974,1,100,R,1.8
33,4,0.5917248,0,16,R,1.6
33,4,1.0196398,1,72,R,2.1
33,4,0.5585056,1,16,R,1.8
33,4,0.6636955,0,44,R,1.3
33,4,0.9679591,1,72,R,1.3
33,4,0.6010925,1,72,R,1.1
33,4,0.4329386,1,72,R,1.1
33,4,0.6552424,1,44,R,2.1
33,4,1.0798322,1,44,R,2.1
33,4,0.6184532,1,72,R,1.6
33,4,0.7910125,0,16,R,0.9
33,4,0.4955078,1,100,R,2.1
33,4,0.6264769,1,16,R,2.3
33,4,0.6914196,0,16,R,1.6
33,4,0.7412205,1,16,R,1.6
33,4,0.6611956,1,16,R,2.1
33,4,0.6201259,1,72,R,2.3
33,4,0.5658271,1,44,R,1.3
33,4,0.7777462,1,16,R,1.3
33,4,0.8417943,1,16,R,1.8
33,4,0.4732751,1,100,R,0.9
33,4,0.8290105,1,44,R,1.3
33,4,0.5345492,1,72,R,1.3
33,4,0.7956622,0,44,R,2.3
33,4,0.5733414,0,16,R,0.9
33,4,0.6066734,1,44,R,1.1
33,4,0.5438274,1,100,R,1.1
33,4,0.5741269,1,16,R,1.9
33,4,0.4398159,1,100,R,1.4
33,4,0.6609396,1,100,R,1.9
33,4,0.6909209,1,16,R,2.3
33,4,0.6522652,1,72,R,0.9
33,4,0.6284179,0,44,R,1.9
33,4,0.6794329,0,44,R,0.9
33,4,0.661058,1,100,R,1.4
33,4,0.8101535,0,100,R,2.1
33,4,0.7251501,0,16,R,1.3
33,4,0.417027,1,72,R,1.1
33,4,0.5675923,0,72,R,1.8
33,4,0.591401,0,16,R,1.3
33,4,0.8058312,0,100,R,0.9
33,4,0.7460248,1,44,R,2.1
33,4,0.4992556,1,72,R,0.9
33,4,0.5557335,0,100,R,0.9
34,1,0.9169978,0,72,R,2.3
34,1,0.7280222,1,44,R,1.9
34,1,0.6527163,1,100,R,2.3
34,1,0.9611467,0,44,R,1.9
34,1,1.2064127,1,16,R,1.8
34,1,0.9611874,0,44,R,1.9
34,1,1.2428012,1,100,R,1.1
34,1,1.1044251,0,16,R,1.3
34,1,0.6821627,1,100,R,0.9
34,1,0.7729629,0,16,R,2.3
34,1,0.7734198,1,16,R,1.6
34,1,0.8408092,0,16,R,1.8
34,1,1.2863366,0,16,R,1.4
34,1,1.2113235,0,44,R,1.4
34,1,0.7733265,0,16,R,1.1
34,1,0.7922169,1,16,R,1.9
34,1,0.9969334,0,44,R,1.6
34,1,0.8055391,1,16,R,1.9
34,1,0.6898231,0,16,R,1.6
34,1,0.8135891,0,72,R,0.9
34,1,0.6692184,1,100,R,1.3
34,1,0.9349758,1,100,R,2.1
34,1,1.4094891,1,16,R,1.3
34,1,1.34291,1,100,R,1.6
34,1,0.958728,1,16,R,2.1
34,1,1.6795258,0,44,R,1.6
34,1,0.8686776,1,72,R,1.4
34,1,1.2402353,1,16,R,2.3
34,1,1.1246917,1,16,R,1.1
34,1,1.055581,0,16,R,1.3
34,1,1.1999539,1,72,R,0.9
34,1,0.8129525,1,72,R,1.3
34,1,0.8440377,1,100,R,1.9
34,1,0.812454,0,44,R,2.1
34,1,1.0804564,0,44,R,1.8
34,1,0.7507491,1,72,R,1.9
34,1,0.8281597,1,100,R,1.6
34,1,1.5577525,1,44,R,1.1
34,1,1.2689757,1,44,R,1.1
34,1,0.9754465,1,16,R,1.1
34,1,0.7265167,1,100,R,1.9
34,1,1.2647536,0,44,R,1.6
34,1,0.9272564,1,16,R,1.8
34,1,1.0980226,1,44,R,1.6
34,1,0.9040483,1,72,R,2.1
34,1,0.9094965,1,16,R,2.1
34,1,0.9487152,0,44,R,2.3
34,1,0.758027,1,100,R,0.9
34,1,1.1097348,1,16,R,1.6
34,1,1.1775701,1,100,R,1.1
34,1,0.7559415,1,72,R,1.6
34,1,1.7967271,1,44,R,1.6
34,1,1.0733557,0,100,R,2.1
34,1,1.2144767,0,44,R,0.9
34,1,1.1401711,1,16,R,2.1
34,1,1.1923894,1,44,R,0.9
34,1,0.8686378,0,44,R,1.1
34,1,1.0393547,1,44,R,1.4
34,1,0.9082684,1,16,R,1.6
34,1,1.7298621,1,44,R,2.1
34,1,1.2799716,1,44,R,0.9
34,1,0.7883453,1,16,R,1.1
34,1,1.1585554,1,16,R,2.1
34,1,1.2414994,1,16,R,1.1
34,1,1.1844788,1,72,R,0.9
34,1,1.2518648,0,72,R,2.3
34,1,1.3563363,1,100,R,1.3
34,1,0.9012768,1,72,R,1.1
34,1,1.5342373,1,72,R,1.4
34,1,0.7756218,1,44,R,1.9
34,2,0.5990957,1,72,R,1.6
34,2,0.6844544,1,72,R,1.1
34,2,0.8964788,1,44,R,0.9
34,2,1.4924874,0,16,R,1.8
34,2,1.4739012,0,16,R,1.3
34,2,1.0744769,1,16,R,1.8
34,2,0.823575,1,44,R,1.3
34,2,1.1305257,0,16,R,1.1
34,2,1.326441,1,100,R,1.9
34,2,0.9611518,1,100,R,2.1
34,2,0.9962084,1,44,R,1.4
34,2,1.4514129,1,72,R,2.3
34,2,0.8002485,1,72,R,0.9
34,2,0.9271684,1,100,R,1.1
34,2,0.6996088,1,72,R,1.9
34,2,0.7683241,1,72,R,1.1
34,2,0.722194,1,44,R,1.3
34,2,1.5584922,1,16,R,1.3
34,2,0.8232906,1,100,R,1.8
34,2,1.16413,1,44,R,1.1
34,2,0.9839739,1,72,R,2.3
34,2,0.7513147,1,72,R,2.1
34,2,0.6512064,1,72,R,1.1
34,2,0.8745666,0,16,R,0.9
34,2,0.7886149,1,100,R,2.3
34,2,0.9468188,1,44,R,2.1
34,2,0.7272536,1,100,R,1.4
34,2,0.816888,1,72,R,0.9
34,2,0.7006807,1,72,R,1.9
34,2,0.8562161,1,100,R,2.1
34,2,0.8348298,1,72,R,1.6
34,2,1.1687223,0,72,R,1.3
34,2,1.773596,1,16,R,1.1
34,2,1.1916464,1,16,R,1.1
34,2,0.7830533,1,72,R,1.1
34,2,1.4936079,1,100,R,1.4
34,2,0.7184609,1,72,R,2.1
34,2,0.5842928,1,72,R,1.3
34,2,0.4322685,1,72,R,1.4
34,2,0.4102232,1,100,R,1.1
34,2,0.5609538,0,100,R,2.3
34,2,0.4441589,1,100,R,2.3
34,2,0.3240861,1,16,R,1.1
34,2,0.3889401,1,100,R,0.9
34,2,0.7077563,1,72,R,1.6
34,2,0.5244026,1,16,R,1.1
34,2,0.6641781,0,44,R,1.6
34,2,0.6125436,1,44,R,2.3
34,2,0.7185408,1,72,R,1.6
34,2,0.6938659,1,100,R,1.1
34,2,0.6455507,1,44,R,0.9
34,2,1.3735807,1,16,R,2.1
34,2,0.774978,1,16,R,1.6
34,2,0.6607357,1,100,R,2.3
34,2,0.8508783,0,72,R,1.3
34,2,0.4899053,1,100,R,1.3
34,2,0.7243646,0,16,R,2.1
34,2,0.6442233,1,100,R,2.3
34,2,0.629324,1,44,R,1.4
34,2,0.5469557,1,44,R,1.1
34,2,1.2223703,1,100,R,1.3
34,2,0.655369,1,100,R,1.8
34,2,0.4846233,1,72,R,1.3
34,2,1.0396691,0,100,R,1.9
34,2,1.4840106,1,100,R,1.1
34,2,0.6895617,1,44,R,1.6
34,2,0.5165196,1,72,R,2.3
34,2,0.434292,1,72,R,1.9
34,2,1.1516241,1,72,R,1.3
34,2,1.1215805,0,100,R,1.8
34,2,1.5741986,1,44,R,1.4
34,3,0.4676377,1,72,R,1.6
34,3,0.5887689,1,100,R,1.3
34,3,0.5712644,1,100,R,1.4
34,3,0.826797,1,100,R,1.4
34,3,0.810293,1,100,R,0.9
34,3,0.667393,1,72,R,1.3
34,3,0.8329381,1,72,R,1.3
34,3,0.7069796,1,44,R,2.3
34,3,0.5909874,1,72,R,2.1
34,3,0.772715,1,100,R,2.3
34,3,0.7243464,1,44,R,0.9
34,3,0.6719273,1,100,R,1.6
34,3,0.612221,1,44,R,1.8
34,3,0.6796103,1,44,R,0.9
34,3,1.1922943,0,100,R,1.4
34,3,0.7094899,1,100,R,1.9
34,3,1.0515016,1,72,R,1.9
34,3,0.7529559,1,100,R,1.4
34,3,0.7347044,1,72,R,2.1
34,3,0.7950253,0,44,R,1.8
34,3,0.7230858,1,44,R,0.9
34,3,0.9286438,1,44,R,1.8
34,3,1.241939,0,16,R,2.3
34,3,2.4944287,0,100,R,1.6
34,3,0.6062642,1,100,R,1.3
34,3,0.6429392,1,100,R,1.6
34,3,0.5726536,1,44,R,2.3
34,3,0.8131754,1,100,R,1.1
34,3,0.7913278,0,16,R,1.1
34,3,0.4840658,1,72,R,2.3
34,3,0.8924062,0,16,R,1.8
34,3,0.9337466,1,72,R,1.9
34,3,0.6680854,1,72,R,1.1
34,3,1.1915437,0,16,R,1.3
34,3,0.817418,1,72,R,0.9
34,3,0.9410422,0,16,R,2.1
34,3,2.2612524,0,16,R,1.6
34,3,0.7239519,1,16,R,2.1
34,3,0.8926047,1,16,R,2.1
34,3,0.9213896,1,44,R,1.9
34,3,1.4745553,1,16,R,1.3
34,3,0.8630471,0,44,R,2.3
34,3,0.6968073,0,44,R,2.1
34,3,0.794951,1,100,R,2.1
34,3,1.2797375,1,44,R,1.6
34,3,0.6438213,1,100,R,1.1
34,3,0.7772235,1,100,R,1.9
34,3,0.5515857,1,72,R,2.1
34,3,1.0417731,1,16,R,0.9
34,3,0.7618002,1,100,R,1.1
34,3,0.7108618,1,100,R,2.1
34,3,0.6762993,0,16,R,2.1
34,3,0.4349605,1,72,R,1.3
34,3,0.8627585,0,44,R,1.9
34,3,0.8076125,0,16,R,1.6
34,3,1.0524384,1,72,R,1.3
34,3,0.4558123,1,100,R,1.9
34,3,0.6859576,1,72,R,1.1
34,3,0.6368194,1,100,R,2.3
34,3,0.6731476,1,44,R,1.8
34,3,0.9425295,1,16,R,2.1
34,3,0.8842052,1,72,R,1.8
34,3,0.6514444,1,72,R,2.3
34,3,1.2870317,1,72,R,1.6
34,3,0.5186129,1,72,R,2.1
34,3,0.7764491,1,100,R,1.3
34,3,0.5875995,1,100,R,1.4
34,3,0.8246768,1,16,R,1.8
34,3,1.067929,0,72,R,1.9
34,3,0.6880652,1,16,R,0.9
34,3,1.592254,0,16,R,1.4
34,3,1.5359349,1,72,R,1.1
34,3,1.1063918,1,16,R,1.6
34,4,0.6903843,1,16,R,1.3
34,4,0.8555301,0,16,R,1.4
34,4,0.438056,1,44,R,2.1
34,4,0.4426034,1,100,R,1.8
34,4,0.3709299,1,100,R,1.4
34,4,0.471339,1,44,R,0.9
34,4,0.6828772,1,100,R,0.9
34,4,0.7076529,0,16,R,1.3
34,4,0.6767794,1,100,R,1.9
34,4,1.2899768,1,16,R,2.1
34,4,0.6569911,1,16,R,1.9
34,4,1.0622744,0,44,R,2.3
34,4,0.7101324,0,16,R,1.4
34,4,0.7767483,0,44,R,2.1
34,4,0.7869745,1,100,R,1.1
34,4,1.0564261,0,100,R,1.8
34,4,1.0765875,1,16,R,1.1
34,4,1.090587,1,16,R,1.9
34,4,0.5495128,1,72,R,1.8
34,4,2.2671081,1,72,R,1.1
34,4,0.4382252,1,100,R,1.6
34,4,0.7150835,1,100,R,0.9
34,4,0.5829861,1,72,R,1.1
34,4,0.6599794,0,16,R,1.6
34,4,1.4684657,0,72,R,1.8
34,4,1.0108374,1,100,R,0.9
34,4,1.5129888,0,44,R,2.1
34,4,0.9120051,1,44,R,2.1
34,4,1.3097012,0,16,R,0.9
34,4,1.1910936,0,16,R,1.4
34,4,1.0899148,0,16,R,2.3
34,4,0.8647246,0,44,R,2.3
34,4,0.7566007,1,16,R,1.8
34,4,0.6975448,1,72,R,1.1
34,4,0.68199,1,44,R,1.1
34,4,1.3541236,1,44,R,2.1
34,4,0.5674225,1,72,R,1.1
34,4,1.9473061,0,44,R,1.8
34,4,0.9627141,0,44,R,1.1
34,4,1.0181594,1,72,R,1.6
34,4,0.6494966,1,72,R,2.1
34,4,1.2253328,1,16,R,1.1
34,4,1.8794648,1,44,R,2.1
34,4,0.7136782,0,44,R,2.1
34,4,0.7739059,1,44,R,0.9
34,4,1.0239807,1,100,R,1.1
34,4,0.8530834,0,44,R,1.8
34,4,0.6520922,1,72,R,1.3
34,4,0.7952203,1,100,R,1.4
34,4,0.6967397,1,44,R,1.4
34,4,0.5841545,1,72,R,2.1
34,4,0.6486572,1,16,R,1.4
34,4,0.5234976,1,100,R,2.1
34,4,0.5553286,1,72,R,2.1
34,4,0.8340975,0,16,R,1.1
34,4,0.6943448,0,100,R,1.1
34,4,0.5390569,1,100,R,2.1
34,4,0.6633539,0,44,R,0.9
34,4,0.6350135,1,72,R,1.1
34,4,0.639095,1,16,R,2.1
34,4,0.6228085,1,100,R,1.8
34,4,0.4506107,1,72,R,0.9
34,4,0.696948,0,44,R,1.4
34,4,0.4170353,1,72,R,1.9
34,4,1.0287318,0,44,R,1.8
34,4,0.6231089,1,44,R,1.8
34,4,1.0912382,0,16,R,2.1
34,4,0.946166,1,44,R,1.4
34,4,0.7269377,1,100,R,1.3
34,4,1.3097851,1,16,R,1.8
35,1,0.6278574,1,72,R,1.4
35,1,0.6967505,0,72,R,1.9
35,1,0.7905446,0,16,R,0.9
35,1,0.7575343,0,16,R,2.3
35,1,0.8139763,0,16,R,1.9
35,1,0.791432,1,16,R,2.1
35,1,1.0292631,0,44,R,2.3
35,1,0.8065983,1,16,R,1.6
35,1,0.711507,1,44,R,2.3
35,1,0.7489185,1,72,R,1.9
35,1,0.7546489,1,100,R,0.9
35,1,0.623355,1,16,R,1.9
35,1,0.8005397,1,72,R,1.8
35,1,0.7782892,0,44,R,1.4
35,1,0.7635678,1,72,R,1.3
35,1,0.719217,1,72,R,2.3
35,1,0.7215567,0,16,R,1.4
35,1,0.7912441,1,16,R,1.8
35,1,0.896487,1,44,R,1.8
35,1,0.7275141,1,100,R,2.3
35,1,0.6224903,1,44,R,1.4
35,1,1.0955299,0,44,R,1.9
35,1,1.0260747,1,16,R,1.1
35,1,0.7226746,1,16,R,1.8
35,1,0.8912581,1,100,R,1.6
35,1,1.0916823,1,16,R,2.1
35,1,0.6511332,1,72,R,1.6
35,1,0.6049809,1,100,R,2.3
35,1,0.7313121,1,72,R,1.4
35,1,0.8056532,1,16,R,1.6
35,1,0.892169,1,16,R,1.6
35,1,0.7233706,1,100,R,1.6
35,1,1.2134932,1,44,R,1.6
35,1,0.7234746,1,16,R,2.1
35,1,0.67309,1,100,R,1.3
35,1,0.6552698,1,100,R,1.4
35,1,0.5874141,1,100,R,1.6
35,1,0.9058612,1,44,R,1.6
35,1,1.0435746,1,100,R,1.8
35,1,0.7745357,0,16,R,0.9
35,1,0.751112,1,72,R,2.1
35,1,0.7235413,1,16,R,2.1
35,1,1.1251824,1,16,R,0.9
35,1,0.5821594,1,72,R,0.9
35,1,0.6243444,0,16,R,1.6
35,1,0.6262391,1,100,R,1.4
35,1,0.5808462,1,16,R,1.1
35,1,0.6509748,1,72,R,1.8
35,1,0.749698,1,72,R,1.8
35,1,0.7694078,1,72,R,1.8
35,1,0.658409,1,44,R,1.3
35,1,0.7564764,1,44,R,1.1
35,1,0.5784214,1,16,R,0.9
35,1,0.5050459,1,100,R,1.8
35,1,1.4179209,1,100,R,1.1
35,1,0.9803364,0,44,R,1.8
35,1,0.7514584,1,72,R,1.3
35,1,0.6366461,1,100,R,1.6
35,1,0.7884443,1,44,R,1.1
35,1,0.5621813,1,100,R,2.3
35,1,0.6010432,1,72,R,1.1
35,1,1.0238943,1,16,R,0.9
35,1,0.8863875,0,72,R,1.8
35,1,0.8628207,1,72,R,2.1
35,1,0.5839787,1,72,R,0.9
35,1,0.583959,1,72,R,1.8
35,1,0.5888889,1,100,R,1.6
35,1,0.8751017,1,16,R,2.3
35,1,0.6105386,1,100,R,0.9
35,1,0.5963364,1,44,R,1.1
35,1,0.8603468,1,100,R,0.9
35,1,0.5673378,1,72,R,1.1
35,1,0.5933169,1,100,R,1.4
35,1,0.6188252,0,72,R,1.9
35,1,0.6902992,1,16,R,1.3
35,1,0.5722025,0,16,R,1.9
35,1,0.5715763,1,100,R,1.3
35,1,0.4885454,1,44,R,1.9
35,1,0.5627848,1,100,R,1.1
35,1,0.7967979,0,44,R,1.8
35,1,0.6068497,1,100,R,1.8
35,1,0.6172309,1,72,R,1.3
35,2,0.4297437,1,72,R,0.9
35,2,0.6405027,1,16,R,1.3
35,2,0.3703494,1,100,R,1.4
35,2,1.1216738,0,44,R,2.3
35,2,0.9095807,1,100,R,1.9
35,2,0.623036,1,44,R,2.1
35,2,0.9092985,0,72,R,1.4
35,2,0.5568516,1,44,R,1.6
35,2,0.5394365,1,100,R,0.9
35,2,0.5931694,0,44,R,1.8
35,2,0.6629429,0,44,R,1.8
35,2,0.4839321,0,72,R,1.9
35,2,0.6538391,1,44,R,0.9
35,2,0.5181076,0,44,R,0.9
35,2,0.852807,0,72,R,0.9
35,2,0.8036952,1,100,R,0.9
35,2,0.7120482,0,44,R,2.1
35,2,1.1960869,1,44,R,1.3
35,2,0.9633382,0,44,R,2.3
35,2,1.5041487,1,72,R,2.1
35,2,0.8108083,1,100,R,1.4
35,2,1.1281539,0,100,R,0.9
35,2,1.0594479,1,16,R,0.9
35,2,0.7411164,1,72,R,1.8
35,2,0.8833872,1,72,R,2.3
35,2,0.6789843,0,44,R,1.3
35,2,0.7956001,1,44,R,2.3
35,2,0.7121578,0,44,R,1.8
35,2,0.6994598,1,72,R,1.4
35,2,0.6191357,1,16,R,2.3
35,2,1.2951927,0,100,R,2.3
35,2,0.7178345,0,72,R,1.3
35,2,0.8496972,1,72,R,2.3
35,2,0.7749303,1,100,R,1.3
35,2,0.8023601,1,72,R,1.4
35,2,0.7741316,0,100,R,2.3
35,2,1.1998715,1,72,R,1.4
35,2,0.6079247,1,16,R,0.9
35,2,0.7409204,0,16,R,0.9
35,2,0.725449,0,16,R,1.3
35,2,0.9845756,1,72,R,1.8
35,2,1.1231411,1,100,R,2.3
35,2,0.7631076,0,44,R,2.1
35,2,0.8069269,1,100,R,1.8
35,2,0.6914449,1,16,R,1.9
35,2,0.9671178,1,72,R,1.6
35,2,0.9589579,1,16,R,1.8
35,2,0.6386583,1,100,R,1.6
35,2,0.6646761,0,16,R,1.4
35,2,0.5730638,0,16,R,1.6
35,2,0.6730192,1,44,R,1.8
35,2,0.7360626,0,72,R,1.6
35,2,1.0157198,0,72,R,1.4
35,2,0.6877631,1,100,R,1.1
35,2,0.6795135,0,44,R,0.9
35,2,0.6781421,1,44,R,1.4
35,2,0.7167013,0,72,R,1.1
35,2,0.8130462,0,44,R,1.3
35,2,0.6378509,1,44,R,1.6
35,2,0.8411783,0,72,R,2.3
35,2,0.8229541,1,44,R,1.6
35,2,0.6907548,1,72,R,1.6
35,2,0.6739304,0,100,R,0.9
35,2,0.8887141,1,16,R,0.9
35,2,0.6236264,1,16,R,1.1
35,2,0.7340188,0,72,R,1.3
35,2,0.6184553,1,44,R,2.1
35,2,0.6565876,0,16,R,1.9
35,2,0.7030073,1,72,R,1.8
35,2,0.6905741,1,100,R,1.8
35,2,0.6662749,1,72,R,2.3
35,2,0.6743882,1,100,R,1.6
35,2,0.6786668,0,44,R,1.9
35,2,0.7675994,1,72,R,1.3
35,2,0.6058983,1,44,R,1.9
35,2,1.3899349,1,100,R,1.3
35,2,0.7277947,1,100,R,1.3
35,2,0.6770565,1,100,R,1.3
35,2,0.5572946,1,16,R,1.4
35,3,0.9454392,0,16,R,2.3
35,3,0.7350661,1,72,R,1.8
35,3,0.7946881,1,100,R,2.3
35,3,1.2119555,1,100,R,2.3
35,3,0.6180436,1,72,R,1.1
35,3,0.7066473,0,16,R,1.8
35,3,1.3011415,1,72,R,1.9
35,3,0.6551779,1,100,R,1.1
35,3,1.20052,1,72,R,1.4
35,3,0.6576792,1,44,R,1.8
35,3,1.149883,1,100,R,1.1
35,3,0.7289189,0,44,R,2.3
35,3,0.9474948,1,44,R,1.8
35,3,0.6738861,1,44,R,1.1
35,3,1.1293251,0,16,R,1.3
35,3,0.8635639,0,44,R,1.1
35,3,0.874708,0,16,R,1.9
35,3,0.6581656,1,16,R,1.6
35,3,0.6511385,1,72,R,1.4
35,3,0.6055128,1,44,R,1.6
35,3,0.6290081,1,100,R,2.1
35,3,0.9311112,0,44,R,1.9
35,3,0.6675789,0,72,R,1.8
35,3,0.7739575,1,100,R,2.1
35,3,1.1612519,1,100,R,1.9
35,3,0.7504148,1,72,R,1.6
35,3,0.8398972,0,16,R,1.6
35,3,0.6466732,1,44,R,1.9
35,3,1.134077,0,72,R,1.4
35,3,0.8120987,0,44,R,2.3
35,3,0.6290112,1,44,R,1.1
35,3,0.8511406,0,72,R,0.9
35,3,0.7784708,0,100,R,0.9
35,3,0.9729687,1,44,R,0.9
35,3,0.8077123,0,16,R,1.8
35,3,0.8582924,0,16,R,0.9
35,3,1.591577,1,16,R,2.1
35,3,0.6452452,0,44,R,1.4
35,3,0.7176802,1,72,R,1.3
35,3,0.8382644,0,44,R,1.1
35,3,0.8402923,1,72,R,1.3
35,3,0.7121742,1,44,R,1.8
35,3,0.6072871,1,72,R,2.1
35,3,0.5893596,1,100,R,1.9
35,3,0.6335693,0,72,R,0.9
35,3,0.6071623,1,16,R,2.1
35,3,0.6717439,1,16,R,2.1
35,3,0.6570471,1,44,R,2.1
35,3,0.6316536,0,16,R,2.3
35,3,0.8011256,1,72,R,0.9
35,3,0.6727253,0,16,R,1.1
35,3,0.7847334,1,72,R,1.6
35,3,0.6786325,1,100,R,1.1
35,3,0.5997598,1,72,R,1.9
35,3,0.6933714,1,100,R,1.8
35,3,0.6178132,1,72,R,1.3
35,3,0.6257967,1,100,R,2.3
35,3,0.6127936,0,44,R,1.9
35,3,0.9009019,1,72,R,1.1
35,3,0.6887101,0,16,R,1.6
35,3,0.8414806,1,16,R,1.6
35,3,0.8453602,0,44,R,2.1
35,3,1.1725739,1,100,R,1.9
35,3,1.144406,1,100,R,1.1
35,3,0.6904118,1,44,R,1.1
35,3,0.812171,0,44,R,1.4
35,3,0.774553,1,16,R,1.1
35,3,0.6630899,0,44,R,0.9
35,3,0.7004488,0,72,R,1.1
35,3,0.605115,1,100,R,1.9
35,3,0.6133479,1,44,R,1.8
35,3,0.8464421,0,44,R,0.9
35,3,0.7681047,0,72,R,2.1
35,4,0.6404101,1,100,R,1.3
35,4,1.25174,1,72,R,1.4
35,4,1.2241244,0,16,R,1.1
35,4,0.8778025,0,100,R,1.8
35,4,0.6906381,0,16,R,1.8
35,4,0.8784285,0,100,R,1.8
35,4,0.6778702,1,100,R,1.3
35,4,0.7719278,1,44,R,1.1
35,4,0.6454053,1,100,R,0.9
35,4,0.8392321,1,100,R,1.8
35,4,0.606112,1,100,R,1.4
35,4,0.7178827,1,72,R,1.8
35,4,0.6430775,1,100,R,0.9
35,4,0.5557052,1,44,R,1.4
35,4,0.5462658,1,44,R,1.4
35,4,0.7748265,0,16,R,1.4
35,4,0.7666629,0,72,R,1.6
35,4,0.7512866,1,72,R,1.4
35,4,1.6922787,0,16,R,2.1
35,4,0.7079448,0,16,R,1.8
35,4,0.6374547,1,100,R,2.3
35,4,0.5677872,1,72,R,2.1
35,4,0.58809,1,44,R,2.3
35,4,0.5225853,1,100,R,1.6
35,4,1.2085941,1,16,R,1.6
35,4,0.794906,1,44,R,1.4
35,4,0.5388273,1,100,R,1.6
35,4,0.6915144,0,16,R,1.6
35,4,0.6438094,1,100,R,1.9
35,4,0.590347,1,100,R,1.8
35,4,0.4884974,1,100,R,1.8
35,4,0.5917248,0,16,R,1.6
35,4,1.0196398,1,72,R,2.1
35,4,0.5585056,1,16,R,1.8
35,4,0.6636955,0,44,R,1.3
35,4,0.9679591,1,72,R,1.3
35,4,0.6010925,1,72,R,1.1
35,4,0.4329386,1,72,R,1.1
35,4,0.6552424,1,44,R,2.1
35,4,1.0798322,1,44,R,2.1
35,4,0.6184532,1,72,R,1.6
35,4,0.7910125,0,16,R,0.9
35,4,0.4955078,1,100,R,2.1
35,4,0.6264769,1,16,R,2.3
35,4,0.6914196,0,16,R,1.6
35,4,0.7412205,1,16,R,1.6
35,4,0.6611956,1,16,R,2.1
35,4,0.6201259,1,72,R,2.3
35,4,0.5658271,1,44,R,1.3
35,4,0.7777462,1,16,R,1.3
35,4,0.8417943,1,16,R,1.8
35,4,0.4732751,1,100,R,0.9
35,4,0.8290105,1,44,R,1.3
35,4,0.5345492,1,72,R,1.3
35,4,0.7956622,0,44,R,2.3
35,4,0.5733414,0,16,R,0.9
35,4,0.6066734,1,44,R,1.1
35,4,0.5438274,1,100,R,1.1
35,4,0.5741269,1,16,R,1.9
35,4,0.4398159,1,100,R,1.4
35,4,0.6609396,1,100,R,1.9
35,4,0.6909209,1,16,R,2.3
35,4,0.6522652,1,72,R,0.9
35,4,0.6284179,0,44,R,1.9
35,4,0.6794329,0,44,R,0.9
35,4,0.661058,1,100,R,1.4
35,4,0.8101535,0,100,R,2.1
35,4,0.7251501,0,16,R,1.3
35,4,0.417027,1,72,R,1.1
35,4,0.5675923,0,72,R,1.8
35,4,0.591401,0,16,R,1.3
35,4,0.8058312,0,100,R,0.9
35,4,0.7460248,1,44,R,2.1
35,4,0.4992556,1,72,R,0.9
35,4,0.5557335,0,100,R,0.9
1,1,0.4913147,1,16,S,1.9
1,1,0.5116657,1,72,S,1.9
1,1,0.6668795,1,100,S,1.3
1,1,0.6856376,1,100,S,1.4
1,1,0.5001828,1,72,S,1.1
1,1,0.5575799,1,16,S,1.3
1,1,0.6179514,1,72,S,1.4
1,1,0.7103246,0,44,S,2.1
1,1,0.6555326,1,16,S,1.1
1,1,0.5969815,1,44,S,2.1
1,1,0.5743722,1,44,S,1.3
1,1,0.5741512,1,44,S,1.1
1,1,0.5646262,1,100,S,1.1
1,1,0.5754527,1,44,S,1.9
1,1,0.6498383,1,100,S,2.3
1,1,0.6698035,1,44,S,1.1
1,1,0.6529174,1,16,S,1.9
1,1,0.4624061,1,16,S,2.3
1,1,0.6181562,1,44,S,0.9
1,1,1.3524911,1,16,S,1.1
1,1,0.4104938,1,16,S,2.1
1,1,0.5572752,0,16,S,1.8
1,1,0.5356747,0,16,S,1.4
1,1,0.8341799,1,72,S,1.1
1,1,0.7587065,1,72,S,2.3
1,1,0.5936825,1,44,S,1.9
1,1,0.6365882,1,72,S,1.4
1,1,0.5841261,1,44,S,1.4
1,1,0.4623698,1,16,S,2.1
1,1,0.5688806,1,72,S,2.1
1,1,0.6001465,1,44,S,1.1
1,1,0.5187134,1,72,S,2.3
1,1,0.8222616,1,44,S,2.3
1,1,0.4547429,1,100,S,1.3
1,1,0.6184847,0,44,S,1.8
1,1,0.6509318,1,16,S,1.9
1,1,0.5192004,0,16,S,1.9
1,1,0.3278309,1,44,S,2.1
1,1,0.5731693,1,72,S,1.6
1,1,0.7699466,1,44,S,0.9
1,1,0.5174303,1,16,S,1.6
1,1,0.4904082,1,100,S,1.1
1,1,0.5510679,1,72,S,2.3
1,1,0.644831,1,16,S,1.3
1,1,1.0083689,0,44,S,1.3
1,1,0.6000564,1,16,S,1.9
1,1,0.4270778,1,72,S,1.3
1,1,0.5046595,1,16,S,2.1
1,1,0.4291745,1,72,S,0.9
1,1,0.5023577,1,44,S,1.8
1,1,0.716203,1,72,S,1.1
1,1,0.3858701,1,72,S,1.3
1,1,0.5442981,1,16,S,0.9
1,1,1.089181,0,16,S,1.8
1,1,0.557007,1,44,S,0.9
1,1,0.5597703,1,72,S,1.6
1,1,0.6236122,0,44,S,1.4
1,1,0.4869287,1,72,S,1.3
1,1,0.60927,0,16,S,2.1
1,1,0.5270234,1,72,S,1.4
1,1,0.5922467,0,16,S,0.9
1,1,0.5629041,0,16,S,1.6
1,1,0.5489998,0,16,S,1.3
1,1,0.5569363,1,72,S,1.8
1,1,0.5037048,1,16,S,2.3
1,1,0.4626574,1,16,S,1.8
1,1,0.4907977,1,100,S,0.9
1,1,0.5145348,0,44,S,1.1
1,1,0.5066224,1,44,S,0.9
1,1,0.6111406,1,72,S,1.9
1,1,0.7664938,0,44,S,1.1
1,1,0.5320375,1,72,S,1.3
1,1,0.3613501,1,72,S,1.4
1,1,0.5801168,0,100,S,1.6
1,1,0.3259018,1,100,S,1.1
1,1,0.3774962,1,16,S,2.3
1,2,0.6650858,1,16,S,1.3
1,2,0.5777445,1,16,S,1.3
1,2,0.5977306,1,72,S,2.3
1,2,0.5961606,1,16,S,2.1
1,2,0.6096276,1,72,S,2.1
1,2,0.527407,1,72,S,1.3
1,2,0.5185172,1,16,S,1.9
1,2,0.5003012,1,16,S,1.3
1,2,0.4541873,1,44,S,1.9
1,2,0.5772218,1,44,S,2.3
1,2,0.8138261,1,72,S,1.4
1,2,0.6352711,1,100,S,0.9
1,2,0.5790408,1,16,S,1.3
1,2,0.4875886,1,16,S,1.8
1,2,0.5152854,1,44,S,2.3
1,2,0.6042134,1,100,S,1.1
1,2,0.530853,1,100,S,1.1
1,2,0.5557462,1,100,S,1.6
1,2,0.5482987,1,44,S,1.4
1,2,0.5465339,1,100,S,1.6
1,2,0.5007757,1,44,S,1.1
1,2,0.5315623,1,100,S,1.3
1,2,0.4877349,1,100,S,2.1
1,2,0.5239635,1,72,S,1.3
1,2,0.5169813,1,16,S,1.1
1,2,0.5111929,1,44,S,0.9
1,2,0.519399,1,44,S,2.1
1,2,0.4971713,1,44,S,1.9
1,2,0.4231642,1,44,S,1.8
1,2,0.6076456,0,16,S,1.8
1,2,0.589998,1,16,S,1.4
1,2,0.4784199,1,44,S,1.1
1,2,0.7717964,1,44,S,1.9
1,2,0.5458583,1,16,S,1.3
1,2,0.5133531,1,16,S,2.3
1,2,0.5679293,1,16,S,0.9
1,2,0.5253008,0,16,S,1.6
1,2,0.4983376,1,100,S,1.3
1,2,0.3762807,0,100,S,0.9
1,2,0.7886909,1,72,S,0.9
1,2,0.4837362,1,72,S,2.3
1,2,0.352286,1,44,S,1.1
1,2,0.3889935,1,72,S,1.3
1,2,0.4066174,1,16,S,1.9
1,2,0.3254711,1,16,S,1.6
1,2,0.5134922,1,44,S,1.6
1,2,0.3264665,1,44,S,2.1
1,2,0.3747498,1,16,S,2.3
1,2,0.3281765,1,100,S,2.1
1,2,0.5503218,1,100,S,1.1
1,2,0.4913931,1,72,S,1.3
1,2,0.5972251,1,100,S,2.3
1,2,0.5802596,1,44,S,1.4
1,2,0.6180083,1,16,S,1.8
1,2,0.4987318,1,72,S,1.1
1,2,0.5144536,1,44,S,2.1
1,2,0.5423008,0,16,S,1.1
1,2,0.5184643,1,100,S,1.3
1,2,0.4032136,1,72,S,1.4
1,2,0.4762383,1,72,S,0.9
1,2,0.5586942,1,16,S,0.9
1,2,0.6877027,1,44,S,1.9
1,2,1.1688368,1,44,S,2.3
1,2,0.50384,1,100,S,1.6
1,2,0.4319936,1,44,S,1.3
1,2,0.5527565,1,100,S,1.9
1,2,0.5554678,1,44,S,1.8
1,2,0.5551576,1,100,S,1.1
1,2,0.6015996,1,16,S,0.9
1,2,0.7188735,1,44,S,0.9
1,2,1.0157489,1,100,S,1.4
1,2,0.5278818,1,100,S,0.9
1,2,0.395686,1,100,S,1.9
1,2,0.4455978,1,100,S,1.3
1,2,0.5408662,1,100,S,2.1
1,3,0.4644507,1,16,S,2.1
1,3,0.2480443,1,72,S,2.1
1,3,0.5111592,1,72,S,0.9
1,3,0.5344121,1,72,S,1.4
1,3,0.3627267,1,44,S,2.3
1,3,0.4944078,0,16,S,1.9
1,3,0.4518667,1,16,S,1.3
1,3,0.3381662,1,100,S,1.3
1,3,0.5013435,1,100,S,1.8
1,3,0.4246171,1,16,S,0.9
1,3,0.4958074,1,100,S,1.1
1,3,0.4906199,1,100,S,1.1
1,3,0.4854765,1,72,S,1.3
1,3,0.4549898,1,100,S,2.3
1,3,0.4026467,1,100,S,1.4
1,3,0.4281235,1,16,S,1.1
1,3,0.3299218,1,100,S,1.8
1,3,0.4859347,1,72,S,1.4
1,3,0.3780499,1,44,S,1.8
1,3,0.3443351,1,100,S,1.4
1,3,0.2501223,1,72,S,2.3
1,3,0.5315556,1,100,S,2.3
1,3,0.4815364,1,72,S,1.8
1,3,0.4333912,1,16,S,1.4
1,3,0.5199226,0,16,S,1.9
1,3,0.5526499,1,72,S,1.3
1,3,0.5061941,1,44,S,1.4
1,3,0.3235851,1,100,S,1.8
1,3,0.4709657,1,44,S,1.4
1,3,0.2807744,1,72,S,1.4
1,3,0.500706,1,100,S,2.3
1,3,0.5674598,1,16,S,1.3
1,3,0.537348,1,16,S,1.9
1,3,0.3855974,1,72,S,1.6
1,3,0.5238372,1,100,S,1.6
1,3,0.5515339,1,100,S,1.4
1,3,0.4992799,1,72,S,1.1
1,3,0.701038,0,16,S,1.1
1,3,0.525303,1,16,S,2.1
1,3,0.5095798,1,16,S,2.3
1,3,0.3920368,1,44,S,2.3
1,3,0.3631966,1,72,S,2.1
1,3,0.4847348,1,44,S,1.9
1,3,0.58091,1,72,S,1.4
1,3,0.4218114,1,44,S,1.9
1,3,0.3214474,1,72,S,1.1
1,3,0.5579855,1,100,S,2.1
1,3,0.4475881,1,72,S,1.4
1,3,0.5256946,1,44,S,1.4
1,3,0.5922601,0,44,S,1.6
1,3,0.5682403,1,44,S,1.1
1,3,0.5011654,1,44,S,1.6
1,3,0.408428,1,100,S,2.1
1,3,0.5285328,0,44,S,1.4
1,3,0.8757353,1,44,S,1.8
1,3,0.4415001,1,100,S,1.1
1,3,0.3476378,1,44,S,2.1
1,3,0.4945641,1,16,S,2.1
1,3,0.4472241,1,44,S,2.1
1,3,0.4575683,1,100,S,1.3
1,3,0.4683679,1,100,S,0.9
1,3,0.413002,1,44,S,1.3
1,3,0.3256422,1,44,S,1.8
1,3,0.4827058,1,100,S,1.4
1,3,0.4061777,1,44,S,1.8
1,3,0.3552082,1,72,S,1.6
1,3,0.3875633,1,72,S,1.9
1,3,0.298961,1,16,S,1.1
1,3,0.5478072,1,100,S,1.9
1,3,0.4487544,1,72,S,1.8
1,3,0.707576,0,44,S,0.9
1,3,0.4075203,1,44,S,1.9
1,3,0.8491726,1,16,S,2.3
1,3,0.3195058,1,72,S,1.9
1,3,0.3289823,1,100,S,1.8
1,3,0.4303212,1,44,S,1.3
1,3,0.2064278,1,100,S,1.8
1,4,0.372458,1,44,S,1.4
1,4,0.9990087,1,44,S,1.4
1,4,0.3341924,1,72,S,2.1
1,4,0.6532227,0,16,S,0.9
1,4,0.252782,1,100,S,1.6
1,4,0.6285608,1,16,S,1.6
1,4,0.5105736,1,44,S,2.1
1,4,0.2887141,1,72,S,1.9
1,4,0.5802893,0,16,S,2.3
1,4,0.4151713,1,100,S,2.3
1,4,0.7453649,0,16,S,1.9
1,4,0.7036069,1,16,S,1.4
1,4,0.5072502,1,44,S,1.4
1,4,0.408689,1,100,S,1.8
1,4,0.5507029,1,72,S,1.6
1,4,0.3000584,1,100,S,1.6
1,4,0.4984507,1,44,S,1.1
1,4,0.5087795,1,72,S,0.9
1,4,0.4952563,1,44,S,1.8
1,4,0.6804174,1,16,S,0.9
1,4,0.5012418,1,72,S,1.4
1,4,0.4992289,1,100,S,1.8
1,4,0.4938205,1,16,S,0.9
1,4,0.3402373,1,100,S,1.6
1,4,0.3679873,1,44,S,1.3
1,4,0.5819084,1,16,S,1.4
1,4,0.501074,1,44,S,1.6
1,4,0.4195572,1,100,S,2.1
1,4,0.4842578,1,16,S,2.3
1,4,0.4741031,1,44,S,0.9
1,4,0.4695943,1,100,S,1.4
1,4,0.5157756,1,72,S,1.8
1,4,0.5281675,1,44,S,1.1
1,4,0.5246789,1,16,S,1.6
1,4,0.4007587,1,16,S,1.3
1,4,0.3653005,1,44,S,1.8
1,4,0.5329093,1,16,S,2.1
1,4,0.6284757,1,100,S,1.4
1,4,0.7010256,1,44,S,1.9
1,4,0.3702753,1,72,S,2.3
1,4,0.524906,1,72,S,1.9
1,4,0.5132151,1,16,S,2.3
1,4,0.4674022,1,44,S,1.6
1,4,0.3449776,1,72,S,1.6
1,4,0.3728896,1,100,S,1.1
1,4,0.3442117,1,72,S,1.1
1,4,0.4146529,1,100,S,1.3
1,4,0.5484832,1,16,S,1.4
1,4,0.5106988,1,44,S,1.8
1,4,0.3784484,1,72,S,2.1
1,4,0.3601306,1,72,S,0.9
1,4,0.5624281,0,16,S,2.1
1,4,0.4778979,0,16,S,1.4
1,4,0.2821948,1,44,S,1.8
1,4,0.6418143,1,16,S,1.3
1,4,0.4517798,1,44,S,2.3
1,4,0.5163233,1,100,S,1.1
1,4,0.3049342,1,100,S,1.6
1,4,0.2426215,1,100,S,0.9
1,4,0.4599482,1,100,S,1.6
1,4,0.3460226,1,72,S,0.9
1,4,0.3347823,1,16,S,1.3
1,4,0.450613,1,44,S,1.8
1,4,0.3782292,1,100,S,2.1
1,4,0.4949242,1,16,S,1.8
1,4,0.3111234,1,100,S,1.9
1,4,0.5280261,1,72,S,1.4
1,4,0.4928271,1,16,S,1.3
1,4,0.4794775,1,100,S,2.3
1,4,0.3990193,1,100,S,1.1
1,4,0.4846102,1,44,S,2.1
2,1,0.976711,0,16,S,1.3
2,1,1.1180252,1,72,S,1.9
2,1,1.2846748,0,44,S,0.9
2,1,1.7974865,1,100,S,1.9
2,1,0.6810201,1,100,S,1.6
2,1,0.8933816,1,44,S,1.8
2,1,1.6330808,1,72,S,1.8
2,1,0.7434813,1,16,S,0.9
2,1,0.8033509,1,72,S,0.9
2,1,0.8167843,1,44,S,1.9
2,1,1.0427926,1,16,S,1.1
2,1,0.8866484,1,100,S,2.3
2,1,0.8369891,1,100,S,1.3
2,1,1.0406866,1,72,S,1.4
2,1,0.7453163,1,100,S,2.3
2,1,0.7657036,1,16,S,1.3
2,1,0.6115794,1,44,S,2.3
2,1,0.8833281,1,16,S,1.4
2,1,0.6658136,1,100,S,2.3
2,1,0.8931966,1,100,S,1.3
2,1,0.8079081,1,100,S,2.1
2,1,1.5012521,1,44,S,1.9
2,1,0.9391693,1,100,S,1.9
2,1,1.0455459,1,16,S,1.1
2,1,1.1153634,1,72,S,1.4
2,1,1.0174262,1,16,S,2.3
2,1,0.947848,1,100,S,1.6
2,1,0.7004831,1,72,S,1.6
2,1,0.7892757,1,16,S,1.3
2,1,1.0238692,1,16,S,0.9
2,1,0.6409919,1,100,S,2.3
2,1,0.8204238,1,16,S,1.6
2,1,0.806633,1,100,S,2.1
2,1,0.7380303,1,72,S,2.1
2,1,0.8516732,1,16,S,2.1
2,1,0.644277,1,100,S,1.6
2,1,0.7227784,1,44,S,1.6
2,1,1.1965623,1,16,S,2.1
2,1,1.0230425,1,16,S,1.4
2,1,0.6909956,1,100,S,2.3
2,1,0.7164916,1,16,S,1.3
2,1,0.7915164,1,72,S,1.1
2,1,1.0989002,1,16,S,1.4
2,1,0.6692983,1,16,S,2.1
2,1,0.5586596,1,72,S,1.6
2,1,0.8616707,1,44,S,1.6
2,1,0.7949218,1,72,S,0.9
2,1,0.6369039,1,100,S,1.3
2,1,0.8380002,1,100,S,1.4
2,1,0.674238,1,100,S,2.1
2,1,0.739794,1,16,S,1.3
2,1,0.8025242,1,100,S,2.3
2,1,1.817519,1,44,S,1.6
2,1,0.9446556,1,72,S,1.9
2,1,1.148874,1,44,S,2.1
2,1,0.7668222,1,72,S,1.3
2,1,0.4793615,1,72,S,1.6
2,1,0.6752031,1,44,S,1.1
2,1,0.8868105,1,100,S,1.4
2,1,0.6076601,1,16,S,2.1
2,1,0.6802074,1,44,S,1.4
2,1,0.5558809,1,72,S,1.8
2,1,0.772713,1,100,S,1.1
2,1,0.7674564,1,72,S,1.9
2,1,0.7594515,1,100,S,1.6
2,1,0.6287956,1,100,S,2.3
2,1,0.7770949,1,16,S,1.6
2,1,1.5173429,1,72,S,0.9
2,1,0.8426325,1,100,S,2.1
2,1,1.3871346,1,44,S,1.6
2,1,0.6885515,1,100,S,1.8
2,2,1.3077487,1,100,S,2.3
2,2,1.6838142,0,16,S,1.6
2,2,0.6712387,1,72,S,1.3
2,2,1.0135537,1,16,S,0.9
2,2,0.9662995,1,44,S,2.1
2,2,0.8940593,1,44,S,1.9
2,2,1.2204242,1,72,S,1.9
2,2,1.298216,1,72,S,1.3
2,2,1.2715716,1,16,S,1.8
2,2,1.0947685,1,44,S,1.9
2,2,0.8607653,1,72,S,1.4
2,2,0.8525957,1,16,S,1.8
2,2,0.8446113,1,100,S,0.9
2,2,1.011639,1,44,S,2.3
2,2,0.6003676,1,72,S,0.9
2,2,0.748484,1,100,S,1.9
2,2,1.3359793,1,16,S,1.1
2,2,1.1436409,1,16,S,0.9
2,2,0.7219652,1,44,S,1.9
2,2,0.9716704,1,16,S,1.4
2,2,0.9223771,1,44,S,1.6
2,2,0.690523,1,100,S,1.4
2,2,0.9657064,1,44,S,1.8
2,2,0.7581936,1,16,S,1.9
2,2,1.3732836,1,72,S,1.6
2,2,0.7923737,1,72,S,1.8
2,2,0.7237614,1,16,S,2.1
2,2,0.7164369,1,72,S,1.3
2,2,0.8023218,1,100,S,1.1
2,2,0.7065953,1,16,S,1.9
2,2,0.9503079,1,44,S,1.6
2,2,1.0252959,1,72,S,1.8
2,2,1.6142475,1,16,S,1.6
2,2,0.8448844,1,100,S,0.9
2,2,0.6206346,1,16,S,2.1
2,2,0.6383392,1,72,S,1.8
2,2,0.5697748,1,72,S,1.9
2,2,0.724018,1,72,S,1.3
2,2,0.8770368,1,44,S,1.9
2,2,0.74008,1,44,S,1.6
2,2,1.7840997,1,16,S,1.9
2,2,0.9368265,1,72,S,1.8
2,2,0.8720206,1,72,S,1.6
2,2,0.6159212,1,100,S,2.1
2,2,0.5036121,1,44,S,1.8
2,2,1.9811434,0,16,S,1.3
2,2,0.6583574,1,72,S,1.9
2,2,0.7366985,1,16,S,1.9
2,2,0.6707331,1,100,S,1.8
2,2,0.8138636,1,16,S,1.9
2,2,0.617993,1,44,S,1.4
2,2,0.9897976,1,44,S,0.9
2,2,0.9407876,1,100,S,1.6
2,2,0.8890226,1,100,S,1.3
2,2,1.1103547,1,16,S,2.3
2,2,0.7569413,1,72,S,1.1
2,2,1.2961644,1,44,S,2.1
2,2,1.3686152,1,16,S,1.8
2,2,0.7614539,1,72,S,1.1
2,2,1.2405091,1,44,S,1.8
2,2,0.908541,1,72,S,1.3
2,2,0.8251344,1,44,S,1.9
2,2,0.8790548,1,100,S,1.4
2,2,0.9267372,1,44,S,1.8
2,2,1.1103181,1,100,S,1.3
2,2,1.0670311,0,16,S,1.3
2,2,1.0481996,0,16,S,1.9
2,2,1.4041837,1,100,S,2.3
2,2,0.8894064,1,44,S,2.1
2,2,0.9740863,1,100,S,1.3
2,2,0.9507766,1,100,S,1.9
2,2,1.2193126,1,16,S,1.9
2,2,0.7584748,1,16,S,1.3
2,2,0.8165414,1,100,S,1.9
2,2,1.0678122,1,72,S,1.4
2,3,1.003182,1,100,S,2.1
2,3,0.9063679,1,100,S,2.3
2,3,0.6323888,1,72,S,1.4
2,3,0.8605813,1,72,S,1.8
2,3,0.911064,1,44,S,1.8
2,3,1.1721482,1,100,S,1.8
2,3,0.8216659,1,72,S,2.1
2,3,0.9118855,1,44,S,2.3
2,3,0.9728896,1,44,S,1.4
2,3,0.4627352,1,72,S,1.6
2,3,1.3031998,1,16,S,1.8
2,3,1.274687,1,44,S,2.3
2,3,2.3131626,0,100,S,0.9
2,3,1.3618478,0,44,S,1.4
2,3,1.4667271,1,16,S,1.9
2,3,0.6247546,1,72,S,2.3
2,3,0.8719083,1,100,S,1.1
2,3,1.5070532,1,100,S,1.8
2,3,1.6376307,1,72,S,0.9
2,3,1.8614794,1,44,S,0.9
2,3,0.7844073,1,100,S,0.9
2,3,1.6737274,1,72,S,0.9
2,3,1.8312384,1,100,S,1.9
2,3,0.7586178,1,100,S,0.9
2,3,1.0305927,0,44,S,1.8
2,3,0.6030515,1,72,S,1.9
2,3,0.8756167,1,44,S,2.1
2,3,1.2392661,1,16,S,1.6
2,3,0.7729732,1,44,S,2.3
2,3,0.9708202,1,100,S,1.4
2,3,1.4539168,1,16,S,2.3
2,3,0.9206687,1,44,S,2.3
2,3,0.6585086,1,72,S,1.3
2,3,0.7372011,1,100,S,1.9
2,3,1.1381143,1,16,S,1.9
2,3,1.6645307,1,16,S,1.3
2,3,0.8831715,1,72,S,1.9
2,3,1.5627746,0,16,S,1.3
2,3,1.7788301,1,72,S,1.8
2,3,0.9941172,1,44,S,0.9
2,3,1.2203457,1,72,S,1.3
2,3,1.1109592,1,16,S,1.3
2,3,0.6614734,1,72,S,1.4
2,3,0.7806842,1,72,S,2.3
2,3,0.9337342,1,72,S,1.8
2,3,1.1087655,1,44,S,1.3
2,3,1.1583007,1,16,S,1.8
2,3,0.9088102,1,72,S,1.1
2,3,0.9965643,1,44,S,1.1
2,3,0.7949457,1,16,S,0.9
2,3,1.615793,0,16,S,2.3
2,3,0.859742,1,100,S,1.9
2,3,0.702426,1,100,S,2.3
2,3,0.7728037,1,100,S,1.1
2,3,1.9016689,1,16,S,1.8
2,3,0.6277829,1,100,S,1.8
2,3,0.8951463,1,16,S,1.1
2,3,1.2249807,1,72,S,1.9
2,3,0.4882498,1,72,S,1.3
2,3,0.9761446,1,44,S,1.4
2,3,0.9134991,1,100,S,2.3
2,3,0.6510184,1,44,S,2.1
2,3,0.9388367,1,16,S,0.9
2,3,1.3497289,0,16,S,1.4
2,3,0.8561434,1,100,S,1.4
2,3,0.938587,1,100,S,2.3
2,3,1.3977715,0,16,S,2.3
2,3,0.8532806,1,72,S,1.6
2,3,1.4981873,1,100,S,2.1
2,3,1.216998,0,16,S,2.3
2,3,0.9150403,1,100,S,1.4
2,3,1.4236959,1,16,S,0.9
2,3,0.6963278,1,100,S,1.3
2,3,0.8925084,1,72,S,1.3
2,3,0.9142927,1,72,S,2.3
2,4,0.7014059,0,16,S,2.1
2,4,0.7688912,0,16,S,0.9
2,4,0.874686,1,16,S,0.9
2,4,1.0238993,1,72,S,1.3
2,4,0.5613274,1,100,S,1.4
2,4,0.2947311,1,72,S,0.9
2,4,0.6613218,1,16,S,1.4
2,4,0.5044702,1,72,S,1.6
2,4,0.4412657,1,100,S,2.1
2,4,0.6103807,0,16,S,1.6
2,4,0.5959518,1,100,S,1.6
2,4,0.640267,1,16,S,2.1
2,4,0.4470114,1,72,S,1.3
2,4,0.5570377,1,16,S,1.9
2,4,0.6685278,1,44,S,0.9
2,4,0.9004617,1,44,S,1.4
2,4,0.8201611,0,16,S,0.9
2,4,0.6541597,1,16,S,1.9
2,4,0.7151877,1,72,S,1.4
2,4,0.8244754,1,72,S,1.1
2,4,0.5901431,1,16,S,1.6
2,4,0.5972101,1,16,S,1.8
2,4,0.7761606,0,16,S,1.1
2,4,0.6278729,1,72,S,1.1
2,4,0.959224,1,100,S,1.1
2,4,0.7152502,1,100,S,1.9
2,4,0.8834595,1,44,S,1.4
2,4,0.7232209,1,44,S,1.4
2,4,0.9335051,0,16,S,1.3
2,4,1.2881321,1,100,S,1.8
2,4,0.8481884,1,44,S,1.9
2,4,0.5438188,1,72,S,2.1
2,4,0.9453047,0,16,S,1.3
2,4,0.7551104,1,100,S,2.1
2,4,0.5586779,1,44,S,2.3
2,4,0.6503962,1,44,S,0.9
2,4,0.5667658,1,100,S,1.6
2,4,0.9460226,1,72,S,1.4
2,4,0.4015023,1,72,S,1.6
2,4,0.5269909,1,100,S,2.1
2,4,0.4480853,1,72,S,1.3
2,4,0.585952,1,16,S,2.3
2,4,0.5634105,1,44,S,1.3
2,4,0.4037704,1,100,S,1.8
2,4,0.4377447,1,72,S,1.9
2,4,0.4888818,1,16,S,1.9
2,4,1.1636402,1,16,S,2.3
2,4,0.6903518,1,100,S,1.8
2,4,0.6558547,1,16,S,1.4
2,4,0.5291278,1,100,S,1.3
2,4,1.6416205,0,44,S,2.3
2,4,0.6188739,1,44,S,1.9
2,4,0.6945383,1,100,S,2.1
2,4,0.5144591,1,72,S,1.9
2,4,1.0205026,1,44,S,0.9
2,4,0.6618923,1,100,S,1.4
2,4,0.817958,1,72,S,2.3
2,4,0.8862729,1,16,S,1.9
2,4,0.4648985,1,72,S,1.4
2,4,0.4346194,1,72,S,1.1
2,4,0.4948695,1,72,S,1.8
2,4,0.3558206,1,16,S,2.1
2,4,0.3648398,1,72,S,0.9
2,4,0.5035488,1,72,S,2.3
2,4,0.7503432,0,16,S,2.1
2,4,0.4329936,1,100,S,0.9
2,4,0.3308743,1,72,S,1.3
2,4,0.2777792,1,44,S,2.1
2,4,0.9108395,1,16,S,2.1
2,4,0.5427255,1,44,S,1.8
2,4,0.6245386,1,16,S,2.3
2,4,0.6696122,1,16,S,0.9
2,4,0.5478603,1,72,S,1.4
2,4,0.5331284,1,16,S,2.3
2,4,1.0021826,1,44,S,1.3
2,4,0.4270855,1,16,S,1.9
3,1,0.7873756,1,16,S,1.1
3,1,0.8943917,1,100,S,2.1
3,1,1.0222339,1,44,S,2.3
3,1,0.524546,1,72,S,1.1
3,1,1.7440689,1,72,S,0.9
3,1,0.6709563,1,44,S,1.3
3,1,1.3549036,1,16,S,0.9
3,1,0.6593609,1,44,S,1.4
3,1,1.6378191,0,16,S,0.9
3,1,1.7995193,1,72,S,1.8
3,1,1.5460013,1,72,S,1.9
3,1,0.9416059,1,44,S,1.8
3,1,0.5834856,1,72,S,2.1
3,1,1.3239779,1,44,S,0.9
3,1,0.6958423,1,72,S,2.3
3,1,1.3301647,1,16,S,1.9
3,1,0.7078921,1,72,S,2.1
3,1,1.1707493,1,16,S,1.8
3,1,1.0550303,0,16,S,0.9
3,1,0.9544601,1,44,S,1.3
3,1,0.6291339,1,100,S,1.1
3,1,0.6445769,1,44,S,1.9
3,1,0.4035137,1,100,S,2.1
3,1,0.6239673,1,100,S,1.1
3,1,0.3983679,1,16,S,1.1
3,1,0.4352089,1,72,S,1.9
3,1,0.6872149,1,100,S,1.4
3,1,0.908319,1,100,S,0.9
3,1,0.4175896,1,72,S,2.3
3,1,0.4713232,1,72,S,1.3
3,1,0.3769612,1,100,S,1.8
3,1,0.5886659,1,72,S,0.9
3,1,0.4217568,1,72,S,1.8
3,1,0.3923455,1,100,S,1.3
3,1,0.5093545,0,16,S,0.9
3,1,1.4270439,0,44,S,1.8
3,1,0.4920594,1,72,S,0.9
3,1,0.5127857,1,72,S,1.6
3,1,0.5561107,1,16,S,2.3
3,1,0.418737,1,72,S,1.1
3,1,1.5707122,1,16,S,2.3
3,1,1.5233253,1,16,S,1.8
3,1,0.5166917,1,44,S,1.1
3,1,0.9704172,1,100,S,1.1
3,1,0.5033657,1,72,S,2.3
3,1,0.6635401,1,44,S,1.1
3,1,1.1703111,1,100,S,1.9
3,1,0.5157122,1,100,S,1.8
3,1,0.7319865,1,100,S,1.4
3,1,1.3961264,1,44,S,1.8
3,1,1.9629961,1,44,S,1.4
3,1,0.5131421,1,44,S,1.1
3,1,0.507249,1,44,S,2.1
3,1,1.3415885,1,44,S,1.8
3,1,1.0847101,1,72,S,1.3
3,1,0.69783,1,100,S,2.1
3,1,0.517657,1,16,S,1.1
3,1,0.5886806,1,100,S,2.3
3,1,0.5896168,1,16,S,1.8
3,1,0.4577713,1,72,S,1.1
3,1,0.6111655,1,72,S,1.4
3,1,0.5814289,1,44,S,2.1
3,1,0.473501,1,44,S,1.1
3,2,0.6455041,1,100,S,1.4
3,2,0.6057498,1,100,S,1.3
3,2,0.5307766,1,72,S,2.1
3,2,0.4548826,1,44,S,1.4
3,2,0.4253633,1,72,S,1.6
3,2,0.4678759,1,72,S,1.8
3,2,1.0128906,1,72,S,0.9
3,2,0.5430137,1,16,S,2.3
3,2,2.3849889,1,16,S,1.3
3,2,1.1197661,1,44,S,1.9
3,2,0.9138035,1,72,S,1.9
3,2,0.5689593,1,100,S,0.9
3,2,0.5748496,1,100,S,2.1
3,2,0.4967435,1,16,S,1.1
3,2,0.4422386,1,44,S,1.4
3,2,0.4939839,1,44,S,1.9
3,2,0.4271527,1,72,S,1.8
3,2,0.4281721,1,72,S,1.8
3,2,0.4519187,1,72,S,1.8
3,2,0.498153,1,100,S,1.1
3,2,0.6696768,1,100,S,1.4
3,2,0.6275435,1,16,S,1.4
3,2,0.5579439,1,100,S,1.4
3,2,0.4796116,1,44,S,1.9
3,2,0.4389902,1,44,S,1.9
3,2,0.5723156,1,100,S,1.9
3,2,0.4980023,1,72,S,2.3
3,2,0.5905075,1,44,S,2.1
3,2,0.5249944,1,44,S,2.3
3,2,0.7512771,1,100,S,1.1
3,2,0.5543683,1,16,S,2.3
3,2,0.5019502,1,44,S,0.9
3,2,0.4894824,1,16,S,2.3
3,2,0.5217283,1,16,S,1.6
3,2,0.5001756,1,44,S,1.8
3,2,0.5114279,1,16,S,1.8
3,2,0.5038521,1,44,S,2.3
3,2,0.4824486,1,72,S,1.3
3,2,0.5941893,1,44,S,1.3
3,2,0.5170308,1,16,S,2.1
3,2,0.472755,1,16,S,0.9
3,2,0.4506089,1,16,S,2.3
3,2,0.4419428,1,44,S,1.6
3,2,0.4372569,1,44,S,2.1
3,2,0.4292352,1,100,S,1.4
3,2,0.4374106,1,72,S,1.1
3,3,0.6329782,1,44,S,1.1
3,3,0.4482543,1,100,S,2.1
3,3,0.5505606,1,72,S,0.9
3,3,0.5162535,1,72,S,1.1
3,3,0.6252324,1,100,S,1.9
3,3,1.8230563,1,16,S,1.4
3,3,1.8684193,0,16,S,1.9
3,3,1.3568206,1,72,S,1.4
3,3,0.5564656,1,16,S,2.3
3,3,0.827659,1,100,S,1.9
3,3,1.2344008,0,16,S,1.4
3,3,0.4814108,1,100,S,1.8
3,3,0.6827057,1,44,S,1.8
3,3,0.5967355,1,44,S,0.9
3,3,0.5379685,1,72,S,2.3
3,3,1.0391547,1,72,S,0.9
3,3,0.6137393,1,72,S,0.9
3,3,0.7837042,1,72,S,1.9
3,3,0.6188678,1,16,S,0.9
3,3,0.6236088,1,44,S,2.3
3,3,0.5398919,1,16,S,1.6
3,3,0.5475924,1,44,S,1.1
3,3,0.4475425,1,72,S,1.6
3,3,0.6152486,1,16,S,2.3
3,3,0.416763,1,72,S,2.1
3,3,0.4063254,1,100,S,1.4
3,3,0.5487439,1,100,S,2.3
3,3,0.5538198,1,44,S,1.4
3,3,0.4918157,1,16,S,1.3
3,3,0.5576796,1,100,S,1.6
3,3,0.4024367,1,100,S,1.9
3,3,0.7425084,1,100,S,1.4
3,3,0.5960906,1,100,S,1.1
3,3,0.5609546,1,100,S,2.1
3,3,0.4883327,1,44,S,2.3
3,3,0.565865,1,16,S,1.8
3,3,1.3987512,1,16,S,0.9
3,3,2.1437303,1,16,S,2.1
3,3,0.447547,1,72,S,1.8
3,3,0.4947123,1,16,S,1.1
3,3,0.6025902,1,100,S,1.9
3,3,0.4402021,1,44,S,1.6
3,3,1.3940803,0,16,S,1.6
3,3,0.9796992,1,16,S,1.4
3,3,0.4873184,1,100,S,1.1
3,3,0.4434483,1,72,S,1.1
3,3,0.5320627,1,44,S,1.4
3,3,0.4859539,1,44,S,0.9
3,3,0.4622612,1,72,S,1.6
3,3,0.4239315,1,44,S,2.3
3,3,1.466583,1,16,S,2.1
3,3,0.4203179,1,100,S,2.1
3,3,1.6061591,1,16,S,1.9
3,3,0.4968323,1,44,S,1.1
3,3,0.4549755,1,100,S,2.3
3,3,0.4246714,1,72,S,0.9
3,3,0.5582576,1,72,S,2.1
3,3,0.5566961,1,16,S,1.3
3,3,0.5239444,1,100,S,1.8
3,3,0.6873449,1,16,S,1.6
2,4,0.7014059,0,16,S,2.1
2,4,0.7688912,0,16,S,0.9
2,4,0.874686,1,16,S,0.9
2,4,1.0238993,1,72,S,1.3
2,4,0.5613274,1,100,S,1.4
2,4,0.2947311,1,72,S,0.9
2,4,0.6613218,1,16,S,1.4
2,4,0.5044702,1,72,S,1.6
2,4,0.4412657,1,100,S,2.1
2,4,0.6103807,0,16,S,1.6
2,4,0.5959518,1,100,S,1.6
2,4,0.640267,1,16,S,2.1
2,4,0.4470114,1,72,S,1.3
2,4,0.5570377,1,16,S,1.9
2,4,0.6685278,1,44,S,0.9
2,4,0.9004617,1,44,S,1.4
2,4,0.8201611,0,16,S,0.9
2,4,0.6541597,1,16,S,1.9
2,4,0.7151877,1,72,S,1.4
2,4,0.8244754,1,72,S,1.1
2,4,0.5901431,1,16,S,1.6
2,4,0.5972101,1,16,S,1.8
2,4,0.7761606,0,16,S,1.1
2,4,0.6278729,1,72,S,1.1
2,4,0.959224,1,100,S,1.1
2,4,0.7152502,1,100,S,1.9
2,4,0.8834595,1,44,S,1.4
2,4,0.7232209,1,44,S,1.4
2,4,0.9335051,0,16,S,1.3
2,4,1.2881321,1,100,S,1.8
2,4,0.8481884,1,44,S,1.9
2,4,0.5438188,1,72,S,2.1
2,4,0.9453047,0,16,S,1.3
2,4,0.7551104,1,100,S,2.1
2,4,0.5586779,1,44,S,2.3
2,4,0.6503962,1,44,S,0.9
2,4,0.5667658,1,100,S,1.6
2,4,0.9460226,1,72,S,1.4
2,4,0.4015023,1,72,S,1.6
2,4,0.5269909,1,100,S,2.1
2,4,0.4480853,1,72,S,1.3
2,4,0.585952,1,16,S,2.3
2,4,0.5634105,1,44,S,1.3
2,4,0.4037704,1,100,S,1.8
2,4,0.4377447,1,72,S,1.9
2,4,0.4888818,1,16,S,1.9
2,4,1.1636402,1,16,S,2.3
2,4,0.6903518,1,100,S,1.8
2,4,0.6558547,1,16,S,1.4
2,4,0.5291278,1,100,S,1.3
2,4,1.6416205,0,44,S,2.3
2,4,0.6188739,1,44,S,1.9
2,4,0.6945383,1,100,S,2.1
2,4,0.5144591,1,72,S,1.9
2,4,1.0205026,1,44,S,0.9
2,4,0.6618923,1,100,S,1.4
2,4,0.817958,1,72,S,2.3
2,4,0.8862729,1,16,S,1.9
2,4,0.4648985,1,72,S,1.4
2,4,0.4346194,1,72,S,1.1
2,4,0.4948695,1,72,S,1.8
2,4,0.3558206,1,16,S,2.1
2,4,0.3648398,1,72,S,0.9
2,4,0.5035488,1,72,S,2.3
2,4,0.7503432,0,16,S,2.1
2,4,0.4329936,1,100,S,0.9
2,4,0.3308743,1,72,S,1.3
2,4,0.2777792,1,44,S,2.1
2,4,0.9108395,1,16,S,2.1
2,4,0.5427255,1,44,S,1.8
2,4,0.6245386,1,16,S,2.3
2,4,0.6696122,1,16,S,0.9
2,4,0.5478603,1,72,S,1.4
2,4,0.5331284,1,16,S,2.3
2,4,1.0021826,1,44,S,1.3
2,4,0.4270855,1,16,S,1.9
4,1,0.6149622,1,72,S,1.3
4,1,1.0858876,1,100,S,1.6
4,1,0.7564703,1,16,S,1.3
4,1,0.6353915,1,100,S,2.3
4,1,0.7636802,1,16,S,2.3
4,1,1.0131838,1,16,S,0.9
4,1,0.6736172,1,72,S,1.6
4,1,0.619029,1,72,S,2.1
4,1,0.8315727,1,44,S,1.8
4,1,0.6372813,1,44,S,1.1
4,1,0.6011825,1,100,S,1.4
4,1,0.9823578,1,16,S,1.1
4,1,1.4974875,1,16,S,1.3
4,1,0.6265622,1,72,S,1.6
4,1,0.6674143,1,44,S,1.9
4,1,0.7646673,1,16,S,2.1
4,1,0.6406718,1,72,S,1.3
4,1,0.8677562,1,16,S,1.6
4,1,0.7204263,1,16,S,0.9
4,1,0.6806503,1,16,S,0.9
4,1,0.5894058,1,44,S,1.6
4,1,0.6480685,1,72,S,1.4
4,1,0.7256091,1,72,S,1.1
4,1,0.5556174,1,72,S,1.1
4,1,0.9529518,1,44,S,1.8
4,1,0.7398613,1,44,S,1.8
4,1,0.77813,1,72,S,1.8
4,1,0.6343615,1,100,S,2.1
4,1,0.6223657,1,100,S,1.6
4,1,1.330578,0,44,S,1.8
4,1,0.7102603,1,100,S,0.9
4,1,0.8073174,1,44,S,0.9
4,1,0.7213087,1,100,S,1.6
4,1,0.6682003,1,72,S,1.3
4,1,0.6538696,1,44,S,1.4
4,1,0.7258944,1,44,S,2.1
4,1,0.5677318,1,72,S,1.1
4,1,0.7134423,1,44,S,1.9
4,1,0.7008648,1,44,S,1.3
4,1,0.6438583,1,16,S,1.6
4,1,0.7140553,1,72,S,1.9
4,1,0.7692362,1,100,S,1.4
4,1,0.6458176,1,44,S,2.3
4,1,0.8592906,1,16,S,1.3
4,1,1.0267419,0,44,S,1.8
4,1,0.9205937,0,44,S,2.1
4,1,0.801887,1,16,S,0.9
4,1,0.710332,1,100,S,1.6
4,1,0.6866345,1,44,S,2.1
4,1,0.7625653,1,100,S,0.9
4,1,0.6718474,1,16,S,1.4
4,1,0.6852717,0,44,S,1.6
4,1,1.237017,0,72,S,1.4
4,1,0.7222349,1,16,S,2.1
4,1,1.1520129,1,44,S,2.3
4,1,0.6667978,1,100,S,0.9
4,1,0.6145005,1,100,S,2.1
4,1,0.6073796,1,72,S,1.6
4,1,0.6802155,1,44,S,2.1
4,1,0.6687909,1,72,S,1.4
4,1,0.9333143,1,72,S,1.8
4,1,0.7047432,1,16,S,1.3
4,1,0.7335942,1,72,S,2.3
4,1,0.7327131,0,16,S,1.4
4,1,0.9705445,1,16,S,1.9
4,1,0.6532556,1,44,S,1.4
4,1,0.7026715,1,16,S,1.8
4,1,0.6963569,1,44,S,2.3
4,1,0.7847199,1,44,S,2.3
4,1,1.1467446,1,16,S,0.9
4,1,0.6153093,1,72,S,0.9
4,1,0.6415105,1,72,S,1.8
4,1,0.8790786,0,72,S,1.4
4,1,1.0080894,1,100,S,2.3
4,2,0.9331605,1,16,S,2.1
4,2,0.6235556,1,72,S,1.1
4,2,0.564881,1,72,S,1.1
4,2,0.5402749,1,100,S,1.3
4,2,0.6552665,1,16,S,1.9
4,2,0.758684,1,44,S,1.8
4,2,0.7757831,1,100,S,1.9
4,2,0.624173,1,44,S,1.3
4,2,0.605438,1,100,S,1.6
4,2,0.6570051,0,16,S,0.9
4,2,1.1170628,1,16,S,0.9
4,2,0.7849914,1,44,S,1.9
4,2,0.6778247,1,44,S,2.1
4,2,0.6615045,0,16,S,1.8
4,2,0.5484671,1,72,S,2.1
4,2,0.6052338,1,100,S,1.1
4,2,0.6076088,1,100,S,1.9
4,2,0.5981988,1,44,S,1.9
4,2,0.6010889,1,44,S,1.3
4,2,0.5673525,1,72,S,1.3
4,2,0.6830491,1,100,S,1.9
4,2,0.7649271,1,100,S,1.6
4,2,0.60419,1,100,S,1.8
4,2,0.7943969,1,16,S,1.1
4,2,1.201128,0,16,S,2.1
4,2,0.8386288,0,16,S,1.6
4,2,0.7624024,1,72,S,1.9
4,2,0.8125211,1,16,S,1.9
4,2,0.5915975,1,72,S,1.4
4,2,0.9059613,1,44,S,1.9
4,2,0.7183849,1,16,S,2.3
4,2,0.673696,1,100,S,1.9
4,2,0.7965262,1,16,S,1.8
4,2,0.5738155,1,16,S,1.6
4,2,0.6816673,1,100,S,1.1
4,2,0.6942023,0,72,S,1.1
4,2,0.6078935,1,100,S,0.9
4,2,0.7044771,1,44,S,2.1
4,2,0.6654822,1,72,S,2.1
4,2,0.7055623,1,44,S,2.1
4,2,0.5793581,1,72,S,0.9
4,2,0.5864414,1,44,S,2.1
4,2,0.6633829,0,16,S,1.1
4,2,0.626255,1,44,S,1.8
4,2,0.9565214,1,72,S,1.9
4,2,0.8508835,0,16,S,1.6
4,2,0.6972922,1,44,S,1.6
4,2,0.6473207,1,72,S,1.4
4,2,0.5761213,1,72,S,2.1
4,2,0.9801426,0,72,S,1.6
4,2,0.6656104,1,72,S,1.4
4,2,0.683319,1,72,S,1.1
4,2,0.8026767,1,44,S,0.9
4,2,0.6309631,1,44,S,2.3
4,2,0.6909279,1,16,S,2.1
4,2,0.6890242,1,100,S,1.4
4,2,0.7268164,1,72,S,2.3
4,2,0.6203779,1,44,S,1.8
4,2,0.9672959,1,44,S,1.4
4,2,0.593539,1,44,S,1.8
4,2,0.5699101,1,72,S,2.1
4,2,0.8966016,0,16,S,1.8
4,2,0.7369103,1,100,S,1.4
4,2,0.5867952,1,44,S,2.1
4,2,0.5942802,1,72,S,1.1
4,2,1.299079,1,44,S,1.6
4,2,0.6110968,1,72,S,2.3
4,2,0.6107462,1,72,S,1.9
4,2,0.6928779,1,16,S,1.8
4,2,0.7358671,1,16,S,0.9
4,2,0.6956436,0,44,S,2.3
4,2,0.9254429,1,72,S,1.3
4,2,0.6654778,1,72,S,2.1
4,2,0.7047548,1,100,S,2.1
4,2,0.5782871,1,100,S,1.6
4,2,0.6828729,1,44,S,2.1
4,3,0.4699025,1,100,S,0.9
4,3,0.5488079,1,100,S,1.8
4,3,0.5639653,1,72,S,1.8
4,3,0.4260782,1,100,S,1.8
4,3,0.7187526,1,44,S,2.3
4,3,0.5486632,1,72,S,1.4
4,3,0.6192398,1,72,S,2.3
4,3,0.6332442,1,100,S,1.4
4,3,0.5945986,1,72,S,2.1
4,3,0.7091471,1,72,S,1.9
4,3,0.602781,1,72,S,1.6
4,3,0.544199,1,44,S,1.9
4,3,0.5117307,1,16,S,1.3
4,3,0.510075,1,72,S,1.6
4,3,0.5088959,1,44,S,0.9
4,3,0.5023913,1,44,S,1.9
4,3,0.6450557,1,72,S,2.3
4,3,0.6301318,1,100,S,1.8
4,3,1.0025255,1,72,S,1.4
4,3,0.5642981,1,44,S,1.9
4,3,0.5670735,1,72,S,0.9
4,3,0.6195214,1,16,S,1.3
4,3,0.4946873,1,100,S,1.8
4,3,0.5171722,0,44,S,1.3
4,3,0.5515524,1,44,S,1.1
4,3,0.496798,1,44,S,2.3
4,3,0.5370505,1,72,S,1.6
4,3,0.5562724,1,44,S,1.9
4,3,0.5273372,1,16,S,0.9
4,3,0.6342086,0,16,S,2.1
4,3,0.558529,1,16,S,0.9
4,3,0.5260422,1,44,S,0.9
4,3,0.5590808,1,16,S,1.9
4,3,1.1253046,1,72,S,1.6
4,3,0.591134,1,72,S,1.3
4,3,0.9256936,0,16,S,1.1
4,3,1.0492425,0,72,S,1.3
4,3,0.586465,1,100,S,0.9
4,3,0.6029007,1,16,S,1.6
4,3,0.6165001,1,44,S,1.4
4,3,0.6265045,1,72,S,1.9
4,3,0.5577922,1,100,S,1.6
4,3,0.634064,1,100,S,1.1
4,3,0.7710396,1,44,S,1.8
4,3,0.6483023,1,16,S,1.6
4,3,1.1402962,1,16,S,1.4
4,3,0.6641536,1,72,S,1.6
4,3,0.5290248,1,72,S,1.6
4,3,0.6632803,1,16,S,1.1
4,3,0.6672061,1,16,S,1.1
4,3,0.4957211,1,72,S,1.8
4,3,0.570871,1,44,S,2.3
4,3,0.4934828,1,44,S,1.8
4,3,0.5669526,1,100,S,1.6
4,3,0.636446,0,16,S,1.1
4,3,0.7769886,0,16,S,1.9
4,3,0.6803873,1,44,S,1.4
4,3,0.5313544,1,44,S,2.1
4,3,0.4882172,1,72,S,2.3
4,3,0.6405652,0,16,S,2.3
4,3,0.6466253,0,72,S,1.4
4,3,0.5574202,1,44,S,1.4
4,3,0.9942952,1,72,S,0.9
4,3,0.6192933,1,100,S,1.3
4,3,0.6165802,1,100,S,1.3
4,3,0.5670049,1,100,S,1.4
4,3,0.8153458,1,16,S,1.3
4,3,0.5657125,1,16,S,2.3
4,3,0.536819,1,16,S,1.8
4,3,0.6602362,0,16,S,2.1
4,3,0.5131853,1,100,S,1.4
4,3,0.6945021,1,72,S,1.4
4,3,0.6571324,1,72,S,1.9
4,3,0.5686104,1,44,S,1.6
4,3,0.5821296,1,100,S,1.9
4,3,0.5171877,1,72,S,1.9
4,3,0.5127362,1,72,S,1.3
4,3,0.5963838,0,72,S,1.8
4,3,0.6186489,1,100,S,2.3
4,3,0.5958379,1,100,S,1.3
4,4,0.9529694,0,16,S,1.1
4,4,0.5487652,1,16,S,1.4
4,4,0.5677748,1,44,S,1.8
4,4,0.6119563,1,44,S,0.9
4,4,0.670152,1,44,S,0.9
4,4,0.8674646,1,16,S,1.8
4,4,0.5825607,1,72,S,2.1
4,4,0.5961151,0,16,S,1.9
4,4,0.6484803,1,72,S,1.8
4,4,0.7573229,0,16,S,2.3
4,4,0.622771,1,100,S,1.3
4,4,0.6941112,1,72,S,1.9
4,4,0.6015064,1,100,S,1.4
4,4,0.5866964,1,100,S,1.3
4,4,0.5196177,1,16,S,1.6
4,4,0.5659822,1,44,S,1.1
4,4,0.6031,1,100,S,1.9
4,4,0.617731,1,16,S,1.4
4,4,0.5547435,1,72,S,1.6
4,4,0.5910503,1,72,S,1.3
4,4,0.5013859,1,44,S,1.9
4,4,0.6222386,1,44,S,1.6
4,4,0.5483836,1,100,S,1.8
4,4,0.9312625,0,44,S,1.1
4,4,0.9878141,0,44,S,1.8
4,4,0.5893167,1,16,S,2.3
4,4,0.5761805,1,72,S,1.9
4,4,1.0221977,1,44,S,1.6
4,4,0.5872268,1,44,S,2.3
4,4,0.8857098,1,44,S,1.9
4,4,0.584498,1,72,S,1.1
4,4,0.763917,1,100,S,0.9
4,4,0.6979002,1,100,S,0.9
4,4,0.5977753,1,72,S,1.6
4,4,0.564347,1,100,S,1.3
4,4,0.666922,1,72,S,1.9
4,4,0.6631345,1,100,S,1.1
4,4,0.503242,1,44,S,1.9
4,4,0.589115,1,44,S,1.3
4,4,0.5611489,1,100,S,1.4
4,4,0.7736829,0,16,S,1.1
4,4,0.5555463,1,100,S,1.8
4,4,0.5140349,1,72,S,1.4
4,4,0.4970824,1,72,S,1.8
4,4,0.5784475,1,44,S,1.8
4,4,1.0105131,0,44,S,2.3
4,4,0.5591764,1,100,S,1.3
4,4,0.5405063,1,16,S,1.8
4,4,0.5539897,1,44,S,1.9
4,4,0.5734132,1,72,S,1.6
4,4,0.5305511,0,72,S,1.8
4,4,0.5948599,1,44,S,2.3
4,4,0.6105054,1,44,S,1.4
4,4,0.9750496,1,72,S,1.9
4,4,0.5601746,1,44,S,2.1
4,4,0.5906682,1,100,S,2.3
4,4,0.7265467,0,16,S,1.9
4,4,0.6020788,1,16,S,1.3
4,4,0.8678388,1,16,S,1.9
4,4,0.5640246,1,100,S,2.3
4,4,0.542729,1,100,S,1.6
4,4,0.6728385,1,44,S,1.8
4,4,0.6381042,0,44,S,1.3
4,4,1.1131426,1,72,S,1.8
4,4,0.6456387,1,44,S,1.9
4,4,0.6586609,1,100,S,1.6
4,4,0.8455407,1,44,S,1.4
4,4,0.5385022,1,44,S,2.3
4,4,0.6266273,1,72,S,1.4
4,4,0.8613749,0,100,S,1.4
4,4,0.6020034,1,100,S,1.3
4,4,0.7875093,0,44,S,2.3
4,4,0.591395,1,72,S,1.6
4,4,0.5695695,1,72,S,1.4
4,4,0.5440431,1,16,S,2.1
4,4,0.5782018,1,72,S,1.1
4,4,0.6471751,1,72,S,1.3
4,4,0.5552247,1,44,S,2.3
4,4,0.5583401,1,16,S,1.6
4,4,0.5262996,1,44,S,1.9
4,4,0.6696272,1,44,S,0.9
4,4,0.5686001,1,100,S,1.1
5,1,0.4593116,1,72,S,1.3
5,1,0.4745198,1,72,S,1.4
5,1,0.9889922,0,16,S,1.8
5,1,0.5078276,1,16,S,1.3
5,1,0.4972024,1,72,S,1.8
5,1,0.5142547,1,16,S,1.8
5,1,0.4674186,1,72,S,2.1
5,1,0.4377364,1,72,S,1.4
5,1,0.4022014,1,72,S,1.4
5,1,0.4682734,1,44,S,1.9
5,1,0.4781679,1,44,S,0.9
5,1,0.4831051,1,100,S,1.9
5,1,0.5589866,1,100,S,1.3
5,1,0.4826106,1,44,S,2.3
5,1,0.4924177,1,44,S,1.1
5,1,0.5445154,1,72,S,1.8
5,1,0.4200591,1,72,S,2.1
5,1,0.5033801,1,100,S,1.9
5,1,0.4258524,1,44,S,2.1
5,1,0.4250173,1,72,S,1.3
5,1,0.4911031,1,16,S,1.8
5,1,0.358594,1,44,S,1.3
5,1,0.4085427,1,72,S,0.9
5,1,0.4670586,1,44,S,0.9
5,1,0.4065227,1,72,S,1.1
5,1,0.3889995,1,16,S,2.3
5,1,0.4339964,1,16,S,1.9
5,1,0.5366216,1,100,S,1.1
5,1,0.3709695,1,100,S,1.8
5,1,0.4190299,1,72,S,0.9
5,1,0.462288,1,16,S,0.9
5,1,1.110889,0,16,S,1.6
5,1,0.5859962,1,100,S,1.4
5,1,0.4083553,1,72,S,1.8
5,1,0.5158182,1,44,S,1.4
5,1,0.4052672,1,16,S,0.9
5,1,1.0106059,0,16,S,1.9
5,1,0.4447748,1,44,S,1.9
5,1,0.5369181,1,16,S,1.1
5,1,0.6896124,1,44,S,1.9
5,1,0.5149881,1,100,S,2.3
5,1,0.5127394,1,100,S,1.6
5,1,0.3819587,1,100,S,2.3
5,1,0.4260596,1,16,S,1.3
5,1,0.4143211,1,44,S,2.3
5,1,0.5843172,1,44,S,1.4
5,1,0.4017334,1,72,S,1.3
5,1,0.4648802,1,16,S,1.8
5,1,0.6408819,1,100,S,1.3
5,1,0.6288082,1,100,S,2.1
5,1,0.4046758,1,72,S,1.4
5,1,0.653052,1,44,S,2.1
5,1,0.5007458,1,16,S,1.6
5,1,0.4143068,1,72,S,1.6
5,1,0.4049485,1,100,S,2.3
5,1,0.5059722,1,16,S,1.3
5,1,0.6426252,0,16,S,0.9
5,1,0.2915697,1,72,S,1.8
5,1,0.4653198,1,44,S,1.4
5,1,0.4915779,1,16,S,1.6
5,1,0.4201391,1,72,S,1.1
5,1,0.5305959,1,100,S,1.1
5,1,0.5441358,1,100,S,2.1
5,1,0.485263,1,16,S,2.1
5,1,0.507832,1,16,S,2.3
5,1,0.5151286,1,16,S,0.9
5,1,0.4982822,1,72,S,1.1
5,2,0.746813,0,16,S,2.1
5,2,0.4148448,1,72,S,2.1
5,2,0.4074892,1,100,S,2.1
5,2,0.6768927,1,44,S,1.8
5,2,0.3512168,1,100,S,1.4
5,2,0.488175,1,100,S,1.4
5,2,0.3876315,1,16,S,1.3
5,2,0.3871906,1,16,S,1.6
5,2,0.4401276,1,16,S,2.1
5,2,0.3786724,1,44,S,2.1
5,2,0.3946002,1,16,S,1.9
5,2,0.3766391,1,100,S,1.3
5,2,0.3960246,1,72,S,1.3
5,2,0.459317,1,16,S,1.6
5,2,0.4428604,0,16,S,0.9
5,2,0.3093187,1,44,S,0.9
5,2,0.3767242,1,72,S,2.3
5,2,0.3721546,1,72,S,1.6
5,2,0.4492271,1,44,S,1.6
5,2,0.3186168,1,72,S,1.8
5,2,0.3897238,1,16,S,1.9
5,2,0.4002693,1,72,S,2.3
5,2,0.3769205,1,72,S,1.1
5,2,0.2975257,1,16,S,2.1
5,2,0.3962036,1,44,S,1.8
5,2,0.463361,1,44,S,1.4
5,2,0.5035377,1,72,S,1.6
5,2,0.3921576,1,100,S,1.6
5,2,0.5182518,1,100,S,1.1
5,2,0.4909712,1,44,S,1.4
5,2,0.5361722,1,100,S,1.8
5,2,0.6432147,0,16,S,2.1
5,2,0.4251873,1,16,S,0.9
5,2,0.4511793,1,100,S,0.9
5,2,0.3333049,1,72,S,1.1
5,2,0.4223526,1,16,S,1.9
5,2,0.4409406,1,44,S,1.9
5,2,0.4331525,1,72,S,1.9
5,2,0.4913104,1,16,S,1.8
5,2,0.424741,1,72,S,1.3
5,2,0.4730402,1,16,S,1.8
5,2,0.6084873,0,16,S,0.9
5,2,0.4175669,1,72,S,1.9
5,2,0.4026273,1,44,S,2.1
5,2,0.3550457,1,100,S,2.3
5,2,0.4795603,1,100,S,0.9
5,2,0.5027883,1,100,S,1.6
5,2,0.426731,1,44,S,1.9
5,2,0.4142998,1,44,S,1.4
5,2,0.4208019,1,72,S,0.9
5,2,0.4516099,1,72,S,2.3
5,2,0.5408986,1,72,S,1.3
5,2,0.4152772,1,100,S,1.4
5,2,0.5034436,1,16,S,1.3
5,2,0.451568,1,72,S,1.1
5,2,1.2087403,1,100,S,1.6
5,2,0.4782391,1,16,S,1.9
5,2,0.4541415,1,72,S,2.3
5,2,0.4721867,1,16,S,1.3
5,2,0.4207266,1,72,S,1.4
5,2,0.512874,1,44,S,1.3
5,2,0.6757011,0,16,S,0.9
5,2,0.3714457,1,72,S,2.3
5,2,0.4570778,1,72,S,2.3
5,2,0.3731403,1,72,S,1.6
5,2,0.4684032,1,44,S,1.4
5,2,0.5634602,1,100,S,0.9
5,2,0.4490256,1,72,S,1.8
5,2,0.7254285,0,16,S,1.6
5,2,0.5098437,1,100,S,1.8
5,2,0.567526,1,100,S,2.3
5,2,0.4665211,1,44,S,1.9
5,2,0.7169364,1,44,S,1.9
5,2,0.6095632,0,16,S,1.4
5,2,0.4845913,1,16,S,1.9
5,2,0.5713808,1,44,S,2.3
5,3,0.4219605,1,72,S,1.1
5,3,0.4915043,1,44,S,1.1
5,3,1.0739949,1,44,S,1.3
5,3,0.468128,1,44,S,2.1
5,3,0.4417337,0,16,S,1.9
5,3,0.4273381,1,16,S,1.6
5,3,0.4547414,1,44,S,0.9
5,3,0.4352194,1,72,S,1.6
5,3,0.502125,1,100,S,2.1
5,3,0.4224324,1,16,S,0.9
5,3,0.3381007,1,72,S,1.6
5,3,0.4951668,1,100,S,1.1
5,3,0.5098148,1,100,S,1.1
5,3,1.3090239,0,44,S,2.1
5,3,0.4561746,1,100,S,2.1
5,3,1.0198889,0,16,S,1.1
5,3,0.6434086,0,16,S,2.1
5,3,0.6173314,1,72,S,0.9
5,3,0.4529389,1,100,S,1.6
5,3,0.5394292,1,100,S,2.1
5,3,0.4054925,1,44,S,2.1
5,3,0.3781051,1,100,S,1.3
5,3,0.5054802,1,100,S,1.8
5,3,0.437477,1,44,S,1.8
5,3,0.4429313,1,44,S,1.3
5,3,0.4127826,1,100,S,2.1
5,3,0.4860067,1,16,S,2.1
5,3,0.3798695,1,72,S,1.8
5,3,0.3626994,1,100,S,1.6
5,3,0.9675127,1,16,S,1.3
5,3,0.4572798,1,16,S,1.9
5,3,0.3805837,1,100,S,1.3
5,3,0.3687104,1,72,S,0.9
5,3,0.5172555,1,100,S,1.6
5,3,0.682018,1,44,S,1.1
5,3,0.5737992,1,100,S,1.1
5,3,0.4685212,1,100,S,1.6
5,3,0.4557042,1,16,S,2.1
5,3,0.6166417,0,16,S,1.1
5,3,0.4127803,1,100,S,1.4
5,3,0.5022964,1,100,S,1.8
5,3,0.3865112,1,72,S,1.8
5,3,0.4753741,1,100,S,1.1
5,3,0.4005406,1,72,S,1.6
5,3,0.4436291,1,100,S,2.1
5,3,0.3517637,1,100,S,1.6
5,3,0.4132961,1,72,S,2.3
5,3,0.4065386,1,72,S,1.1
5,3,0.5174341,1,72,S,2.3
5,3,0.5295368,1,16,S,0.9
5,3,0.472638,1,100,S,1.4
5,3,0.3283771,1,100,S,1.8
5,3,0.4064409,1,44,S,0.9
5,3,0.3901152,1,100,S,1.6
5,3,0.4967306,1,100,S,1.4
5,3,0.458631,1,72,S,1.4
5,3,0.5262727,1,100,S,1.4
5,3,0.6496041,1,100,S,1.3
5,3,0.4408187,1,72,S,1.6
5,3,0.4055585,1,100,S,2.3
5,3,0.3992061,1,72,S,2.3
5,3,0.5285788,1,100,S,2.3
5,3,1.3064895,1,72,S,1.9
5,3,0.566397,1,16,S,0.9
5,3,0.8060786,0,16,S,2.1
5,3,0.481612,1,44,S,1.4
5,3,0.6955792,0,16,S,2.1
5,3,0.4619108,1,16,S,2.1
5,3,0.5298257,1,100,S,2.3
5,3,1.0270878,0,44,S,1.9
5,3,0.4266246,1,72,S,1.6
5,3,0.4165124,1,16,S,1.1
5,3,0.368089,1,72,S,1.1
5,3,0.446644,1,72,S,1.6
5,3,0.4780146,1,16,S,1.8
5,3,0.7935318,1,16,S,1.1
5,3,0.7019751,1,72,S,1.4
5,3,0.4023861,1,72,S,0.9
5,3,0.414091,1,100,S,1.1
5,3,0.4171681,1,100,S,1.8
5,4,0.4544108,1,72,S,1.8
5,4,0.5059114,1,100,S,1.1
5,4,0.5300544,1,72,S,2.1
5,4,0.5961032,0,16,S,2.1
5,4,0.5223487,1,100,S,1.3
5,4,0.4092131,1,100,S,1.3
5,4,0.3737889,1,100,S,2.1
5,4,0.3643806,1,100,S,1.9
5,4,0.375933,1,44,S,1.1
5,4,0.3993704,1,72,S,2.1
5,4,0.4572369,1,72,S,0.9
5,4,0.4464152,1,44,S,1.4
5,4,0.3897049,1,100,S,1.8
5,4,0.425795,1,16,S,2.3
5,4,0.3828292,1,44,S,1.8
5,4,0.5735908,1,100,S,1.4
5,4,0.4535242,1,44,S,2.1
5,4,0.494108,0,16,S,0.9
5,4,0.4682754,1,44,S,1.3
5,4,0.4163263,1,44,S,2.3
5,4,0.3663921,1,72,S,1.6
5,4,0.4251953,1,44,S,0.9
5,4,0.4032222,1,72,S,1.1
5,4,0.4193012,1,16,S,1.9
5,4,0.3948174,1,72,S,0.9
5,4,0.3627611,1,100,S,2.1
5,4,0.4619354,1,44,S,2.1
5,4,0.4332041,1,16,S,2.3
5,4,0.424335,1,16,S,1.6
5,4,0.4243141,1,44,S,2.3
5,4,0.521559,1,16,S,1.1
5,4,0.4829705,1,16,S,1.8
5,4,0.4130562,1,100,S,1.9
5,4,0.3027759,1,100,S,0.9
5,4,0.5354928,1,100,S,1.8
5,4,0.3920615,1,100,S,2.1
5,4,0.4311687,1,72,S,1.8
5,4,0.4159233,1,72,S,0.9
5,4,0.4128913,1,72,S,1.6
5,4,0.4521313,1,72,S,1.4
5,4,0.5056321,1,100,S,1.3
5,4,0.368916,1,72,S,1.9
5,4,0.5059212,1,16,S,0.9
5,4,0.3905528,1,100,S,1.9
5,4,0.4461368,1,16,S,1.1
5,4,0.3826889,1,72,S,1.6
5,4,0.5220727,1,16,S,1.6
5,4,0.4631209,1,44,S,1.3
5,4,0.3341607,1,72,S,1.4
5,4,0.4875055,1,100,S,1.8
5,4,0.3656371,1,72,S,1.9
5,4,0.857554,1,16,S,1.1
5,4,0.4755265,0,16,S,1.4
5,4,0.3961401,1,72,S,2.1
5,4,0.4513413,1,16,S,1.3
5,4,0.4783217,1,16,S,2.1
5,4,0.4452319,1,16,S,1.6
5,4,0.4732687,1,16,S,1.6
5,4,0.4328747,1,16,S,2.3
5,4,0.8239316,1,44,S,2.3
5,4,0.9083669,0,44,S,1.4
5,4,0.5231075,1,16,S,1.4
5,4,0.6079707,0,16,S,1.1
5,4,0.4150898,1,72,S,1.9
5,4,0.485543,1,100,S,1.6
5,4,0.6677672,0,16,S,1.3
5,4,0.5279878,1,100,S,1.9
5,4,0.5025591,1,100,S,1.6
5,4,1.0598027,1,72,S,1.9
5,4,0.5422666,1,100,S,1.1
5,4,0.6848803,1,44,S,1.9
5,4,0.6061101,1,72,S,1.9
5,4,0.3895733,1,44,S,2.3
5,4,0.5940726,1,44,S,2.3
5,4,0.5030536,1,72,S,1.6
5,4,0.4685885,1,72,S,2.1
5,4,0.4805743,1,44,S,1.1
6,1,0.8495931,1,100,S,1.4
6,1,0.55282,1,72,S,1.4
6,1,0.7111188,1,16,S,1.4
6,1,0.444407,1,44,S,1.8
6,1,0.4158356,1,72,S,1.4
6,1,0.5022644,1,44,S,1.8
6,1,0.4389906,1,44,S,1.6
6,1,0.5600008,1,44,S,1.1
6,1,0.3568366,1,44,S,0.9
6,1,0.4279587,1,100,S,1.6
6,1,0.447808,1,72,S,1.9
6,1,0.4751779,1,100,S,1.8
6,1,0.5415728,1,44,S,2.1
6,1,0.4715152,1,16,S,1.6
6,1,0.4478743,1,44,S,1.8
6,1,0.5095632,1,100,S,1.4
6,1,0.407652,1,72,S,1.6
6,1,0.4554321,1,72,S,1.8
6,1,0.4477901,1,100,S,1.1
6,1,0.3125719,1,72,S,1.6
6,1,0.3797784,1,100,S,1.8
6,1,0.4771998,1,44,S,1.4
6,1,0.6978115,1,16,S,1.8
6,1,0.4759149,1,44,S,2.1
6,1,0.6251637,1,16,S,1.3
6,1,0.4747137,1,72,S,1.8
6,1,0.5067636,1,100,S,1.6
6,1,0.4250157,1,72,S,0.9
6,1,0.5363733,0,16,S,1.8
6,1,0.4547575,1,72,S,2.1
6,1,0.4552448,1,16,S,1.4
6,1,0.4402705,1,100,S,2.3
6,1,0.6998294,0,16,S,1.4
6,1,0.4885725,1,16,S,2.3
6,1,0.7400355,1,16,S,2.3
6,1,0.5449237,1,100,S,1.3
6,1,0.8029427,0,16,S,0.9
6,1,0.5255438,1,100,S,1.9
6,1,0.5340383,1,100,S,1.3
6,1,0.4984669,1,44,S,2.3
6,1,0.4858078,1,100,S,1.3
6,1,0.4270954,1,44,S,1.9
6,1,0.5461526,1,16,S,2.3
6,1,0.7690253,1,16,S,1.9
6,1,0.6348253,1,16,S,2.3
6,1,0.5160141,1,44,S,1.3
6,1,0.4526421,1,44,S,2.1
6,1,0.7079685,1,72,S,0.9
6,1,0.3455796,1,100,S,1.9
6,1,0.680917,0,16,S,0.9
6,1,0.7451039,0,16,S,1.9
6,1,0.4960091,1,44,S,1.6
6,1,0.6219046,1,44,S,1.4
6,1,0.4192473,1,72,S,1.9
6,1,1.1103764,1,72,S,0.9
6,1,0.6124423,1,72,S,1.9
6,1,0.6399335,1,44,S,0.9
6,1,0.6869585,1,16,S,1.1
6,1,0.5202927,1,44,S,2.3
6,1,0.5895037,1,72,S,1.4
6,1,0.4158048,1,44,S,0.9
6,1,0.899247,1,16,S,1.6
6,1,0.410955,1,72,S,1.9
6,1,0.4115499,1,100,S,1.3
6,1,0.6312842,1,16,S,2.3
6,1,0.6940185,1,44,S,2.3
6,1,0.4766591,1,100,S,1.8
6,1,0.6055388,1,44,S,1.9
6,1,0.6449222,0,16,S,1.8
6,1,0.5105288,1,72,S,1.4
6,1,0.4211435,1,100,S,2.3
6,1,0.6255048,1,16,S,2.3
6,1,0.4159521,1,16,S,2.1
6,1,0.5215598,1,100,S,1.3
6,1,0.4565962,1,44,S,1.1
6,1,0.9145169,1,72,S,1.3
6,1,0.6354349,0,16,S,1.8
6,1,0.6609947,1,100,S,1.3
6,1,0.4681537,1,44,S,0.9
6,1,0.9679357,1,16,S,2.3
6,2,0.999224,0,16,S,1.9
6,2,0.4542344,1,72,S,1.8
6,2,0.4920898,1,44,S,1.3
6,2,0.5841176,1,72,S,1.9
6,2,0.6883727,1,16,S,0.9
6,2,0.4131369,1,44,S,2.1
6,2,0.4809799,1,44,S,1.8
6,2,0.5491236,1,16,S,0.9
6,2,0.4451988,1,44,S,2.1
6,2,0.499083,1,72,S,1.9
6,2,0.5351466,1,100,S,1.3
6,2,0.3681271,1,72,S,1.1
6,2,0.443718,1,44,S,1.3
6,2,0.8735124,1,44,S,1.1
6,2,0.4541503,1,72,S,2.1
6,2,0.5158388,1,100,S,1.1
6,2,0.3998187,1,72,S,1.9
6,2,0.6525633,1,16,S,2.3
6,2,0.4739085,1,100,S,2.3
6,2,0.635632,1,16,S,1.6
6,2,0.5426267,1,44,S,1.1
6,2,0.4944769,1,44,S,1.6
6,2,0.5298368,1,100,S,1.8
6,2,0.5428044,1,100,S,0.9
6,2,0.4104556,1,72,S,1.9
6,2,0.4519819,1,72,S,2.3
6,2,0.4179636,1,44,S,2.1
6,2,0.6012195,1,100,S,1.4
6,2,0.4456719,1,72,S,1.1
6,2,0.4321451,1,100,S,1.1
6,2,0.4258878,1,72,S,1.3
6,2,0.4396186,1,72,S,1.3
6,2,0.6673808,1,16,S,1.6
6,2,0.6391402,1,16,S,0.9
6,2,0.7315395,0,16,S,0.9
6,2,0.4247526,1,100,S,1.8
6,2,0.4410996,1,72,S,1.6
6,2,0.5306366,1,44,S,1.3
6,2,0.4678473,1,100,S,1.3
6,2,0.5490833,1,16,S,1.9
6,2,0.4342669,1,44,S,1.1
6,2,0.4107757,1,100,S,1.1
6,2,0.5665417,1,72,S,2.3
6,2,0.5631447,1,44,S,1.4
6,2,0.5452224,1,16,S,2.3
6,2,0.4656379,1,72,S,1.8
6,2,0.4114234,1,100,S,1.8
6,2,0.4001166,1,72,S,2.1
6,2,0.5095419,1,44,S,1.8
6,2,0.3945552,1,100,S,1.6
6,2,0.3965698,1,100,S,1.4
6,2,0.3821432,1,100,S,0.9
6,2,0.4141842,1,44,S,1.9
6,2,0.479748,1,100,S,2.3
6,2,0.8601148,0,16,S,1.6
6,2,0.9372184,0,16,S,2.1
6,2,0.4159478,1,44,S,1.4
6,2,0.4161749,1,72,S,1.4
6,2,0.6008291,1,16,S,2.3
6,2,0.4832963,1,44,S,2.3
6,2,0.5150807,1,44,S,1.3
6,2,0.4296507,1,44,S,1.9
6,2,0.786731,1,44,S,1.3
6,2,0.3890208,1,72,S,1.4
6,2,0.5935275,1,16,S,1.3
6,2,0.603465,1,100,S,0.9
6,2,0.6433631,1,16,S,1.9
6,2,0.5386684,1,72,S,0.9
6,2,0.4884942,1,44,S,2.1
6,2,0.4476753,1,100,S,2.3
6,2,0.4107565,1,100,S,0.9
6,2,0.4358239,1,72,S,1.1
6,2,0.5065486,1,44,S,1.4
6,2,0.4465062,1,100,S,0.9
6,2,0.3694801,1,44,S,1.9
6,2,0.559734,1,100,S,1.4
6,2,0.6517469,1,44,S,2.3
6,2,0.3748139,1,100,S,0.9
6,2,0.3984705,1,72,S,1.1
6,2,0.4213576,1,72,S,2.3
6,3,0.7373593,1,16,S,1.9
6,3,0.5356542,1,16,S,1.3
6,3,0.39923,1,100,S,2.3
6,3,0.4400398,1,44,S,2.1
6,3,0.4250717,1,72,S,1.9
6,3,0.5203332,1,100,S,0.9
6,3,0.3511105,1,44,S,1.8
6,3,0.5868896,0,16,S,1.9
6,3,0.4186355,1,72,S,1.6
6,3,0.4722169,1,44,S,2.3
6,3,0.8231101,1,16,S,0.9
6,3,0.5920337,1,100,S,1.9
6,3,0.4683343,1,100,S,1.9
6,3,0.7878734,1,100,S,0.9
6,3,0.5469848,1,100,S,1.3
6,3,0.4680552,1,100,S,1.3
6,3,0.331781,1,44,S,1.1
6,3,0.4391658,1,16,S,0.9
6,3,0.3728885,1,72,S,1.3
6,3,0.3934879,1,72,S,1.6
6,3,0.4388867,1,16,S,1.1
6,3,0.465946,1,100,S,2.3
6,3,0.6314051,0,16,S,1.9
6,3,0.7199143,1,16,S,2.1
6,3,0.3995338,1,44,S,1.3
6,3,0.4870075,1,72,S,1.3
6,3,0.8637413,1,16,S,1.9
6,3,0.4294077,1,72,S,1.8
6,3,0.3367323,1,100,S,1.8
6,3,0.4256429,1,72,S,1.3
6,3,0.5125314,1,100,S,1.8
6,3,0.3862009,1,72,S,1.4
6,3,0.4292831,1,72,S,1.8
6,3,0.4841762,1,100,S,1.6
6,3,0.3748343,1,44,S,2.3
6,3,0.4030869,1,72,S,1.8
6,3,0.3778484,1,44,S,0.9
6,3,0.5165203,1,100,S,0.9
6,3,0.4700267,1,44,S,1.9
6,3,0.4717824,1,44,S,1.8
6,3,0.340267,1,72,S,0.9
6,3,0.226235,1,100,S,1.1
6,3,0.4508811,1,44,S,2.1
6,3,0.4580737,1,16,S,2.3
6,3,0.459259,1,16,S,1.4
6,3,0.4178952,1,72,S,1.1
6,3,0.352466,1,72,S,1.6
6,3,0.4368804,1,16,S,1.8
6,3,0.3489347,1,72,S,0.9
6,3,0.3508689,1,72,S,1.9
6,3,0.4925374,1,100,S,2.3
6,3,0.6339876,1,16,S,2.1
6,3,0.5189147,1,100,S,2.3
6,3,0.4740703,1,44,S,1.3
6,3,0.5719972,1,16,S,2.1
6,3,0.5007459,1,44,S,1.4
6,3,0.4973778,1,44,S,0.9
6,3,0.4332168,1,44,S,2.1
6,3,0.4951292,1,44,S,1.1
6,3,0.3736987,1,16,S,1.1
6,3,0.4406064,1,100,S,0.9
6,3,0.5292139,1,16,S,1.6
6,3,0.4203033,1,100,S,2.3
6,3,0.4238928,1,72,S,1.8
6,3,0.7213479,1,16,S,2.3
6,3,0.4579559,1,44,S,1.3
6,3,0.4246523,1,72,S,2.1
6,3,0.4296492,1,16,S,2.3
6,3,0.4084412,1,72,S,0.9
6,3,0.3171801,1,100,S,1.6
6,3,0.4382621,1,44,S,2.1
6,3,0.389149,1,72,S,2.1
6,3,0.3225162,1,100,S,2.3
6,3,0.7277533,1,16,S,1.6
6,4,0.4175053,1,44,S,1.4
6,4,0.5382197,1,16,S,1.1
6,4,0.4465394,1,100,S,2.1
6,4,0.3656699,1,100,S,1.4
6,4,0.3851483,1,44,S,1.1
6,4,0.5887365,1,44,S,1.9
6,4,0.4190052,1,44,S,2.1
6,4,0.4225758,1,16,S,1.9
6,4,0.37154,1,100,S,1.4
6,4,0.6907804,1,72,S,1.3
6,4,0.5848606,1,100,S,1.6
6,4,0.9358152,1,44,S,2.3
6,4,0.5393412,1,100,S,1.1
6,4,0.853253,1,16,S,1.9
6,4,0.8124489,1,16,S,1.8
6,4,0.390923,1,44,S,2.1
6,4,0.4047988,1,100,S,2.3
6,4,0.3375052,1,100,S,1.6
6,4,0.6922132,1,44,S,0.9
6,4,0.4698891,1,100,S,2.3
6,4,0.3450134,1,72,S,2.1
6,4,0.3482098,1,72,S,1.3
6,4,0.4922277,1,72,S,1.4
6,4,0.3457012,1,100,S,1.1
6,4,0.4461393,1,100,S,1.1
6,4,1.2843364,1,100,S,2.3
6,4,0.4304128,1,100,S,1.9
6,4,0.4230502,1,44,S,2.3
6,4,0.3319865,1,72,S,1.9
6,4,0.4357714,1,44,S,0.9
6,4,0.599493,1,16,S,1.9
6,4,0.5588612,1,100,S,1.1
6,4,0.5360381,1,100,S,1.6
6,4,0.4893934,1,100,S,0.9
6,4,0.6686439,1,16,S,0.9
6,4,0.3609396,1,44,S,0.9
6,4,0.4437752,1,44,S,2.3
6,4,0.5064795,1,44,S,1.1
6,4,0.4989786,1,44,S,1.6
6,4,0.4721366,1,72,S,0.9
6,4,0.4734047,1,16,S,1.9
6,4,0.3493785,1,72,S,1.8
6,4,0.5809004,0,16,S,1.6
6,4,0.457256,1,72,S,1.4
6,4,0.4708252,1,44,S,2.3
6,4,0.48697,1,44,S,1.9
6,4,0.4702243,1,44,S,2.3
6,4,0.5333216,1,44,S,1.3
6,4,0.4722407,1,72,S,1.9
6,4,0.6127262,1,16,S,1.4
6,4,0.4137827,1,44,S,2.3
6,4,0.3743673,1,100,S,2.1
6,4,0.4165208,1,72,S,2.3
6,4,0.6319929,1,44,S,0.9
6,4,0.4745913,1,100,S,1.1
6,4,0.3767223,1,44,S,0.9
6,4,0.4534021,1,100,S,1.4
6,4,0.4150577,1,72,S,1.3
6,4,0.4283614,1,44,S,2.1
6,4,0.8686926,1,16,S,1.1
6,4,0.4469742,1,16,S,1.6
6,4,0.4071107,1,100,S,1.6
6,4,0.6431194,1,16,S,2.3
6,4,0.4723283,1,72,S,1.3
6,4,0.4633328,1,44,S,2.3
6,4,0.560825,1,16,S,1.4
6,4,0.4395803,1,44,S,1.9
6,4,0.4523769,1,100,S,1.6
6,4,0.4143589,1,44,S,1.3
6,4,0.6119144,1,100,S,1.9
6,4,0.4711834,1,72,S,0.9
6,4,0.463141,1,44,S,2.3
6,4,0.5384336,1,100,S,1.8
6,4,0.3765837,1,44,S,1.1
6,4,0.3730638,1,72,S,1.9
6,4,0.4370761,1,44,S,1.9
6,4,0.5399301,1,44,S,1.8
6,4,0.411575,1,44,S,2.3
7,1,0.4206336,1,72,S,1.8
7,1,0.6327513,0,100,S,1.1
7,1,0.4652291,1,44,S,2.1
7,1,0.4433792,1,100,S,2.3
7,1,0.4602459,1,100,S,1.6
7,1,0.7226688,0,44,S,1.8
7,1,0.7339679,0,16,S,1.9
7,1,0.7236702,1,44,S,1.6
7,1,0.6351811,0,44,S,1.6
7,1,0.4137896,1,72,S,1.3
7,1,0.5727399,1,44,S,1.1
7,1,0.6612139,1,44,S,1.9
7,1,0.5486576,1,72,S,1.9
7,1,0.6890527,1,100,S,2.3
7,1,0.674145,0,16,S,1.8
7,1,0.6631582,1,44,S,0.9
7,1,0.6319303,1,16,S,1.4
7,1,0.5295761,1,100,S,1.1
7,1,0.6365884,1,72,S,1.1
7,1,0.6580603,1,16,S,2.3
7,1,0.6317608,1,100,S,1.9
7,1,0.6022098,1,72,S,2.1
7,1,0.4926885,1,100,S,1.8
7,1,0.7721442,0,16,S,0.9
7,1,0.5644829,1,72,S,2.1
7,1,0.5424023,1,72,S,1.6
7,1,0.4918408,1,72,S,0.9
7,1,0.5425201,1,44,S,1.8
7,1,1.1348016,0,16,S,0.9
7,1,0.600192,1,16,S,2.3
7,1,0.5277868,1,100,S,1.4
7,1,0.4930191,1,72,S,1.6
7,1,0.7179751,0,16,S,1.6
7,1,0.6671458,1,100,S,2.1
7,1,0.6286246,1,100,S,1.1
7,1,0.679969,1,100,S,1.9
7,1,0.6731916,1,16,S,1.1
7,1,0.7716941,1,100,S,1.9
7,1,0.775368,0,16,S,1.6
7,1,0.8020049,0,16,S,1.6
7,1,0.7788464,1,16,S,2.3
7,1,0.8182611,1,16,S,1.9
7,1,0.6055231,1,100,S,2.1
7,1,0.6112173,1,100,S,2.3
7,1,0.801061,1,44,S,2.3
7,1,0.7292593,1,100,S,1.6
7,1,0.6318205,1,44,S,2.3
7,1,0.6362647,1,44,S,1.1
7,1,0.5795985,1,44,S,1.9
7,1,1.1631734,0,16,S,1.1
7,1,1.0674492,1,16,S,0.9
7,1,0.5466535,1,72,S,2.3
7,1,0.7216806,0,44,S,0.9
7,1,0.6418477,1,100,S,0.9
7,1,0.5883189,1,72,S,1.4
7,1,0.5791146,1,72,S,1.3
7,1,0.6068262,1,44,S,0.9
7,1,0.4490868,1,72,S,1.3
7,1,0.5644132,1,72,S,0.9
7,1,0.4984415,1,100,S,1.4
7,1,0.4727232,1,72,S,2.3
7,1,0.5325388,1,44,S,1.8
7,1,0.6040936,1,100,S,1.9
7,1,0.7675132,1,16,S,2.1
7,1,0.5632485,1,44,S,2.3
7,1,0.4998162,1,72,S,1.8
7,1,0.759102,0,16,S,0.9
7,1,0.5953077,1,72,S,1.1
7,1,0.5166444,1,100,S,1.6
7,2,0.704355,1,16,S,1.4
7,2,0.4688729,1,72,S,1.3
7,2,0.5343009,1,72,S,1.8
7,2,1.1002525,0,16,S,1.1
7,2,0.7060619,1,16,S,2.1
7,2,0.6044873,1,72,S,0.9
7,2,0.9054504,1,16,S,1.3
7,2,0.5288821,1,44,S,1.6
7,2,0.8572186,0,44,S,2.3
7,2,0.6313552,1,72,S,1.9
7,2,0.6558139,1,72,S,1.9
7,2,0.5428201,1,72,S,0.9
7,2,0.7996836,1,44,S,2.1
7,2,0.6866089,1,44,S,1.9
7,2,0.6098053,1,100,S,1.6
7,2,0.6551756,1,44,S,1.3
7,2,0.6531655,0,44,S,1.1
7,2,0.9706473,0,16,S,1.3
7,2,0.6276498,1,72,S,1.9
7,2,0.6711045,1,44,S,2.1
7,2,0.7705251,1,44,S,1.9
7,2,0.8955009,1,72,S,1.9
7,2,0.6497224,1,72,S,0.9
7,2,0.5730091,1,44,S,1.1
7,2,0.562999,1,72,S,1.1
7,2,0.8171272,1,100,S,1.4
7,2,1.0096819,0,16,S,1.8
7,2,0.5482595,1,100,S,1.1
7,2,0.7587721,1,72,S,2.3
7,2,0.5926203,1,72,S,1.9
7,2,0.6635847,1,72,S,1.9
7,2,0.9109761,1,72,S,2.3
7,2,0.7896425,1,16,S,1.3
7,2,0.6567751,1,100,S,1.3
7,2,0.7939166,1,72,S,0.9
7,2,0.7223885,1,100,S,1.3
7,2,0.6299493,1,100,S,2.1
7,2,0.6689981,1,72,S,1.4
7,2,1.1916395,1,16,S,2.3
7,2,0.6863172,1,72,S,2.1
7,2,0.8279836,1,44,S,2.1
7,2,0.7747088,1,100,S,1.8
7,2,0.8515993,1,100,S,1.9
7,2,0.7663517,1,100,S,1.8
7,2,1.1121776,0,16,S,1.3
7,2,0.6843391,1,44,S,1.9
7,2,0.4021044,1,72,S,1.4
7,2,0.8249896,1,72,S,0.9
7,2,0.6206907,1,16,S,1.3
7,2,0.6300205,1,100,S,1.4
7,2,0.8804999,1,16,S,2.1
7,2,0.8384304,1,72,S,1.6
7,2,0.9053978,0,16,S,0.9
7,2,1.1159734,1,16,S,2.1
7,2,0.5127159,1,72,S,1.3
7,2,0.5808153,1,72,S,0.9
7,2,0.8801876,0,16,S,2.3
7,2,0.7910019,1,16,S,1.9
7,2,0.8172655,1,100,S,2.3
7,2,0.8051275,0,16,S,2.3
7,2,0.6371241,1,100,S,2.1
7,2,0.6335184,1,44,S,1.9
7,2,0.7120606,1,16,S,2.3
7,2,0.6457415,1,72,S,1.3
7,2,0.6478199,1,72,S,1.9
7,2,0.8177494,1,16,S,0.9
7,2,0.884645,1,16,S,1.4
7,2,0.5940717,1,100,S,1.6
7,2,0.624676,1,44,S,0.9
7,2,0.6031239,1,16,S,1.6
7,2,0.5835855,1,16,S,1.1
7,2,0.7949583,1,100,S,2.1
7,3,0.6718408,1,16,S,1.8
7,3,0.8745059,1,16,S,0.9
7,3,0.7448418,1,44,S,0.9
7,3,0.7670627,1,44,S,2.3
7,3,0.6366152,1,72,S,1.9
7,3,0.7995293,0,72,S,2.3
7,3,0.7152704,1,100,S,1.6
7,3,0.6033943,1,72,S,2.3
7,3,0.5552999,1,72,S,1.6
7,3,0.7594706,0,44,S,1.9
7,3,0.6034445,1,16,S,0.9
7,3,0.6366828,1,100,S,2.3
7,3,0.7265843,1,16,S,2.3
7,3,0.5918651,1,16,S,1.8
7,3,0.756748,0,44,S,1.4
7,3,0.9800316,0,44,S,1.3
7,3,0.8699784,0,16,S,1.3
7,3,0.9896793,0,44,S,1.3
7,3,0.9984045,1,72,S,2.1
7,3,1.1748468,0,100,S,0.9
7,3,0.7082782,1,100,S,0.9
7,3,0.9135815,1,72,S,1.9
7,3,0.9119672,1,100,S,1.4
7,3,1.0122315,1,44,S,1.9
7,3,0.8298453,1,16,S,2.3
7,3,1.2835139,1,44,S,2.3
7,3,0.7552238,1,100,S,1.8
7,3,0.6720516,1,100,S,2.1
7,3,0.8260697,1,16,S,1.1
7,3,1.0142675,1,16,S,2.3
7,3,0.7839971,1,44,S,2.1
7,3,0.8748322,1,44,S,1.9
7,3,0.8556576,1,44,S,1.9
7,3,1.1911212,1,100,S,1.6
7,3,1.119733,1,44,S,2.3
7,3,1.2311822,0,16,S,1.4
7,3,0.8752165,1,44,S,1.3
7,3,0.7611843,1,44,S,1.9
7,3,0.6935023,1,72,S,1.6
7,3,0.7178397,1,16,S,1.8
7,3,0.6745097,1,100,S,1.6
7,3,0.890698,1,72,S,1.1
7,3,0.8472755,1,16,S,1.4
7,3,0.6830007,1,44,S,1.4
7,3,0.6875354,1,100,S,1.9
7,3,0.9109588,1,72,S,1.9
7,3,0.953839,1,44,S,1.4
7,3,0.7210635,1,16,S,2.3
7,3,0.6895128,1,44,S,1.6
7,3,0.8896768,1,44,S,1.4
7,3,1.5024634,0,44,S,1.4
7,3,0.7414539,1,44,S,1.1
7,3,0.8365455,0,16,S,1.9
7,3,0.83865,1,100,S,1.8
7,3,0.6830781,1,100,S,1.6
7,3,0.8082971,1,44,S,1.9
7,3,0.6232993,1,72,S,1.6
7,3,0.8358549,1,16,S,1.3
7,3,1.1626636,0,16,S,0.9
7,3,0.7558173,0,16,S,1.3
7,3,0.737015,1,44,S,1.8
7,3,0.6211987,1,72,S,0.9
7,3,0.5719334,1,72,S,2.3
7,3,0.6170493,1,44,S,1.6
7,3,0.745961,1,16,S,1.4
7,3,0.6090075,1,44,S,1.8
7,3,0.784161,1,72,S,1.8
7,3,0.5792966,1,72,S,1.6
7,3,1.0899858,1,16,S,1.4
7,4,0.607644,1,72,S,2.3
7,4,0.6379234,1,72,S,1.8
7,4,0.744034,1,44,S,1.3
7,4,0.6830162,1,16,S,2.1
7,4,0.6798654,1,16,S,2.3
7,4,0.664144,1,44,S,0.9
7,4,0.560284,1,44,S,1.4
7,4,0.804338,1,16,S,2.1
7,4,0.9853335,1,16,S,1.3
7,4,1.1337905,1,44,S,2.1
7,4,0.5961155,1,100,S,1.1
7,4,0.7354716,0,16,S,1.9
7,4,0.6300936,1,44,S,2.3
7,4,0.9329328,1,16,S,2.3
7,4,0.7328854,1,44,S,2.1
7,4,0.7257914,1,44,S,1.9
7,4,0.8520777,1,44,S,2.3
7,4,0.6996374,1,72,S,1.3
7,4,0.6522662,1,72,S,1.9
7,4,0.7786151,1,72,S,1.4
7,4,0.5720684,1,72,S,1.6
7,4,1.0677874,0,16,S,1.4
7,4,0.7011101,1,100,S,1.3
7,4,0.6869478,1,44,S,1.3
7,4,0.5212483,1,72,S,1.8
7,4,0.7201297,1,44,S,1.8
7,4,0.6055845,1,100,S,2.3
7,4,0.7975858,1,100,S,1.4
7,4,1.1731486,1,72,S,1.9
7,4,0.6803642,1,100,S,1.1
7,4,0.8438944,0,16,S,1.6
7,4,0.6881998,1,44,S,2.3
7,4,0.5386221,1,100,S,1.6
7,4,0.6132223,1,44,S,1.1
7,4,0.7176452,1,44,S,2.3
7,4,0.4682567,1,100,S,0.9
7,4,1.2387839,0,16,S,1.9
7,4,0.8499471,1,72,S,1.9
7,4,0.6102929,1,100,S,2.1
7,4,0.6850474,1,16,S,2.3
7,4,0.5709131,1,100,S,1.8
7,4,0.7674102,1,44,S,1.3
7,4,0.5851875,1,44,S,1.6
7,4,0.6443481,1,44,S,2.3
7,4,0.6081302,1,72,S,1.8
7,4,0.7469812,1,100,S,1.3
7,4,0.6170988,1,100,S,0.9
7,4,0.6713682,1,100,S,1.1
7,4,0.7181048,1,16,S,2.1
7,4,0.7493756,1,100,S,1.1
7,4,0.8132437,1,100,S,1.6
7,4,0.9221936,1,44,S,0.9
7,4,0.6319607,1,44,S,1.9
7,4,0.6197595,1,72,S,1.3
7,4,0.6012604,1,44,S,1.1
7,4,0.8776062,1,72,S,1.6
7,4,0.639261,1,44,S,1.3
7,4,0.621695,1,100,S,1.1
7,4,1.299151,0,16,S,2.1
7,4,0.8743568,1,100,S,1.6
7,4,1.1720275,0,72,S,1.4
7,4,0.9013717,1,72,S,1.3
7,4,1.0681253,1,16,S,1.4
7,4,0.6916247,1,44,S,2.3
7,4,0.9480515,1,100,S,1.1
7,4,0.9957899,1,100,S,1.1
7,4,1.0550188,0,44,S,1.4
7,4,0.7829125,1,44,S,2.1
7,4,0.7698769,0,16,S,0.9
7,4,0.6285267,1,100,S,1.9
7,4,0.5933492,1,72,S,1.8
7,4,0.7383444,1,100,S,2.1
7,4,0.5280248,1,72,S,2.1
7,4,0.9848239,1,44,S,1.4
7,4,0.5882548,1,100,S,1.1
7,4,0.5102973,1,44,S,0.9
7,4,0.8638849,1,16,S,0.9
7,4,0.4199278,1,100,S,1.4
7,4,0.7326314,1,100,S,1.4
7,4,0.7747315,1,44,S,2.1
7,4,0.6550832,1,100,S,1.4
7,4,0.7276345,1,100,S,1.6
7,4,0.6514804,1,44,S,1.3
7,4,0.8652108,1,100,S,1.3
8,1,0.5581239,1,44,S,1.8
8,1,0.5858184,1,44,S,1.4
8,1,0.5820908,1,100,S,1.8
8,1,0.7186625,1,16,S,1.4
8,1,0.5953379,1,100,S,2.3
8,1,0.5303574,1,72,S,1.1
8,1,0.5285056,1,44,S,2.1
8,1,0.5791637,1,72,S,1.8
8,1,0.6156614,1,44,S,2.3
8,1,0.4426764,1,44,S,1.9
8,1,0.7086627,1,16,S,1.8
8,1,0.595664,1,16,S,1.6
8,1,0.7071573,1,16,S,2.3
8,1,0.4550886,1,72,S,1.1
8,1,0.3712786,1,72,S,1.4
8,1,0.4870785,1,72,S,2.1
8,1,0.5283731,1,72,S,0.9
8,1,0.4238758,1,16,S,1.9
8,1,0.7647327,0,16,S,1.9
8,1,0.5709445,1,16,S,1.1
8,1,0.8711781,1,100,S,1.4
8,1,0.8749167,0,72,S,1.1
8,1,0.5584256,1,100,S,1.4
8,1,0.5346469,1,16,S,1.1
8,1,0.5207069,1,72,S,1.1
8,1,1.1969955,1,100,S,0.9
8,1,1.0984456,1,100,S,1.9
8,1,0.535957,1,44,S,1.8
8,1,0.6615863,1,16,S,1.8
8,1,0.8957822,0,100,S,1.9
8,1,0.4242241,1,100,S,1.1
8,1,0.4497472,1,72,S,1.6
8,1,0.5866891,0,16,S,1.4
8,1,0.5680423,1,100,S,1.3
8,1,0.6481671,1,100,S,2.3
8,1,0.6554479,1,72,S,0.9
8,1,0.5579768,1,16,S,1.9
8,1,1.0394926,1,44,S,2.1
8,1,0.979998,1,44,S,1.6
8,1,0.5914521,0,16,S,1.9
8,1,0.5454236,1,44,S,1.6
8,1,0.7708729,1,72,S,1.8
8,1,0.4996048,1,100,S,1.6
8,1,0.8180384,1,72,S,1.9
8,1,0.6194046,1,16,S,2.3
8,1,0.599955,1,72,S,2.3
8,1,0.7541081,0,16,S,1.8
8,1,0.7114627,1,16,S,1.9
8,1,0.8655301,1,44,S,1.9
8,1,0.7390825,1,16,S,2.3
8,1,0.5007718,1,72,S,1.8
8,1,0.5532644,1,72,S,1.9
8,1,0.5737433,1,16,S,1.8
8,1,0.8511516,1,44,S,1.8
8,1,0.8773042,1,16,S,0.9
8,1,0.7229239,1,16,S,1.1
8,1,0.5280657,1,72,S,1.6
8,1,0.5052655,1,16,S,1.8
8,1,1.0369037,0,100,S,1.8
8,1,0.4556717,1,44,S,1.3
8,1,0.5104419,1,44,S,1.3
8,1,0.5855324,1,72,S,1.1
8,1,1.0057115,1,16,S,1.8
8,1,0.6090396,0,16,S,1.6
8,1,0.7286805,0,16,S,2.3
8,1,0.7934828,1,44,S,1.4
8,1,0.5090011,1,72,S,1.6
8,2,0.5198671,1,100,S,1.3
8,2,0.5776804,1,16,S,0.9
8,2,0.5140121,1,44,S,2.1
8,2,0.3911424,1,72,S,2.1
8,2,0.58996,1,100,S,1.8
8,2,0.6437071,0,16,S,1.1
8,2,0.5142816,1,72,S,1.8
8,2,0.3858973,1,44,S,1.1
8,2,0.5579307,1,100,S,1.1
8,2,0.4396073,1,72,S,0.9
8,2,0.4295942,1,44,S,2.3
8,2,0.6025662,0,16,S,1.8
8,2,0.8735308,1,16,S,2.1
8,2,0.660738,0,16,S,1.1
8,2,0.525034,0,44,S,1.1
8,2,0.4929073,1,16,S,0.9
8,2,0.5927914,1,100,S,1.9
8,2,0.6228609,0,16,S,1.4
8,2,0.508751,1,44,S,1.6
8,2,0.6606081,0,16,S,1.9
8,2,0.5639711,1,100,S,1.3
8,2,0.6383606,1,100,S,1.3
8,2,0.5605812,1,72,S,0.9
8,2,0.5958939,0,16,S,1.6
8,2,0.5816876,1,44,S,0.9
8,2,0.4880342,1,72,S,1.9
8,2,0.615838,1,16,S,1.6
8,2,0.6862928,1,16,S,1.3
8,2,0.6461978,1,16,S,1.6
8,2,0.564395,1,44,S,1.6
8,2,0.4246928,1,100,S,1.4
8,2,0.5236924,1,16,S,1.6
8,2,0.5985046,0,44,S,1.1
8,2,0.7940674,1,44,S,0.9
8,2,0.6179986,1,44,S,2.3
8,2,0.5462048,1,72,S,1.3
8,2,0.5175483,1,44,S,0.9
8,2,0.5996976,1,72,S,1.9
8,2,0.5342838,1,44,S,1.9
8,2,0.7057693,0,16,S,1.3
8,2,0.6103484,1,100,S,1.6
8,2,0.6224299,1,100,S,1.4
8,2,0.7942345,0,100,S,1.4
8,2,0.5905725,1,72,S,1.4
8,2,0.792467,1,16,S,1.3
8,2,0.624039,1,16,S,1.1
8,2,0.7542473,1,44,S,0.9
8,2,0.7330758,1,16,S,1.9
8,2,0.6714953,1,72,S,1.6
8,2,0.6562366,1,44,S,1.8
8,2,0.4948477,1,16,S,2.1
8,2,0.73836,1,44,S,1.1
8,2,0.5280987,1,44,S,2.3
8,2,0.584397,1,72,S,1.6
8,2,0.6060088,1,44,S,1.3
8,2,0.6206885,1,72,S,2.1
8,2,0.6136175,1,44,S,1.1
8,2,0.4886153,1,16,S,2.3
8,2,0.6324569,1,100,S,2.1
8,2,0.6576312,1,16,S,1.3
8,2,0.7355683,1,44,S,1.4
8,2,0.5613753,1,100,S,2.3
8,2,0.7418132,1,16,S,1.8
8,2,0.6515902,1,16,S,0.9
8,2,0.4869701,1,100,S,1.4
8,2,0.7620396,0,16,S,1.6
8,2,0.4155835,0,44,S,2.1
8,2,0.4501138,1,72,S,1.9
8,2,0.514451,1,44,S,1.8
8,2,0.4465544,1,72,S,1.1
8,2,0.5870928,1,16,S,0.9
8,2,0.4535154,1,100,S,1.3
8,2,0.5192599,1,16,S,0.9
8,2,0.5170707,1,16,S,1.6
8,2,0.4994066,1,44,S,1.4
8,2,0.5595521,1,44,S,2.3
8,2,0.5405533,1,44,S,1.4
8,2,0.6407016,1,72,S,1.9
8,2,0.5748646,1,72,S,1.8
8,3,0.4658701,1,44,S,2.3
8,3,0.5834779,1,44,S,2.3
8,3,0.6616963,1,100,S,1.6
8,3,0.666539,1,100,S,0.9
8,3,0.7614878,1,44,S,1.4
8,3,1.1879699,1,16,S,0.9
8,3,1.2590785,1,16,S,2.3
8,3,0.5883865,1,44,S,2.3
8,3,0.7251762,1,44,S,1.9
8,3,1.135531,0,16,S,1.8
8,3,1.0718323,0,16,S,1.1
8,3,0.6997781,1,100,S,2.3
8,3,1.3776548,1,100,S,0.9
8,3,0.6459057,1,72,S,1.8
8,3,1.0336862,1,100,S,1.3
8,3,1.2429115,1,16,S,1.1
8,3,1.0100068,1,44,S,1.8
8,3,0.9552901,1,44,S,1.4
8,3,1.0923681,1,100,S,1.1
8,3,0.8834391,1,44,S,1.9
8,3,0.8133226,0,72,S,1.9
8,3,0.8666423,0,100,S,1.9
8,3,1.1190889,0,16,S,1.8
8,3,1.1146657,1,72,S,1.3
8,3,1.5205142,1,44,S,2.3
8,3,0.5702024,1,72,S,1.6
8,3,1.0460264,0,16,S,1.1
8,3,0.9845687,1,44,S,2.3
8,3,0.9334769,1,16,S,1.6
8,3,0.7488594,1,72,S,1.1
8,3,0.8148856,1,100,S,1.1
8,3,0.707719,1,100,S,2.1
8,3,0.4981465,1,100,S,1.6
8,3,0.6103473,1,44,S,1.8
8,3,0.7174438,1,16,S,2.3
8,3,0.6651093,1,100,S,1.1
8,3,0.9189225,0,16,S,0.9
8,3,0.5319961,1,72,S,1.1
8,3,0.6931321,1,16,S,1.4
8,3,0.8342335,0,16,S,2.1
8,3,0.8819537,0,16,S,1.3
8,3,0.9203987,0,16,S,1.8
8,3,0.8578381,0,16,S,0.9
8,3,0.6187699,0,100,S,1.3
8,3,1.1039904,1,100,S,1.9
8,3,0.7529218,1,44,S,1.9
8,3,0.8578628,1,16,S,1.3
8,3,0.7234871,1,72,S,0.9
8,3,0.5449975,1,44,S,1.8
8,3,0.6047557,1,44,S,1.3
8,3,0.4625614,1,100,S,1.8
8,3,0.7221148,1,100,S,1.1
8,3,0.5998685,1,100,S,1.6
8,3,0.5692527,1,72,S,1.6
8,3,0.7605683,1,16,S,1.1
8,3,0.5024243,1,100,S,1.4
8,3,1.068521,1,100,S,1.3
8,3,0.4664841,1,44,S,1.3
8,3,0.7141688,1,16,S,0.9
8,3,0.7748449,1,16,S,1.3
8,3,1.0841182,1,44,S,1.8
8,3,0.6781783,1,72,S,0.9
8,3,1.0247921,0,100,S,2.3
8,3,0.4992552,1,100,S,2.3
8,3,0.9748386,0,16,S,2.3
8,3,0.619162,1,100,S,1.4
8,3,0.6464114,1,44,S,1.6
8,3,0.6967132,1,44,S,1.1
8,3,0.8337848,1,100,S,0.9
8,3,1.1095405,0,16,S,1.1
8,4,0.7315242,1,16,S,0.9
8,4,0.6599457,1,16,S,1.4
8,4,0.6748477,1,16,S,1.3
8,4,1.1069584,1,44,S,1.3
8,4,1.0792837,1,44,S,1.8
8,4,0.8797315,1,16,S,2.3
8,4,0.7289253,1,72,S,1.6
8,4,0.9764702,0,44,S,1.4
8,4,0.7441831,1,100,S,0.9
8,4,1.0106385,1,16,S,1.3
8,4,0.6542511,1,44,S,2.1
8,4,0.9022577,1,44,S,1.3
8,4,0.9190433,0,16,S,1.8
8,4,0.657587,1,100,S,1.8
8,4,0.7780436,1,16,S,1.8
8,4,0.6222178,1,72,S,2.1
8,4,0.8414493,1,72,S,2.1
8,4,1.262736,0,16,S,1.8
8,4,1.1690526,0,16,S,1.9
8,4,0.7801992,1,100,S,1.8
8,4,0.7524276,1,16,S,0.9
8,4,0.5374363,1,100,S,1.3
8,4,0.9490398,1,16,S,1.3
8,4,1.2545793,1,44,S,1.9
8,4,0.8015552,0,16,S,2.3
8,4,1.0833675,0,72,S,1.4
8,4,1.1937586,1,44,S,2.3
8,4,0.5383179,1,100,S,1.6
8,4,1.0523455,1,16,S,1.8
8,4,1.0559876,1,72,S,0.9
8,4,0.6106154,1,16,S,1.3
8,4,1.0034667,1,16,S,1.4
8,4,0.7248077,1,44,S,1.4
8,4,0.4984839,1,72,S,1.6
8,4,1.2763357,1,100,S,1.6
8,4,1.1678352,1,72,S,1.3
8,4,0.7753436,1,100,S,1.3
8,4,0.7810966,1,44,S,1.3
8,4,0.759476,1,16,S,1.9
8,4,0.5085445,1,72,S,1.6
8,4,0.9262877,1,44,S,1.6
8,4,0.7326609,1,44,S,1.8
8,4,0.4801313,1,100,S,1.1
8,4,0.8075373,1,72,S,1.9
8,4,0.613971,0,16,S,1.4
8,4,0.7086195,1,100,S,2.1
8,4,0.7860279,1,16,S,1.1
8,4,0.6272907,1,72,S,2.3
8,4,1.0100479,1,44,S,1.9
8,4,1.0508447,1,100,S,1.6
8,4,0.71891,0,16,S,1.6
8,4,0.8082014,0,16,S,1.8
8,4,0.6432347,0,16,S,1.4
8,4,0.6675275,1,72,S,0.9
8,4,0.7752982,0,16,S,1.6
8,4,0.7058114,1,16,S,1.3
8,4,0.6934796,1,16,S,2.3
8,4,0.6117615,1,72,S,1.8
8,4,0.5074031,1,100,S,1.4
8,4,0.4888814,1,100,S,2.1
8,4,0.5099401,1,72,S,2.3
8,4,0.5243411,1,16,S,1.3
8,4,0.8429519,1,72,S,1.6
8,4,0.719953,1,44,S,1.4
9,1,0.6261245,1,100,S,1.6
9,1,0.3343846,1,72,S,1.6
9,1,0.4983891,1,100,S,1.9
9,1,1.2951828,0,16,S,2.3
9,1,0.4491564,1,44,S,1.6
9,1,0.961603,0,16,S,1.9
9,1,0.5600178,1,16,S,1.3
9,1,0.4048687,1,44,S,1.6
9,1,0.5137893,1,100,S,1.4
9,1,0.4578693,1,72,S,0.9
9,1,0.6179627,1,44,S,1.8
9,1,0.488884,1,16,S,2.3
9,1,0.4860203,1,44,S,0.9
9,1,0.6552075,1,44,S,1.8
9,1,0.4040023,1,72,S,1.8
9,1,0.7892387,0,16,S,1.3
9,1,0.4802923,1,72,S,1.1
9,1,0.460266,1,44,S,1.9
9,1,0.5226221,1,72,S,2.3
9,1,0.556838,1,100,S,0.9
9,1,0.4728529,1,44,S,1.4
9,1,0.4531312,1,72,S,1.3
9,1,0.383832,1,72,S,0.9
9,1,0.5450599,1,44,S,1.8
9,1,0.4334363,1,72,S,2.1
9,1,0.6692795,1,16,S,1.4
9,1,0.4260967,1,100,S,2.1
9,1,0.4435044,1,100,S,2.1
9,1,0.5228373,1,44,S,1.8
9,1,0.4157946,1,72,S,1.8
9,1,0.3283695,1,72,S,1.1
9,1,2.0974026,0,16,S,1.1
9,1,0.431631,1,72,S,1.9
9,1,0.5691845,1,72,S,0.9
9,1,0.4953867,1,72,S,1.8
9,1,1.8572773,1,16,S,1.6
9,1,0.5459957,1,72,S,2.3
9,1,1.5400726,1,16,S,1.1
9,1,1.1070405,1,100,S,1.8
9,1,0.5088739,1,72,S,2.3
9,1,2.0142646,0,16,S,1.8
9,1,0.4206728,1,100,S,1.9
9,1,1.4825981,1,100,S,1.3
9,1,0.8794393,1,100,S,1.3
9,1,0.6536593,1,100,S,0.9
9,1,0.5499561,1,44,S,2.1
9,1,0.5881626,1,44,S,1.8
9,1,0.4344293,1,72,S,1.8
9,1,0.4609202,1,100,S,1.6
9,1,0.596875,1,16,S,1.4
9,1,0.4609249,1,100,S,2.3
9,1,0.8286081,1,44,S,1.1
9,1,0.4359198,1,44,S,1.4
9,1,0.7962831,0,16,S,1.6
9,1,0.9132807,1,44,S,1.3
9,1,0.580765,1,44,S,1.8
9,1,0.5859286,1,100,S,1.9
9,1,0.4661561,1,72,S,1.9
9,1,0.4316283,1,72,S,1.3
9,1,0.4314254,1,44,S,1.4
9,1,0.4388999,1,72,S,1.1
9,1,0.526309,1,44,S,2.1
9,1,0.4739389,1,72,S,1.6
9,1,0.6390809,1,100,S,0.9
9,1,0.5274664,1,16,S,1.3
9,1,0.5929627,0,16,S,1.8
9,1,0.5872762,1,44,S,1.1
9,2,0.4498818,1,72,S,1.8
9,2,1.1479022,1,16,S,0.9
9,2,0.4779968,1,72,S,1.3
9,2,0.505887,1,100,S,1.4
9,2,0.510874,1,72,S,2.3
9,2,0.3371521,1,44,S,1.6
9,2,0.4319409,1,16,S,1.1
9,2,0.7067921,1,44,S,1.3
9,2,0.3764172,1,44,S,2.3
9,2,0.4405708,1,72,S,1.9
9,2,0.4755109,1,72,S,0.9
9,2,0.9138764,1,100,S,1.6
9,2,0.5635794,1,100,S,1.9
9,2,0.5357569,1,44,S,1.1
9,2,0.3714641,1,72,S,1.3
9,2,0.9378087,1,16,S,2.3
9,2,1.0139404,1,16,S,1.8
9,2,0.337057,1,100,S,2.1
9,2,0.4748742,1,44,S,2.1
9,2,0.3795182,1,72,S,2.1
9,2,0.7456342,1,16,S,1.6
9,2,0.4591056,1,72,S,2.1
9,2,0.3146919,1,100,S,1.9
9,2,0.4880527,1,16,S,1.8
9,2,0.6409253,1,100,S,1.4
9,2,0.4541174,1,44,S,2.1
9,2,0.3759658,1,16,S,2.1
9,2,0.5790199,1,100,S,1.3
9,2,0.8083146,1,44,S,2.1
9,2,0.434872,1,72,S,1.3
9,2,0.4056826,1,100,S,1.9
9,2,0.6107299,1,100,S,1.4
9,2,0.5389298,1,100,S,1.6
9,2,0.5126175,1,100,S,2.3
9,2,0.4207711,1,16,S,0.9
9,2,0.55857,0,44,S,0.9
9,2,0.5049815,1,100,S,1.4
9,2,0.5472961,1,44,S,1.6
9,2,0.9257098,1,72,S,1.3
9,2,0.3902601,1,72,S,1.1
9,2,0.5546295,1,100,S,2.3
9,2,0.6850782,1,100,S,1.3
9,2,0.6256982,0,16,S,1.1
9,2,0.5821278,1,100,S,1.1
9,2,0.4407637,1,44,S,1.3
9,2,0.4311816,1,100,S,1.3
9,2,0.6899633,1,44,S,2.3
9,2,0.775334,1,16,S,2.1
9,2,0.7204735,0,44,S,1.6
9,2,0.5745266,1,44,S,1.1
9,2,0.6607061,1,16,S,0.9
9,2,0.4988757,1,72,S,1.6
9,2,0.5699596,1,72,S,1.4
9,2,0.4158393,1,72,S,1.8
9,2,0.5718854,1,100,S,1.4
9,2,0.5218956,1,44,S,1.9
9,2,0.5192149,1,72,S,1.4
9,2,0.8753781,1,44,S,1.6
9,2,0.6451242,1,72,S,1.9
9,2,0.592498,1,44,S,1.9
9,2,0.4460209,1,72,S,1.6
9,2,0.5664137,1,100,S,1.3
9,2,1.5898267,1,16,S,1.3
9,2,0.8473998,1,44,S,1.9
9,2,0.681574,1,100,S,1.3
9,2,0.5160316,1,44,S,1.9
9,2,0.5152292,1,44,S,1.6
9,2,0.5465687,1,100,S,0.9
9,2,0.3971738,1,44,S,1.9
9,2,0.4083027,1,72,S,1.6
9,2,1.0496322,1,16,S,1.1
9,2,1.1194728,0,16,S,2.3
9,2,0.5506511,1,44,S,1.1
9,3,1.1920131,0,16,S,1.8
9,3,0.8457461,1,100,S,1.6
9,3,0.6898112,1,72,S,1.1
9,3,0.6516453,1,72,S,0.9
9,3,0.9598924,0,72,S,1.8
9,3,0.8480132,1,16,S,1.8
9,3,0.6282892,1,44,S,2.3
9,3,0.9181422,1,16,S,1.1
9,3,0.8296097,1,16,S,1.3
9,3,0.646374,1,100,S,1.6
9,3,0.674128,1,100,S,2.1
9,3,0.491977,1,72,S,1.1
9,3,0.5198949,1,100,S,1.8
9,3,0.7212907,1,72,S,2.3
9,3,0.6470064,1,16,S,1.1
9,3,0.6462892,1,16,S,2.1
9,3,0.7771502,1,44,S,2.1
9,3,0.6286219,1,100,S,1.4
9,3,1.3887789,1,16,S,1.8
9,3,0.9174764,0,16,S,1.3
9,3,0.7799644,1,100,S,2.1
9,3,0.8289639,0,16,S,1.3
9,3,0.6694826,1,100,S,1.4
9,3,0.9765263,0,16,S,1.9
9,3,0.6015,1,100,S,2.3
9,3,0.4951943,1,72,S,1.3
9,3,0.9394383,0,16,S,1.1
9,3,0.618421,1,100,S,2.1
9,3,0.6674996,1,44,S,1.3
9,3,0.7626129,0,16,S,2.3
9,3,0.8178511,0,16,S,2.1
9,3,0.9665694,1,16,S,0.9
9,3,1.0254704,1,16,S,1.9
9,3,0.8114205,1,16,S,1.8
9,3,0.8722171,1,16,S,1.9
9,3,0.6529931,1,72,S,1.9
9,3,0.5984242,1,44,S,2.1
9,3,0.5935394,1,44,S,2.3
9,3,0.6380436,1,44,S,1.8
9,3,1.0434898,1,16,S,1.1
9,3,0.8843051,0,16,S,2.3
9,3,0.4457643,1,100,S,2.3
9,3,0.521551,1,16,S,1.6
9,3,0.5557666,1,44,S,1.4
9,3,0.498529,1,72,S,1.8
9,3,0.5761568,1,44,S,0.9
9,3,0.6399104,1,100,S,2.3
9,3,0.7265918,1,44,S,2.3
9,3,0.8503594,1,72,S,1.8
9,3,0.3997795,1,100,S,1.8
9,3,0.3692064,1,100,S,1.8
9,3,0.6447418,1,100,S,0.9
9,3,0.5728899,1,100,S,1.8
9,3,0.5870847,1,72,S,1.4
9,3,0.9203503,0,16,S,1.3
9,3,0.5919526,1,100,S,0.9
9,3,0.7835808,1,72,S,2.3
9,3,0.5168274,1,72,S,1.6
9,3,0.5927115,1,72,S,0.9
9,3,0.504141,1,44,S,2.1
9,3,0.3687211,1,100,S,1.3
9,3,0.4158285,1,100,S,1.6
9,3,0.9326374,1,16,S,0.9
9,3,0.4253915,1,72,S,1.4
9,3,1.3094242,0,16,S,1.3
9,3,0.8342499,1,16,S,0.9
9,3,0.6278842,1,72,S,2.1
9,3,0.7053858,1,72,S,1.4
9,3,0.5810238,1,100,S,1.8
9,3,0.9716365,1,100,S,1.4
9,3,0.4561695,1,100,S,1.9
9,3,0.6065738,1,44,S,0.9
9,3,0.6444058,1,100,S,1.8
9,3,0.7843654,1,16,S,1.9
9,3,0.6283317,1,100,S,1.8
9,4,0.8878867,1,44,S,1.4
9,4,0.5751876,1,72,S,1.6
9,4,0.8006734,1,44,S,2.3
9,4,0.5307741,1,44,S,1.4
9,4,0.7486955,1,16,S,1.4
9,4,0.5910945,1,44,S,1.6
9,4,0.7035914,1,16,S,1.4
9,4,0.6003761,1,100,S,2.1
9,4,0.5559805,1,44,S,0.9
9,4,0.5161918,1,100,S,1.6
9,4,0.4601336,1,72,S,1.6
9,4,0.4772727,1,44,S,1.6
9,4,0.6506246,1,100,S,2.1
9,4,0.7175342,1,16,S,1.4
9,4,0.4170513,1,72,S,1.8
9,4,0.4935209,1,72,S,1.6
9,4,0.5835769,1,100,S,1.8
9,4,0.5987762,1,100,S,0.9
9,4,0.5138772,1,72,S,1.8
9,4,0.5197567,1,100,S,1.9
9,4,0.4999823,1,44,S,1.9
9,4,0.5678898,1,100,S,1.6
9,4,0.5983816,1,100,S,0.9
9,4,0.4917472,1,16,S,1.3
9,4,0.5732926,1,16,S,1.9
9,4,0.4645716,1,100,S,1.1
9,4,0.4216843,1,72,S,1.9
9,4,0.4499694,1,100,S,1.6
9,4,0.4317588,1,72,S,1.3
9,4,0.418658,1,100,S,1.3
9,4,0.4761183,1,16,S,1.1
9,4,0.4270911,1,72,S,1.6
9,4,0.3247659,1,72,S,1.8
9,4,0.3403558,1,100,S,2.1
9,4,0.389067,1,72,S,1.6
9,4,0.5203284,1,100,S,2.3
9,4,0.7628334,1,16,S,1.1
9,4,1.2758047,1,16,S,1.9
9,4,0.684218,1,100,S,1.3
9,4,0.4662036,1,72,S,1.9
9,4,0.5760913,1,44,S,1.6
9,4,0.5125201,1,16,S,1.6
9,4,0.3646707,1,72,S,2.1
9,4,0.422169,1,72,S,2.3
9,4,0.6633303,1,100,S,1.6
9,4,0.5445349,1,16,S,1.3
9,4,0.8361266,0,16,S,2.3
9,4,0.5019069,1,100,S,1.8
9,4,0.4414853,1,44,S,1.9
9,4,0.475934,1,72,S,1.6
9,4,0.5049291,1,100,S,1.6
9,4,0.5342918,1,100,S,2.1
9,4,0.4918396,1,72,S,1.6
9,4,0.430375,1,44,S,1.3
9,4,0.37385,1,100,S,1.3
9,4,0.4593651,1,44,S,1.3
9,4,0.448057,1,72,S,1.1
9,4,0.8799347,0,16,S,1.6
9,4,0.7276766,0,16,S,1.6
9,4,1.3851697,1,72,S,1.8
9,4,0.4702947,1,44,S,1.9
9,4,0.5537211,1,100,S,1.9
9,4,0.8052014,1,16,S,2.1
10,1,0.8313029,1,100,S,0.9
10,1,0.5880131,1,72,S,0.9
10,1,1.4116285,1,44,S,1.4
10,1,1.211194,1,16,S,2.3
10,1,0.5751266,1,72,S,2.1
10,1,0.637777,1,44,S,1.9
10,1,0.7567438,1,44,S,2.1
10,1,1.543625,1,16,S,2.1
10,1,1.2974554,1,16,S,1.1
10,1,0.6368434,1,16,S,1.3
10,1,0.8271607,1,72,S,2.1
10,1,0.6128857,1,16,S,1.4
10,1,0.5331841,1,100,S,1.4
10,1,0.5703391,1,72,S,1.4
10,1,0.5698461,1,72,S,2.3
10,1,0.6043583,1,16,S,1.6
10,1,0.8328561,1,16,S,0.9
10,1,1.4332082,1,44,S,1.6
10,1,0.5064831,1,16,S,1.6
10,1,0.4313402,1,100,S,1.6
10,1,0.5668744,1,72,S,1.9
10,1,0.4766796,1,44,S,2.1
10,1,0.7790491,1,100,S,1.6
10,1,0.4727953,1,100,S,1.3
10,1,0.5045321,1,72,S,1.6
10,1,0.6070977,0,16,S,1.9
10,1,0.4321102,1,72,S,1.1
10,1,0.5558942,1,16,S,2.1
10,1,0.4614317,1,72,S,2.1
10,1,0.4728634,1,44,S,1.8
10,1,0.5158317,1,100,S,1.9
10,1,0.4957376,1,100,S,1.1
10,1,0.5820115,1,44,S,1.3
10,1,0.4889563,1,100,S,0.9
10,1,0.4119909,1,72,S,0.9
10,1,0.5555105,1,72,S,0.9
10,1,0.5963266,1,100,S,1.8
10,1,0.6250562,1,44,S,1.4
10,1,0.5085826,1,16,S,1.6
10,1,1.438655,0,72,S,1.1
10,1,0.5168498,1,72,S,1.9
10,1,0.4312339,1,72,S,1.4
10,1,1.7468766,0,16,S,0.9
10,1,0.4043788,1,72,S,1.1
10,1,0.4399196,1,44,S,2.1
10,1,0.5888763,1,72,S,1.6
10,1,0.605246,1,16,S,1.3
10,1,0.4288471,1,72,S,1.4
10,1,0.6780084,1,44,S,1.6
10,1,0.662224,1,16,S,1.8
10,1,0.5857689,1,16,S,1.4
10,1,0.7761654,1,72,S,1.1
10,1,0.8592891,1,72,S,1.9
10,1,0.5635248,1,44,S,0.9
10,1,0.5064908,1,16,S,1.8
10,1,0.6023639,1,44,S,2.1
10,1,0.4707778,1,72,S,0.9
10,1,0.3680038,1,100,S,1.4
10,1,1.2209382,1,16,S,1.8
10,1,1.1604363,1,72,S,0.9
10,1,0.5051993,1,16,S,1.6
10,1,0.7547698,1,16,S,1.3
10,1,0.4705062,1,44,S,1.8
10,1,0.6661228,1,44,S,1.6
10,1,0.7328456,1,100,S,0.9
10,1,0.6253332,1,100,S,1.1
10,1,0.4288832,1,72,S,1.6
10,1,0.6510411,1,44,S,1.1
10,1,0.3973685,1,44,S,1.4
10,1,0.5775987,1,100,S,2.3
10,1,0.9423698,0,44,S,0.9
10,1,0.5305584,1,100,S,1.6
10,1,0.532422,1,72,S,1.3
10,1,1.5434449,1,16,S,1.3
10,2,1.2630352,0,16,S,1.9
10,2,0.504487,1,44,S,2.3
10,2,0.483526,1,72,S,2.3
10,2,0.546634,1,16,S,2.1
10,2,0.5424184,1,44,S,2.3
10,2,0.5027036,1,100,S,1.9
10,2,1.0348565,1,16,S,1.1
10,2,0.6607783,1,72,S,1.8
10,2,0.8119263,1,16,S,2.1
10,2,0.5685848,1,100,S,1.8
10,2,0.6229263,1,44,S,1.8
10,2,1.7724454,1,16,S,1.6
10,2,0.5240906,1,100,S,1.8
10,2,0.5429072,1,44,S,1.9
10,2,0.6327769,1,44,S,1.9
10,2,0.774782,1,72,S,2.1
10,2,0.5179306,1,44,S,1.9
10,2,0.5505067,1,100,S,1.4
10,2,0.6757089,1,100,S,1.1
10,2,0.434495,1,44,S,2.1
10,2,0.509489,1,100,S,1.8
10,2,0.5102143,1,44,S,1.8
10,2,0.491047,1,100,S,1.4
10,2,0.7298905,1,100,S,2.1
10,2,0.3912176,1,72,S,1.1
10,2,0.586079,1,100,S,1.8
10,2,0.5597051,1,72,S,1.9
10,2,1.1273579,1,72,S,1.3
10,2,0.5243767,1,100,S,1.6
10,2,0.4886223,1,72,S,1.6
10,2,0.5725659,1,44,S,0.9
10,2,0.9829433,0,16,S,1.9
10,2,0.5877164,1,44,S,1.1
10,2,0.5555465,1,72,S,1.8
10,2,0.8274111,1,44,S,1.9
10,2,0.764578,1,100,S,1.1
10,2,1.0393921,1,16,S,0.9
10,2,0.5969669,1,100,S,1.8
10,2,0.5985974,1,44,S,1.9
10,2,0.4666945,1,72,S,2.1
10,2,0.4215134,1,72,S,1.1
10,2,0.7425703,1,44,S,1.1
10,2,0.5827936,1,44,S,0.9
10,2,0.4901512,1,72,S,1.6
10,2,0.5689841,1,100,S,0.9
10,2,0.4280898,1,100,S,1.4
10,2,0.6055622,1,44,S,1.3
10,2,0.4860819,1,44,S,1.8
10,2,0.5773392,1,16,S,1.6
10,2,0.4818268,1,72,S,1.3
10,2,0.5432675,1,44,S,1.3
10,2,0.518969,1,100,S,1.9
10,2,0.5405412,1,100,S,0.9
10,2,0.4525147,1,44,S,1.4
10,2,0.5565265,1,100,S,1.3
10,2,0.566755,1,100,S,1.6
10,2,0.5157129,1,72,S,1.3
10,2,0.4835443,1,100,S,2.3
10,2,0.7701747,0,44,S,0.9
10,2,0.4722088,1,44,S,1.6
10,2,0.5217798,1,100,S,2.1
10,2,0.4948735,1,72,S,1.4
10,2,0.4480871,1,16,S,1.1
10,2,0.6038226,1,16,S,1.8
10,2,0.451844,1,44,S,2.1
10,2,0.6332895,1,72,S,1.3
10,2,0.5721368,1,100,S,1.4
10,2,0.5963466,1,16,S,1.6
10,2,1.0932653,0,16,S,1.9
10,2,0.9012586,0,16,S,1.3
10,2,0.5386505,1,16,S,2.3
10,2,0.5332916,1,72,S,1.1
10,2,1.0817239,1,44,S,0.9
10,3,0.5277076,1,72,S,1.6
10,3,0.5784427,1,100,S,1.6
10,3,0.8011768,1,44,S,1.4
10,3,0.6255775,1,72,S,0.9
10,3,0.636144,1,100,S,1.4
10,3,0.5627599,1,100,S,2.1
10,3,0.7081353,1,100,S,2.3
10,3,0.6343149,1,72,S,1.3
10,3,0.6082041,1,16,S,1.4
10,3,0.6664913,1,44,S,2.3
10,3,0.5619478,1,44,S,1.4
10,3,0.5871259,1,100,S,1.4
10,3,0.7258879,1,100,S,1.6
10,3,0.7533045,1,16,S,1.6
10,3,0.5789479,1,100,S,1.3
10,3,0.6741075,1,16,S,1.3
10,3,0.5802009,1,44,S,0.9
10,3,0.6701549,1,16,S,1.8
10,3,0.5543123,1,100,S,1.4
10,3,0.5156036,1,72,S,1.8
10,3,0.5447513,1,44,S,2.1
10,3,0.5490505,1,44,S,1.3
10,3,0.6146652,1,16,S,2.3
10,3,0.6227803,1,44,S,1.9
10,3,0.694103,1,16,S,1.6
10,3,0.6090717,1,16,S,1.6
10,3,0.6496806,1,100,S,1.8
10,3,0.6324433,1,100,S,0.9
10,3,0.57695,1,16,S,2.1
10,3,0.5760371,1,16,S,1.8
10,3,0.5222744,1,72,S,1.6
10,3,0.6510812,1,44,S,1.4
10,3,0.7863518,1,72,S,0.9
10,3,0.6482088,1,44,S,1.1
10,3,0.6707371,1,72,S,0.9
10,3,0.589026,1,100,S,1.8
10,3,1.4041316,0,44,S,1.4
10,3,0.6113347,1,72,S,0.9
10,3,0.6533857,1,44,S,1.3
10,3,1.450138,1,16,S,1.1
10,3,0.7432597,1,16,S,1.4
10,3,0.6305767,0,16,S,2.3
10,3,0.6461891,1,100,S,2.1
10,3,0.69633,1,44,S,1.9
10,3,0.6360605,1,72,S,1.9
10,3,0.5952704,1,100,S,1.1
10,3,0.6119588,1,16,S,1.8
10,3,1.5155884,1,100,S,0.9
10,3,0.6633404,1,100,S,1.8
10,3,0.7336026,1,72,S,1.4
10,3,0.6854171,1,44,S,1.9
10,3,1.076088,1,100,S,1.9
10,3,0.7081834,0,16,S,2.3
10,3,0.5588336,1,100,S,1.8
10,3,0.5903508,1,44,S,1.1
10,3,1.1704218,1,44,S,1.9
10,3,1.0206513,1,16,S,1.1
10,3,0.658772,1,72,S,2.1
10,3,0.9834405,1,16,S,1.8
10,3,0.6601435,1,100,S,1.6
10,3,1.02304,1,16,S,1.9
10,3,1.5864171,0,16,S,2.1
10,3,0.836881,0,16,S,1.4
10,3,0.6600541,1,44,S,1.4
10,3,1.5008979,1,72,S,1.8
10,4,0.5543887,1,100,S,2.1
10,4,0.5746717,1,44,S,1.6
10,4,0.6182251,1,44,S,0.9
10,4,0.7289085,1,44,S,1.6
10,4,0.5417338,1,72,S,1.6
10,4,0.5719714,1,100,S,2.1
10,4,0.5524215,1,72,S,2.3
10,4,0.9216612,1,100,S,1.3
10,4,0.5555856,1,44,S,1.9
10,4,1.4179289,0,44,S,2.1
10,4,0.4916948,1,100,S,2.1
10,4,0.5989243,1,16,S,1.4
10,4,0.5931277,1,100,S,1.4
10,4,1.1461848,1,16,S,1.1
10,4,0.6186753,1,16,S,2.1
10,4,1.5920173,0,16,S,2.3
10,4,1.0320705,1,44,S,1.6
10,4,0.5185092,1,44,S,1.3
10,4,0.4719087,1,44,S,2.1
10,4,0.4854009,1,44,S,0.9
10,4,1.0003017,1,44,S,1.9
10,4,0.5065438,1,72,S,1.9
10,4,0.5051836,1,100,S,1.8
10,4,0.6455647,1,72,S,2.1
10,4,0.436959,1,44,S,2.3
10,4,0.541738,1,16,S,1.1
10,4,0.4531734,1,72,S,2.1
10,4,0.8389026,1,16,S,1.3
10,4,0.5741333,1,44,S,0.9
10,4,0.593764,0,16,S,1.4
10,4,0.3867722,1,100,S,1.6
10,4,0.5519893,1,16,S,1.8
10,4,0.5130736,1,44,S,2.1
10,4,0.4430608,1,44,S,1.6
10,4,0.5981687,1,44,S,1.4
10,4,0.5502143,1,100,S,2.1
10,4,0.5595568,1,100,S,2.3
10,4,0.7050749,1,44,S,0.9
10,4,1.1835035,0,16,S,1.6
10,4,0.608947,1,100,S,1.3
10,4,0.5592921,1,16,S,1.1
10,4,0.5685445,1,44,S,1.4
10,4,0.8561528,0,16,S,0.9
10,4,0.5114482,1,72,S,1.3
10,4,0.7080585,1,72,S,1.4
10,4,0.5191872,1,100,S,1.9
10,4,0.6243017,1,16,S,1.4
10,4,0.5050315,1,16,S,2.1
10,4,0.5257835,1,100,S,1.6
10,4,0.5745886,1,100,S,1.1
10,4,0.7448262,0,44,S,1.9
10,4,0.4234873,1,72,S,2.3
10,4,0.5392787,1,100,S,1.1
10,4,0.5100012,1,16,S,1.3
10,4,0.4519988,1,72,S,0.9
10,4,0.5743291,1,100,S,0.9
10,4,0.5437554,0,16,S,1.1
10,4,0.4812194,1,72,S,1.3
10,4,0.6258428,1,44,S,2.1
10,4,0.5459773,1,72,S,2.3
10,4,0.5742481,1,72,S,2.1
10,4,0.4829209,1,72,S,1.8
10,4,0.4515293,1,100,S,1.9
10,4,0.3660572,1,44,S,2.1
10,4,0.4711217,1,72,S,2.1
10,4,0.6689746,1,16,S,1.6
10,4,0.5745956,1,72,S,1.3
10,4,0.6045101,1,100,S,1.1
11,1,0.4716479,1,72,S,1.6
11,1,0.5885802,1,16,S,1.9
11,1,0.4254998,1,44,S,2.3
11,1,0.5074993,1,16,S,0.9
11,1,0.3589929,1,72,S,2.1
11,1,0.5087921,1,72,S,1.8
11,1,0.6832175,1,16,S,1.8
11,1,0.4511197,1,72,S,2.3
11,1,0.4286761,1,44,S,1.9
11,1,0.5107159,1,100,S,0.9
11,1,0.4730765,1,16,S,1.6
11,1,0.4020854,1,72,S,1.6
11,1,0.4697324,1,100,S,2.1
11,1,0.4156491,1,72,S,1.1
11,1,0.4595989,1,100,S,1.3
11,1,0.3853811,1,72,S,1.1
11,1,0.4913113,1,16,S,1.3
11,1,0.5567044,1,44,S,1.8
11,1,0.4685274,1,16,S,1.3
11,1,0.4340991,1,72,S,0.9
11,1,0.5041873,1,100,S,1.6
11,1,0.6925365,1,16,S,1.6
11,1,0.8655901,1,100,S,1.3
11,1,0.7091318,1,44,S,1.9
11,1,0.5010822,1,44,S,1.3
11,1,0.6377716,1,44,S,2.3
11,1,0.5709929,1,100,S,1.8
11,1,0.5036627,1,44,S,1.4
11,1,0.8821219,1,16,S,0.9
11,1,0.6111089,1,100,S,1.3
11,1,0.4825803,1,44,S,2.3
11,1,0.9258411,1,16,S,2.1
11,1,0.4835671,1,16,S,1.8
11,1,0.5118873,1,16,S,1.1
11,1,0.4561711,1,44,S,1.3
11,1,0.4361422,1,72,S,2.1
11,1,0.4496335,1,72,S,2.1
11,1,0.5019171,1,16,S,1.4
11,1,0.5455249,1,100,S,1.4
11,1,0.426651,1,44,S,1.9
11,1,0.4584282,1,72,S,2.1
11,1,0.4861719,1,16,S,1.8
11,1,0.4283952,1,72,S,1.4
11,1,0.4260338,1,72,S,2.3
11,1,0.4571317,1,72,S,2.3
11,1,0.4415409,1,44,S,2.1
11,1,0.544649,1,16,S,1.4
11,1,0.4062903,1,72,S,2.3
11,1,0.8299704,1,16,S,1.9
11,1,0.7936614,0,16,S,1.9
11,1,0.89301,1,100,S,1.9
11,1,0.4998201,1,72,S,1.4
11,2,0.7693868,1,44,S,2.1
11,2,0.5290748,1,100,S,1.6
11,2,0.3988033,1,72,S,2.1
11,2,0.3467889,1,100,S,1.4
11,2,0.4469451,1,100,S,1.1
11,2,1.2271759,1,16,S,2.3
11,2,1.2271233,0,16,S,1.6
11,2,0.4801702,1,72,S,1.4
11,2,0.4310687,1,44,S,2.3
11,2,0.4960041,1,100,S,1.6
11,2,0.4912168,1,16,S,1.1
11,2,0.4825792,1,44,S,2.3
11,2,0.305202,1,100,S,1.8
11,2,0.4794587,1,100,S,2.3
11,2,0.4754953,1,100,S,1.1
11,2,0.4833576,1,100,S,1.9
11,2,0.5869848,1,44,S,0.9
11,2,0.5921416,0,16,S,1.8
11,2,0.3304058,1,72,S,1.3
11,2,0.4477388,1,100,S,2.3
11,2,0.4255837,1,44,S,2.3
11,2,0.3781406,1,100,S,1.3
11,2,0.4907955,1,16,S,1.4
11,2,0.4070048,1,44,S,1.3
11,2,0.4007982,1,44,S,1.3
11,2,0.4535663,1,16,S,0.9
11,2,0.4483081,1,72,S,2.1
11,2,0.4949579,1,16,S,0.9
11,2,0.5971379,1,100,S,2.3
11,2,0.4048846,1,16,S,0.9
11,2,0.4870581,1,100,S,1.1
11,2,0.4503544,1,44,S,1.9
11,2,0.5444023,1,100,S,1.3
11,2,0.3272863,1,72,S,1.1
11,2,0.5296153,1,44,S,1.1
11,2,0.4565977,1,72,S,1.6
11,2,0.4191146,1,72,S,1.9
11,2,0.4376519,1,72,S,1.3
11,2,0.4580099,1,44,S,1.4
11,2,0.5039084,1,44,S,1.3
11,2,0.4248445,1,72,S,0.9
11,2,0.5264319,1,44,S,2.1
11,2,0.4689386,1,16,S,1.9
11,2,0.3670393,1,72,S,1.6
11,2,0.4162246,1,44,S,2.3
11,2,0.5286328,1,100,S,2.3
11,2,0.4337816,1,72,S,1.8
11,2,0.528081,1,100,S,1.9
11,2,0.3733516,1,16,S,1.8
11,2,0.410957,1,16,S,2.3
11,2,0.525307,1,44,S,1.1
11,2,0.6664508,1,44,S,2.1
11,2,0.3893801,1,16,S,1.1
11,2,0.5262779,0,16,S,0.9
11,2,0.4559517,1,72,S,1.8
11,2,0.5091371,1,44,S,1.1
11,2,0.4780689,1,44,S,1.6
11,2,0.4196672,1,44,S,1.8
11,2,0.4894351,1,16,S,1.6
11,2,0.3758147,1,72,S,1.8
11,2,0.4794977,1,16,S,0.9
11,2,0.5026157,1,16,S,1.8
11,2,0.4378856,1,72,S,0.9
11,2,0.5035918,1,44,S,2.3
11,3,0.482322,1,44,S,1.1
11,3,0.4000047,1,100,S,1.6
11,3,0.4872297,1,16,S,2.1
11,3,0.8187445,1,100,S,2.1
11,3,0.7042719,0,72,S,1.6
11,3,0.4586974,1,100,S,1.6
11,3,0.5496572,1,100,S,1.6
11,3,0.5984321,1,72,S,2.1
11,3,0.4668679,1,44,S,1.4
11,3,0.3880831,1,72,S,1.8
11,3,0.4500415,1,44,S,0.9
11,3,0.4026264,1,44,S,0.9
11,3,0.4688816,1,44,S,2.3
11,3,0.5670013,1,16,S,1.4
11,3,0.4990547,1,72,S,1.3
11,3,0.4700439,1,16,S,2.1
11,3,0.4409624,1,72,S,1.4
11,3,0.42956,1,72,S,2.1
11,3,0.3454753,1,100,S,1.6
11,3,0.42831,1,44,S,1.8
11,3,0.6958214,1,100,S,1.6
11,3,0.3642775,1,44,S,1.1
11,3,0.4368858,1,100,S,1.3
11,3,0.2854817,1,100,S,0.9
11,3,0.4013911,0,72,S,1.6
11,3,0.4640014,1,100,S,1.3
11,3,0.4559889,1,16,S,1.3
11,3,0.7289228,1,44,S,1.4
11,3,0.3160916,1,100,S,1.1
11,3,0.5300836,0,16,S,1.1
11,3,0.5731138,1,100,S,1.3
11,3,0.5158479,1,100,S,1.3
11,3,0.4874553,1,44,S,1.9
11,3,0.3986956,1,44,S,1.3
11,3,0.5010917,0,16,S,0.9
11,3,0.4696671,1,16,S,2.3
11,3,0.312534,1,100,S,0.9
11,3,0.3097773,1,16,S,1.3
11,3,0.4285071,1,72,S,1.9
11,3,0.4312807,1,16,S,1.3
11,3,0.9752361,1,44,S,0.9
11,3,0.4621958,1,16,S,1.3
11,3,0.4725238,1,44,S,1.8
11,3,0.4132828,1,44,S,0.9
11,3,0.4027728,1,100,S,1.4
11,3,0.5039654,1,100,S,1.8
11,3,0.3983014,1,72,S,1.1
11,3,0.4422115,1,16,S,1.8
11,3,0.4446344,1,100,S,1.8
11,3,0.4574052,0,16,S,1.6
11,3,0.310465,1,72,S,0.9
11,3,0.3789932,1,72,S,1.9
11,3,0.3404034,1,72,S,1.1
11,3,0.4630035,1,100,S,1.4
11,3,0.3577732,1,72,S,1.6
11,3,0.4499982,1,16,S,1.8
11,3,0.4071647,1,72,S,1.6
11,3,0.3807586,0,100,S,1.6
11,3,0.4065938,0,44,S,2.3
11,3,0.3578576,1,72,S,1.9
11,3,0.5550291,1,44,S,1.9
11,4,0.5590049,1,16,S,0.9
11,4,0.5622984,1,16,S,1.4
11,4,0.527475,1,100,S,1.8
11,4,0.4460428,1,72,S,0.9
11,4,0.3941059,1,100,S,1.1
11,4,0.4404202,1,44,S,2.1
11,4,0.4720048,1,16,S,0.9
11,4,0.4638836,1,100,S,2.1
11,4,0.4665776,1,72,S,1.1
11,4,0.5395412,1,72,S,1.3
11,4,0.5042851,1,72,S,1.4
11,4,0.4597993,1,44,S,1.8
11,4,0.4982415,1,72,S,1.3
11,4,0.4360491,1,72,S,1.1
11,4,0.5369588,1,100,S,1.4
11,4,0.4508145,1,72,S,1.1
11,4,0.4155824,1,72,S,1.4
11,4,0.8616444,0,16,S,1.3
11,4,0.4808706,1,16,S,1.6
11,4,0.4518555,1,72,S,1.3
11,4,0.4387998,1,72,S,1.8
11,4,0.8628147,1,44,S,1.1
11,4,0.4899378,1,16,S,2.3
11,4,0.4894119,1,72,S,0.9
11,4,0.4885904,1,100,S,2.3
11,4,0.4787792,1,16,S,1.4
11,4,0.5132616,1,16,S,0.9
11,4,0.5294855,1,100,S,1.4
11,4,0.4634282,1,100,S,1.6
11,4,0.6283386,1,16,S,1.4
11,4,0.5603312,1,100,S,1.6
11,4,0.4757578,1,44,S,0.9
11,4,0.4818119,1,72,S,1.9
11,4,0.5437319,0,16,S,1.3
11,4,0.4042247,1,72,S,2.3
11,4,0.4651714,1,72,S,1.1
11,4,0.4604783,1,100,S,1.1
11,4,0.4066884,1,100,S,1.4
11,4,0.5692367,1,44,S,2.3
11,4,0.4523445,1,44,S,1.3
11,4,0.4342304,1,72,S,2.1
11,4,0.4538083,1,72,S,2.3
11,4,0.5522149,1,16,S,1.4
11,4,0.4407709,1,72,S,2.3
11,4,0.4603013,0,16,S,1.8
11,4,0.5341024,0,16,S,1.3
11,4,0.6017694,1,44,S,2.1
11,4,0.4086483,1,16,S,2.1
11,4,0.4672639,1,44,S,1.8
11,4,0.4988315,1,72,S,1.3
11,4,0.5202287,0,16,S,1.8
11,4,0.5049029,1,44,S,1.1
11,4,0.5114073,0,16,S,2.1
11,4,0.4635823,1,72,S,2.3
11,4,0.5597187,1,100,S,0.9
11,4,0.5055985,1,16,S,1.3
11,4,0.4482306,1,44,S,1.6
11,4,0.4459651,1,100,S,2.1
11,4,0.4044632,1,100,S,1.1
12,1,0.5749225,1,100,S,1.3
12,1,0.7392252,1,72,S,1.1
12,1,0.6334866,1,44,S,1.1
12,1,1.1337766,0,100,S,1.6
12,1,0.6785926,1,16,S,2.1
12,1,0.6110909,1,100,S,2.1
12,1,1.2642006,1,72,S,1.6
12,1,0.6155233,1,100,S,1.6
12,1,0.5890099,1,100,S,1.6
12,1,1.098955,1,72,S,2.1
12,1,0.9542962,1,44,S,1.4
12,1,0.7051955,1,72,S,1.8
12,1,0.6452155,1,16,S,1.3
12,1,0.692786,1,44,S,0.9
12,1,0.6965177,1,44,S,0.9
12,1,0.6626958,1,44,S,2.3
12,1,1.2539678,1,16,S,1.4
12,1,0.7388869,1,72,S,1.3
12,1,0.689237,1,16,S,2.1
12,1,0.5198396,1,100,S,1.3
12,1,0.6363291,1,72,S,0.9
12,1,0.5879117,1,72,S,1.4
12,1,0.4159501,1,72,S,2.1
12,1,0.6534256,1,100,S,1.6
12,1,0.5909753,1,16,S,0.9
12,1,0.5321642,1,72,S,2.1
12,1,0.7728404,1,100,S,1.6
12,1,0.4647061,1,44,S,1.8
12,1,0.5307949,1,100,S,1.6
12,1,0.6495155,1,44,S,1.1
12,1,0.655265,1,72,S,2.1
12,1,0.6284513,1,100,S,1.3
12,1,0.5504399,1,100,S,0.9
12,1,1.0610189,1,72,S,1.6
12,1,0.6508293,1,100,S,1.3
12,1,0.7625052,0,16,S,1.3
12,1,0.6628095,1,44,S,1.4
12,1,1.1952973,1,100,S,1.1
12,1,0.5303511,1,44,S,1.4
12,1,0.7315034,1,16,S,1.1
12,1,0.7616085,1,100,S,1.3
12,1,0.6551008,1,44,S,1.3
12,1,0.6722179,1,100,S,1.3
12,1,0.66036,1,44,S,1.9
12,1,0.6660065,1,44,S,1.3
12,1,1.0219805,0,16,S,0.9
12,1,0.7963763,1,16,S,2.3
12,1,0.5307984,1,100,S,0.9
12,1,0.6516297,1,16,S,1.3
12,1,0.5775547,1,72,S,1.9
12,1,1.2798008,0,16,S,1.3
12,1,0.766487,1,44,S,0.9
12,1,1.3291199,1,16,S,1.3
12,1,0.6010673,1,44,S,1.8
12,1,0.5766665,1,44,S,0.9
12,1,1.2012541,0,44,S,1.4
12,1,1.1177752,1,100,S,1.4
12,1,0.5994908,1,100,S,1.8
12,1,0.4929676,1,72,S,1.1
12,1,1.4840659,1,16,S,1.8
12,1,0.5611408,1,72,S,1.9
12,1,0.6862509,1,100,S,2.1
12,1,0.6126766,1,100,S,1.6
12,1,0.6089014,1,100,S,1.8
12,1,0.5037959,1,72,S,1.1
12,1,0.6557812,1,16,S,1.6
12,1,0.5492577,1,72,S,0.9
12,1,0.8324784,1,72,S,1.9
12,1,0.5151112,1,72,S,1.1
12,1,0.6776327,1,100,S,1.4
12,1,0.5004698,1,72,S,1.6
12,1,0.6063412,1,100,S,1.1
12,1,0.6181587,0,16,S,1.8
12,1,1.4993764,0,72,S,1.6
12,1,0.5400281,1,100,S,1.6
12,1,1.1749689,1,44,S,2.3
12,1,0.5947428,1,72,S,1.9
12,1,0.5973788,1,44,S,1.9
12,2,0.4210571,1,100,S,1.3
12,2,0.8331498,0,100,S,1.3
12,2,0.9347011,0,16,S,1.8
12,2,0.4897868,1,72,S,1.8
12,2,0.514385,1,100,S,1.6
12,2,0.5191889,1,44,S,1.6
12,2,0.4645574,1,44,S,1.9
12,2,0.7048165,1,44,S,1.1
12,2,1.0611647,1,44,S,2.3
12,2,1.2778271,0,72,S,2.1
12,2,1.4643725,0,16,S,0.9
12,2,0.5269229,1,72,S,0.9
12,2,0.8518117,1,72,S,1.4
12,2,1.0474976,1,44,S,1.9
12,2,0.4376377,1,44,S,1.8
12,2,0.5076603,1,100,S,1.1
12,2,0.6364086,1,72,S,2.1
12,2,0.5611359,1,100,S,1.3
12,2,0.4773431,1,72,S,1.1
12,2,1.5932267,1,44,S,0.9
12,2,0.5724241,1,100,S,1.6
12,2,1.4666378,1,16,S,1.4
12,2,0.5229617,0,16,S,1.8
12,2,1.0730752,1,100,S,1.4
12,2,0.4233211,1,44,S,1.9
12,2,0.5759249,1,44,S,1.6
12,2,0.4825429,1,100,S,1.1
12,2,0.5497808,1,72,S,1.9
12,2,0.6101241,1,100,S,2.3
12,2,0.5153179,1,72,S,1.8
12,2,0.5102326,1,44,S,1.6
12,2,0.5118062,1,44,S,1.1
12,2,0.5636782,1,72,S,2.3
12,2,0.4809968,1,72,S,1.9
12,2,0.6038907,1,72,S,1.9
12,2,1.3123391,0,16,S,1.4
12,2,1.6741425,0,44,S,1.8
12,2,0.6481684,1,72,S,1.6
12,2,0.5396922,1,72,S,1.3
12,2,0.5587395,1,44,S,0.9
12,2,0.823662,1,72,S,2.1
12,2,1.1668191,1,100,S,1.6
12,2,0.5725442,1,72,S,1.6
12,2,1.6492599,0,16,S,2.3
12,2,0.6106114,1,16,S,2.3
12,2,0.5265893,1,72,S,1.1
12,2,0.7253073,1,44,S,2.1
12,2,0.7376823,1,16,S,1.6
12,2,0.5056593,1,72,S,1.1
12,2,0.4587643,1,72,S,2.1
12,2,0.5959993,1,100,S,1.3
12,2,0.7571007,0,72,S,2.1
12,2,0.6003373,1,72,S,2.3
12,2,0.5079695,1,44,S,2.1
12,2,0.6675561,1,72,S,1.1
12,2,0.6151255,1,16,S,1.4
12,2,0.5749927,1,100,S,1.6
12,2,0.6663546,0,44,S,1.1
12,2,0.6251657,1,44,S,1.1
12,2,0.8707178,0,100,S,1.4
12,2,1.0260628,1,44,S,2.3
12,2,1.2111021,1,16,S,1.6
12,2,0.6160846,1,44,S,1.6
12,2,0.5169359,1,44,S,1.4
12,2,0.5596448,1,72,S,2.1
12,2,0.6502404,1,72,S,1.3
12,2,1.6972636,0,16,S,1.3
12,2,1.806507,1,72,S,2.1
12,2,0.7635162,1,44,S,1.4
12,2,0.704715,1,100,S,1.4
12,2,0.5716062,1,16,S,1.6
12,2,0.5564475,1,44,S,1.9
12,2,0.5546516,1,44,S,1.9
12,2,0.4309961,1,72,S,1.9
12,2,0.4857215,1,100,S,1.1
12,3,0.6379086,1,44,S,1.6
12,3,0.61315,1,100,S,0.9
12,3,0.5675305,1,100,S,1.6
12,3,0.4887518,1,100,S,1.8
12,3,0.5051091,1,16,S,1.3
12,3,0.5117972,1,16,S,0.9
12,3,0.4998402,1,44,S,2.3
12,3,0.463058,1,72,S,1.6
12,3,0.5366255,1,16,S,2.1
12,3,0.4777421,1,72,S,1.9
12,3,0.8987342,1,16,S,1.8
12,3,0.4138258,1,100,S,1.4
12,3,0.5413905,1,44,S,2.3
12,3,0.6422488,1,16,S,1.3
12,3,0.5095161,1,16,S,1.6
12,3,0.4470334,1,44,S,2.3
12,3,0.4748471,1,72,S,1.6
12,3,0.5895613,1,100,S,1.8
12,3,0.5770024,1,44,S,1.8
12,3,0.4605855,1,72,S,1.4
12,3,0.5108174,1,44,S,1.3
12,3,0.3831486,1,44,S,1.9
12,3,0.4776774,1,100,S,1.3
12,3,0.8119069,1,16,S,1.3
12,3,0.6700084,0,72,S,2.1
12,3,0.9968966,1,16,S,1.8
12,3,0.3552945,1,16,S,1.9
12,3,0.4788173,1,44,S,2.3
12,3,0.4546777,1,72,S,2.3
12,3,0.5853138,1,16,S,2.1
12,3,1.2889174,1,16,S,1.9
12,3,0.4798659,1,16,S,1.9
12,3,1.6971442,0,16,S,1.1
12,3,0.710255,1,16,S,1.9
12,3,0.4845241,1,72,S,2.1
12,3,0.8173365,1,44,S,1.4
12,3,0.601024,0,16,S,1.9
12,3,0.8222562,0,44,S,1.3
12,3,0.5222768,0,16,S,0.9
12,3,0.8946475,0,16,S,1.3
12,3,0.5755377,1,100,S,1.3
12,3,0.4485787,1,44,S,1.9
12,3,0.5212956,1,16,S,2.1
12,3,0.6102836,1,44,S,2.3
12,3,0.3869006,1,44,S,1.1
12,3,0.4668371,1,100,S,1.8
12,3,0.5243421,1,100,S,1.8
12,3,0.5600493,1,72,S,1.1
12,3,0.8052726,0,72,S,0.9
12,3,1.3778674,1,72,S,1.1
12,3,0.7015119,1,16,S,1.4
12,3,0.5601199,1,44,S,2.3
12,3,0.4200691,1,72,S,1.3
12,3,0.7136899,1,16,S,2.3
12,3,0.7236798,1,44,S,2.1
12,3,0.722927,1,16,S,1.4
12,3,0.6730732,1,100,S,1.6
12,3,1.0837592,1,16,S,0.9
12,3,1.0671269,1,44,S,1.8
12,3,1.514134,0,100,S,1.6
12,3,1.5101415,0,16,S,1.6
12,3,1.2767019,0,16,S,2.3
12,3,0.5450107,1,44,S,2.1
12,3,0.4615867,1,100,S,2.1
12,3,0.4605081,1,72,S,1.4
12,3,0.5651913,1,44,S,1.1
12,3,0.6381581,1,44,S,1.4
12,3,0.5544122,1,72,S,2.3
12,3,0.4569637,1,100,S,1.9
12,3,0.6181031,1,72,S,1.4
12,3,0.7183803,1,44,S,1.1
12,3,0.7964197,1,100,S,1.1
12,3,0.4741322,1,100,S,0.9
12,4,0.6131133,1,72,S,0.9
12,4,0.254852,1,72,S,1.9
12,4,0.4046301,1,72,S,1.1
12,4,0.4626927,1,44,S,2.1
12,4,0.455573,1,72,S,2.1
12,4,0.5297127,1,16,S,0.9
12,4,0.5803414,1,44,S,1.1
12,4,0.690404,0,16,S,0.9
12,4,1.1250794,0,16,S,2.3
12,4,0.5364191,1,44,S,2.1
12,4,0.6590472,0,16,S,2.3
12,4,0.4404868,1,100,S,1.6
12,4,0.4669495,1,44,S,0.9
12,4,0.9463389,0,16,S,1.4
12,4,0.452277,1,72,S,1.3
12,4,0.4348593,1,72,S,1.6
12,4,0.5050669,1,100,S,1.1
12,4,1.2418905,1,16,S,2.1
12,4,0.6956057,0,16,S,2.1
12,4,0.6485465,1,44,S,1.8
12,4,0.3515213,1,100,S,1.6
12,4,0.4900017,1,100,S,1.9
12,4,0.4880057,1,16,S,1.6
12,4,1.8069846,1,16,S,0.9
12,4,0.7550389,0,16,S,1.1
12,4,0.5102623,1,100,S,2.3
12,4,0.6739413,0,44,S,0.9
12,4,0.627495,1,16,S,1.4
12,4,0.6998964,1,44,S,1.9
12,4,0.7680799,0,100,S,2.1
12,4,0.4967531,1,72,S,2.3
12,4,0.475743,1,16,S,1.3
12,4,0.6759374,1,72,S,1.9
12,4,0.6735314,1,16,S,1.6
12,4,0.689607,0,44,S,1.8
12,4,0.5876469,0,16,S,1.9
12,4,0.6374813,1,72,S,2.1
12,4,0.5498566,1,100,S,1.8
12,4,0.4680558,1,44,S,1.4
12,4,1.1323768,0,16,S,1.3
12,4,0.4800303,1,16,S,1.4
12,4,0.4965484,1,44,S,1.6
12,4,0.5016155,1,16,S,1.8
12,4,0.6692008,0,72,S,1.1
12,4,0.6227193,1,100,S,1.8
12,4,0.4688619,1,44,S,1.9
12,4,1.0594902,0,16,S,0.9
12,4,0.5135367,1,72,S,1.4
12,4,0.7871339,1,72,S,0.9
12,4,0.4926675,1,72,S,1.6
12,4,0.7199403,0,44,S,2.1
12,4,0.5022121,1,72,S,1.6
12,4,0.4930328,0,16,S,1.1
12,4,0.4688582,1,100,S,2.3
12,4,0.6060753,1,72,S,2.1
12,4,1.0805531,1,100,S,0.9
12,4,0.5712014,1,16,S,1.4
12,4,0.505714,1,72,S,0.9
12,4,0.489677,1,44,S,2.1
12,4,0.4642284,1,44,S,1.3
12,4,0.6509028,0,100,S,1.6
12,4,0.5906148,1,44,S,0.9
12,4,0.6064746,1,16,S,1.9
12,4,0.7688461,1,100,S,1.1
12,4,0.5240254,1,100,S,0.9
12,4,0.5547062,1,100,S,0.9
12,4,0.5259439,1,72,S,2.3
12,4,0.5689959,1,16,S,0.9
12,4,1.6548239,0,100,S,1.4
12,4,0.7170503,1,44,S,1.3
12,4,1.1931388,1,16,S,2.3
12,4,0.6310046,1,100,S,1.6
12,4,0.407521,1,44,S,1.1
12,4,0.5225215,1,44,S,1.6
13,1,0.7058258,1,44,S,1.9
13,1,0.7498438,1,44,S,0.9
13,1,0.6549439,1,16,S,2.1
13,1,0.7600296,1,16,S,1.8
13,1,1.0920754,1,16,S,0.9
13,1,0.730431,1,16,S,1.4
13,1,1.1514913,0,16,S,1.3
13,1,0.6317257,1,44,S,2.3
13,1,0.78982,1,72,S,1.3
13,1,0.8837664,1,44,S,1.9
13,1,0.8732966,1,44,S,1.9
13,1,0.780842,1,72,S,1.9
13,1,0.8934191,1,100,S,0.9
13,1,1.3181577,1,16,S,1.3
13,1,0.709479,1,44,S,1.8
13,1,0.8214601,1,16,S,1.1
13,1,1.1328007,1,16,S,0.9
13,1,0.9704182,1,44,S,1.4
13,1,0.9759645,1,16,S,1.4
13,1,0.6955936,1,44,S,1.6
13,1,0.6305506,1,16,S,1.3
13,1,0.7265599,1,44,S,1.8
13,1,0.9726681,1,72,S,1.1
13,1,0.8395619,1,16,S,1.3
13,1,0.7535238,1,72,S,1.1
13,1,0.717309,1,72,S,2.3
13,1,0.5979836,1,16,S,2.1
13,1,0.6226007,1,100,S,1.1
13,1,0.6038178,1,100,S,1.6
13,1,0.8937123,1,16,S,1.8
13,1,0.6704512,1,44,S,2.3
13,1,0.9746764,1,16,S,1.6
13,1,0.6367931,1,100,S,0.9
13,1,0.7491195,1,16,S,2.1
13,1,0.7292992,1,100,S,2.3
13,1,0.6280382,1,44,S,1.8
13,1,0.5542442,1,72,S,1.9
13,1,0.7441684,1,44,S,0.9
13,1,0.6434872,1,72,S,1.8
13,1,0.6584535,1,72,S,1.8
13,1,0.8783686,0,16,S,0.9
13,1,0.5560531,1,100,S,2.1
13,1,1.4814249,1,16,S,1.3
13,1,0.8704002,1,16,S,1.9
13,1,0.6034334,1,72,S,1.3
13,1,1.1093885,1,100,S,1.8
13,1,0.6069795,1,72,S,1.6
13,1,0.7336895,1,100,S,1.6
13,1,0.6119601,1,44,S,1.4
13,1,0.5658005,1,100,S,1.6
13,1,0.6788646,1,16,S,1.8
13,1,0.925782,1,16,S,1.8
13,1,0.821792,1,44,S,1.3
13,1,0.7941337,1,44,S,2.1
13,1,0.4930046,1,100,S,1.6
13,1,0.6520728,1,72,S,1.1
13,1,0.7781006,1,44,S,0.9
13,1,0.6206782,1,16,S,1.9
13,1,0.5899469,1,44,S,1.8
13,1,0.5426287,1,72,S,1.3
13,1,0.7755433,0,44,S,1.9
13,1,1.0039171,1,16,S,1.6
13,1,0.6937715,1,44,S,1.8
13,1,0.7958421,1,44,S,2.1
13,1,0.7068559,1,100,S,1.9
13,1,0.5614587,1,44,S,2.1
13,1,0.820593,1,72,S,1.6
13,1,0.8089178,1,100,S,2.3
13,1,0.750345,1,100,S,1.9
13,1,0.6627078,1,44,S,1.4
13,1,0.7921778,1,44,S,1.4
13,2,0.9560538,1,16,S,1.4
13,2,0.721435,1,100,S,1.4
13,2,0.7111807,1,100,S,1.1
13,2,0.623758,1,72,S,1.6
13,2,0.608624,1,100,S,1.6
13,2,0.6221768,1,16,S,1.1
13,2,0.6903581,1,100,S,1.9
13,2,0.5716469,1,16,S,0.9
13,2,0.5750995,1,44,S,1.4
13,2,0.9947044,0,16,S,1.6
13,2,0.5970346,1,100,S,1.6
13,2,1.0898188,0,16,S,1.4
13,2,0.9147312,1,16,S,1.1
13,2,0.5831115,1,72,S,1.8
13,2,0.5210294,1,44,S,1.3
13,2,0.5924726,1,44,S,1.4
13,2,0.693897,1,44,S,0.9
13,2,0.6192907,1,72,S,1.4
13,2,0.5659948,1,100,S,1.3
13,2,0.585598,1,72,S,1.3
13,2,0.5364103,1,44,S,1.8
13,2,0.6950616,1,16,S,0.9
13,2,0.918353,1,44,S,1.6
13,2,0.5851697,1,44,S,1.6
13,2,0.5624333,1,44,S,1.9
13,2,0.5127991,1,44,S,1.8
13,2,0.5953041,1,100,S,1.1
13,2,0.5062288,1,100,S,1.3
13,2,0.6148844,1,72,S,1.1
13,2,0.5187929,1,100,S,1.3
13,2,0.4919628,1,72,S,1.9
13,2,0.701989,1,16,S,1.3
13,2,0.5098958,1,16,S,2.1
13,2,0.5736215,1,72,S,2.1
13,2,0.6444365,1,44,S,2.3
13,2,0.4518664,1,72,S,1.1
13,2,0.5636189,1,44,S,2.1
13,2,1.6789536,0,16,S,1.3
13,2,0.4664377,1,72,S,1.3
13,2,0.5228266,1,100,S,1.6
13,2,0.5031727,1,72,S,2.1
13,2,0.6232712,1,72,S,1.3
13,2,0.4974912,1,72,S,1.8
13,2,0.6790394,1,72,S,1.6
13,2,0.5473778,1,72,S,1.8
13,2,0.9619719,1,16,S,1.3
13,2,0.5221077,1,72,S,1.4
13,2,0.8254739,0,100,S,2.3
13,2,0.8781462,1,16,S,0.9
13,2,0.5205847,1,72,S,1.8
13,2,0.5571461,1,44,S,1.3
13,2,0.6320222,1,100,S,1.4
13,2,0.7843665,1,44,S,0.9
13,2,0.654936,1,44,S,2.1
13,2,1.5865173,0,16,S,2.1
13,2,0.6517878,1,72,S,1.1
13,2,0.6089659,1,44,S,2.1
13,2,0.6432654,1,44,S,1.9
13,2,0.5671051,1,72,S,1.9
13,2,0.7231837,1,72,S,1.9
13,2,1.0682269,1,16,S,1.3
13,2,1.2212115,1,16,S,1.8
13,2,0.5833317,1,72,S,1.6
13,2,0.7414815,1,100,S,1.9
13,3,0.5634995,1,100,S,1.9
13,3,0.6014786,1,100,S,1.8
13,3,0.5598636,1,72,S,2.1
13,3,0.5392052,1,44,S,1.3
13,3,0.5164102,1,44,S,2.3
13,3,0.7260802,1,44,S,0.9
13,3,0.5718746,1,72,S,1.4
13,3,0.4949822,1,100,S,1.6
13,3,0.4728019,1,100,S,0.9
13,3,0.4340768,1,72,S,2.1
13,3,0.5904092,1,44,S,2.1
13,3,0.5575518,1,72,S,1.8
13,3,0.6370955,1,100,S,1.6
13,3,0.53386,1,44,S,1.3
13,3,0.5524705,1,16,S,1.6
13,3,1.008938,1,16,S,0.9
13,3,0.6328381,1,72,S,1.9
13,3,0.5939394,1,72,S,1.8
13,3,0.5040369,1,100,S,1.1
13,3,0.5926259,1,100,S,1.6
13,3,0.4831654,1,72,S,2.1
13,3,0.5732863,1,44,S,2.3
13,3,0.75077,1,44,S,1.9
13,3,0.7056078,1,16,S,1.1
13,3,0.6067669,1,44,S,2.1
13,3,0.4590459,1,72,S,1.1
13,3,0.5534916,1,16,S,2.1
13,3,0.5583371,1,44,S,1.4
13,3,0.5279168,1,72,S,0.9
13,3,0.5628021,1,100,S,2.3
13,3,0.5175475,1,100,S,1.3
13,3,0.557218,1,16,S,1.3
13,3,0.5753821,1,44,S,1.8
13,3,0.6703056,1,16,S,1.1
13,3,0.5255493,1,72,S,2.3
13,3,0.6105503,1,44,S,1.8
13,3,0.496273,1,44,S,2.1
13,3,0.5657018,1,44,S,1.9
13,3,0.5210643,1,72,S,1.6
13,3,0.5031156,1,72,S,0.9
13,3,0.8206375,1,16,S,1.6
13,3,0.4807788,1,100,S,1.9
13,3,0.8740375,0,16,S,2.1
13,3,0.6240751,1,16,S,1.9
13,3,0.5721019,1,44,S,1.1
13,3,0.6314099,1,72,S,1.6
13,3,0.5078674,1,72,S,0.9
13,3,0.4713848,1,100,S,1.9
13,3,1.2551647,1,16,S,2.3
13,3,0.595699,1,16,S,2.3
13,3,0.4748531,1,16,S,2.3
13,3,0.4556897,1,100,S,1.9
13,3,0.8140238,1,16,S,1.3
13,3,0.5072243,1,72,S,0.9
13,3,0.4842079,1,72,S,1.4
13,3,0.5488602,1,44,S,1.6
13,3,0.4623651,1,100,S,1.9
13,3,0.6458741,1,44,S,2.3
13,3,0.4886963,1,72,S,1.4
13,3,0.4214772,1,72,S,2.1
13,3,0.6057443,1,100,S,1.3
13,3,0.6097587,1,100,S,1.4
13,3,0.5866392,1,44,S,1.3
13,3,0.5672526,1,44,S,1.8
13,3,0.4952531,1,100,S,1.4
13,3,0.5696485,1,72,S,1.6
13,3,0.5676281,1,44,S,1.6
13,3,0.6459941,1,72,S,1.9
13,4,0.6194784,1,72,S,1.6
13,4,0.5907059,1,100,S,1.3
13,4,0.4583158,1,44,S,1.9
13,4,0.5842206,1,44,S,2.1
13,4,0.8787802,0,16,S,1.9
13,4,0.5422182,1,44,S,2.1
13,4,0.4700446,1,100,S,1.8
13,4,0.5354208,1,72,S,1.6
13,4,0.6388597,1,44,S,1.3
13,4,0.5092305,1,44,S,1.8
13,4,0.5148783,1,72,S,0.9
13,4,0.5451847,1,44,S,1.1
13,4,0.7768588,1,100,S,0.9
13,4,0.6336075,0,16,S,1.6
13,4,0.5728744,1,72,S,1.6
13,4,0.7786417,1,44,S,1.4
13,4,0.6923607,1,100,S,1.8
13,4,0.5937348,1,72,S,1.8
13,4,0.7590583,1,16,S,1.9
13,4,0.8286773,0,16,S,2.3
13,4,0.6072114,1,100,S,1.1
13,4,0.8268871,1,16,S,1.3
13,4,0.6178822,1,100,S,1.1
13,4,0.6607766,1,100,S,1.6
13,4,0.4956101,1,72,S,1.8
13,4,0.4437116,1,100,S,2.3
13,4,0.4929094,1,44,S,1.6
13,4,0.6279318,1,44,S,1.8
13,4,0.5916744,1,100,S,0.9
13,4,0.4361649,1,72,S,1.6
13,4,0.4478091,1,100,S,1.3
13,4,0.5091245,1,44,S,1.9
13,4,0.5951192,1,44,S,1.3
13,4,0.5695635,1,44,S,1.9
13,4,0.5395969,1,44,S,1.3
13,4,0.5687925,1,100,S,2.1
13,4,0.8443315,0,16,S,1.3
13,4,0.5301277,1,100,S,1.9
13,4,0.8332617,0,16,S,0.9
13,4,0.5309878,1,72,S,1.6
13,4,0.5900296,1,44,S,2.3
13,4,0.5719096,1,100,S,1.9
13,4,0.6747201,1,100,S,1.9
13,4,0.6041377,1,44,S,1.4
13,4,0.5714257,1,100,S,2.3
13,4,0.5187862,1,72,S,1.9
13,4,0.5213097,1,16,S,2.3
13,4,0.5943784,1,44,S,1.6
13,4,1.0816514,1,72,S,1.6
13,4,0.7945041,1,16,S,1.9
13,4,0.7616256,1,72,S,1.9
13,4,0.5375306,1,100,S,1.9
13,4,0.7545737,0,16,S,1.9
13,4,0.8477621,1,16,S,1.3
13,4,0.6412461,1,72,S,2.3
13,4,0.618108,1,44,S,1.8
13,4,0.5570552,1,72,S,1.9
13,4,0.694802,1,44,S,1.4
13,4,0.771234,1,44,S,2.3
13,4,0.5329016,1,44,S,1.1
13,4,0.7131734,1,16,S,1.6
13,4,0.7192383,1,44,S,1.3
13,4,0.7833709,1,44,S,1.6
13,4,1.1064537,1,44,S,1.9
13,4,0.5637619,1,72,S,1.9
13,4,0.6515505,1,44,S,0.9
13,4,0.5372805,1,72,S,2.1
13,4,0.6072595,1,16,S,1.1
13,4,0.5418647,1,44,S,2.1
13,4,0.8213268,1,100,S,1.4
13,4,0.4928284,1,100,S,1.8
13,4,0.5618747,1,72,S,2.3
13,4,0.6343125,1,100,S,1.4
13,4,0.4702085,1,72,S,2.3
13,4,0.4921738,1,44,S,1.1
13,4,0.513395,1,72,S,1.3
14,1,1.0162253,1,72,S,0.9
14,1,0.6519033,1,44,S,1.1
14,1,0.7925289,1,72,S,1.9
14,1,0.8988334,0,16,S,1.6
14,1,0.8041106,1,16,S,1.6
14,1,1.0060833,1,16,S,1.6
14,1,0.7253516,1,44,S,1.4
14,1,0.9322382,1,16,S,1.6
14,1,0.9903417,1,100,S,2.3
14,1,1.1053122,1,16,S,2.1
14,1,0.8776183,1,44,S,1.9
14,1,0.9782731,1,44,S,1.9
14,1,1.9968958,1,16,S,1.8
14,1,0.6088052,1,100,S,0.9
14,1,0.8461232,1,72,S,1.8
14,1,1.7400353,1,16,S,2.3
14,1,0.7801345,1,44,S,2.1
14,1,0.6264045,1,72,S,1.3
14,1,0.9384953,1,16,S,1.4
14,1,1.3106696,0,44,S,1.8
14,1,0.5404228,1,44,S,1.8
14,1,0.8501772,1,100,S,1.1
14,1,0.7269831,1,100,S,2.1
14,1,0.8172967,1,72,S,1.9
14,1,0.8800844,1,100,S,1.9
14,1,0.5532875,1,72,S,1.8
14,1,0.6642498,1,72,S,1.3
14,1,0.8980868,1,16,S,2.1
14,1,0.6050268,1,100,S,2.3
14,1,1.7972021,1,16,S,1.1
14,1,1.0592706,1,44,S,2.3
14,1,0.5974538,1,100,S,2.3
14,1,0.7581266,1,100,S,2.1
14,1,0.6629634,1,72,S,1.1
14,1,0.5384279,1,100,S,1.6
14,1,0.656417,1,100,S,1.3
14,1,0.6198964,1,72,S,1.6
14,1,1.1729635,1,44,S,1.6
14,1,2.0104033,1,16,S,2.3
14,1,1.2315032,1,100,S,1.1
14,1,1.3727127,1,16,S,0.9
14,1,0.8133252,1,100,S,1.8
14,1,1.0458612,1,16,S,1.3
14,1,0.7135941,1,72,S,2.1
14,1,0.8397954,1,16,S,2.1
14,1,0.7803591,1,72,S,1.4
14,1,0.7406305,1,16,S,1.6
14,1,0.642759,1,100,S,1.9
14,1,0.7564474,1,16,S,1.3
14,1,0.7430177,1,44,S,1.8
14,1,0.9808392,1,44,S,1.1
14,1,0.8751069,1,100,S,1.8
14,1,0.8703875,0,44,S,1.8
14,1,0.6611316,1,72,S,1.4
14,1,0.690093,1,16,S,1.1
14,1,0.6262706,1,44,S,2.1
14,1,0.6625218,1,72,S,1.6
14,1,0.6208513,1,44,S,1.3
14,1,1.4304022,1,16,S,1.9
14,1,1.4925862,1,16,S,1.8
14,1,0.7126292,1,72,S,1.9
14,1,0.9075274,1,16,S,2.3
14,1,1.3002054,0,16,S,0.9
14,1,0.7690427,1,100,S,1.4
14,1,1.2553654,1,100,S,2.1
14,2,0.9911696,1,100,S,0.9
14,2,0.8388228,1,44,S,0.9
14,2,0.5452399,1,72,S,1.3
14,2,1.5695149,1,16,S,0.9
14,2,2.0023001,1,44,S,2.1
14,2,2.222561,1,16,S,1.3
14,2,0.9427622,1,72,S,1.9
14,2,1.0468185,1,72,S,1.3
14,2,2.153401,1,16,S,1.6
14,2,1.344951,1,72,S,1.3
14,2,1.5298929,1,72,S,1.9
14,2,0.8689573,1,44,S,1.3
14,2,1.1725958,1,16,S,0.9
14,2,0.5538101,1,72,S,0.9
14,2,0.944326,1,100,S,1.8
14,2,1.4670156,1,100,S,1.1
14,2,0.7448543,1,100,S,1.6
14,2,0.6556221,1,72,S,0.9
14,2,0.6556018,1,44,S,1.9
14,2,0.5271691,1,100,S,1.4
14,2,1.5318209,1,100,S,0.9
14,2,0.6124216,1,100,S,0.9
14,2,0.6806519,1,72,S,1.4
14,2,1.3522563,1,16,S,0.9
14,2,0.6630692,1,72,S,1.8
14,2,1.2876421,1,16,S,1.8
14,2,2.4334746,0,16,S,1.8
14,2,0.7406224,1,100,S,0.9
14,2,0.7709063,1,72,S,1.8
14,2,0.9701911,0,16,S,1.9
14,2,0.6419944,1,100,S,1.1
14,2,0.824484,1,72,S,0.9
14,2,1.413953,0,16,S,2.1
14,2,1.0922772,1,100,S,2.3
14,2,0.7408421,1,72,S,1.4
14,2,0.8114967,1,100,S,2.3
14,2,0.5801945,1,44,S,1.4
14,2,0.8701426,1,72,S,1.8
14,2,1.782807,1,16,S,0.9
14,2,0.672085,1,72,S,1.6
14,2,0.7501129,1,100,S,1.1
14,2,0.9025078,1,72,S,1.1
14,2,0.68811,1,44,S,2.1
14,2,0.7633881,1,72,S,1.6
14,2,0.7243147,1,100,S,0.9
14,2,1.2360993,1,44,S,1.4
14,2,2.0685595,1,16,S,1.3
14,2,0.6987855,1,44,S,1.8
14,2,0.5771185,1,100,S,1.3
14,2,0.8013898,0,16,S,2.3
14,2,0.4784979,1,100,S,2.3
14,2,0.6940155,1,100,S,1.9
14,2,2.4605727,0,16,S,1.8
14,2,0.6452529,1,100,S,1.9
14,2,0.5871681,1,72,S,1.9
14,2,0.8348364,1,44,S,1.8
14,2,0.9173565,1,16,S,1.9
14,2,0.5644488,1,100,S,1.4
14,2,1.4681642,1,16,S,0.9
14,2,0.7503297,1,100,S,1.8
14,2,0.660796,1,44,S,2.1
14,2,0.8801091,1,72,S,1.6
14,2,0.6680745,1,72,S,1.1
14,2,0.6279376,1,44,S,1.4
14,2,0.9975638,0,44,S,1.4
14,2,0.9925705,1,100,S,1.9
14,2,1.1632393,1,16,S,1.1
14,3,0.7957434,1,100,S,1.9
14,3,0.6265821,1,72,S,1.4
14,3,0.602378,1,44,S,1.4
14,3,0.724651,1,44,S,1.6
14,3,0.6291522,1,72,S,0.9
14,3,0.5275809,1,100,S,0.9
14,3,0.5438752,1,100,S,1.4
14,3,0.6255915,1,100,S,0.9
14,3,0.5594054,1,72,S,1.9
14,3,0.5071948,1,16,S,1.6
14,3,0.5841731,1,44,S,0.9
14,3,1.7301264,1,16,S,2.1
14,3,0.6483047,1,100,S,2.3
14,3,1.2059096,1,16,S,1.1
14,3,0.7214133,1,44,S,0.9
14,3,2.003755,1,16,S,1.4
14,3,1.2432743,1,16,S,1.8
14,3,0.7459209,1,72,S,0.9
14,3,0.7273812,1,100,S,1.4
14,3,0.818069,1,44,S,1.8
14,3,1.6318786,1,16,S,1.9
14,3,0.6178469,1,100,S,1.8
14,3,0.8681411,1,100,S,1.4
14,3,0.6039063,1,16,S,1.8
14,3,0.712651,1,44,S,2.1
14,3,0.5640232,1,44,S,1.6
14,3,0.4694155,1,72,S,1.4
14,3,0.6433653,1,72,S,0.9
14,3,0.5758471,1,72,S,1.6
14,3,1.1851077,0,16,S,2.1
14,3,0.9162239,1,16,S,1.3
14,3,0.6838279,1,16,S,0.9
14,3,0.6031491,1,72,S,2.1
14,3,1.5043003,1,16,S,1.4
14,3,1.2785833,1,72,S,1.6
14,3,0.6128281,1,100,S,1.1
14,3,0.6693287,1,44,S,2.1
14,3,0.5099694,1,72,S,1.3
14,3,0.6119892,1,44,S,2.3
14,3,1.1652389,0,16,S,1.4
14,3,0.6084493,1,100,S,2.1
14,3,1.0853852,1,44,S,1.8
14,3,0.6505802,1,100,S,1.1
14,3,1.1598498,1,16,S,1.4
14,3,0.7666964,1,16,S,1.8
14,3,0.6980939,1,16,S,2.1
14,3,0.5539977,1,72,S,1.8
14,3,2.2200056,1,100,S,1.3
14,3,0.5159686,1,44,S,1.6
14,3,0.7020119,1,44,S,1.3
14,3,1.8989348,0,100,S,1.6
14,3,1.7314305,0,100,S,1.8
14,3,1.9648684,0,16,S,1.3
14,3,0.6699893,1,100,S,1.6
14,3,0.7638505,1,72,S,2.1
14,3,0.5333141,1,100,S,2.3
14,3,0.9691119,1,72,S,1.9
14,3,0.4989855,1,100,S,1.1
14,3,1.3155051,0,16,S,1.4
14,3,0.7855777,1,100,S,1.4
14,3,0.6681099,1,72,S,2.1
14,3,1.4274337,1,100,S,1.4
14,3,0.8518063,0,44,S,1.3
14,3,0.5563,1,100,S,1.6
14,3,0.5620486,1,72,S,1.8
14,3,0.4101938,1,100,S,2.3
14,3,0.8080156,1,44,S,1.4
14,3,0.651265,1,100,S,0.9
14,3,1.0537191,1,100,S,1.6
14,3,1.6172496,1,16,S,1.4
14,3,0.7047546,1,100,S,1.3
14,3,0.7715928,1,44,S,1.4
14,4,0.8106479,1,44,S,0.9
14,4,0.7048646,1,16,S,1.4
14,4,0.7283685,1,72,S,0.9
14,4,0.8471251,1,44,S,0.9
14,4,1.1006366,1,16,S,2.3
14,4,0.7822861,1,44,S,1.6
14,4,0.5844115,1,72,S,1.1
14,4,0.528285,1,72,S,1.9
14,4,0.592453,1,100,S,1.9
14,4,2.0463291,0,72,S,1.3
14,4,1.4620217,1,44,S,2.3
14,4,0.6141281,1,100,S,0.9
14,4,0.5612035,1,44,S,0.9
14,4,0.6513748,1,44,S,1.8
14,4,0.6488347,1,16,S,1.9
14,4,0.6117054,1,100,S,2.1
14,4,0.4965466,1,44,S,1.6
14,4,2.3543822,1,16,S,1.6
14,4,0.5208194,1,44,S,1.1
14,4,0.5514135,1,72,S,2.1
14,4,0.8950873,1,44,S,1.3
14,4,1.4354534,1,44,S,1.4
14,4,0.5549778,1,44,S,1.8
14,4,0.699314,1,44,S,0.9
14,4,0.8784655,1,16,S,0.9
14,4,0.4409672,1,100,S,0.9
14,4,0.4947841,1,44,S,2.1
14,4,0.6622087,1,16,S,1.4
14,4,0.6439291,1,44,S,2.1
14,4,0.6632681,1,44,S,1.3
14,4,0.5617657,1,44,S,1.1
14,4,0.4543996,1,72,S,1.4
14,4,0.5649685,1,72,S,1.4
14,4,0.6226637,1,16,S,0.9
14,4,1.7170867,1,16,S,1.6
14,4,0.5950834,1,72,S,1.4
14,4,0.6103166,1,72,S,2.3
14,4,0.7610638,1,100,S,2.1
14,4,0.6185924,1,100,S,1.6
14,4,0.825344,1,100,S,1.6
14,4,2.0178491,1,16,S,1.6
14,4,0.4870564,1,72,S,1.8
14,4,1.232121,1,16,S,1.1
14,4,0.8377388,1,16,S,1.8
14,4,0.6805956,1,100,S,0.9
14,4,0.5411219,1,72,S,2.3
14,4,0.8516917,1,44,S,2.1
14,4,0.4615226,1,72,S,1.9
14,4,0.5773907,1,72,S,1.4
14,4,0.7097781,1,100,S,1.4
14,4,0.5190417,1,72,S,1.6
14,4,0.7694488,1,16,S,1.8
14,4,0.5828859,1,100,S,1.6
14,4,1.0117455,1,44,S,1.4
14,4,0.5173827,1,100,S,1.9
14,4,0.6351877,1,100,S,2.1
14,4,0.4907536,1,44,S,1.3
14,4,0.4961228,1,72,S,1.6
14,4,0.5883744,1,100,S,2.3
14,4,1.7677905,0,16,S,1.8
14,4,0.5692694,1,100,S,0.9
14,4,0.5624769,1,100,S,1.6
14,4,0.7524141,1,44,S,1.8
14,4,0.5766908,1,100,S,1.1
14,4,0.8333021,1,100,S,1.6
14,4,0.7803024,1,16,S,1.4
14,4,0.5016906,1,44,S,2.1
14,4,0.5260605,1,100,S,2.1
14,4,1.1086631,1,44,S,1.6
14,4,0.5855096,1,44,S,1.6
14,4,0.6363665,1,100,S,1.9
15,1,0.4156211,1,72,S,1.3
15,1,0.4629763,1,44,S,1.6
15,1,0.3893405,1,44,S,1.8
15,1,0.4386689,1,72,S,2.3
15,1,0.457927,1,16,S,1.3
15,1,0.4122541,0,44,S,1.8
15,1,0.4499949,0,16,S,1.4
15,1,0.455076,1,44,S,0.9
15,1,0.3694384,1,44,S,1.6
15,1,0.5085815,1,16,S,2.3
15,1,0.5325349,1,100,S,1.1
15,1,0.5295095,1,100,S,2.3
15,1,0.3466248,1,100,S,2.1
15,1,0.3611527,1,72,S,1.3
15,1,0.5401946,1,100,S,1.4
15,1,0.4581358,0,16,S,1.9
15,1,0.4279994,1,44,S,2.1
15,1,0.4573887,1,16,S,1.9
15,1,0.3996032,1,72,S,1.4
15,1,0.3446232,1,72,S,1.4
15,1,0.4868611,0,44,S,1.9
15,1,0.4592695,0,72,S,2.3
15,1,0.5113825,1,72,S,2.1
15,1,0.3847026,1,44,S,1.6
15,1,0.4492178,1,44,S,0.9
15,1,0.4199066,1,44,S,1.8
15,1,0.3380459,1,100,S,1.3
15,1,0.3293012,1,44,S,2.1
15,1,0.6004827,1,16,S,1.4
15,1,0.399982,1,44,S,1.3
15,1,0.4523958,0,16,S,1.9
15,1,0.470776,1,16,S,1.3
15,1,0.3556879,1,72,S,2.3
15,1,0.3904275,1,72,S,1.6
15,1,0.4847494,1,100,S,2.3
15,1,0.5574719,0,16,S,1.8
15,1,0.4673806,1,72,S,1.1
15,1,0.5270496,1,100,S,1.1
15,1,0.445991,1,72,S,2.3
15,1,0.4482,1,44,S,1.3
15,1,0.3940685,1,44,S,2.3
15,1,0.407961,1,16,S,1.3
15,1,0.4824049,1,100,S,0.9
15,1,0.3523276,1,72,S,1.6
15,1,0.3759062,1,44,S,1.1
15,1,0.382453,0,44,S,1.9
15,1,0.398686,1,72,S,1.1
15,1,0.3232356,1,72,S,2.1
15,1,0.3376268,1,44,S,1.6
15,1,0.3996248,1,72,S,2.3
15,1,0.4822581,1,100,S,1.9
15,1,0.3634694,1,72,S,1.9
15,1,0.4259978,1,16,S,2.1
15,1,0.3876654,1,44,S,1.8
15,1,0.3337443,1,44,S,2.1
15,1,0.374259,1,72,S,1.4
15,1,0.4529951,1,100,S,1.1
15,1,0.4506135,1,100,S,1.3
15,1,0.4239181,1,44,S,2.3
15,1,0.5730554,1,100,S,1.3
15,1,0.3484389,1,72,S,1.1
15,1,0.3410325,1,100,S,1.1
15,1,0.3010246,1,72,S,1.3
15,1,0.3928924,1,100,S,1.4
15,1,0.5537021,1,100,S,2.3
15,2,0.4176919,1,16,S,1.9
15,2,0.4557507,0,16,S,1.4
15,2,0.3804635,1,72,S,2.3
15,2,0.412459,1,16,S,0.9
15,2,0.4034182,1,16,S,1.4
15,2,0.3073981,1,72,S,1.4
15,2,0.9482092,0,16,S,1.4
15,2,0.3729535,1,72,S,0.9
15,2,0.4183523,1,72,S,1.4
15,2,0.3792204,1,16,S,0.9
15,2,0.345346,1,44,S,1.6
15,2,0.3568681,1,100,S,2.1
15,2,0.4563256,0,16,S,1.6
15,2,0.3794958,0,16,S,1.4
15,2,0.3255866,1,72,S,0.9
15,2,0.3538725,1,44,S,1.3
15,2,0.4759956,1,100,S,0.9
15,2,0.3027174,1,44,S,2.1
15,2,0.2926128,1,72,S,1.9
15,2,0.4917453,1,100,S,1.9
15,2,0.2660563,1,72,S,2.1
15,2,0.2989391,1,72,S,2.1
15,2,0.3619212,1,72,S,1.9
15,2,0.3852698,1,100,S,1.1
15,2,0.3962359,1,16,S,0.9
15,2,0.2801214,1,72,S,2.1
15,2,0.4796402,1,100,S,1.8
15,2,0.413985,1,16,S,2.1
15,2,0.4721124,1,16,S,0.9
15,2,0.3700405,1,16,S,1.9
15,2,0.3715044,1,44,S,0.9
15,2,0.4206402,1,100,S,1.4
15,2,0.304908,1,72,S,1.4
15,2,0.3207187,1,72,S,1.9
15,2,0.3457773,1,44,S,1.1
15,2,0.2914886,1,44,S,1.9
15,2,0.2925662,1,44,S,1.6
15,2,0.4965607,1,72,S,2.3
15,2,0.5970496,1,16,S,0.9
15,2,0.2923669,1,72,S,1.6
15,2,0.4844062,1,100,S,2.1
15,2,0.4866281,0,16,S,1.3
15,2,0.3428333,1,100,S,2.1
15,2,0.4278474,1,44,S,0.9
15,2,0.2221849,1,100,S,2.3
15,2,0.2539328,1,72,S,0.9
15,2,0.2381099,1,100,S,2.3
15,2,0.4334523,0,16,S,1.4
15,2,0.4225083,1,72,S,1.3
15,2,0.3290509,1,44,S,1.1
15,2,0.316326,1,16,S,2.1
15,2,0.4169318,1,100,S,1.8
15,2,0.3563284,1,72,S,2.1
15,3,0.3772937,1,72,S,2.1
15,3,0.4482001,0,16,S,1.1
15,3,0.4183265,0,16,S,1.3
15,3,0.3151443,1,100,S,2.3
15,3,0.3813163,1,16,S,1.3
15,3,0.5020052,1,100,S,1.3
15,3,0.3007152,1,72,S,1.3
15,3,0.4366589,1,100,S,1.4
15,3,0.2725643,1,72,S,1.3
15,3,0.2947538,1,72,S,1.3
15,3,0.3076857,1,72,S,2.3
15,3,0.3106311,1,72,S,1.1
15,3,0.305442,1,44,S,1.3
15,3,0.3984353,1,16,S,1.9
15,3,0.3575357,1,100,S,1.1
15,3,0.3246592,1,16,S,1.8
15,3,0.3784851,0,16,S,1.9
15,3,0.3566094,1,44,S,1.3
15,3,0.4218468,1,100,S,1.9
15,3,0.3104306,1,72,S,2.3
15,3,0.4273106,1,100,S,0.9
15,3,0.3034767,1,72,S,1.1
15,3,0.3532062,1,16,S,1.3
15,3,0.3039152,1,72,S,0.9
15,3,0.3897942,1,100,S,1.4
15,3,0.4363964,0,16,S,1.6
15,3,0.3577816,1,44,S,1.4
15,3,0.3364039,1,16,S,2.1
15,3,0.2985682,1,72,S,1.8
15,3,0.408552,0,16,S,2.1
15,3,0.3473086,0,16,S,1.8
15,3,0.2705306,1,72,S,1.9
15,3,0.3228242,1,44,S,1.6
15,3,0.3570883,1,44,S,1.8
15,3,0.2818784,1,16,S,1.6
15,3,0.2620379,1,72,S,1.1
15,3,0.2231959,1,72,S,1.4
15,3,0.3321767,1,100,S,0.9
15,3,0.360026,0,44,S,2.3
15,3,0.4265106,0,44,S,1.8
15,3,0.2873166,1,72,S,2.1
15,3,0.5201801,1,72,S,1.4
15,3,0.4338219,1,100,S,1.3
15,3,0.3894607,1,44,S,1.1
15,3,0.2500872,1,72,S,0.9
15,3,0.3797023,1,16,S,1.1
15,3,0.4000398,1,44,S,1.9
15,3,0.2914729,1,100,S,0.9
15,3,0.320864,1,44,S,1.3
15,3,0.2369599,1,100,S,1.1
15,4,0.329322,1,16,S,1.3
15,4,0.3023396,1,72,S,2.1
15,4,0.3198756,1,72,S,1.3
15,4,0.2499126,1,100,S,1.1
15,4,0.4331389,1,100,S,2.1
15,4,0.4739608,1,100,S,1.9
15,4,0.6072276,1,44,S,2.3
15,4,0.3588478,1,16,S,2.1
15,4,0.3328542,1,16,S,1.3
15,4,0.3683443,1,44,S,1.8
15,4,0.3336879,1,72,S,2.3
15,4,0.4058772,0,44,S,1.3
15,4,0.3783993,1,72,S,1.1
15,4,0.2854006,1,72,S,1.3
15,4,0.3386394,1,16,S,1.1
15,4,0.3392076,1,16,S,1.8
15,4,0.3293804,1,72,S,1.6
15,4,0.3869415,1,100,S,1.4
15,4,0.3713318,1,16,S,1.9
15,4,0.2697716,1,100,S,2.1
15,4,0.4360179,1,100,S,1.1
15,4,0.3792607,1,100,S,1.9
15,4,0.3567105,1,16,S,1.4
15,4,0.3126133,1,72,S,0.9
15,4,0.30929,1,100,S,1.6
15,4,0.5376678,1,44,S,1.4
15,4,0.3577816,1,72,S,1.8
15,4,0.3443131,0,16,S,1.4
15,4,0.3613784,1,44,S,1.9
15,4,0.2764557,1,72,S,1.1
15,4,0.3459799,1,16,S,1.4
15,4,0.31081,1,72,S,1.8
15,4,0.334995,1,72,S,2.1
15,4,0.3045867,1,72,S,1.8
15,4,0.4335513,1,44,S,1.4
15,4,0.3375973,1,44,S,2.1
15,4,0.3096609,1,44,S,1.6
15,4,0.2944753,1,72,S,1.8
15,4,0.3738357,1,72,S,1.9
15,4,0.4799847,1,72,S,2.3
15,4,0.4733663,1,100,S,2.1
15,4,0.3604673,1,16,S,1.9
15,4,0.3017071,1,72,S,1.8
15,4,0.2742251,1,72,S,2.3
15,4,0.343017,1,16,S,1.1
16,1,0.6001353,1,16,S,1.3
16,1,0.6967212,1,100,S,0.9
16,1,0.5940952,1,100,S,0.9
16,1,0.7707766,1,16,S,1.4
16,1,0.7410821,1,44,S,2.3
16,1,0.8497416,1,44,S,1.9
16,1,1.1185121,1,44,S,1.6
16,1,0.9302484,1,44,S,1.1
16,1,0.5234422,1,100,S,0.9
16,1,0.4948883,1,72,S,0.9
16,1,0.9017054,1,44,S,1.8
16,1,0.5651181,1,100,S,1.3
16,1,0.5541997,1,44,S,1.3
16,1,1.2351521,0,16,S,1.8
16,1,0.7087366,1,16,S,1.4
16,1,0.5088515,1,44,S,1.9
16,1,0.5986273,1,100,S,1.6
16,1,0.5338661,1,100,S,2.1
16,1,2.1599771,1,16,S,2.1
16,1,0.7274617,1,72,S,1.9
16,1,1.7401968,1,16,S,1.3
16,1,1.0956267,1,16,S,1.8
16,1,0.9832048,1,16,S,1.8
16,1,0.5824597,1,72,S,2.3
16,1,0.6027722,1,44,S,1.4
16,1,0.5266855,1,44,S,1.1
16,1,0.6333545,1,72,S,1.9
16,1,0.5738809,1,16,S,0.9
16,1,0.4693931,1,72,S,2.3
16,1,1.8811525,1,16,S,0.9
16,1,0.6736808,1,16,S,1.1
16,1,1.1590211,1,16,S,1.3
16,1,0.490104,1,100,S,1.3
16,1,0.5835757,1,100,S,2.1
16,1,0.8012288,1,16,S,2.3
16,1,0.7297339,1,72,S,1.4
16,1,0.5843676,1,72,S,1.9
16,1,1.188463,0,16,S,1.1
16,1,0.5900434,1,72,S,2.1
16,1,1.118435,1,16,S,0.9
16,1,0.5485504,1,100,S,1.1
16,1,0.5329537,1,100,S,1.9
16,1,0.5361543,1,44,S,2.3
16,1,0.640903,1,44,S,1.1
16,1,0.3653861,1,44,S,1.3
16,1,0.5198672,1,72,S,0.9
16,1,0.7424831,1,100,S,2.3
16,1,1.1562987,1,44,S,1.3
16,1,0.6686261,1,100,S,1.9
16,1,2.159325,0,100,S,1.4
16,1,0.9616902,1,44,S,2.1
16,1,1.5138536,1,16,S,1.6
16,1,0.4710112,1,44,S,1.4
16,1,0.5388951,1,72,S,0.9
16,1,0.5862184,1,72,S,1.6
16,1,0.6311128,1,100,S,1.3
16,1,0.5741462,1,44,S,1.9
16,1,0.7449376,1,100,S,1.8
16,1,1.3647109,1,44,S,0.9
16,1,0.5217959,1,100,S,1.4
16,1,0.4867559,1,100,S,1.9
16,1,1.036674,1,44,S,1.3
16,1,0.6105251,1,44,S,1.3
16,1,0.491485,1,72,S,1.6
16,1,1.0694793,1,44,S,0.9
16,1,0.9080192,1,16,S,0.9
16,1,1.2123391,0,16,S,1.8
16,1,0.5543658,1,100,S,1.4
16,1,0.4267388,1,72,S,1.3
16,1,1.8134591,1,16,S,1.8
16,1,0.5346141,1,44,S,1.3
16,1,0.5923147,1,100,S,1.4
16,1,0.7703658,1,16,S,2.1
16,1,0.8964707,1,44,S,1.3
16,1,0.454883,1,72,S,1.8
16,1,1.174169,0,16,S,1.3
16,1,0.5982321,1,44,S,2.1
16,1,0.6180776,1,72,S,2.3
16,1,0.4253051,1,72,S,1.8
16,1,2.0001194,1,44,S,1.9
16,1,0.4952427,1,72,S,1.6
16,2,0.7160823,1,44,S,2.3
16,2,0.5552363,1,100,S,1.1
16,2,0.7792948,1,44,S,0.9
16,2,0.5752572,1,44,S,2.1
16,2,0.4450566,1,72,S,1.6
16,2,0.4703433,1,44,S,2.3
16,2,0.6005518,1,100,S,1.3
16,2,0.6092076,1,100,S,1.4
16,2,0.6285966,1,72,S,1.9
16,2,1.7492867,1,16,S,2.1
16,2,0.9905289,1,44,S,0.9
16,2,1.0725725,1,16,S,2.3
16,2,0.550341,1,100,S,1.3
16,2,0.6044041,1,100,S,1.4
16,2,0.761063,1,72,S,1.9
16,2,0.510742,1,72,S,1.4
16,2,0.9429371,1,72,S,1.1
16,2,1.1072536,1,44,S,0.9
16,2,0.52331,1,72,S,1.8
16,2,0.5892289,1,100,S,1.8
16,2,0.6068638,1,44,S,1.9
16,2,0.5591268,1,100,S,2.1
16,2,1.2882659,0,16,S,1.6
16,2,0.8122843,0,16,S,1.9
16,2,0.5452485,1,72,S,1.9
16,2,0.4988875,1,44,S,1.8
16,2,1.2285616,1,16,S,1.6
16,2,0.5248993,1,100,S,1.9
16,2,0.8256059,1,44,S,1.4
16,2,0.5400253,1,72,S,2.3
16,2,0.5413656,1,72,S,0.9
16,2,0.4218349,1,72,S,1.1
16,2,0.5667159,1,100,S,2.1
16,2,0.5226333,1,16,S,2.3
16,2,0.3517609,1,72,S,1.6
16,2,0.8133757,0,16,S,0.9
16,2,0.5089773,1,100,S,0.9
16,2,0.266032,1,72,S,1.3
16,2,0.4561832,1,72,S,1.6
16,2,0.4438701,1,44,S,1.6
16,2,0.4736904,1,16,S,2.3
16,2,0.6543808,1,16,S,1.3
16,2,0.5367239,1,44,S,2.3
16,2,0.6729119,1,100,S,1.3
16,2,0.4932839,1,72,S,1.3
16,2,0.7675968,0,16,S,2.3
16,2,0.6808792,1,72,S,1.4
16,2,0.4691401,1,100,S,1.8
16,2,0.4877945,1,44,S,2.1
16,2,0.4735999,1,72,S,1.4
16,2,0.7698511,1,16,S,1.1
16,2,1.394025,1,16,S,1.9
16,2,0.4934962,1,72,S,1.1
16,2,0.6745732,1,100,S,1.4
16,2,0.8818694,0,16,S,1.6
16,2,0.7673296,1,44,S,2.1
16,2,0.6083536,1,100,S,1.8
16,2,0.5359966,1,72,S,0.9
16,2,0.6158273,1,100,S,2.1
16,2,1.7984221,0,16,S,1.9
16,2,0.9047333,1,72,S,1.3
16,2,0.8968371,1,44,S,1.1
16,2,0.4089612,1,16,S,2.1
16,2,0.6678791,1,72,S,1.4
16,2,0.5656228,1,100,S,0.9
16,2,2.3872713,1,16,S,0.9
16,2,0.6296927,1,72,S,1.8
16,2,0.4081095,1,72,S,1.8
16,3,0.6307662,1,100,S,1.6
16,3,0.4754892,1,100,S,1.3
16,3,1.1498157,1,16,S,1.6
16,3,0.7538322,1,44,S,1.9
16,3,1.0664862,0,16,S,1.1
16,3,0.9097613,1,100,S,1.4
16,3,0.6196283,1,44,S,1.9
16,3,1.1741091,1,44,S,1.8
16,3,0.7435083,1,16,S,0.9
16,3,0.5889474,1,100,S,1.6
16,3,0.4306548,1,72,S,2.3
16,3,0.9371258,0,16,S,1.3
16,3,0.8965272,1,44,S,2.1
16,3,0.4219837,1,100,S,1.1
16,3,0.5203423,1,16,S,1.9
16,3,0.4255898,1,72,S,1.3
16,3,0.5910611,1,72,S,1.8
16,3,0.5161202,1,100,S,1.4
16,3,0.4683685,1,100,S,1.3
16,3,0.8703396,0,16,S,1.9
16,3,0.5966338,1,100,S,1.1
16,3,0.6332941,1,100,S,1.9
16,3,0.4781429,1,72,S,1.1
16,3,0.5847631,1,100,S,1.6
16,3,0.7533623,1,44,S,1.8
16,3,0.4675918,1,100,S,0.9
16,3,0.4061904,1,100,S,0.9
16,3,0.4567109,1,100,S,1.4
16,3,0.5474124,1,72,S,1.3
16,3,0.5561842,1,44,S,1.1
16,3,0.5527189,1,72,S,1.1
16,3,0.6166081,1,100,S,1.4
16,3,0.8405035,0,44,S,1.9
16,3,0.9408282,1,72,S,1.3
16,3,0.5152637,1,44,S,1.4
16,3,0.5931027,1,16,S,1.1
16,3,1.6540513,1,100,S,1.6
16,3,1.1129897,1,44,S,0.9
16,3,0.6343904,1,44,S,0.9
16,3,0.6395487,1,16,S,2.1
16,3,0.5402921,1,72,S,1.3
16,3,0.8081196,1,72,S,1.6
16,3,0.554511,1,44,S,1.6
16,3,0.5648686,1,44,S,1.8
16,3,0.9556274,0,16,S,1.4
16,3,0.4946102,1,72,S,1.4
16,3,0.7468734,0,16,S,1.1
16,3,0.8388099,0,16,S,1.4
16,3,0.5647252,1,100,S,1.8
16,3,1.0786476,1,100,S,1.9
16,3,0.6231623,1,100,S,1.1
16,3,0.6366951,1,16,S,2.3
16,3,0.7494872,1,44,S,1.1
16,3,0.9686321,0,16,S,1.8
16,3,0.5470517,1,100,S,2.1
16,3,0.5753202,1,72,S,1.6
16,3,0.795666,0,16,S,1.8
16,3,0.918326,1,44,S,1.3
16,3,0.7256482,1,72,S,1.8
16,3,0.5184744,1,72,S,1.3
16,3,0.7143927,0,16,S,1.3
16,3,0.454202,1,100,S,1.4
16,3,0.9810261,0,16,S,2.1
16,3,0.6389226,1,100,S,1.8
16,3,0.4845082,1,72,S,1.9
16,3,0.8475165,1,44,S,2.3
16,3,0.5381801,1,100,S,2.3
16,3,0.5777013,1,44,S,1.3
16,3,1.2742981,1,16,S,1.6
16,3,1.0679954,0,16,S,1.4
16,3,0.5911838,1,100,S,1.9
16,3,0.5071689,1,100,S,1.9
16,3,0.5644811,1,72,S,2.3
16,3,0.3675297,1,72,S,2.3
16,4,0.7344388,1,44,S,2.3
16,4,0.8417406,1,100,S,1.1
16,4,0.565421,1,100,S,1.8
16,4,0.9794145,1,44,S,1.3
16,4,0.8740343,1,72,S,0.9
16,4,0.7495474,1,44,S,0.9
16,4,0.7788004,1,16,S,1.6
16,4,0.6206995,1,72,S,1.8
16,4,0.8208417,1,72,S,1.4
16,4,1.3060758,0,44,S,0.9
16,4,2.0330117,0,16,S,1.6
16,4,0.8309205,1,100,S,2.3
16,4,1.4851455,1,72,S,0.9
16,4,1.0433006,1,16,S,1.6
16,4,0.6878543,1,16,S,1.1
16,4,0.8818227,1,16,S,1.9
16,4,0.8118993,1,100,S,0.9
16,4,1.8102756,0,16,S,1.4
16,4,0.7893222,1,100,S,2.3
16,4,0.4248969,1,44,S,2.3
16,4,1.3747609,1,44,S,1.1
16,4,0.538537,1,44,S,1.1
16,4,0.3895322,1,72,S,1.3
16,4,0.7909958,1,16,S,1.4
16,4,0.6709818,1,44,S,1.4
16,4,0.6463259,1,100,S,1.3
16,4,0.4434335,1,100,S,1.4
16,4,1.6046342,1,16,S,2.3
16,4,1.1700145,1,16,S,1.9
16,4,0.8213386,1,44,S,2.3
16,4,0.8181965,1,16,S,1.6
16,4,0.5771031,1,44,S,1.3
16,4,0.6350546,1,72,S,1.6
16,4,0.6421626,1,16,S,1.1
16,4,0.6164905,1,72,S,2.3
16,4,0.6611229,1,72,S,1.8
16,4,0.6247238,1,44,S,1.4
16,4,1.0135355,0,16,S,1.6
16,4,0.6971638,1,72,S,2.1
16,4,1.0284219,1,16,S,1.9
16,4,0.5736389,1,100,S,1.4
16,4,0.6894894,1,72,S,1.6
16,4,1.0660805,0,44,S,1.8
16,4,1.2868899,0,16,S,2.1
16,4,0.919465,1,16,S,1.4
16,4,2.3814616,1,44,S,1.4
16,4,0.6440355,1,72,S,0.9
16,4,2.1809585,0,16,S,1.4
16,4,1.1839147,0,16,S,2.1
16,4,2.3837643,1,16,S,1.3
16,4,0.8991921,1,16,S,1.8
16,4,0.5408455,1,72,S,1.4
16,4,1.1500554,1,16,S,1.3
16,4,0.8960901,0,16,S,0.9
16,4,0.7413391,1,44,S,1.8
16,4,0.7304212,1,44,S,1.1
16,4,0.7562339,1,16,S,0.9
16,4,0.6003467,1,44,S,1.9
16,4,0.9781782,1,44,S,1.6
16,4,0.5784057,1,100,S,1.6
16,4,0.7591778,1,72,S,1.1
16,4,0.5278651,1,72,S,1.9
16,4,0.6613658,1,100,S,2.1
16,4,0.5128033,1,44,S,1.3
16,4,1.5603435,1,16,S,2.3
16,4,0.6531136,1,72,S,2.1
16,4,0.6069035,1,16,S,1.3
16,4,0.6676101,1,72,S,1.3
16,4,0.740267,1,100,S,1.6
16,4,0.5480129,1,100,S,2.3
16,4,0.9229829,1,16,S,1.9
16,4,0.6358384,1,100,S,0.9
16,4,0.6482317,1,100,S,2.3
17,1,1.0226858,1,100,S,1.9
17,1,0.786774,0,100,S,1.3
17,1,0.9543779,1,100,S,2.3
17,1,0.6763191,1,72,S,1.3
17,1,1.4040409,0,16,S,1.9
17,1,0.6801817,1,44,S,1.1
17,1,1.4602016,0,44,S,0.9
17,1,1.0172575,1,72,S,1.8
17,1,1.5348213,1,16,S,2.1
17,1,0.9325672,1,72,S,1.1
17,1,0.7955018,1,72,S,1.1
17,1,0.7901799,1,72,S,1.4
17,1,0.7059539,1,100,S,0.9
17,1,0.6803918,1,44,S,1.8
17,1,0.6080867,1,100,S,0.9
17,1,0.6803685,1,44,S,2.3
17,1,0.761899,1,100,S,2.3
17,1,0.6790767,1,100,S,1.8
17,1,0.8611096,1,100,S,1.8
17,1,0.7949869,1,72,S,1.8
17,1,1.9318094,1,100,S,1.8
17,1,1.0738567,1,100,S,2.3
17,1,2.2466622,1,44,S,2.3
17,1,1.5468976,1,100,S,1.8
17,1,0.9067326,1,16,S,1.4
17,1,1.6026983,1,16,S,0.9
17,1,1.3118052,1,44,S,1.8
17,1,1.1128861,1,72,S,1.4
17,1,0.8281865,1,16,S,1.8
17,1,2.2027826,1,72,S,2.3
17,1,0.9537236,1,100,S,2.3
17,1,0.859678,1,72,S,1.9
17,1,1.2523324,1,100,S,1.3
17,1,0.6032665,1,100,S,1.1
17,1,1.6002698,1,44,S,2.1
17,1,1.6970755,0,16,S,1.3
17,1,1.2762328,1,72,S,2.1
17,1,0.7165171,1,72,S,1.4
17,1,1.0897023,1,72,S,1.4
17,1,1.7002032,1,16,S,1.6
17,1,2.1550707,1,44,S,0.9
17,1,1.0904581,1,44,S,1.9
17,1,1.3607856,1,44,S,1.9
17,1,0.8195616,1,72,S,1.6
17,1,0.8258489,0,72,S,1.9
17,1,1.3895949,1,72,S,1.3
17,1,0.9922474,1,16,S,1.1
17,1,1.0834554,1,72,S,2.1
17,1,0.877823,0,72,S,1.8
17,1,0.74371,1,100,S,1.8
17,1,0.8251889,1,16,S,1.8
17,1,0.8149501,1,44,S,1.8
17,1,1.5638726,1,44,S,2.1
17,1,0.6440573,1,72,S,0.9
17,1,0.807602,1,44,S,1.9
17,1,0.6827515,1,100,S,1.8
17,1,2.1543357,1,72,S,1.9
17,1,0.951176,1,44,S,1.8
17,1,0.7674556,1,72,S,1.9
17,1,0.6209856,1,100,S,1.3
17,1,0.6243723,1,100,S,1.3
17,1,0.6899,1,72,S,2.3
17,1,0.994642,1,16,S,2.3
17,1,0.946228,1,16,S,1.6
17,1,2.0130796,1,16,S,2.1
17,2,0.6970419,1,72,S,1.1
17,2,1.0382112,1,44,S,1.1
17,2,0.6327645,1,100,S,1.6
17,2,1.5808732,1,16,S,2.1
17,2,0.5267458,1,100,S,2.1
17,2,0.6593244,1,72,S,1.6
17,2,0.6784192,1,100,S,1.6
17,2,0.7396311,1,100,S,1.6
17,2,0.6891598,1,72,S,2.1
17,2,1.1254409,1,44,S,1.4
17,2,0.6521583,1,72,S,1.8
17,2,0.9938051,1,16,S,1.3
17,2,0.6442154,1,44,S,0.9
17,2,0.8031816,1,44,S,0.9
17,2,0.8184316,1,44,S,2.3
17,2,1.1421897,1,16,S,1.4
17,2,1.3047189,0,72,S,1.3
17,2,1.6814549,1,16,S,2.1
17,2,0.935273,1,100,S,1.3
17,2,2.2338467,0,72,S,0.9
17,2,1.8767044,0,72,S,1.4
17,2,0.5710726,1,72,S,2.1
17,2,0.9354292,1,100,S,1.6
17,2,1.2869397,1,16,S,0.9
17,2,0.5587527,1,72,S,2.1
17,2,0.5695273,1,100,S,1.6
17,2,0.6723937,1,44,S,1.8
17,2,0.661532,1,100,S,1.6
17,2,0.6101172,1,44,S,1.1
17,2,0.6914296,1,72,S,2.1
17,2,0.8378378,1,100,S,1.3
17,2,1.1350748,1,100,S,0.9
17,2,0.5670282,1,72,S,1.6
17,2,0.7208372,1,100,S,1.3
17,2,1.1952916,1,16,S,1.3
17,2,0.5656724,1,44,S,1.4
17,2,0.8657866,1,100,S,1.1
17,2,0.8034994,1,44,S,1.4
17,2,1.0261595,1,16,S,1.1
17,2,0.7224182,1,100,S,1.3
17,2,0.6684927,1,44,S,1.3
17,2,1.2740825,1,100,S,1.3
17,2,1.3670097,1,44,S,1.9
17,2,0.8412781,1,44,S,1.3
17,2,0.9065604,1,16,S,0.9
17,2,0.969174,1,16,S,2.3
17,2,0.652788,1,100,S,0.9
17,2,1.196833,1,16,S,1.3
17,2,0.6446283,1,72,S,1.9
17,2,0.6393403,1,16,S,1.3
17,2,1.1175495,1,44,S,0.9
17,2,1.8882949,0,16,S,1.3
17,2,1.6001887,1,44,S,1.8
17,2,0.7608683,1,44,S,0.9
17,2,0.7585409,1,44,S,1.4
17,2,1.469705,1,100,S,1.4
17,2,0.7388492,1,100,S,1.8
17,2,0.8227393,1,72,S,1.1
17,2,2.2938453,0,16,S,1.8
17,2,1.788224,1,72,S,1.9
17,2,0.7889057,1,100,S,2.1
17,2,0.7238832,1,100,S,1.6
17,2,0.5723204,1,100,S,1.8
17,2,0.5464732,1,72,S,1.1
17,2,0.7393185,1,16,S,1.6
17,2,0.6245742,1,72,S,0.9
17,2,0.5395595,1,72,S,1.9
17,2,0.6436936,1,72,S,1.1
17,2,1.0357363,1,100,S,1.4
17,2,0.6118142,1,72,S,1.6
17,2,0.6905023,1,100,S,1.1
17,2,0.9942957,1,16,S,1.8
17,2,1.9288018,0,72,S,1.6
17,2,0.6758115,1,100,S,1.6
17,2,0.7229147,1,44,S,2.3
17,2,0.5923009,1,72,S,1.9
17,2,0.6956596,1,44,S,1.9
17,3,1.0658531,1,72,S,1.3
17,3,0.7450719,1,44,S,1.1
17,3,1.5768927,0,16,S,0.9
17,3,0.5736474,1,100,S,2.1
17,3,0.6675857,1,72,S,1.6
17,3,0.577503,1,72,S,0.9
17,3,1.9092227,1,100,S,1.9
17,3,0.6663391,1,16,S,1.3
17,3,1.1466825,1,16,S,1.4
17,3,0.5291491,1,44,S,1.1
17,3,0.491385,1,16,S,2.1
17,3,0.6558927,1,44,S,1.1
17,3,0.9259336,1,16,S,2.3
17,3,1.23318,1,16,S,1.1
17,3,0.6771811,1,44,S,2.3
17,3,0.5424163,1,72,S,1.3
17,3,0.6400384,1,44,S,1.1
17,3,0.9681314,1,72,S,1.8
17,3,0.5656709,1,72,S,1.6
17,3,1.9796113,1,16,S,2.3
17,3,0.9760699,1,16,S,2.1
17,3,0.5700542,1,44,S,2.3
17,3,0.6379467,1,44,S,1.4
17,3,0.977919,1,16,S,0.9
17,3,0.5308444,1,72,S,1.4
17,3,0.8661605,1,100,S,1.6
17,3,1.8806242,0,16,S,0.9
17,3,0.6735272,1,44,S,1.8
17,3,0.5849772,1,44,S,2.3
17,3,0.6804837,1,100,S,1.1
17,3,1.2386097,1,72,S,2.3
17,3,0.8928937,1,44,S,2.3
17,3,0.469641,1,72,S,2.3
17,3,0.8072189,1,16,S,1.9
17,3,2.188481,1,100,S,2.3
17,3,0.4260075,1,100,S,1.1
17,3,1.7127081,1,100,S,2.3
17,3,0.5880989,1,44,S,1.1
17,3,0.6277576,1,44,S,2.3
17,3,1.2449769,1,16,S,1.9
17,3,1.3380139,1,16,S,2.3
17,3,0.7294246,1,16,S,1.8
17,3,0.7277718,1,44,S,0.9
17,3,1.3432825,1,100,S,2.3
17,3,0.9002536,0,16,S,1.1
17,3,0.468917,1,100,S,1.1
17,3,2.2291543,1,100,S,2.3
17,3,0.6859847,1,100,S,1.9
17,3,0.5155941,1,44,S,1.4
17,3,0.6922446,1,100,S,1.9
17,3,0.5773268,1,16,S,1.8
17,3,1.038337,1,16,S,2.1
17,3,0.7249979,1,44,S,1.4
17,3,0.9798633,1,100,S,2.3
17,3,0.7441424,1,44,S,2.1
17,3,0.5305281,1,44,S,1.3
17,3,0.8746121,1,16,S,1.3
17,3,0.6900549,1,16,S,2.3
17,3,0.6365863,1,16,S,1.9
17,3,0.4275884,1,72,S,2.1
17,3,0.5667095,1,44,S,1.3
17,3,0.6322544,1,100,S,0.9
17,3,0.9087202,1,72,S,2.1
17,3,1.4812548,1,72,S,1.1
17,3,0.7165956,1,16,S,1.9
17,3,0.6292292,1,100,S,1.3
17,3,0.5639029,1,72,S,1.1
17,3,1.0161603,1,16,S,1.8
17,3,0.7252628,1,100,S,1.9
17,4,0.7178742,1,100,S,1.8
17,4,0.6991817,1,72,S,1.6
17,4,0.8641453,1,44,S,2.3
17,4,0.6277426,1,72,S,1.9
17,4,1.115008,1,100,S,2.1
17,4,0.8015034,1,100,S,1.4
17,4,0.7001699,1,100,S,1.3
17,4,0.6684938,1,72,S,0.9
17,4,0.6537501,1,72,S,1.9
17,4,0.7601222,1,100,S,1.4
17,4,1.4545226,1,16,S,1.9
17,4,1.7035239,1,44,S,2.3
17,4,0.7221873,1,100,S,2.1
17,4,0.6475491,1,72,S,1.6
17,4,1.4055851,1,44,S,1.1
17,4,0.8844828,1,16,S,2.3
17,4,0.6021334,1,72,S,1.4
17,4,0.6276346,1,72,S,1.4
17,4,0.818213,1,44,S,1.6
17,4,0.6485041,1,72,S,2.3
17,4,0.8139694,1,100,S,1.3
17,4,0.5520892,1,72,S,1.1
17,4,1.0122923,1,44,S,0.9
17,4,0.6519219,1,44,S,1.8
17,4,1.7478225,1,16,S,1.9
17,4,1.2947653,1,16,S,1.9
17,4,0.5862242,1,44,S,1.8
17,4,0.6046561,1,100,S,1.4
17,4,0.8351043,1,44,S,1.3
17,4,0.7330351,0,16,S,1.3
17,4,0.9213528,1,44,S,1.6
17,4,0.505338,1,100,S,1.9
17,4,0.6254877,1,44,S,0.9
17,4,1.0664745,1,100,S,1.3
17,4,0.7812444,1,16,S,1.3
17,4,0.9411776,1,44,S,0.9
17,4,0.6100963,1,100,S,0.9
17,4,0.5111347,1,100,S,1.1
17,4,0.4799917,1,100,S,1.6
17,4,1.7303449,0,16,S,1.1
17,4,0.4765791,1,100,S,2.3
17,4,0.848592,1,16,S,1.8
17,4,0.4733279,1,72,S,1.3
17,4,0.9336751,1,44,S,1.3
17,4,0.498028,1,100,S,1.1
17,4,1.4695864,1,16,S,0.9
17,4,1.947175,1,16,S,1.8
17,4,1.0611585,1,16,S,1.1
17,4,0.6132722,1,44,S,2.1
17,4,0.669571,1,100,S,1.9
17,4,0.5324502,1,100,S,1.4
17,4,1.7716043,1,44,S,2.3
17,4,1.0636828,1,72,S,1.8
17,4,0.9200098,1,16,S,1.6
17,4,1.0605571,1,16,S,0.9
17,4,0.9224328,1,16,S,2.1
17,4,0.6122031,1,16,S,1.3
17,4,0.9332505,1,100,S,1.1
17,4,0.57905,1,100,S,2.3
17,4,0.4329011,1,100,S,1.3
17,4,0.4949814,1,44,S,1.1
17,4,0.6456003,1,72,S,1.8
17,4,0.5083473,1,72,S,0.9
18,1,0.743368,0,72,S,2.1
18,1,0.7703135,1,100,S,2.1
18,1,0.8184764,1,100,S,1.9
18,1,0.7139141,1,44,S,1.9
18,1,0.7276262,1,44,S,1.9
18,1,0.9774252,1,44,S,1.6
18,1,0.5904286,1,72,S,1.4
18,1,0.7410998,1,44,S,1.3
18,1,0.9244865,0,72,S,1.8
18,1,0.9049588,0,72,S,1.6
18,1,0.9719591,0,44,S,0.9
18,1,0.8130105,1,44,S,1.1
18,1,1.1577831,1,44,S,1.6
18,1,1.0489903,1,72,S,1.1
18,1,1.1750262,1,44,S,1.3
18,1,1.4862166,1,16,S,2.3
18,1,0.8498251,1,100,S,2.1
18,1,0.9104924,0,16,S,2.1
18,1,0.9316475,0,72,S,2.3
18,1,0.7871236,1,100,S,2.3
18,1,0.8402321,1,16,S,1.1
18,1,0.6368272,1,16,S,1.9
18,1,0.8535093,1,44,S,1.6
18,1,0.7240631,1,100,S,1.9
18,1,0.8708934,1,16,S,1.3
18,1,1.1383342,1,44,S,2.3
18,1,1.0002984,1,100,S,1.4
18,1,0.721084,1,100,S,1.8
18,1,0.8092709,1,72,S,2.3
18,1,0.8139794,1,100,S,0.9
18,1,0.5792069,1,44,S,1.6
18,1,0.5564122,1,44,S,2.3
18,1,0.8449063,1,16,S,1.9
18,1,0.8233939,1,16,S,1.3
18,1,0.7956264,1,16,S,1.8
18,1,0.5076008,1,100,S,1.3
18,1,0.8548899,1,16,S,1.9
18,1,0.7764443,1,16,S,0.9
18,1,0.6206247,1,100,S,1.4
18,1,0.7538702,1,100,S,1.8
18,1,0.5615034,0,16,S,1.6
18,1,0.4326911,1,72,S,2.3
18,1,0.6875168,0,44,S,2.1
18,1,0.8081053,1,100,S,1.6
18,1,0.5974275,1,72,S,2.1
18,1,1.1106449,1,16,S,1.8
18,1,0.6627132,1,100,S,0.9
18,1,0.5129384,1,100,S,1.6
18,2,0.606287,1,100,S,2.3
18,2,0.859949,1,44,S,2.1
18,2,0.5456905,1,72,S,1.1
18,2,0.7138954,1,44,S,0.9
18,2,0.6516521,1,44,S,1.4
18,2,0.5250589,1,44,S,1.3
18,2,0.7207993,0,44,S,2.1
18,2,0.6903041,1,44,S,1.6
18,2,1.2173638,0,16,S,1.3
18,2,0.5881584,1,44,S,1.9
18,2,0.4806382,1,16,S,1.6
18,2,0.4830527,1,44,S,1.9
18,2,0.6044969,1,16,S,2.3
18,2,0.9124409,1,44,S,1.4
18,2,1.1213611,1,16,S,1.1
18,2,0.6372138,1,72,S,1.6
18,2,0.6847899,0,44,S,1.1
18,2,0.9118543,1,100,S,1.6
18,2,0.6104553,1,44,S,1.1
18,2,0.6140593,1,100,S,2.3
18,2,0.5223525,1,72,S,2.1
18,2,1.7101649,1,44,S,1.1
18,2,0.5293398,1,72,S,1.1
18,2,0.5385133,1,100,S,2.1
18,2,1.4925634,1,16,S,0.9
18,2,0.4962214,1,44,S,1.3
18,2,1.202194,1,16,S,1.4
18,2,0.6805737,1,44,S,2.3
18,2,0.5752143,1,100,S,1.4
18,2,0.7944245,1,16,S,1.3
18,2,0.5595712,1,44,S,1.9
18,2,0.6022789,1,44,S,0.9
18,2,0.6691747,1,44,S,1.6
18,2,0.508838,1,72,S,1.6
18,2,0.5803758,1,44,S,0.9
18,2,1.6183815,1,72,S,1.9
18,2,0.6439531,1,100,S,1.9
18,2,0.4169434,1,44,S,1.6
18,2,0.3184117,1,72,S,2.3
18,2,0.5831083,1,44,S,0.9
18,2,0.4291824,1,72,S,1.6
18,2,0.4918169,1,72,S,2.1
18,2,1.0388887,1,44,S,2.3
18,2,0.7146101,1,72,S,1.6
18,2,1.1406583,0,16,S,1.6
18,2,0.63025,1,100,S,1.4
18,2,0.6539284,1,100,S,0.9
18,2,0.5615908,1,100,S,1.1
18,2,1.1101934,1,16,S,0.9
18,2,0.7839636,1,100,S,2.1
18,2,0.583506,1,72,S,2.3
18,2,0.6027132,1,100,S,0.9
18,2,1.2724463,1,72,S,2.1
18,2,0.4596296,1,44,S,1.4
18,2,1.0151031,1,44,S,1.9
18,2,0.8844709,1,16,S,2.3
18,2,0.7629191,1,44,S,2.1
18,2,1.3245368,1,16,S,1.6
18,2,0.6894872,1,100,S,2.3
18,2,0.6128151,1,72,S,2.3
18,2,0.5729294,1,100,S,1.9
18,2,0.7593483,1,44,S,0.9
18,2,0.6077818,1,44,S,1.1
18,2,1.0215094,1,16,S,1.3
18,2,0.5790093,1,72,S,1.8
18,2,0.4980379,1,100,S,1.6
18,2,1.1258158,0,16,S,1.3
18,2,0.9491579,0,16,S,1.3
18,2,1.4259147,0,16,S,0.9
18,2,0.5313888,1,44,S,1.9
18,2,0.6950548,1,44,S,1.4
18,2,0.9495727,1,16,S,1.3
18,2,0.8390598,1,44,S,0.9
18,2,0.5451532,1,72,S,2.1
18,2,1.7869843,1,16,S,1.8
18,2,0.861119,1,100,S,0.9
18,2,0.5943381,1,100,S,1.8
18,2,0.5956819,1,16,S,1.1
18,2,0.5110814,1,44,S,0.9
18,2,0.4235496,1,72,S,1.4
18,2,0.5130874,1,44,S,1.3
18,2,0.4830679,1,44,S,1.9
18,2,0.5352019,1,72,S,1.9
18,2,0.743551,1,44,S,2.3
18,2,0.4845113,1,44,S,1.8
18,2,0.4561742,1,72,S,0.9
18,2,0.4380632,1,16,S,1.6
18,2,0.6022365,1,72,S,1.8
18,2,1.3470682,0,16,S,1.3
18,2,0.8787503,1,16,S,1.8
18,2,0.5588675,1,44,S,1.4
18,2,0.6149327,0,16,S,1.6
18,2,0.5162666,1,100,S,1.8
18,2,0.457368,1,16,S,1.9
18,2,1.4101544,1,16,S,1.4
18,2,0.6262499,1,100,S,1.6
18,2,1.1659826,0,16,S,1.9
18,2,0.737978,1,16,S,1.8
18,2,0.6019887,1,100,S,1.3
18,3,0.3347325,1,72,S,1.6
18,3,0.4896357,1,100,S,1.8
18,3,0.5205198,1,100,S,1.9
18,3,0.3178969,1,44,S,1.3
18,3,0.4530962,0,72,S,0.9
18,3,0.4940943,1,100,S,1.1
18,3,0.5392874,1,100,S,1.6
18,3,0.7843685,1,16,S,1.9
18,3,0.4151012,1,16,S,2.1
18,3,0.4997707,1,100,S,1.1
18,3,0.5110182,1,100,S,1.3
18,3,0.5055452,1,100,S,2.1
18,3,0.3919942,1,72,S,0.9
18,3,0.4689979,1,72,S,1.9
18,3,0.4850895,1,72,S,2.3
18,3,0.8499796,1,16,S,1.9
18,3,0.5480182,1,100,S,1.9
18,3,0.435036,1,100,S,2.1
18,3,0.3911414,1,100,S,1.4
18,3,0.4783844,1,100,S,1.3
18,3,0.524203,1,44,S,2.1
18,3,0.5201329,1,100,S,1.3
18,3,0.7470382,1,44,S,1.4
18,3,0.6428056,1,44,S,1.8
18,3,0.4545111,1,100,S,0.9
18,3,0.4688602,1,100,S,0.9
18,3,0.4303047,1,100,S,2.1
18,3,0.5469428,1,16,S,1.8
18,3,0.5480324,1,16,S,0.9
18,3,0.4528537,1,72,S,2.3
18,3,0.5878871,1,72,S,0.9
18,3,0.5341127,1,16,S,1.1
18,3,0.4882064,1,16,S,2.1
18,3,0.5334042,1,72,S,1.6
18,3,0.4906196,1,44,S,1.6
18,3,0.473267,1,100,S,1.8
18,3,0.718498,1,44,S,1.3
18,3,0.4969879,1,72,S,0.9
18,3,0.4772192,1,44,S,1.3
18,3,0.4348264,1,100,S,1.9
18,3,0.2995646,1,44,S,1.8
18,3,0.5920562,1,44,S,0.9
18,3,0.7662869,1,72,S,0.9
18,3,0.5121788,1,100,S,1.8
18,3,0.4426603,1,44,S,0.9
18,3,0.9696052,0,16,S,0.9
18,3,0.5689683,1,100,S,1.4
18,3,0.5147579,1,16,S,1.3
18,3,0.4151565,1,44,S,1.1
18,3,0.4982465,1,100,S,1.9
18,3,0.3690701,1,72,S,1.3
18,3,0.4990523,0,16,S,1.1
18,3,0.8197807,1,16,S,0.9
18,3,0.8188278,1,16,S,1.3
18,3,0.6181412,1,16,S,2.1
18,3,0.5058122,1,44,S,1.9
18,3,0.592708,1,44,S,1.9
18,3,1.9924194,0,16,S,1.4
18,3,0.6194157,1,16,S,1.6
18,3,0.519302,1,44,S,1.4
18,3,0.4080465,1,72,S,1.1
18,3,0.4380982,1,72,S,2.3
18,3,0.4289667,1,100,S,1.1
18,3,0.4112862,1,44,S,2.3
18,3,1.1051108,1,16,S,1.4
18,3,0.4956763,1,44,S,0.9
18,3,0.4392805,1,44,S,1.8
18,3,0.6535828,1,72,S,1.4
18,3,0.4128273,1,72,S,2.3
18,3,0.5065564,1,100,S,1.4
18,3,0.436872,1,44,S,1.6
18,3,0.689435,1,72,S,1.3
18,3,0.4463688,1,100,S,0.9
18,3,0.5089224,1,72,S,1.3
18,3,0.7820758,0,16,S,2.3
18,3,1.1647435,1,72,S,2.3
18,3,0.730989,0,16,S,2.3
18,3,0.9142473,0,44,S,1.6
18,3,1.0072239,1,16,S,2.3
18,3,0.5069973,1,72,S,0.9
18,3,0.3513679,1,100,S,2.1
18,4,0.7505482,1,16,S,0.9
18,4,0.4030268,1,72,S,1.3
18,4,0.8016339,1,72,S,2.3
18,4,0.578902,1,16,S,1.6
18,4,0.574736,1,100,S,1.1
18,4,0.6115899,1,44,S,1.3
18,4,0.3895441,1,44,S,2.1
18,4,0.4350698,1,100,S,1.3
18,4,0.4590555,1,100,S,1.4
18,4,0.4313073,1,72,S,1.4
18,4,0.3226529,1,72,S,1.6
18,4,0.4394047,1,16,S,1.4
18,4,0.5872029,1,16,S,1.3
18,4,0.3499544,1,44,S,1.8
18,4,0.521629,1,44,S,1.9
18,4,0.4256381,1,72,S,0.9
18,4,0.4516734,1,72,S,2.3
18,4,0.3880075,1,72,S,1.1
18,4,0.2714302,1,44,S,1.1
18,4,0.4128198,1,72,S,1.1
18,4,0.3808229,1,72,S,2.3
18,4,0.2501247,1,72,S,1.4
18,4,0.3213133,1,100,S,0.9
18,4,0.3820024,0,16,S,1.3
18,4,0.4927441,1,72,S,0.9
18,4,0.3007877,1,44,S,2.3
18,4,0.8792727,0,16,S,2.3
18,4,0.3432178,1,72,S,1.3
18,4,0.4391047,1,44,S,0.9
18,4,0.2391792,1,100,S,1.1
18,4,0.6814766,1,44,S,1.6
18,4,1.9463129,0,16,S,2.3
18,4,0.4277387,1,72,S,2.3
18,4,0.6400256,1,16,S,1.8
18,4,0.3199215,1,100,S,1.9
18,4,0.4000353,1,100,S,1.4
18,4,0.5669885,1,16,S,1.9
18,4,0.8555195,0,44,S,2.3
18,4,0.5687634,1,100,S,1.4
18,4,0.7800673,1,44,S,0.9
18,4,0.4991776,1,16,S,1.9
18,4,0.4965948,0,16,S,1.3
18,4,0.6355687,1,16,S,1.3
18,4,0.4366225,1,100,S,1.3
18,4,0.6020317,1,44,S,1.6
18,4,0.754093,0,16,S,1.3
18,4,0.5498619,1,16,S,1.9
18,4,1.699607,0,44,S,1.6
18,4,0.7346258,0,16,S,2.3
18,4,1.2296939,1,16,S,1.4
18,4,0.790324,1,16,S,1.4
18,4,0.5225146,1,72,S,1.9
18,4,1.1295629,1,72,S,1.9
18,4,0.4924874,1,72,S,2.1
18,4,0.4586165,1,44,S,1.3
18,4,0.58701,1,100,S,1.8
18,4,0.4064118,1,72,S,2.1
18,4,1.2288755,1,72,S,2.3
18,4,0.5086717,1,100,S,1.8
18,4,0.4999174,1,100,S,2.3
18,4,1.5803386,0,44,S,0.9
18,4,0.5236717,1,100,S,1.1
18,4,0.4208112,1,44,S,1.4
18,4,0.586278,1,100,S,1.6
18,4,0.5642511,1,72,S,1.6
18,4,0.6126644,1,100,S,1.8
18,4,0.6043453,0,16,S,2.1
18,4,0.5509107,1,100,S,2.1
18,4,0.5521559,1,100,S,1.1
18,4,0.3704777,1,72,S,1.1
18,4,0.5163984,1,100,S,2.1
18,4,0.9221658,0,44,S,1.4
18,4,0.5860469,1,100,S,1.3
18,4,0.7381822,1,72,S,2.3
18,4,0.7705042,1,44,S,1.9
19,1,0.8565445,1,16,S,2.1
19,1,1.0231173,1,100,S,0.9
19,1,0.7423333,1,100,S,2.3
19,1,1.3258091,0,16,S,1.6
19,1,0.6211594,1,16,S,2.1
19,1,1.2483725,0,16,S,1.9
19,1,0.5756506,1,44,S,2.1
19,1,0.4735391,1,16,S,1.4
19,1,0.9645118,0,16,S,1.3
19,1,0.5028774,1,100,S,1.1
19,1,0.9141317,0,44,S,1.3
19,1,0.5354122,0,44,S,1.9
19,1,0.6234876,1,72,S,1.3
19,1,0.6040543,1,100,S,1.4
19,1,0.5688917,1,16,S,0.9
19,1,0.4747265,1,72,S,1.9
19,1,0.7359268,1,44,S,0.9
19,1,0.6064321,1,100,S,1.1
19,1,0.771924,1,100,S,1.4
19,1,0.548737,1,100,S,0.9
19,1,0.6095483,1,16,S,1.4
19,1,0.577534,1,100,S,1.6
19,1,0.7023551,1,16,S,2.1
19,1,0.5919584,1,72,S,1.1
19,1,0.5766722,1,44,S,1.8
19,1,0.6196306,1,44,S,1.6
19,1,0.6532729,1,72,S,1.1
19,1,1.1837962,0,16,S,0.9
19,1,0.6631076,1,72,S,1.9
19,1,0.7531902,1,100,S,0.9
19,1,0.9550249,1,72,S,1.6
19,1,0.8264775,1,44,S,1.4
19,1,1.0512317,1,44,S,2.3
19,1,0.6179492,1,16,S,1.6
19,1,0.395292,1,100,S,1.1
19,1,0.6133171,1,100,S,1.8
19,1,0.7244395,1,72,S,1.9
19,1,0.5866424,1,72,S,1.1
19,1,0.7442006,1,44,S,1.6
19,1,0.555569,1,16,S,1.4
19,1,0.7243505,1,44,S,0.9
19,1,0.6555945,1,44,S,1.6
19,1,0.6056032,1,72,S,1.8
19,1,0.7886652,1,16,S,1.8
19,1,0.642241,1,72,S,1.6
19,1,0.7130311,1,44,S,1.9
19,1,0.9913135,0,16,S,1.9
19,1,0.5860133,1,72,S,1.9
19,1,1.1147152,0,16,S,1.9
19,1,0.6712771,1,100,S,2.1
19,1,0.5950553,1,72,S,1.6
19,1,0.9291605,0,16,S,0.9
19,1,0.6222493,1,16,S,1.9
19,1,0.5924232,1,44,S,1.8
19,1,0.7911113,0,16,S,1.3
19,1,0.541371,1,100,S,1.6
19,1,0.7212567,0,16,S,1.6
19,1,1.1457523,1,100,S,1.8
19,1,1.1845693,0,16,S,1.8
19,1,0.6538018,1,44,S,1.4
19,1,0.597917,1,72,S,1.1
19,1,0.7255304,1,44,S,0.9
19,1,0.6161072,1,100,S,1.6
19,1,0.5158359,1,72,S,1.6
19,1,0.5995967,1,44,S,2.3
19,1,0.5848362,1,16,S,1.6
19,1,0.8863089,0,16,S,0.9
19,1,0.6169265,1,44,S,2.1
19,1,0.6360505,1,100,S,1.9
19,1,0.594163,1,44,S,2.1
19,1,0.6297897,1,72,S,1.6
19,1,0.6891216,1,100,S,2.3
19,1,0.6259591,1,44,S,1.4
19,1,0.5265507,1,16,S,1.9
19,1,0.6686773,1,44,S,1.4
19,2,0.8008893,1,44,S,1.1
19,2,0.7617189,1,100,S,1.1
19,2,0.6409724,1,100,S,1.8
19,2,0.5982077,1,44,S,1.3
19,2,1.1929477,1,16,S,2.3
19,2,1.0544779,1,16,S,1.1
19,2,1.130356,1,16,S,1.6
19,2,0.5900659,1,72,S,1.8
19,2,0.7286415,1,44,S,1.4
19,2,0.5609359,1,100,S,1.9
19,2,0.9048565,1,16,S,1.6
19,2,0.750059,1,16,S,1.9
19,2,0.7350252,1,44,S,1.3
19,2,0.5815855,0,16,S,1.9
19,2,0.6252016,1,100,S,0.9
19,2,0.7916889,1,100,S,1.6
19,2,0.6942087,1,44,S,1.8
19,2,0.616521,1,44,S,2.1
19,2,0.5330311,1,44,S,2.3
19,2,0.8539167,1,44,S,1.1
19,2,0.658338,1,44,S,1.1
19,2,0.6705116,1,72,S,2.3
19,2,0.5946326,1,44,S,1.8
19,2,0.6271065,1,44,S,1.4
19,2,0.7689814,0,44,S,0.9
19,2,0.5841647,1,100,S,1.4
19,2,0.6217523,1,16,S,1.8
19,2,0.2268565,1,44,S,2.3
19,2,1.2650667,0,16,S,2.3
19,2,0.5784879,1,72,S,2.3
19,2,0.6389645,1,100,S,2.3
19,2,0.6638763,1,100,S,2.3
19,2,0.5891932,1,16,S,1.1
19,2,0.5986328,0,16,S,0.9
19,2,0.9346898,0,44,S,1.6
19,2,0.8831371,0,72,S,1.4
19,2,0.9580348,1,100,S,1.1
19,2,0.8098929,1,44,S,1.6
19,2,0.721087,1,16,S,1.9
19,2,0.5935304,1,100,S,1.3
19,2,0.630553,1,100,S,1.6
19,2,0.6391231,1,44,S,1.8
19,2,0.7414122,1,100,S,1.1
19,2,0.9870525,0,16,S,0.9
19,2,0.752335,1,100,S,1.8
19,2,0.5880266,1,16,S,2.1
19,2,0.5778749,0,16,S,2.1
19,2,0.628121,1,16,S,1.3
19,2,0.6562838,1,100,S,1.8
19,2,0.7017049,1,16,S,1.1
19,2,0.7344109,1,16,S,1.3
19,2,0.6630403,1,16,S,1.4
19,2,0.7904703,1,44,S,1.6
19,2,0.5958001,1,44,S,1.3
19,2,0.8694726,0,44,S,1.1
19,2,1.0168644,0,100,S,1.8
19,2,0.9949855,1,44,S,2.1
19,2,0.6379658,1,72,S,1.3
19,2,0.9037705,1,16,S,1.1
19,2,0.7578141,1,72,S,1.1
19,2,0.7680847,1,100,S,1.3
19,2,0.9151954,1,44,S,1.4
19,2,1.2943314,1,16,S,2.3
19,2,0.6763996,1,72,S,1.8
19,2,1.1013281,0,16,S,1.3
19,2,0.8572715,1,44,S,1.8
19,2,0.8616402,0,16,S,2.3
19,2,0.7256455,1,72,S,1.8
19,2,0.8657292,0,16,S,1.9
19,2,0.6875157,1,16,S,2.3
19,2,0.6997046,1,16,S,0.9
19,2,0.7639821,1,72,S,2.1
19,3,0.9224973,1,16,S,1.9
19,3,0.6118408,1,16,S,0.9
19,3,0.6781974,1,44,S,1.4
19,3,0.5261489,1,72,S,1.4
19,3,0.6155914,1,44,S,1.9
19,3,0.5708837,1,72,S,1.3
19,3,0.6331983,1,100,S,1.1
19,3,0.7013945,1,44,S,1.9
19,3,0.5182004,1,44,S,0.9
19,3,0.5468501,1,44,S,2.3
19,3,0.5255456,1,72,S,2.1
19,3,0.3317028,1,72,S,1.4
19,3,0.6711756,1,16,S,1.4
19,3,0.4793593,1,72,S,1.9
19,3,0.6184335,1,16,S,0.9
19,3,0.6693095,1,16,S,1.8
19,3,0.5631559,1,100,S,1.1
19,3,0.6116524,1,44,S,1.8
19,3,1.0185151,0,16,S,1.4
19,3,0.5387862,1,72,S,2.3
19,3,0.6513112,1,44,S,1.9
19,3,0.6324942,1,100,S,0.9
19,3,0.5654894,1,72,S,1.6
19,3,0.496292,1,72,S,0.9
19,3,0.7343374,1,72,S,1.9
19,3,1.1147921,1,16,S,2.1
19,3,0.5152009,1,100,S,1.4
19,3,0.5078459,1,16,S,0.9
19,3,0.5911946,0,16,S,1.4
19,3,0.6331744,1,100,S,1.8
19,3,0.5148285,0,16,S,2.3
19,3,0.7118601,1,16,S,0.9
19,3,0.5213289,1,44,S,1.4
19,3,0.5454798,1,72,S,1.4
19,3,0.4732311,1,100,S,1.3
19,3,0.5743967,1,72,S,1.8
19,3,1.0019462,1,16,S,1.8
19,3,0.7452361,0,16,S,0.9
19,3,0.516623,1,72,S,2.3
19,3,0.5690252,1,72,S,1.1
19,3,0.8481456,1,16,S,1.1
19,3,0.6156072,1,16,S,1.4
19,3,0.7509355,1,44,S,1.4
19,3,0.5857518,1,100,S,1.8
19,3,0.609596,1,16,S,1.1
19,3,0.60677,1,100,S,1.6
19,3,0.5754707,1,72,S,0.9
19,3,0.5672253,1,72,S,1.6
19,3,0.6032193,0,16,S,0.9
19,3,0.5556605,1,44,S,1.4
19,3,1.0030198,0,16,S,1.8
19,3,0.5260016,1,44,S,1.4
19,3,0.9010192,1,16,S,1.3
19,3,0.922178,0,44,S,1.9
19,3,0.7604584,1,100,S,1.6
19,3,0.4032078,1,100,S,1.4
19,3,0.5342127,1,72,S,1.3
19,3,0.5625142,1,72,S,0.9
19,3,0.5309656,1,44,S,1.1
19,3,0.511514,1,100,S,1.3
19,3,0.7578301,0,16,S,1.9
19,3,0.5441369,1,72,S,2.3
19,3,0.8847394,1,72,S,1.1
19,3,0.6202348,1,100,S,1.9
19,3,0.7805973,1,44,S,2.1
19,3,0.6076697,1,100,S,1.8
19,3,0.6064589,1,100,S,0.9
19,3,0.5232876,1,100,S,1.8
19,3,0.6341857,1,44,S,1.6
19,3,0.5285908,1,72,S,2.3
19,3,0.6203082,1,44,S,1.3
19,4,0.6942867,1,44,S,0.9
19,4,0.8705888,0,16,S,0.9
19,4,0.5809844,1,44,S,1.8
19,4,0.7275271,1,44,S,2.3
19,4,0.5612002,1,100,S,2.1
19,4,0.5117634,1,100,S,2.3
19,4,0.813825,1,16,S,2.3
19,4,0.6925509,1,72,S,1.1
19,4,0.434073,1,100,S,1.1
19,4,0.5829293,0,16,S,1.9
19,4,0.4419971,1,44,S,1.9
19,4,0.50311,1,44,S,1.6
19,4,0.5711798,1,100,S,1.8
19,4,0.5272826,1,72,S,2.1
19,4,0.5046373,1,44,S,2.1
19,4,0.4548245,1,100,S,0.9
19,4,0.4319842,1,44,S,1.8
19,4,0.5194147,1,44,S,1.3
19,4,0.4966438,1,44,S,1.9
19,4,0.5398393,1,100,S,1.3
19,4,0.4711818,1,100,S,1.8
19,4,0.5751367,1,44,S,2.3
19,4,0.8389119,1,16,S,1.9
19,4,0.4115414,1,72,S,1.1
19,4,0.6984427,0,16,S,1.8
19,4,0.4200827,1,100,S,1.1
19,4,0.440153,1,100,S,1.4
19,4,0.3706591,1,100,S,0.9
19,4,0.5097954,1,72,S,2.1
19,4,0.5335583,1,72,S,1.1
19,4,0.4631085,1,100,S,2.1
19,4,0.6193316,1,44,S,0.9
19,4,0.7349969,1,16,S,1.3
19,4,0.9743987,0,44,S,1.9
19,4,0.8219232,0,16,S,2.3
19,4,0.6567946,1,100,S,1.3
19,4,0.6414691,1,16,S,1.3
19,4,0.5311041,1,44,S,1.6
19,4,0.4914619,1,100,S,1.8
19,4,0.6290495,1,100,S,1.4
19,4,0.5554522,1,72,S,1.8
19,4,0.4720442,1,16,S,1.8
19,4,0.3763973,1,100,S,2.3
19,4,0.5545128,1,72,S,1.3
19,4,0.4830638,1,16,S,1.9
19,4,0.5397663,1,44,S,1.4
19,4,0.7492682,1,16,S,2.1
19,4,0.4445414,1,100,S,1.8
19,4,0.6819626,1,44,S,1.6
19,4,0.4662779,1,72,S,0.9
19,4,0.8653494,1,16,S,1.6
19,4,1.2088162,1,16,S,2.1
19,4,0.5948063,1,100,S,1.4
19,4,0.5669218,1,72,S,1.9
19,4,0.6441729,1,100,S,1.4
19,4,0.4834912,1,100,S,0.9
19,4,0.3813033,1,44,S,2.1
19,4,0.4357663,1,100,S,2.3
19,4,0.4866163,1,72,S,1.9
19,4,0.4582278,1,100,S,2.3
19,4,0.5611545,1,44,S,1.9
19,4,0.5812797,1,100,S,1.9
19,4,0.9505364,1,16,S,1.6
19,4,0.6194594,1,44,S,0.9
19,4,0.5338212,1,44,S,2.3
19,4,0.6044735,1,16,S,1.8
19,4,0.5281426,1,100,S,1.9
19,4,0.5727958,1,44,S,1.6
19,4,0.4803331,1,44,S,1.6
19,4,0.6072388,1,72,S,1.8
19,4,0.6166623,1,100,S,1.6
19,4,0.5205948,1,16,S,0.9
19,4,0.5295108,1,100,S,1.1
19,4,0.5681823,1,100,S,1.4
19,4,0.9638976,0,16,S,1.6
19,4,0.5830579,1,44,S,1.6
19,4,0.5174814,1,44,S,2.1
19,4,0.6087911,1,72,S,1.8
19,4,1.6979441,1,16,S,1.4
20,1,0.479777,1,44,S,1.3
20,1,0.4194654,1,72,S,1.6
20,1,0.2984694,1,100,S,1.3
20,1,0.4445984,1,44,S,0.9
20,1,0.3245258,1,100,S,1.4
20,1,0.3468759,1,44,S,1.3
20,1,0.4077256,1,72,S,1.3
20,1,0.393005,1,72,S,1.1
20,1,0.4204329,1,44,S,1.4
20,1,0.4622759,1,72,S,1.3
20,1,0.733517,0,16,S,1.1
20,1,0.4456701,1,72,S,1.1
20,1,0.3958069,1,72,S,0.9
20,1,0.3497583,1,44,S,1.6
20,1,0.9561671,1,16,S,1.6
20,1,0.550815,1,16,S,1.8
20,1,0.7339765,0,16,S,1.9
20,1,0.5178941,1,100,S,1.6
20,1,0.6069354,1,16,S,1.4
20,1,0.406332,1,72,S,1.4
20,1,0.3976861,1,44,S,0.9
20,1,0.3576278,1,72,S,0.9
20,1,0.3769656,1,72,S,1.9
20,1,0.4759242,1,72,S,2.3
20,1,0.3839454,1,44,S,2.1
20,1,0.4363735,1,100,S,2.1
20,1,0.8773671,0,16,S,1.3
20,1,0.4840304,1,44,S,1.1
20,1,0.6552174,1,16,S,1.4
20,1,0.3405746,1,100,S,2.1
20,1,0.4705923,1,72,S,1.3
20,1,0.4988977,1,44,S,1.3
20,1,0.6686464,1,16,S,1.1
20,1,0.5069905,1,44,S,1.3
20,1,0.5903578,1,44,S,1.4
20,1,0.5179651,1,16,S,1.6
20,1,0.603051,1,100,S,1.3
20,1,0.4185021,1,72,S,1.8
20,1,0.5877211,0,16,S,0.9
20,1,0.4404183,1,44,S,1.1
20,1,0.4085813,1,72,S,1.1
20,1,0.5004507,1,44,S,0.9
20,1,0.4204988,1,72,S,1.8
20,1,0.6342096,1,16,S,2.3
20,1,0.4796061,1,16,S,2.3
20,1,0.4554438,1,72,S,1.3
20,1,1.1131801,0,72,S,0.9
20,1,0.4147812,1,44,S,1.6
20,1,0.6309631,1,72,S,2.1
20,1,0.4396159,1,16,S,2.3
20,1,0.4209898,1,72,S,2.3
20,1,0.723658,0,16,S,1.8
20,1,0.3394024,1,100,S,1.1
20,1,0.4296568,1,16,S,2.1
20,1,0.4061327,1,44,S,2.1
20,1,0.4971813,1,72,S,0.9
20,1,0.3831338,1,72,S,0.9
20,1,0.629328,0,16,S,2.1
20,1,0.5260362,1,100,S,1.9
20,1,0.4669918,1,100,S,2.3
20,1,0.4053539,1,100,S,0.9
20,1,0.9988506,1,16,S,1.6
20,1,0.4644501,1,44,S,1.1
20,1,0.4042949,1,44,S,0.9
20,1,0.5010788,1,16,S,1.1
20,1,0.7442877,0,72,S,2.3
20,1,0.5030722,1,72,S,2.1
20,1,0.4484536,1,44,S,1.6
20,1,0.6264798,1,100,S,1.9
20,1,0.55891,1,72,S,1.1
20,2,0.7914517,1,16,S,0.9
20,2,0.7696519,0,16,S,1.1
20,2,0.6452216,1,72,S,1.8
20,2,0.7186639,1,44,S,1.4
20,2,0.6178943,1,16,S,1.6
20,2,0.5179114,1,72,S,1.8
20,2,0.7677363,1,44,S,1.3
20,2,0.597244,0,16,S,1.9
20,2,0.6328796,1,16,S,1.6
20,2,0.6163146,0,16,S,1.1
20,2,0.4252321,1,44,S,1.9
20,2,0.5981463,1,16,S,1.9
20,2,0.4819725,1,100,S,1.3
20,2,0.9356824,1,16,S,1.9
20,2,0.6424517,1,44,S,2.1
20,2,0.5966424,1,44,S,1.1
20,2,1.9321578,1,72,S,2.3
20,2,1.2070128,1,44,S,1.4
20,2,0.7039329,1,100,S,1.1
20,2,0.8262308,1,100,S,1.4
20,2,0.4565949,1,72,S,1.9
20,2,0.6906052,1,16,S,1.8
20,2,0.650734,1,72,S,1.3
20,2,0.5639614,1,44,S,2.3
20,2,0.6246139,1,72,S,2.3
20,2,0.7375442,1,16,S,1.1
20,2,0.7599898,0,16,S,1.1
20,2,0.7461362,1,44,S,2.3
20,2,0.5493424,1,44,S,1.6
20,2,0.6843251,1,72,S,1.4
20,2,0.5728572,1,72,S,1.1
20,2,0.8314385,1,100,S,2.1
20,2,0.7665275,1,16,S,2.1
20,2,0.7262542,1,44,S,1.6
20,2,0.68573,1,16,S,2.1
20,2,0.6829372,1,72,S,2.3
20,2,0.7132507,1,44,S,1.4
20,2,0.8159567,1,16,S,1.3
20,2,0.985234,1,100,S,1.8
20,2,0.6761171,1,72,S,2.1
20,2,0.6232332,1,16,S,1.3
20,2,0.6434997,1,16,S,1.8
20,2,0.9223422,1,72,S,0.9
20,2,0.7233577,1,16,S,1.6
20,2,0.6419166,1,100,S,1.9
20,2,0.5075085,1,44,S,1.9
20,2,1.3423777,1,16,S,1.3
20,2,0.5043172,1,72,S,0.9
20,2,0.8510232,1,44,S,1.8
20,2,1.2097903,1,16,S,0.9
20,2,0.7312822,1,44,S,1.6
20,2,0.8216692,0,44,S,1.8
20,2,0.6601436,1,72,S,1.4
20,2,0.6492016,1,72,S,1.1
20,2,0.9202907,1,44,S,2.1
20,2,0.712668,1,72,S,1.9
20,2,0.5072147,1,72,S,1.1
20,2,0.6570339,1,72,S,1.9
20,2,0.6488869,1,44,S,0.9
20,2,1.0973362,0,16,S,1.8
20,2,0.7631743,1,72,S,1.9
20,2,0.6337255,1,100,S,1.6
20,2,0.938688,1,16,S,2.1
20,2,1.0407162,1,16,S,2.3
20,2,0.6845423,1,100,S,1.4
20,2,0.5632451,1,72,S,2.1
20,2,0.6061343,1,44,S,1.1
20,2,0.697376,1,100,S,0.9
20,2,0.6347817,1,44,S,2.3
20,3,0.5792949,1,16,S,2.1
20,3,0.6506161,1,16,S,1.8
20,3,0.4465703,1,44,S,2.3
20,3,1.0442823,1,44,S,2.1
20,3,0.7247625,1,16,S,1.9
20,3,0.5219821,1,72,S,1.3
20,3,0.5893716,1,16,S,1.8
20,3,0.6406745,1,16,S,1.6
20,3,0.6624858,1,72,S,1.3
20,3,0.635377,1,72,S,1.9
20,3,0.5708324,1,100,S,1.3
20,3,0.6596992,1,100,S,1.4
20,3,0.8853139,0,16,S,0.9
20,3,0.9351191,1,16,S,1.3
20,3,1.5954547,1,72,S,1.9
20,3,0.4943114,1,100,S,1.1
20,3,0.6276148,1,72,S,1.6
20,3,0.5149099,1,100,S,1.1
20,3,0.9710142,0,100,S,1.4
20,3,0.4640379,1,72,S,2.3
20,3,0.6969543,1,100,S,1.6
20,3,0.5599852,1,72,S,1.4
20,3,0.57618,1,72,S,1.1
20,3,0.8945044,0,44,S,1.8
20,3,0.6548121,1,100,S,2.1
20,3,0.7186175,1,16,S,1.8
20,3,0.5833564,0,16,S,1.8
20,3,0.7425814,1,72,S,1.8
20,3,1.1221584,0,16,S,1.4
20,3,0.6970072,0,16,S,2.1
20,3,0.4628364,1,100,S,1.6
20,3,0.651347,1,44,S,2.3
20,3,0.6662963,0,16,S,1.6
20,3,0.4710052,1,100,S,1.1
20,3,0.7076069,1,100,S,1.8
20,3,0.6028541,1,72,S,1.8
20,3,0.716682,1,72,S,1.9
20,3,0.9195358,1,72,S,1.4
20,3,0.7836885,0,44,S,1.4
20,3,0.6609906,1,72,S,1.1
20,3,0.6574462,1,44,S,1.9
20,3,0.8062733,1,16,S,1.9
20,3,0.636073,1,100,S,1.3
20,3,0.713713,0,72,S,2.1
20,3,0.7991695,1,44,S,1.9
20,3,0.5575357,1,16,S,1.3
20,3,0.5833318,1,72,S,1.1
20,3,0.5684274,1,44,S,2.1
20,3,1.0124801,1,44,S,2.3
20,3,0.5798249,1,16,S,0.9
20,3,0.6078263,1,44,S,1.4
20,3,0.8359827,1,16,S,1.8
20,3,0.5306518,1,72,S,1.9
20,3,0.5462231,1,44,S,1.3
20,3,0.5025423,1,44,S,1.9
20,3,0.5555951,1,72,S,1.1
20,3,0.8298417,0,16,S,1.8
20,3,0.558876,1,100,S,1.9
20,3,0.6756939,1,44,S,1.8
20,3,0.9878501,0,16,S,1.6
20,3,0.7409085,1,16,S,1.9
20,3,0.5798893,1,44,S,2.1
20,3,0.9173168,0,16,S,1.3
20,3,0.4066655,1,100,S,1.9
20,3,0.4642181,1,44,S,2.1
20,3,0.7137566,1,16,S,1.3
20,3,0.6425405,1,72,S,1.1
20,3,0.5139366,1,44,S,1.4
20,3,0.6943221,1,44,S,1.4
20,3,0.8513756,1,44,S,1.8
20,3,0.6461258,1,100,S,1.1
20,3,0.6871659,1,16,S,1.1
20,3,0.5938492,1,100,S,1.6
20,3,0.6615402,1,16,S,1.8
20,3,0.6780873,1,100,S,2.3
20,4,0.5526484,1,100,S,2.3
20,4,0.5090969,1,72,S,2.3
20,4,0.374579,1,100,S,1.9
20,4,0.4478429,1,72,S,1.8
20,4,0.5265924,1,44,S,1.1
20,4,0.6728093,1,16,S,1.8
20,4,0.3805582,1,44,S,1.3
20,4,0.4950971,1,72,S,2.1
20,4,0.6326374,1,16,S,1.8
20,4,0.5094992,1,44,S,1.1
20,4,0.6295924,1,100,S,1.4
20,4,0.3339852,1,72,S,1.8
20,4,0.4534347,1,44,S,2.1
20,4,1.185525,1,16,S,1.8
20,4,0.3902061,1,100,S,1.9
20,4,0.3759666,1,100,S,1.6
20,4,0.4295696,1,72,S,2.3
20,4,0.5103979,1,44,S,2.3
20,4,0.4351539,1,72,S,1.6
20,4,0.4564357,1,72,S,2.3
20,4,0.7168247,0,16,S,1.4
20,4,0.4111035,1,100,S,2.3
20,4,0.6617785,0,16,S,2.1
20,4,0.3892862,1,100,S,1.9
20,4,0.5018204,1,72,S,1.6
20,4,0.6045792,1,44,S,1.8
20,4,0.5235126,1,16,S,2.3
20,4,0.4432917,1,100,S,1.8
20,4,0.6439398,0,16,S,1.3
20,4,0.5212766,1,72,S,2.3
20,4,0.6674661,1,16,S,0.9
20,4,0.4501932,1,100,S,1.3
20,4,0.5132814,1,44,S,1.3
20,4,0.5261171,1,72,S,2.3
20,4,0.4885943,1,72,S,1.9
20,4,0.42436,1,44,S,1.4
20,4,0.4155781,1,72,S,0.9
20,4,0.664098,0,16,S,2.1
20,4,0.5460336,1,44,S,1.1
20,4,0.401031,1,72,S,1.9
20,4,0.5694061,1,16,S,1.1
20,4,0.6593595,1,16,S,2.3
20,4,0.5448061,1,100,S,1.1
20,4,0.4045589,1,44,S,2.1
20,4,0.5179021,0,16,S,2.1
20,4,0.495362,1,72,S,1.4
20,4,0.5223199,1,44,S,1.9
20,4,0.3875075,1,100,S,2.1
20,4,0.5955742,1,44,S,1.4
20,4,0.6100943,1,16,S,2.3
20,4,0.821689,1,44,S,1.6
20,4,0.4693883,1,44,S,1.4
20,4,0.5707917,1,16,S,1.9
20,4,0.4665879,1,44,S,1.4
20,4,0.6713419,0,16,S,1.8
20,4,0.5977695,0,16,S,1.9
20,4,0.4170544,1,100,S,1.8
20,4,0.3995366,1,100,S,1.3
20,4,0.4756384,1,16,S,1.8
20,4,0.356853,1,100,S,1.6
20,4,0.445777,1,72,S,2.1
20,4,0.691899,1,16,S,0.9
20,4,0.5839301,0,16,S,1.3
20,4,0.7659571,1,16,S,1.9
20,4,0.6641777,1,44,S,2.3
20,4,0.424689,1,100,S,1.9
20,4,0.4789988,1,44,S,1.6
20,4,0.5058528,1,72,S,1.8
20,4,0.8257041,0,16,S,2.3
20,4,0.6244377,1,16,S,2.3
20,4,0.8381637,0,16,S,0.9
20,4,0.7012454,0,16,S,2.1
20,4,0.3450481,1,100,S,1.1
21,1,0.9555773,0,16,S,0.9
21,1,0.6942421,1,100,S,1.6
21,1,0.6772865,1,44,S,1.1
21,1,0.9312726,0,16,S,1.4
21,1,1.0261546,1,44,S,1.8
21,1,0.7935833,1,100,S,2.1
21,1,0.8114972,1,100,S,2.1
21,1,0.7242274,1,100,S,2.3
21,1,0.659819,1,44,S,2.1
21,1,0.758449,1,72,S,2.1
21,1,0.7366971,1,44,S,1.3
21,1,0.9108453,1,72,S,2.3
21,1,1.1936629,1,100,S,1.8
21,1,0.861685,1,72,S,1.3
21,1,0.9949553,0,16,S,0.9
21,1,0.7079321,1,100,S,1.3
21,1,1.1565863,0,100,S,2.3
21,1,1.291771,0,16,S,1.4
21,1,1.1678347,1,44,S,1.9
21,1,1.2196876,1,72,S,1.9
21,1,0.7439619,1,72,S,1.1
21,1,1.2074391,1,72,S,1.1
21,1,0.7670612,1,44,S,1.1
21,1,1.3462576,0,44,S,2.3
21,1,0.7921991,1,44,S,1.9
21,1,0.843404,1,44,S,1.8
21,1,0.9540417,1,100,S,1.9
21,1,1.2413681,1,100,S,0.9
21,1,0.7648146,1,72,S,1.4
21,1,1.4140723,1,16,S,1.9
21,1,1.2710851,0,72,S,1.6
21,1,1.6171107,0,44,S,0.9
21,1,1.4076184,1,16,S,1.9
21,1,1.639355,0,16,S,1.9
21,1,1.3520223,0,100,S,0.9
21,1,1.2304567,1,16,S,1.6
21,1,0.9322651,1,72,S,1.6
21,1,0.8446953,1,72,S,2.1
21,1,1.0353063,0,44,S,1.4
21,1,0.9937206,0,16,S,1.6
21,1,1.3823988,1,44,S,1.9
21,1,1.0858536,1,72,S,1.1
21,1,1.0073548,1,100,S,2.3
21,1,0.9353965,1,72,S,1.8
21,1,1.2920942,0,16,S,1.1
21,1,1.1003917,1,100,S,2.1
21,1,0.8877212,1,72,S,0.9
21,1,1.031238,1,44,S,1.1
21,1,0.7909276,1,100,S,2.1
21,1,0.8795087,1,100,S,1.1
21,1,0.9438741,1,100,S,1.9
21,1,0.750345,1,72,S,2.1
21,1,0.7590022,1,100,S,1.9
21,1,1.0195347,0,16,S,1.4
21,1,0.8690393,1,100,S,1.8
21,1,0.8861596,1,72,S,0.9
21,1,1.0270841,1,100,S,1.8
21,1,1.2524048,1,16,S,1.4
21,1,0.853048,1,72,S,1.1
21,1,0.8041121,1,44,S,0.9
21,1,0.8466111,1,100,S,1.3
21,1,0.7566568,1,44,S,1.6
21,1,0.8880119,1,44,S,1.4
21,1,0.9480799,1,100,S,0.9
21,1,0.7549938,1,100,S,0.9
21,1,0.7530098,1,100,S,2.3
21,1,0.9423388,0,44,S,2.1
21,1,0.8420971,1,72,S,1.8
21,1,0.9994463,1,16,S,1.6
21,1,1.551701,0,16,S,1.6
21,2,0.9191232,0,16,S,1.1
21,2,0.9306276,1,44,S,1.4
21,2,0.8435472,1,44,S,0.9
21,2,0.978279,1,16,S,1.8
21,2,0.7979435,0,72,S,1.8
21,2,0.7980556,1,72,S,1.1
21,2,0.837719,1,16,S,1.8
21,2,1.0137776,0,44,S,1.4
21,2,1.0005998,0,16,S,2.3
21,2,0.9642163,1,100,S,1.6
21,2,0.551441,1,100,S,1.1
21,2,1.5617953,0,16,S,0.9
21,2,0.6287117,1,100,S,0.9
21,2,0.8429102,1,100,S,2.3
21,2,0.7918741,1,44,S,2.1
21,2,1.6269873,1,44,S,1.1
21,2,0.790673,0,16,S,2.1
21,2,1.015284,0,16,S,2.3
21,2,0.9873676,1,16,S,1.4
21,2,1.1452059,0,16,S,1.1
21,2,0.8324767,1,44,S,0.9
21,2,0.5912629,0,44,S,1.1
21,2,0.6358838,0,16,S,1.9
21,2,0.6477567,1,72,S,1.8
21,2,0.8009191,1,44,S,1.4
21,2,0.6208018,0,16,S,1.9
21,2,0.632063,1,100,S,1.8
21,2,0.8273951,1,44,S,1.1
21,2,0.5608845,1,44,S,1.3
21,2,0.7348687,0,16,S,0.9
21,2,0.6627369,1,16,S,1.9
21,2,0.6477146,1,100,S,0.9
21,2,0.7256109,1,100,S,1.8
21,2,0.7075729,1,44,S,0.9
21,2,1.0193432,1,16,S,0.9
21,2,0.7976005,0,100,S,2.1
21,2,0.9158567,0,44,S,0.9
21,2,0.7617675,0,100,S,2.3
21,2,0.6539039,1,72,S,2.1
21,2,0.9030471,1,72,S,1.9
21,2,0.7862983,1,72,S,1.8
21,2,0.7372766,1,72,S,1.1
21,2,0.7407814,1,44,S,1.1
21,2,0.8635972,1,100,S,1.3
21,2,0.7667599,1,72,S,1.6
21,2,0.7069546,1,72,S,1.6
21,2,0.8604696,1,100,S,1.1
21,2,0.8400863,1,72,S,0.9
21,2,0.8210291,1,100,S,1.1
21,2,0.7705432,1,100,S,1.3
21,2,0.9333142,1,44,S,1.8
21,2,0.8643147,1,16,S,1.9
21,2,0.8280945,1,100,S,1.4
21,2,0.7598498,1,16,S,2.1
21,2,0.7045145,1,72,S,1.8
21,2,0.8850266,0,16,S,1.1
21,2,1.056926,0,16,S,0.9
21,2,0.7046581,1,100,S,1.6
21,2,0.6188431,1,72,S,1.4
21,2,0.7299408,1,100,S,1.8
21,2,0.755925,1,72,S,2.3
21,2,0.7716647,1,44,S,1.3
21,2,0.6581518,1,72,S,1.3
21,2,1.4797747,1,16,S,1.1
21,2,0.84959,1,100,S,1.3
21,2,0.6543805,1,44,S,1.6
21,2,0.5371226,1,72,S,1.9
21,2,0.7464211,1,100,S,1.8
21,2,1.0751194,1,100,S,2.1
21,2,0.8291083,1,72,S,1.3
21,2,0.7711008,1,72,S,2.3
21,2,0.6736454,1,16,S,2.1
21,2,0.6666647,1,72,S,1.6
21,2,0.5939043,1,44,S,1.4
21,2,0.6655303,1,100,S,1.1
21,2,0.8869433,0,16,S,0.9
21,2,0.6667874,1,72,S,0.9
21,2,0.8406924,0,16,S,1.6
21,2,0.9137771,0,44,S,1.8
21,2,0.7291957,1,72,S,2.1
21,2,0.7692589,0,16,S,2.1
21,2,1.1927973,1,100,S,1.9
21,2,0.8411066,0,44,S,2.3
21,2,0.7143411,0,72,S,1.3
21,3,0.9513087,0,44,S,1.9
21,3,0.7292459,1,72,S,1.6
21,3,0.8600333,1,16,S,1.4
21,3,0.6514355,1,100,S,2.3
21,3,0.730616,1,100,S,1.9
21,3,0.8024087,1,44,S,1.4
21,3,1.1789889,1,16,S,1.1
21,3,0.6842587,1,72,S,1.6
21,3,0.7394329,1,100,S,0.9
21,3,0.6824348,1,100,S,0.9
21,3,1.0216085,0,16,S,1.4
21,3,0.7461803,1,100,S,1.8
21,3,0.7868533,0,72,S,1.8
21,3,0.8154845,0,44,S,1.9
21,3,0.8111616,0,100,S,1.4
21,3,0.661538,1,72,S,1.1
21,3,0.7944662,0,44,S,1.8
21,3,1.0314546,0,44,S,1.4
21,3,1.1258381,0,44,S,2.3
21,3,1.0238797,1,100,S,1.3
21,3,0.6739094,1,44,S,1.3
21,3,0.9526542,1,72,S,2.3
21,3,1.1363671,1,72,S,2.1
21,3,0.8042038,1,72,S,0.9
21,3,1.2763243,0,16,S,1.3
21,3,0.6925137,1,72,S,1.6
21,3,0.7601311,1,44,S,1.3
21,3,0.659723,1,100,S,1.6
21,3,0.6344812,1,72,S,1.8
21,3,0.5843005,1,72,S,1.1
21,3,0.8207908,1,16,S,0.9
21,3,0.5714706,1,100,S,1.3
21,3,0.8521056,1,72,S,1.1
21,3,1.8956635,1,16,S,1.9
21,3,0.7158771,1,100,S,1.4
21,3,0.728645,1,16,S,1.6
21,3,0.844773,0,72,S,0.9
21,3,0.6522548,0,44,S,0.9
21,3,0.8010154,0,44,S,1.4
21,3,0.6900227,0,44,S,2.3
21,3,0.6938629,0,44,S,2.3
21,3,0.6779122,1,16,S,1.6
21,3,0.6877027,0,16,S,1.9
21,3,0.88548,1,100,S,1.3
21,3,0.8672009,1,100,S,1.8
21,3,0.7725521,1,16,S,2.1
21,3,0.6763538,1,72,S,1.4
21,3,0.7222971,1,44,S,1.1
21,3,0.5839462,1,44,S,1.1
21,3,0.7172196,1,100,S,1.6
21,3,0.6547959,1,100,S,1.9
21,3,1.1441949,0,16,S,1.3
21,3,0.9285088,1,44,S,1.1
21,3,1.0516461,1,16,S,1.9
21,3,0.6735085,1,16,S,1.8
21,3,0.6100165,1,100,S,2.1
21,3,0.7224676,1,44,S,1.3
21,3,0.6351092,1,100,S,1.1
21,3,1.2522386,0,16,S,2.1
21,3,0.7779559,1,100,S,0.9
21,3,0.8469951,0,44,S,1.1
21,3,0.7197084,1,16,S,2.1
21,3,0.8443517,1,44,S,1.3
21,3,0.60185,1,44,S,1.6
21,3,0.7022604,1,44,S,2.1
21,3,0.8356339,0,16,S,2.3
21,3,0.680407,1,100,S,2.3
21,3,0.6073915,1,100,S,2.1
21,3,0.8045843,1,44,S,1.8
21,3,0.5909683,1,100,S,1.8
21,3,0.8656779,1,100,S,2.3
21,3,0.6645322,1,72,S,1.6
21,3,1.0175319,0,72,S,2.3
21,3,0.5286501,1,72,S,2.3
21,3,0.583603,1,16,S,2.3
21,3,1.1900572,0,44,S,1.3
21,3,0.7479966,0,44,S,1.9
21,3,0.7807385,0,72,S,1.3
21,3,0.7709387,1,72,S,2.3
21,4,0.6518926,1,44,S,1.3
21,4,0.5288191,1,72,S,1.6
21,4,1.0698032,0,16,S,1.9
21,4,0.7553015,0,16,S,1.4
21,4,0.8436619,0,44,S,1.9
21,4,0.6582259,1,44,S,1.1
21,4,0.6161981,1,44,S,2.1
21,4,0.7687047,1,16,S,0.9
21,4,0.7858038,1,16,S,2.1
21,4,0.5332997,1,72,S,1.9
21,4,0.7536001,1,44,S,1.8
21,4,0.687818,0,44,S,2.1
21,4,0.5908886,1,44,S,1.8
21,4,0.6131075,0,100,S,1.6
21,4,0.5695156,1,44,S,1.1
21,4,0.8245636,0,72,S,1.9
21,4,0.6958995,1,72,S,1.6
21,4,0.6758216,0,72,S,1.4
21,4,0.4282856,1,100,S,2.3
21,4,0.6159059,1,44,S,1.6
21,4,0.844638,1,100,S,0.9
21,4,0.8061551,0,16,S,1.4
21,4,0.7002979,0,72,S,1.9
21,4,0.6195603,1,44,S,1.8
21,4,0.6472354,1,16,S,2.3
21,4,0.7052285,1,72,S,2.3
21,4,0.4550546,1,72,S,2.1
21,4,0.5179176,0,44,S,1.6
21,4,0.4733417,1,44,S,1.6
21,4,0.5691562,1,100,S,1.3
21,4,0.5765009,1,100,S,1.6
21,4,0.8054372,1,44,S,1.4
21,4,0.7815653,1,72,S,2.3
21,4,0.6773381,1,100,S,2.1
21,4,0.5734943,1,72,S,0.9
21,4,0.9557315,1,72,S,1.8
21,4,0.6944404,1,16,S,1.4
21,4,0.8705056,0,16,S,1.8
21,4,1.0721522,0,16,S,2.1
21,4,0.6705022,1,100,S,1.1
21,4,0.693818,1,72,S,1.8
21,4,0.7264917,1,100,S,2.3
21,4,0.8713788,0,44,S,0.9
21,4,0.7545536,1,100,S,0.9
21,4,0.6231435,1,72,S,2.3
21,4,0.7096046,1,72,S,1.3
21,4,0.5204502,1,72,S,2.1
21,4,0.551275,1,100,S,1.3
21,4,0.5684694,1,72,S,1.6
21,4,0.5889445,1,16,S,2.1
21,4,0.6083891,1,100,S,2.1
21,4,0.8252076,0,44,S,1.4
21,4,0.9144161,0,44,S,1.8
21,4,0.6335301,1,100,S,1.6
21,4,0.6804676,0,72,S,1.4
21,4,0.8030412,1,44,S,2.3
21,4,0.5526149,1,72,S,1.4
21,4,0.6561838,1,100,S,1.1
21,4,0.6414546,1,16,S,1.1
21,4,0.5125147,0,44,S,0.9
21,4,0.6192387,1,100,S,1.6
21,4,0.7365041,1,100,S,1.9
21,4,0.61228,1,44,S,0.9
21,4,0.5948779,1,16,S,1.1
21,4,0.8725784,0,44,S,2.3
21,4,1.4754489,0,100,S,1.6
21,4,0.5181612,1,72,S,0.9
21,4,0.5209143,1,100,S,1.6
21,4,0.6652306,1,44,S,0.9
21,4,0.9774264,1,72,S,2.1
21,4,0.6553931,1,72,S,1.1
21,4,0.7678668,1,100,S,1.1
21,4,0.6111961,1,100,S,2.1
21,4,0.5928668,1,72,S,2.1
22,1,0.5906282,1,100,S,1.3
22,1,0.4862687,1,72,S,1.1
22,1,0.4514915,1,44,S,1.1
22,1,0.4993187,1,100,S,1.6
22,1,0.4622833,1,16,S,2.1
22,1,0.3717,1,100,S,2.1
22,1,0.496215,1,72,S,1.6
22,1,0.5643012,1,100,S,1.6
22,1,0.4774359,1,100,S,1.6
22,1,0.4569576,1,72,S,2.1
22,1,0.48228,1,44,S,1.4
22,1,0.3709888,1,72,S,1.8
22,1,0.6166522,1,16,S,1.3
22,1,1.2243958,1,44,S,0.9
22,1,0.4159077,1,44,S,0.9
22,1,0.4499813,1,44,S,2.3
22,1,0.5476191,1,16,S,1.4
22,1,0.3755232,1,72,S,1.3
22,1,0.3997256,1,16,S,2.1
22,1,0.3509549,1,100,S,1.3
22,1,0.5346694,1,72,S,0.9
22,1,0.5009684,1,72,S,1.4
22,1,0.490138,1,72,S,2.1
22,1,0.4674629,1,100,S,1.6
22,1,0.7771766,1,16,S,0.9
22,1,0.4796171,1,72,S,2.1
22,1,0.4201084,1,100,S,1.6
22,1,0.4794499,1,44,S,1.8
22,1,0.3902873,1,100,S,1.6
22,1,0.4625809,1,44,S,1.1
22,1,0.5129756,1,72,S,2.1
22,1,0.541189,1,100,S,1.3
22,1,0.4327456,1,100,S,0.9
22,1,0.4917187,1,72,S,1.6
22,1,0.6671458,1,100,S,1.3
22,1,0.6999018,1,16,S,1.3
22,1,0.5146873,1,44,S,1.4
22,1,0.65619,1,100,S,1.1
22,1,0.495382,1,44,S,1.4
22,1,0.6947156,1,16,S,1.1
22,1,0.5255285,1,100,S,1.3
22,1,0.5793609,1,44,S,1.3
22,1,0.5845967,1,100,S,1.3
22,1,0.5758709,1,44,S,1.9
22,1,0.5699115,1,44,S,1.3
22,1,0.7812869,0,16,S,0.9
22,1,0.6302044,1,16,S,2.3
22,1,0.3703749,1,100,S,0.9
22,1,0.6144312,1,16,S,1.3
22,1,0.5600746,1,72,S,1.9
22,1,0.5899884,1,16,S,1.3
22,1,0.4680032,1,44,S,0.9
22,1,0.6037897,0,16,S,1.3
22,1,0.5293714,1,44,S,1.8
22,1,0.5427991,1,44,S,0.9
22,1,0.4660948,1,44,S,1.4
22,1,0.3445854,1,100,S,1.4
22,1,0.5708129,1,100,S,1.8
22,1,0.429886,1,72,S,1.1
22,1,0.6635235,0,16,S,1.8
22,1,0.5064356,1,72,S,1.9
22,1,0.7655655,1,100,S,2.1
22,1,0.5777047,1,100,S,1.6
22,1,0.4178885,1,100,S,1.8
22,1,0.5673632,1,72,S,1.1
22,1,0.7367023,1,16,S,1.6
22,1,0.4926064,1,72,S,0.9
22,1,0.5627506,1,72,S,1.9
22,1,0.4832693,1,72,S,1.1
22,1,0.5905404,1,100,S,1.4
22,1,0.4027104,1,72,S,1.6
22,1,0.4368282,1,100,S,1.1
22,1,0.5951167,1,16,S,1.8
22,1,0.4262376,1,72,S,1.6
22,1,0.4832707,1,100,S,1.6
22,1,0.4778905,1,44,S,2.3
22,1,0.4931668,1,72,S,1.9
22,1,0.6536247,1,44,S,1.9
22,2,0.5845919,1,44,S,1.6
22,2,1.0193792,0,72,S,1.4
22,2,1.1823742,1,72,S,1.4
22,2,0.6193314,1,72,S,1.8
22,2,0.7237004,1,100,S,1.1
22,2,0.5603933,1,100,S,1.3
22,2,0.5546091,1,72,S,1.1
22,2,0.9344328,1,16,S,1.3
22,2,0.5748836,1,100,S,0.9
22,2,0.6171563,1,100,S,1.8
22,2,0.6428869,1,44,S,2.1
22,2,0.7304252,1,16,S,1.1
22,2,0.683773,1,44,S,1.3
22,2,0.6280521,1,100,S,1.3
22,2,0.7079843,1,16,S,2.3
22,2,0.711244,1,16,S,1.1
22,2,0.8958399,0,16,S,0.9
22,2,0.595375,1,16,S,2.3
22,2,0.5838458,1,16,S,1.3
22,2,0.8162574,1,16,S,1.3
22,2,0.6714847,1,16,S,1.8
22,2,0.6635807,1,44,S,1.8
22,2,0.6498227,0,16,S,2.1
22,2,0.7761184,1,44,S,0.9
22,2,0.5951123,1,44,S,1.4
22,2,0.5936864,1,100,S,1.4
22,2,0.6333035,1,72,S,1.1
22,2,0.5905342,1,72,S,0.9
22,2,0.5563143,1,72,S,1.1
22,2,0.5615693,1,44,S,2.1
22,2,0.503189,1,44,S,2.1
22,2,0.5868847,1,72,S,2.1
22,2,0.5905442,1,100,S,1.9
22,2,0.6436031,1,72,S,2.1
22,2,0.6894024,1,72,S,0.9
22,2,0.5744247,1,72,S,1.8
22,2,0.5615356,1,72,S,1.6
22,2,0.5918909,1,100,S,1.6
22,2,0.5546273,1,72,S,1.9
22,2,0.5107146,1,44,S,1.4
22,2,0.5897394,1,72,S,2.3
22,2,0.459745,1,44,S,1.3
22,2,0.4991037,1,100,S,1.6
22,2,0.5021465,1,100,S,2.1
22,2,0.4747911,1,72,S,1.3
22,2,0.5501816,1,16,S,1.8
22,2,0.5434071,1,44,S,2.3
22,2,0.49229,1,100,S,1.6
22,2,0.6074121,1,44,S,1.6
22,2,0.4690669,1,100,S,1.4
22,2,0.5990245,1,44,S,0.9
22,2,0.6755308,1,100,S,0.9
22,2,0.5924277,1,44,S,1.8
22,2,0.5695616,1,16,S,1.6
22,2,0.5455463,1,44,S,1.1
22,2,0.5618418,0,16,S,0.9
22,2,0.7422255,1,44,S,1.6
22,2,0.5486857,1,44,S,1.8
22,2,0.7322861,1,44,S,0.9
22,2,1.8087984,0,100,S,1.4
22,2,0.9295931,1,44,S,0.9
22,2,0.6582128,1,44,S,2.1
22,2,0.5843589,1,44,S,1.3
22,2,1.1287166,0,16,S,0.9
22,2,0.7486121,1,16,S,1.1
22,2,0.6762892,1,16,S,1.8
22,2,0.7953782,0,16,S,1.6
22,2,0.6565461,1,16,S,1.9
22,2,0.551984,1,16,S,1.6
22,2,0.5543712,1,72,S,0.9
22,2,0.5959675,1,72,S,1.6
22,2,0.7104666,1,100,S,0.9
22,2,0.5511613,1,16,S,2.1
22,2,0.4740844,1,100,S,1.8
22,2,0.4072631,1,72,S,1.1
22,2,0.5158962,1,16,S,1.8
22,2,0.5832457,1,16,S,1.8
22,2,0.6268032,1,16,S,0.9
22,2,0.5850298,1,100,S,1.4
22,3,0.5999548,1,100,S,1.4
22,3,0.3733041,1,72,S,0.9
22,3,0.4001309,1,72,S,0.9
22,3,0.3547267,1,72,S,1.1
22,3,0.5062719,1,72,S,0.9
22,3,0.4304254,1,44,S,1.6
22,3,0.5462485,1,72,S,1.4
22,3,0.4847119,1,100,S,1.6
22,3,0.8985424,1,44,S,1.3
22,3,0.6577431,1,16,S,1.1
22,3,0.4993548,1,100,S,1.4
22,3,0.4510695,1,100,S,1.3
22,3,0.4871677,1,44,S,2.3
22,3,0.3777281,1,100,S,0.9
22,3,0.4517682,1,44,S,1.1
22,3,0.4662708,1,100,S,1.6
22,3,0.677743,1,16,S,1.1
22,3,0.4199128,1,16,S,1.9
22,3,0.4865226,1,16,S,0.9
22,3,0.5375656,1,16,S,1.9
22,3,0.5589106,1,100,S,1.8
22,3,0.5940246,1,16,S,2.1
22,3,0.4716541,1,72,S,1.4
22,3,0.9079086,1,16,S,1.4
22,3,0.5338856,1,72,S,2.3
22,3,0.4145479,1,44,S,1.6
22,3,0.3704976,1,100,S,1.1
22,3,0.3691673,1,72,S,1.8
22,3,0.5964612,1,16,S,2.3
22,3,0.7240512,1,100,S,1.8
22,3,0.4796878,1,44,S,1.1
22,3,0.6013424,1,44,S,1.4
22,3,0.6958807,1,16,S,1.1
22,3,0.4844901,1,16,S,2.1
22,3,1.22189,1,16,S,1.8
22,3,1.038855,1,16,S,1.1
22,3,0.5344056,1,100,S,2.1
22,3,0.5364247,1,100,S,1.8
22,3,0.5241577,1,16,S,1.8
22,3,0.6380605,1,16,S,1.8
22,3,0.6143728,1,16,S,1.9
22,3,0.4624686,1,72,S,2.1
22,3,0.3976405,1,100,S,1.4
22,3,0.5421483,1,16,S,2.1
22,3,0.6599092,0,16,S,1.4
22,3,0.5880392,1,100,S,0.9
22,3,0.6672557,1,44,S,1.4
22,3,0.6894347,1,16,S,1.4
22,3,0.563976,1,72,S,0.9
22,3,0.7884106,1,44,S,2.1
22,3,0.50965,1,16,S,0.9
22,3,0.5232212,1,44,S,1.3
22,3,0.3594779,1,100,S,1.9
22,3,0.4447574,1,72,S,0.9
22,3,0.5115595,1,72,S,2.3
22,3,0.4379782,1,16,S,2.1
22,3,0.6008554,1,16,S,1.6
22,3,0.4166536,1,72,S,1.1
22,3,0.4922284,1,72,S,1.1
22,3,0.4617286,1,72,S,1.3
22,3,0.3386589,1,100,S,2.1
22,3,0.5443904,1,44,S,2.1
22,3,0.4896778,1,16,S,1.4
22,3,0.6201424,1,16,S,2.3
22,3,0.4533902,1,44,S,1.6
22,3,0.4622042,1,16,S,1.1
22,3,0.5289549,1,16,S,1.6
22,3,0.455096,1,72,S,1.6
22,3,0.4992025,1,100,S,2.3
22,3,0.5822803,1,100,S,1.8
22,3,0.4496322,1,72,S,1.8
22,3,0.5205036,1,100,S,1.4
22,3,0.4609579,1,72,S,1.9
22,3,0.3890558,1,44,S,2.1
22,3,0.3835267,1,100,S,1.8
22,3,0.3884256,1,100,S,1.4
22,3,0.6407749,1,16,S,1.6
22,3,0.4679307,1,100,S,1.3
22,3,0.509101,1,100,S,0.9
22,3,0.3835704,1,44,S,1.6
22,3,0.4848639,1,44,S,1.1
22,3,0.4688399,1,44,S,1.4
22,3,0.4396326,1,72,S,2.1
22,3,0.8508418,1,16,S,1.1
22,3,0.4853093,1,44,S,1.1
22,3,0.5074533,1,72,S,1.6
22,3,0.4390192,1,16,S,2.3
22,4,0.4738078,1,72,S,1.1
22,4,0.5057778,1,44,S,1.1
22,4,0.5190477,1,100,S,1.6
22,4,0.8165463,1,16,S,2.1
22,4,0.4412084,1,100,S,2.1
22,4,0.4907225,1,72,S,1.6
22,4,0.8536324,1,100,S,1.6
22,4,0.6432979,1,100,S,1.6
22,4,0.4369425,1,72,S,2.1
22,4,0.5232847,1,44,S,1.4
22,4,0.4103348,1,72,S,1.8
22,4,0.5997851,1,16,S,1.3
22,4,0.4913175,1,44,S,0.9
22,4,0.5363741,1,44,S,0.9
22,4,0.460346,1,44,S,2.3
22,4,0.528796,1,16,S,1.4
22,4,0.3132114,1,72,S,1.3
22,4,0.4111891,1,16,S,2.1
22,4,0.3268021,1,100,S,1.3
22,4,0.4890844,1,72,S,0.9
22,4,0.5156238,1,72,S,1.4
22,4,0.4079841,1,72,S,2.1
22,4,0.3389135,1,100,S,1.6
22,4,0.4882117,1,16,S,0.9
22,4,0.2759464,1,100,S,1.6
22,4,0.5282193,1,44,S,1.8
22,4,0.3784748,1,100,S,1.6
22,4,0.4845115,1,44,S,1.1
22,4,0.5313762,1,72,S,2.1
22,4,0.5609489,1,100,S,1.3
22,4,0.4012206,1,100,S,0.9
22,4,0.4348883,1,72,S,1.6
22,4,0.5411014,1,100,S,1.3
22,4,0.5422311,0,16,S,1.3
22,4,0.5949411,1,44,S,1.4
22,4,0.5357935,1,100,S,1.1
22,4,0.5492721,1,44,S,1.4
22,4,0.535738,1,16,S,1.1
22,4,0.5135524,1,100,S,1.3
22,4,0.4976007,1,44,S,1.3
22,4,0.6325538,1,100,S,1.3
22,4,0.4914858,1,44,S,1.9
22,4,0.4768564,1,44,S,1.3
22,4,0.6719573,1,16,S,0.9
22,4,1.259784,1,16,S,2.3
22,4,0.4473423,1,100,S,0.9
22,4,0.7095388,0,16,S,1.3
22,4,0.5156359,1,72,S,1.9
22,4,0.6167044,1,16,S,1.3
22,4,1.2746856,1,44,S,0.9
22,4,0.6618167,1,16,S,1.3
22,4,0.5106608,1,44,S,1.8
22,4,0.8153451,1,44,S,0.9
22,4,0.3934879,1,44,S,1.4
22,4,0.5360785,1,100,S,1.4
22,4,0.5844116,1,100,S,1.8
22,4,0.4534775,1,72,S,1.1
22,4,0.5471171,1,16,S,1.8
22,4,0.4856246,1,72,S,1.9
22,4,0.7463058,1,100,S,2.1
22,4,0.6891043,1,100,S,1.6
22,4,0.4738868,1,100,S,1.8
22,4,0.5720584,1,72,S,1.1
22,4,0.4258638,1,16,S,1.6
22,4,0.3478696,1,72,S,0.9
22,4,0.4002911,1,72,S,1.9
22,4,0.3869477,1,72,S,1.1
22,4,0.5202649,1,100,S,1.4
22,4,0.353301,1,72,S,1.6
22,4,0.3240928,1,100,S,1.1
22,4,1.3799661,1,16,S,1.8
22,4,0.5064463,1,72,S,1.6
22,4,0.4577844,1,100,S,1.6
22,4,0.6900383,1,44,S,2.3
22,4,0.5353491,1,72,S,1.9
22,4,0.6029284,1,44,S,1.9
23,1,0.5605171,1,16,S,1.3
23,1,0.5302042,1,72,S,1.3
23,1,0.7318511,1,44,S,1.4
23,1,0.5829252,1,16,S,1.8
23,1,0.5649344,1,44,S,2.3
23,1,0.8102729,1,100,S,0.9
23,1,0.5273216,1,16,S,2.1
23,1,0.57518,1,72,S,1.9
23,1,0.6990479,1,72,S,1.3
23,1,0.6823234,1,44,S,1.9
23,1,0.7075869,1,16,S,1.3
23,1,0.5594338,1,44,S,0.9
23,1,0.5175897,1,44,S,1.4
23,1,0.6506113,1,44,S,2.3
23,1,0.9650917,0,16,S,1.4
23,1,0.7159347,1,16,S,0.9
23,1,0.7061574,1,16,S,1.9
23,1,0.9340817,0,72,S,1.1
23,1,0.4895094,1,44,S,2.1
23,1,0.6791465,0,72,S,1.3
23,1,0.5522215,1,72,S,1.6
23,1,0.5912496,1,100,S,0.9
23,1,0.6881443,1,16,S,1.9
23,1,0.7272434,0,44,S,1.4
23,1,0.5316137,1,44,S,1.8
23,1,0.5261976,1,72,S,1.9
23,1,0.5672612,1,44,S,1.3
23,1,0.8755369,1,16,S,1.9
23,1,0.5702212,1,100,S,1.8
23,1,0.6239507,1,44,S,1.9
23,1,0.5798784,1,16,S,1.8
23,1,0.8217838,1,16,S,1.4
23,1,0.4307529,1,72,S,1.9
23,1,0.6444487,1,72,S,1.6
23,1,0.4655964,1,72,S,1.8
23,1,0.5395374,1,44,S,1.8
23,1,0.4467178,1,100,S,1.3
23,1,0.6032304,1,16,S,1.3
23,1,0.5968775,1,100,S,2.3
23,1,0.7341439,1,16,S,1.3
23,1,0.6538024,1,44,S,2.1
23,1,0.5598602,1,100,S,2.3
23,1,0.5210718,1,44,S,1.4
23,1,0.5618967,1,44,S,1.8
23,1,0.6115955,1,100,S,1.9
23,1,0.5688756,1,100,S,1.4
23,1,0.6007684,1,44,S,1.3
23,1,0.4996618,1,100,S,1.4
23,1,0.7147835,1,44,S,1.6
23,1,0.4478185,1,100,S,1.8
23,1,0.7000959,1,44,S,2.3
23,1,0.5320418,1,44,S,1.3
23,1,0.9018439,0,16,S,1.9
23,1,0.5914979,1,44,S,0.9
23,1,0.6758174,1,44,S,1.6
23,1,0.6464691,1,44,S,1.1
23,1,0.5145628,1,44,S,1.1
23,1,0.431572,1,100,S,1.9
23,1,0.5869742,1,44,S,1.9
23,1,1.2540715,1,72,S,1.9
23,1,1.1839149,1,100,S,1.3
23,1,0.6850931,1,16,S,1.3
23,1,0.8768734,1,72,S,1.8
23,1,0.5820451,1,100,S,1.6
23,1,0.6471322,1,44,S,2.1
23,1,0.6279346,1,100,S,1.4
23,1,0.5850666,1,44,S,1.4
23,1,0.5725215,1,44,S,1.4
23,1,0.6040289,1,100,S,1.6
23,1,1.4497328,0,100,S,2.3
23,1,0.4817077,1,72,S,1.6
23,1,0.4989986,1,72,S,1.8
23,1,0.5291228,1,72,S,2.3
23,1,0.4988127,1,100,S,2.1
23,1,0.9272862,0,44,S,2.3
23,1,0.5389729,1,100,S,1.3
23,1,0.5925915,1,16,S,1.8
23,1,0.6283004,0,16,S,1.6
23,1,0.9992657,1,16,S,1.1
23,1,0.7272305,0,16,S,2.1
23,1,0.5473347,1,44,S,1.3
23,1,0.6935442,1,44,S,1.9
23,2,0.5528918,1,16,S,1.8
23,2,0.3758902,1,100,S,1.8
23,2,0.5467138,1,100,S,1.3
23,2,0.4771699,1,16,S,1.3
23,2,0.5113794,1,100,S,2.3
23,2,0.4616176,0,16,S,1.4
23,2,1.2837592,0,72,S,1.1
23,2,0.566392,1,44,S,2.1
23,2,0.763362,1,100,S,1.3
23,2,0.6632269,1,16,S,1.9
23,2,0.431837,1,72,S,1.8
23,2,0.3374752,1,44,S,2.3
23,2,0.4046971,1,72,S,2.1
23,2,0.5458282,1,100,S,1.3
23,2,0.513892,1,44,S,1.8
23,2,0.719301,0,16,S,2.3
23,2,0.5490306,1,100,S,2.1
23,2,0.6529777,1,16,S,1.6
23,2,0.432093,1,100,S,1.8
23,2,0.5045807,1,16,S,1.4
23,2,0.4938943,1,16,S,1.9
23,2,0.5179426,1,44,S,1.4
23,2,0.5185681,1,100,S,1.8
23,2,0.5289334,1,44,S,1.6
23,2,0.4335773,1,100,S,1.3
23,2,0.4962284,1,100,S,1.3
23,2,0.3861755,1,72,S,1.1
23,2,0.5088581,1,72,S,1.3
23,2,0.53334,1,44,S,1.6
23,2,0.4380506,1,100,S,2.3
23,2,0.5438445,1,72,S,1.8
23,2,0.4839741,1,44,S,0.9
23,2,0.4676242,1,72,S,1.6
23,2,0.5741803,1,44,S,2.1
23,2,0.6087848,1,100,S,2.1
23,2,0.5188616,1,100,S,1.6
23,2,0.4802417,1,72,S,1.4
23,2,0.5534383,1,72,S,2.1
23,2,0.4524769,1,72,S,1.4
23,2,0.4245258,1,72,S,1.9
23,2,1.0245383,1,44,S,2.1
23,2,0.5957877,1,72,S,0.9
23,2,0.5144075,1,44,S,1.8
23,2,0.3916392,1,72,S,1.3
23,2,0.4258147,1,44,S,1.4
23,2,0.5611969,0,72,S,0.9
23,2,0.4207707,1,100,S,1.1
23,2,0.8758482,0,16,S,1.3
23,2,0.5906459,0,16,S,1.1
23,2,0.6148023,0,16,S,1.1
23,2,0.5229458,1,72,S,2.3
23,2,0.5111481,1,16,S,1.3
23,2,0.4982074,1,44,S,1.9
23,2,0.5128955,1,44,S,0.9
23,2,0.5763795,1,100,S,1.9
23,2,0.538894,1,44,S,1.9
23,2,0.4570054,1,72,S,1.8
23,2,0.4684785,1,72,S,1.3
23,2,0.4601697,0,44,S,1.3
23,2,0.553013,1,44,S,2.1
23,2,0.4238002,1,100,S,1.8
23,2,0.4681433,1,16,S,1.6
23,2,0.3341729,1,100,S,1.1
23,2,0.54972,1,16,S,2.1
23,2,0.3945807,1,100,S,1.8
23,2,0.415764,1,100,S,1.3
23,2,0.4556241,1,100,S,1.3
23,2,0.6918328,1,100,S,2.3
23,2,0.4864633,1,44,S,1.1
23,2,0.4629714,1,72,S,2.3
23,2,0.6552682,0,16,S,1.6
23,2,0.7164419,1,100,S,1.4
23,3,0.6466633,1,100,S,1.1
23,3,0.258734,1,100,S,2.1
23,3,0.4495629,1,100,S,2.1
23,3,0.4596098,1,16,S,2.3
23,3,0.4458665,0,72,S,1.4
23,3,0.485733,1,72,S,1.4
23,3,0.4538835,1,16,S,1.3
23,3,0.5912878,1,44,S,1.9
23,3,0.5120287,1,72,S,1.9
23,3,0.4957801,1,100,S,1.4
23,3,0.4973581,1,16,S,1.9
23,3,0.6614743,0,16,S,1.3
23,3,0.4677296,1,72,S,2.3
23,3,0.4193541,1,72,S,1.8
23,3,0.3208764,1,72,S,1.6
23,3,0.411548,1,44,S,1.8
23,3,0.3893742,1,100,S,1.6
23,3,0.4340959,0,16,S,1.3
23,3,0.4988404,1,100,S,1.1
23,3,0.4378946,1,44,S,1.6
23,3,0.507046,1,44,S,1.4
23,3,0.7449257,1,16,S,1.6
23,3,0.6451884,1,44,S,1.9
23,3,0.4616626,1,72,S,1.6
23,3,0.5420857,0,44,S,1.6
23,3,0.4343974,1,72,S,1.4
23,3,0.456357,1,72,S,2.1
23,3,0.5545593,1,44,S,2.3
23,3,0.4402007,1,44,S,0.9
23,3,0.5042729,1,44,S,1.3
23,3,0.4932749,1,72,S,2.1
23,3,0.5964331,1,44,S,1.3
23,3,0.5319292,1,100,S,1.4
23,3,0.4505213,1,100,S,1.8
23,3,0.881934,0,44,S,2.3
23,3,0.5048787,1,72,S,1.1
23,3,0.4718671,1,72,S,1.6
23,3,0.5301016,1,100,S,1.4
23,3,0.4073261,1,72,S,2.3
23,3,0.8317874,0,44,S,1.6
23,3,0.5094186,1,72,S,1.3
23,3,0.4790432,1,72,S,2.1
23,3,0.6099232,1,100,S,0.9
23,3,0.4127182,1,100,S,1.6
23,3,0.5754223,1,44,S,2.3
23,3,0.4565269,1,72,S,2.1
23,3,0.4029863,1,100,S,2.1
23,3,0.5544949,1,16,S,1.8
23,3,0.3939949,1,100,S,2.3
23,3,0.5024026,1,44,S,2.3
23,3,0.7141211,1,44,S,2.3
23,3,0.5327788,1,100,S,0.9
23,3,0.5692777,1,72,S,1.8
23,3,0.5771288,1,16,S,1.9
23,3,0.5924756,1,72,S,1.4
23,3,0.6613418,1,44,S,2.1
23,3,0.4811226,1,100,S,1.9
23,3,0.8828697,0,16,S,2.1
23,3,0.4396498,1,100,S,2.1
23,3,0.4364443,1,100,S,1.6
23,3,0.466485,1,72,S,1.8
23,3,0.4914771,1,16,S,1.6
23,3,0.4745117,1,100,S,1.6
23,3,0.5149999,1,100,S,2.3
23,3,0.4412405,1,72,S,2.1
23,3,0.5805826,1,72,S,1.3
23,3,0.5440617,1,72,S,1.4
23,3,0.4162835,1,44,S,0.9
23,3,0.4457268,1,100,S,1.9
23,3,0.6309303,1,16,S,2.1
23,3,0.5268699,1,44,S,1.1
23,3,0.5014757,1,100,S,2.1
23,3,0.4842435,1,100,S,2.1
23,3,0.5393931,1,44,S,0.9
23,3,0.6169568,1,100,S,1.1
23,4,0.5192274,1,100,S,2.3
23,4,0.576163,0,16,S,1.1
23,4,0.4404699,1,72,S,2.3
23,4,0.6028538,0,16,S,1.8
23,4,0.5816283,1,100,S,2.1
23,4,0.8247852,1,16,S,1.6
23,4,0.5356771,1,72,S,2.1
23,4,0.8413033,1,100,S,2.1
23,4,0.5301802,1,100,S,1.3
23,4,0.6153847,0,72,S,1.6
23,4,0.6631028,1,16,S,2.1
23,4,0.7447934,1,100,S,2.3
23,4,0.9439085,0,16,S,1.3
23,4,0.9714695,1,16,S,0.9
23,4,0.6647874,1,16,S,1.3
23,4,0.9124553,1,100,S,1.8
23,4,0.6850838,1,16,S,2.1
23,4,0.8443815,0,16,S,1.8
23,4,1.0401214,0,44,S,1.1
23,4,0.7299657,1,16,S,1.6
23,4,0.6412716,1,72,S,1.8
23,4,1.0688999,0,16,S,1.4
23,4,0.669814,0,100,S,2.3
23,4,0.8676092,1,100,S,0.9
23,4,0.9477307,1,44,S,1.3
23,4,0.5836358,1,72,S,1.9
23,4,0.8814049,1,16,S,0.9
23,4,0.7954274,1,44,S,1.6
23,4,0.6759364,1,72,S,1.3
23,4,0.7026727,1,72,S,1.4
23,4,0.5427216,1,72,S,1.1
23,4,0.7194345,1,44,S,2.1
23,4,0.7173245,1,72,S,1.9
23,4,0.6861909,1,16,S,2.3
23,4,0.6762122,0,16,S,1.8
23,4,0.7497639,0,16,S,1.1
23,4,0.6509785,1,72,S,1.8
23,4,0.703459,1,16,S,1.3
23,4,0.7394844,0,16,S,1.9
23,4,0.5861571,1,16,S,2.3
23,4,0.9115408,1,16,S,1.6
23,4,0.8673741,0,16,S,0.9
23,4,0.652174,1,72,S,0.9
23,4,0.6162211,1,44,S,1.6
23,4,0.6385597,1,100,S,1.8
23,4,0.6842814,1,72,S,1.1
23,4,0.687977,1,100,S,1.4
23,4,0.6844461,1,16,S,1.9
23,4,0.5639008,1,72,S,2.3
23,4,0.7013553,1,16,S,1.9
23,4,0.5973665,1,100,S,1.3
23,4,0.4619611,1,72,S,1.3
23,4,0.4904677,1,100,S,1.8
23,4,0.5828156,1,72,S,1.3
23,4,0.6337921,1,72,S,1.1
23,4,0.5682943,1,72,S,1.8
23,4,0.7238311,1,16,S,1.6
23,4,0.5170211,1,100,S,1.8
23,4,0.7523664,0,44,S,0.9
23,4,0.5966224,1,44,S,1.6
23,4,0.6710894,1,100,S,1.8
23,4,0.5623974,1,16,S,1.9
23,4,0.9677426,0,44,S,1.1
23,4,0.4741385,1,72,S,1.1
23,4,0.6000372,1,72,S,1.9
23,4,0.6549871,1,44,S,1.8
23,4,0.4737647,1,100,S,1.8
23,4,1.4296856,0,44,S,1.4
23,4,0.6365735,1,72,S,1.6
23,4,0.5779096,1,44,S,1.8
23,4,0.4998163,1,100,S,2.1
23,4,0.6018222,1,44,S,1.8
23,4,0.5038989,1,44,S,0.9
23,4,0.7573395,0,44,S,0.9
23,4,1.0049048,1,16,S,2.1
23,4,0.5841183,1,44,S,1.4
23,4,0.7538971,0,44,S,2.3
23,4,0.4316782,1,100,S,0.9
24,1,0.624984,1,72,S,1.1
24,1,0.4715642,1,72,S,0.9
24,1,0.2763779,1,100,S,1.3
24,1,0.4184788,1,16,S,1.1
24,1,0.3531909,1,100,S,1.1
24,1,0.6618338,1,100,S,1.6
24,1,0.4878083,1,16,S,1.4
24,1,0.4265468,1,44,S,1.9
24,1,0.4580189,1,16,S,1.8
24,1,0.4377877,1,100,S,2.1
24,1,0.5485674,1,100,S,1.8
24,1,0.4649022,1,72,S,1.3
24,1,0.3920759,1,72,S,1.4
24,1,0.5764921,1,16,S,1.4
24,1,0.6346253,1,44,S,1.6
24,1,0.5177591,1,72,S,2.3
24,1,0.4958982,1,72,S,1.6
24,1,0.61738,1,100,S,1.3
24,1,0.4829289,1,44,S,0.9
24,1,0.5904735,1,16,S,1.8
24,1,0.4550156,1,44,S,2.1
24,1,0.5037621,1,72,S,0.9
24,1,0.5848262,1,100,S,0.9
24,1,0.4234693,1,100,S,1.8
24,1,0.4329981,1,100,S,1.1
24,1,0.595697,1,72,S,0.9
24,1,0.4794976,1,16,S,1.9
24,1,0.5606547,1,16,S,2.3
24,1,0.5403841,1,72,S,2.1
24,1,0.7202529,0,16,S,1.4
24,1,0.523156,1,44,S,0.9
24,1,0.6385013,0,16,S,1.1
24,1,0.4542591,1,72,S,2.3
24,1,0.4681354,1,72,S,1.8
24,1,0.6796688,1,44,S,1.9
24,1,0.4564776,1,72,S,0.9
24,1,0.4994332,1,44,S,2.1
24,1,0.5516696,1,16,S,0.9
24,1,0.4885651,1,16,S,1.4
24,1,0.4222476,1,16,S,2.3
24,1,0.5492041,1,72,S,0.9
24,1,0.4089402,1,72,S,1.6
24,1,0.3900298,1,72,S,1.8
24,1,0.3629609,1,72,S,1.9
24,1,0.4289798,1,16,S,2.1
24,1,0.4192261,1,16,S,1.4
24,1,0.4899421,1,44,S,2.1
24,1,0.6250915,1,44,S,2.1
24,1,0.6238972,1,16,S,1.4
24,1,0.4520542,1,72,S,0.9
24,1,0.5766118,1,44,S,0.9
24,1,0.59918,1,16,S,1.4
24,1,0.5689424,1,16,S,1.1
24,1,0.4070789,1,72,S,1.4
24,1,0.404265,1,72,S,1.4
24,1,0.6299728,1,100,S,2.3
24,1,0.458294,0,44,S,2.1
24,1,0.3918208,1,100,S,1.8
24,1,0.4387589,1,72,S,1.9
24,1,0.4868263,1,44,S,2.1
24,1,0.5575318,1,100,S,2.1
24,1,0.3714528,1,100,S,1.6
24,1,0.4183072,1,44,S,1.9
24,1,0.5387145,1,100,S,1.8
24,1,0.4100664,1,72,S,1.8
24,1,0.5151755,1,100,S,1.9
24,1,0.4536261,1,16,S,1.8
24,1,0.3746211,1,44,S,1.9
24,1,0.376464,1,16,S,0.9
24,1,0.5258983,1,16,S,2.3
24,1,0.5947484,1,100,S,1.8
24,1,0.6967414,1,72,S,1.9
24,1,0.5973945,1,100,S,1.1
24,1,0.6132207,1,100,S,1.9
24,1,0.400384,1,72,S,1.8
24,1,0.5802757,1,16,S,2.1
24,1,0.4918696,1,72,S,2.3
24,1,0.5207308,1,100,S,1.6
24,1,0.6931445,1,16,S,2.1
24,2,0.4084492,1,16,S,1.4
24,2,0.4000677,1,72,S,1.1
24,2,0.5288675,1,16,S,2.1
24,2,0.3617899,1,72,S,1.9
24,2,0.4038519,1,44,S,1.1
24,2,0.5822248,1,100,S,1.8
24,2,0.5473419,1,16,S,2.3
24,2,0.3944843,1,72,S,1.3
24,2,0.5297404,1,100,S,1.8
24,2,0.5098355,1,16,S,1.3
24,2,0.6034447,1,16,S,1.9
24,2,0.4918129,1,72,S,2.3
24,2,0.5820924,0,44,S,0.9
24,2,0.3786983,1,72,S,1.4
24,2,0.5682446,1,100,S,1.9
24,2,0.5429877,1,72,S,0.9
24,2,0.40295,1,100,S,1.9
24,2,0.4246075,1,72,S,2.1
24,2,0.5083235,0,16,S,2.1
24,2,0.3644796,1,44,S,1.9
24,2,0.3766701,1,16,S,1.8
24,2,0.3393258,1,72,S,1.6
24,2,0.47173,1,72,S,2.3
24,2,0.3687539,1,72,S,0.9
24,2,0.3937677,1,44,S,2.1
24,2,0.3952508,1,72,S,1.6
24,2,0.3601632,1,72,S,1.9
24,2,0.4066907,1,44,S,0.9
24,2,0.4308388,1,72,S,2.1
24,2,0.3271225,1,72,S,2.3
24,2,0.4339448,1,44,S,1.9
24,2,0.3790449,1,100,S,0.9
24,2,0.4005648,1,72,S,1.4
24,2,0.775002,0,16,S,1.1
24,2,0.38839,1,16,S,1.9
24,2,0.3712323,1,72,S,0.9
24,2,0.9951727,1,44,S,1.6
24,2,0.4896624,1,16,S,1.8
24,2,0.4078798,1,100,S,1.6
24,2,0.4022297,1,72,S,1.3
24,2,0.5052375,1,72,S,1.8
24,2,0.4060622,1,72,S,2.3
24,2,0.4532662,1,72,S,1.4
24,2,0.5817343,1,16,S,1.3
24,2,0.3993893,1,100,S,2.3
24,2,0.5274082,1,16,S,0.9
24,2,0.7690592,1,16,S,1.9
24,2,0.4665353,1,72,S,2.1
24,2,0.4460767,1,16,S,1.1
24,2,0.5170237,1,44,S,1.4
24,2,0.620934,1,100,S,1.6
24,2,0.5455558,1,100,S,0.9
24,2,0.4195896,1,72,S,1.9
24,2,0.4052747,1,72,S,2.1
24,2,0.3890595,1,72,S,1.3
24,2,0.7138767,0,16,S,2.1
24,2,0.544698,1,72,S,1.9
24,2,0.5833711,1,16,S,1.1
24,2,0.4816719,1,72,S,2.3
24,2,0.5619149,1,16,S,1.8
24,2,0.4717303,1,44,S,1.6
24,2,0.5199289,1,44,S,1.8
24,2,0.4148449,1,72,S,1.3
24,2,0.5647897,1,100,S,1.3
24,2,0.3921402,1,72,S,1.6
24,2,0.4332057,1,44,S,1.4
24,2,0.5475914,1,100,S,2.3
24,2,0.5761657,0,16,S,1.4
24,2,0.4989129,0,16,S,1.1
24,3,0.5114926,1,16,S,0.9
24,3,0.5911766,1,100,S,1.9
24,3,0.366121,1,44,S,2.1
24,3,0.4345076,1,72,S,1.1
24,3,0.4804567,1,16,S,0.9
24,3,0.3979679,1,72,S,1.8
24,3,0.3895871,1,100,S,1.1
24,3,0.4167185,1,16,S,1.6
24,3,0.4470066,1,44,S,2.1
24,3,0.3903345,1,16,S,1.8
24,3,0.4378856,1,44,S,1.6
24,3,0.6234419,1,100,S,1.9
24,3,0.3754615,1,72,S,1.1
24,3,0.3330343,1,72,S,1.4
24,3,0.3752795,1,16,S,1.1
24,3,0.3365851,1,72,S,1.6
24,3,0.4298552,1,72,S,1.4
24,3,0.4150336,1,16,S,2.3
24,3,0.7433345,0,16,S,1.6
24,3,0.3445538,1,72,S,1.1
24,3,0.3987343,1,72,S,1.6
24,3,0.3774826,1,72,S,1.9
24,3,0.947186,0,16,S,1.9
24,3,0.3915685,1,72,S,1.6
24,3,0.6610037,0,44,S,0.9
24,3,0.4259357,1,44,S,1.8
24,3,0.3385917,1,44,S,1.3
24,3,0.4392641,1,100,S,2.3
24,3,0.3797821,1,44,S,1.3
24,3,0.6792106,0,44,S,2.3
24,3,0.5735831,1,100,S,1.3
24,3,0.4930513,1,100,S,0.9
24,3,0.9230753,1,16,S,1.4
24,3,0.4977449,1,100,S,1.4
24,3,0.3363872,1,72,S,2.1
24,3,0.8450182,0,16,S,1.9
24,3,0.8595532,0,44,S,1.9
24,3,0.7438151,1,100,S,1.6
24,3,0.5471912,1,100,S,1.1
24,3,0.4249346,1,100,S,1.9
24,3,0.412325,1,72,S,1.3
24,3,0.4864747,1,44,S,2.1
24,3,0.3786233,1,44,S,1.8
24,3,0.3774025,1,44,S,1.6
24,3,0.5047008,1,16,S,2.3
24,3,0.4911344,1,100,S,1.1
24,3,0.5023627,1,100,S,1.1
24,3,0.5133627,1,44,S,2.1
24,3,0.8777566,0,16,S,2.3
24,3,0.3782022,1,72,S,1.9
24,3,0.5228595,1,72,S,1.6
24,3,0.9532571,1,100,S,1.6
24,3,0.7919039,1,16,S,2.1
24,3,0.7607485,1,44,S,1.8
24,3,0.5423335,1,100,S,0.9
24,3,0.9821297,1,72,S,1.8
24,3,0.5320919,1,44,S,1.6
24,3,0.8309839,1,44,S,0.9
24,3,0.5227772,1,100,S,1.4
24,3,0.4961127,1,44,S,1.9
24,3,0.4814815,1,72,S,2.1
24,3,0.4866603,1,72,S,1.6
24,3,0.5395838,1,44,S,1.9
24,3,0.3890117,1,100,S,1.8
24,3,0.4189161,1,72,S,1.8
24,3,0.4566618,1,72,S,1.1
24,3,0.9466162,1,16,S,1.8
24,3,0.4521047,1,44,S,0.9
24,3,0.6498774,1,44,S,1.9
24,3,0.6813478,0,16,S,1.4
24,3,0.6020923,1,100,S,0.9
24,3,0.7591422,0,44,S,0.9
24,3,0.8117009,1,16,S,2.3
24,3,0.5271652,1,100,S,1.8
24,3,0.9008524,0,16,S,0.9
24,4,0.3869819,1,72,S,0.9
24,4,0.4871396,1,44,S,2.1
24,4,0.3948163,1,44,S,1.6
24,4,0.5366349,1,16,S,1.6
24,4,0.4129925,1,44,S,1.8
24,4,0.4696177,1,72,S,1.9
24,4,0.626672,1,100,S,1.9
24,4,0.5214521,1,100,S,2.1
24,4,0.3851566,1,100,S,2.3
24,4,0.4311083,1,72,S,1.8
24,4,0.4063225,1,44,S,1.1
24,4,0.3416855,1,72,S,0.9
24,4,0.3971413,1,44,S,0.9
24,4,0.3437029,1,100,S,2.1
24,4,0.3949161,1,100,S,1.8
24,4,0.4377969,1,16,S,0.9
24,4,0.5018845,1,16,S,0.9
24,4,0.3826612,1,44,S,1.3
24,4,0.4793566,1,16,S,1.4
24,4,0.3093682,1,100,S,1.3
24,4,0.3882651,1,44,S,1.1
24,4,0.3056369,1,100,S,1.1
24,4,0.5581965,1,100,S,0.9
24,4,0.3527998,1,72,S,1.3
24,4,0.3506641,1,100,S,2.1
24,4,0.3205832,1,72,S,0.9
24,4,0.4888772,1,100,S,1.3
24,4,0.3084753,1,44,S,2.3
24,4,0.4767791,1,72,S,0.9
24,4,0.5240162,1,100,S,1.6
24,4,0.4630632,1,16,S,1.1
24,4,0.3798687,1,16,S,0.9
24,4,0.4392625,1,100,S,1.3
24,4,0.5160889,0,16,S,1.1
24,4,0.4246273,1,72,S,1.4
24,4,0.4125669,1,16,S,1.8
24,4,0.5047862,1,100,S,0.9
24,4,0.3343903,1,100,S,0.9
24,4,0.4156082,1,16,S,0.9
24,4,0.4966658,1,16,S,1.6
24,4,0.4598616,1,100,S,2.1
24,4,0.3924737,1,72,S,1.6
24,4,0.5241869,0,16,S,2.3
24,4,0.3910155,1,72,S,2.3
24,4,0.5655843,0,16,S,1.3
24,4,0.673672,1,100,S,1.9
24,4,0.4012165,1,44,S,2.1
24,4,0.5222908,1,16,S,1.4
24,4,0.390435,1,16,S,1.1
24,4,0.573965,1,16,S,2.3
24,4,0.3998753,1,44,S,0.9
24,4,0.3617542,1,72,S,1.4
24,4,0.6847583,1,16,S,1.6
24,4,0.479715,1,100,S,1.6
24,4,0.4774635,1,16,S,1.8
24,4,0.4498696,1,44,S,1.8
24,4,0.4196793,1,72,S,1.6
24,4,0.46168,1,44,S,2.3
24,4,0.6675521,1,16,S,1.8
24,4,0.5049909,1,44,S,1.9
24,4,0.435885,1,72,S,1.4
24,4,0.5692605,1,100,S,0.9
24,4,0.4836779,1,100,S,0.9
24,4,0.4502274,1,100,S,1.9
24,4,0.5278305,1,44,S,1.1
24,4,0.5507739,1,100,S,1.6
24,4,0.68895,0,44,S,1.8
24,4,0.6320572,1,100,S,1.6
24,4,0.6110083,1,44,S,0.9
24,4,0.5737119,1,100,S,2.3
25,1,0.6203104,1,44,S,1.9
25,1,0.8303163,1,100,S,1.4
25,1,0.8043523,0,100,S,1.1
25,1,0.5636392,1,72,S,1.6
25,1,0.7338129,1,16,S,1.3
25,1,0.6616682,1,72,S,1.6
25,1,0.5329625,1,72,S,1.1
25,1,0.8864306,1,44,S,0.9
25,1,0.76223,0,16,S,2.1
25,1,0.5861333,1,100,S,1.3
25,1,0.584152,1,100,S,1.4
25,1,0.5936916,1,16,S,2.1
25,1,0.7158717,1,100,S,1.4
25,1,0.5336176,1,44,S,2.3
25,1,0.9867068,1,44,S,1.8
25,1,1.3311479,1,16,S,1.3
25,1,0.8359696,1,72,S,2.1
25,1,0.5777253,1,100,S,2.1
25,1,0.6262992,1,100,S,2.3
25,1,0.6350165,1,100,S,1.4
25,1,0.6068157,1,44,S,1.6
25,1,0.7832945,1,16,S,1.8
25,1,1.1078559,0,44,S,2.1
25,1,0.9339171,1,72,S,1.3
25,1,0.7984415,1,16,S,1.4
25,1,0.8168638,1,44,S,2.3
25,1,0.7715419,1,72,S,2.1
25,1,0.698901,1,100,S,2.1
25,1,0.906183,1,100,S,1.6
25,1,1.1310763,0,16,S,1.8
25,1,0.5728189,1,72,S,1.6
25,1,0.6875496,1,100,S,2.1
25,1,1.0926002,0,16,S,2.3
25,1,1.0623112,1,44,S,2.1
25,1,0.6270508,1,100,S,0.9
25,1,0.6735693,1,100,S,1.3
25,1,0.5685719,1,100,S,1.4
25,1,0.621599,1,72,S,1.1
25,1,0.6298263,1,100,S,1.8
25,1,0.7956383,1,100,S,1.6
25,1,0.6515928,1,100,S,1.9
25,1,0.9417744,1,44,S,1.1
25,1,0.5809632,1,44,S,1.8
25,1,0.7307578,1,72,S,2.3
25,1,0.7678785,1,44,S,2.3
25,1,0.9137072,1,100,S,1.1
25,1,2.3746306,1,100,S,2.1
25,1,0.6411379,1,44,S,1.6
25,1,0.5366692,1,44,S,0.9
25,1,0.7511844,0,16,S,1.4
25,1,0.6973482,1,100,S,1.6
25,1,0.5784745,1,72,S,1.1
25,1,0.679887,1,72,S,2.1
25,1,0.5437697,1,44,S,1.4
25,1,0.685975,1,72,S,1.8
25,1,0.4330531,1,72,S,2.3
25,1,0.8875367,0,16,S,1.4
25,1,0.4782932,1,72,S,1.8
25,1,0.4653317,1,72,S,1.9
25,1,0.6658966,1,72,S,1.4
25,1,0.510338,1,100,S,1.8
25,1,0.5549835,1,44,S,2.1
25,1,0.6088518,1,72,S,1.1
25,1,0.7368951,1,16,S,2.1
25,1,0.7146042,1,44,S,1.9
25,1,0.6668607,1,44,S,1.1
25,2,0.7025613,1,100,S,1.3
25,2,0.5767744,1,44,S,1.6
25,2,1.2027323,0,16,S,2.1
25,2,0.6979792,1,44,S,2.1
25,2,0.6895624,1,72,S,1.8
25,2,0.4922532,1,72,S,1.3
25,2,0.5324124,1,72,S,1.4
25,2,0.7394416,1,44,S,1.1
25,2,0.5903099,1,16,S,2.1
25,2,0.693557,1,44,S,2.1
25,2,0.8273602,1,100,S,1.3
25,2,0.9531286,1,16,S,1.6
25,2,0.5577533,1,72,S,1.1
25,2,0.688637,1,100,S,0.9
25,2,0.6832812,1,16,S,1.1
25,2,0.9131245,1,16,S,1.3
25,2,0.7835982,1,100,S,1.4
25,2,0.6189398,1,72,S,1.4
25,2,0.6897135,1,100,S,1.3
25,2,0.6913968,1,16,S,1.8
25,2,0.650288,1,16,S,2.3
25,2,0.5644991,1,72,S,2.3
25,2,0.6844026,1,16,S,1.6
25,2,0.6014574,1,44,S,2.1
25,2,0.7823865,1,72,S,1.8
25,2,0.6947958,1,44,S,1.1
25,2,0.7343404,1,72,S,1.8
25,2,0.7714853,1,72,S,1.1
25,2,0.8087189,1,72,S,1.8
25,2,0.5536264,1,44,S,1.9
25,2,0.472235,1,100,S,1.3
25,2,0.6181311,1,16,S,1.4
25,2,0.7286279,0,16,S,1.8
25,2,0.5849865,1,72,S,1.9
25,2,1.1512387,1,72,S,1.3
25,2,0.6034531,1,100,S,1.6
25,2,1.0813488,0,44,S,1.3
25,2,0.721104,1,16,S,2.1
25,2,0.5259371,1,100,S,1.6
25,2,0.5463303,1,100,S,0.9
25,2,0.9405437,1,100,S,1.6
25,2,0.5821727,1,72,S,1.8
25,2,0.610548,1,72,S,2.1
25,2,0.6066579,1,44,S,2.1
25,2,0.689737,1,44,S,1.6
25,2,0.8728898,1,100,S,1.9
25,2,0.4808832,1,72,S,1.1
25,2,0.6041541,1,44,S,1.3
25,2,0.8995213,1,44,S,2.3
25,2,0.6007515,1,72,S,1.1
25,2,0.5976319,1,44,S,1.6
25,2,0.6523307,1,16,S,1.9
25,2,0.8395517,1,16,S,2.1
25,2,0.5670203,1,72,S,1.6
25,2,0.6176941,1,72,S,0.9
25,2,0.6094259,1,16,S,0.9
25,2,0.5592979,1,100,S,1.6
25,2,0.6890331,1,72,S,1.1
25,2,0.8636332,1,16,S,1.6
25,2,0.6473708,1,100,S,1.1
25,2,0.8585966,1,16,S,0.9
25,2,0.7196942,1,16,S,2.1
25,2,0.5937763,1,100,S,1.6
25,2,0.7034527,1,100,S,2.1
25,2,0.733258,1,44,S,1.1
25,2,0.5066926,1,72,S,1.4
25,2,0.6341385,1,44,S,1.9
25,2,0.6261631,1,16,S,0.9
25,2,0.5754232,1,100,S,1.4
25,2,0.5333459,1,44,S,1.9
25,2,0.4471171,1,72,S,0.9
25,2,0.5061678,1,72,S,1.1
25,2,0.538696,1,44,S,2.3
25,2,0.3624676,1,72,S,0.9
25,2,0.6046845,1,100,S,2.1
25,2,0.7007492,1,16,S,1.3
25,3,0.5861313,1,100,S,1.6
25,3,0.550157,1,44,S,1.6
25,3,0.5385194,1,44,S,2.3
25,3,0.6344756,1,100,S,1.1
25,3,1.1005509,1,16,S,1.6
25,3,1.1549142,1,16,S,1.8
25,3,0.6695231,1,72,S,0.9
25,3,0.7048451,1,44,S,1.1
25,3,0.5977437,1,44,S,1.3
25,3,0.4979334,1,44,S,1.3
25,3,0.8023398,1,44,S,2.3
25,3,0.7481085,1,44,S,0.9
25,3,0.7544629,1,100,S,1.8
25,3,0.6427781,1,16,S,2.1
25,3,0.6339158,1,72,S,2.3
25,3,0.775402,1,72,S,1.1
25,3,0.5485223,1,72,S,1.4
25,3,0.5944258,1,72,S,0.9
25,3,0.6036971,1,72,S,1.4
25,3,0.4964732,1,100,S,1.9
25,3,0.6057646,1,100,S,1.9
25,3,0.8239714,1,100,S,0.9
25,3,0.5581203,1,72,S,2.3
25,3,0.5847424,1,16,S,1.6
25,3,0.5592159,1,72,S,1.8
25,3,0.5094407,1,100,S,1.1
25,3,0.5834665,1,72,S,1.1
25,3,0.6744346,1,72,S,1.1
25,3,0.786838,1,16,S,1.8
25,3,1.2432163,0,16,S,1.1
25,3,0.668188,1,72,S,2.1
25,3,0.4629885,1,72,S,1.1
25,3,0.7689733,1,16,S,1.9
25,3,0.6036232,1,72,S,1.6
25,3,1.055409,1,44,S,1.6
25,3,0.6342585,1,72,S,1.9
25,3,0.6202201,1,44,S,1.4
25,3,0.6719753,1,44,S,1.6
25,3,0.6457845,1,44,S,1.9
25,3,0.8531824,1,16,S,2.1
25,3,0.6825993,1,100,S,1.9
25,3,0.5052282,1,72,S,1.4
25,3,0.6324112,1,44,S,1.4
25,3,0.5673111,1,72,S,2.3
25,3,0.6852019,1,44,S,2.3
25,3,0.5667234,1,100,S,2.1
25,3,0.7066431,1,100,S,0.9
25,3,0.6121828,1,44,S,1.1
25,3,0.6774439,1,100,S,2.3
25,3,0.4769507,1,72,S,2.1
25,3,0.4720833,1,44,S,1.4
25,3,0.5926743,1,100,S,1.9
25,3,0.6761301,1,72,S,1.3
25,3,0.7953481,0,44,S,2.1
25,3,0.6015552,1,16,S,1.6
25,3,1.1952341,1,16,S,0.9
25,3,2.0829748,1,44,S,1.4
25,3,0.6947986,1,100,S,0.9
25,3,0.6837855,1,44,S,1.4
25,3,0.7689799,1,100,S,1.4
25,3,0.5587504,1,100,S,1.9
25,3,0.5543281,1,100,S,0.9
25,3,0.6480592,1,72,S,0.9
25,3,0.6670138,1,44,S,1.4
25,3,0.4574245,1,16,S,1.6
25,3,0.4430424,1,72,S,0.9
25,3,0.5458537,1,72,S,1.9
25,3,0.4334317,1,100,S,1.1
25,3,0.4424607,0,44,S,1.3
25,3,0.5081304,1,72,S,1.4
25,3,0.4722785,1,44,S,1.4
25,3,0.6173749,1,100,S,2.1
25,3,0.8235314,1,100,S,2.1
25,3,0.4787285,1,16,S,1.9
25,3,0.5988756,1,16,S,2.3
25,3,0.4702772,1,100,S,1.8
25,3,0.6026846,1,44,S,1.9
25,3,0.5240918,1,16,S,1.8
25,3,0.6764205,1,100,S,1.6
25,3,0.7182314,1,16,S,1.3
25,3,0.5818528,1,16,S,2.1
25,4,0.3200974,1,100,S,1.9
25,4,0.6354807,1,100,S,1.6
25,4,0.6721069,1,72,S,2.1
25,4,0.7402795,1,100,S,0.9
25,4,0.6570063,1,72,S,1.6
25,4,0.5175233,1,72,S,1.4
25,4,0.5335718,1,44,S,2.1
25,4,1.1086979,0,16,S,1.3
25,4,0.7519847,1,44,S,1.3
25,4,0.7200403,1,100,S,2.3
25,4,0.6559558,1,16,S,1.3
25,4,0.594548,1,100,S,1.6
25,4,0.6296317,1,44,S,2.1
25,4,0.8330497,1,16,S,0.9
25,4,0.5320902,1,100,S,1.6
25,4,1.1497753,1,100,S,1.1
25,4,0.7819446,1,100,S,1.3
25,4,0.6322041,1,72,S,2.1
25,4,1.7794385,0,100,S,1.8
25,4,0.5943696,1,100,S,1.8
25,4,0.5430972,1,44,S,1.4
25,4,0.2984367,1,72,S,1.6
25,4,0.4090465,1,100,S,2.3
25,4,0.6479219,1,100,S,1.1
25,4,0.4553675,1,44,S,2.1
25,4,0.463027,1,72,S,1.1
25,4,0.6042145,1,16,S,1.3
25,4,0.6044742,1,44,S,1.6
25,4,0.4344561,1,72,S,1.9
25,4,0.6739245,1,72,S,2.3
25,4,0.6235753,1,16,S,1.6
25,4,0.7504205,1,72,S,1.3
25,4,0.4150809,1,72,S,2.1
25,4,0.7976594,1,44,S,1.1
25,4,0.6928482,1,100,S,1.4
25,4,0.6097725,1,16,S,2.3
25,4,0.6693063,1,100,S,0.9
25,4,0.4033364,1,72,S,0.9
25,4,0.5436963,1,100,S,1.6
25,4,0.4241506,1,100,S,2.1
25,4,0.56695,1,100,S,2.1
25,4,0.5151426,1,44,S,1.9
25,4,0.4766516,1,72,S,2.1
25,4,0.3507695,1,100,S,1.9
25,4,0.6931124,1,16,S,1.4
25,4,0.5668951,1,100,S,2.3
25,4,0.5909247,1,16,S,2.3
25,4,0.4417615,1,44,S,1.6
25,4,0.9587506,1,44,S,1.8
25,4,0.6445067,1,100,S,0.9
25,4,0.4256609,1,16,S,2.1
25,4,0.555393,0,16,S,1.9
25,4,0.4432899,1,16,S,1.9
25,4,0.4812698,1,72,S,2.3
25,4,0.4850507,1,72,S,1.6
25,4,0.6396893,1,44,S,1.3
25,4,0.469431,1,72,S,1.4
25,4,0.5515163,1,100,S,1.4
25,4,0.5044324,1,100,S,2.3
25,4,0.8684147,1,16,S,1.9
25,4,0.606603,1,100,S,2.3
25,4,0.7371136,1,16,S,1.8
25,4,0.4632721,1,72,S,2.3
25,4,0.6104793,1,16,S,0.9
25,4,0.4120668,1,16,S,1.1
25,4,0.4600962,1,100,S,1.9
25,4,0.4876206,1,100,S,0.9
25,4,0.6603488,1,44,S,1.1
25,4,0.414881,1,16,S,1.1
25,4,0.4373474,1,100,S,2.3
25,4,0.6677402,1,72,S,1.8
25,4,0.6365706,1,100,S,1.8
25,4,0.4942341,1,72,S,1.6
26,1,0.5508161,1,72,S,1.8
26,1,0.5506633,1,72,S,1.4
26,1,0.6966865,1,72,S,1.3
26,1,0.8041463,1,100,S,1.6
26,1,1.5290838,1,100,S,1.6
26,1,0.6370975,1,16,S,1.1
26,1,0.6293635,1,44,S,1.4
26,1,0.7084539,1,72,S,1.8
26,1,1.247522,0,44,S,1.4
26,1,0.7610705,1,100,S,2.1
26,1,0.7586741,1,100,S,0.9
26,1,1.046774,1,16,S,1.9
26,1,0.9498542,1,16,S,2.1
26,1,0.5390611,1,16,S,1.1
26,1,1.6495853,0,72,S,2.3
26,1,0.6000293,1,100,S,1.1
26,1,1.1877918,0,44,S,1.4
26,1,1.1375275,1,16,S,0.9
26,1,0.6103911,1,72,S,2.1
26,1,0.730585,1,16,S,2.1
26,1,0.5051632,1,72,S,1.1
26,1,0.6588705,1,72,S,0.9
26,1,0.5357228,1,100,S,1.3
26,1,0.6823845,1,100,S,2.1
26,1,0.6427498,1,72,S,1.8
26,1,1.078141,1,16,S,2.3
26,1,0.7370712,1,44,S,0.9
26,1,1.2184417,0,16,S,0.9
26,1,0.8644694,1,44,S,1.8
26,1,0.5767253,1,72,S,1.8
26,1,0.5879052,1,44,S,1.1
26,1,0.7389732,1,44,S,1.9
26,1,0.8807036,1,72,S,1.6
26,1,0.5770892,1,72,S,1.1
26,1,0.6038966,1,100,S,1.4
26,1,1.5445875,0,44,S,1.3
26,1,0.7613527,1,44,S,1.1
26,1,0.6010022,1,72,S,2.1
26,1,0.6055843,1,16,S,1.3
26,1,1.1325895,0,72,S,1.3
26,1,0.6390566,1,16,S,1.1
26,1,0.5671739,1,72,S,1.8
26,1,0.632611,1,100,S,1.6
26,1,0.5163484,1,100,S,1.6
26,1,1.1248773,1,72,S,2.1
26,1,1.5206414,1,16,S,2.1
26,1,0.5292838,1,72,S,0.9
26,1,0.5292424,1,44,S,1.6
26,1,1.3151151,1,44,S,2.3
26,1,0.6225333,1,16,S,1.6
26,1,0.6575402,1,100,S,1.4
26,1,0.5791911,1,44,S,1.1
26,1,0.8333431,1,72,S,1.4
26,1,0.6684202,1,72,S,1.3
26,1,0.6121068,1,72,S,1.1
26,1,0.7701967,1,16,S,1.6
26,1,1.3749924,1,72,S,1.3
26,1,0.6672373,1,72,S,1.8
26,1,0.6502214,1,100,S,1.8
26,1,0.5717654,1,44,S,0.9
26,1,0.5196458,1,100,S,1.3
26,1,1.2490168,1,100,S,0.9
26,1,0.5558616,1,100,S,1.1
26,1,1.9892224,1,72,S,2.3
26,1,0.5324637,1,44,S,1.8
26,1,0.8967777,1,72,S,1.1
26,1,0.8051297,0,16,S,2.1
26,1,0.5085988,1,72,S,1.8
26,1,0.5252255,1,100,S,2.1
26,1,1.1027104,0,44,S,1.8
26,1,0.7736836,1,44,S,1.9
26,1,0.5388831,1,100,S,1.8
26,2,0.6102938,1,72,S,1.4
26,2,0.8996512,1,44,S,1.3
26,2,1.7309388,1,16,S,1.3
26,2,0.6905282,1,16,S,1.3
26,2,0.5970311,1,16,S,1.4
26,2,1.0240847,1,16,S,1.9
26,2,0.7463574,1,16,S,1.8
26,2,0.7393649,1,44,S,2.3
26,2,1.2371067,1,16,S,1.6
26,2,1.1260853,1,100,S,0.9
26,2,1.4173428,0,16,S,2.1
26,2,0.9643277,0,16,S,1.9
26,2,0.5784557,1,44,S,1.8
26,2,0.4746694,1,72,S,1.1
26,2,0.5527475,1,44,S,1.4
26,2,0.5521565,1,44,S,2.3
26,2,0.667951,1,16,S,1.8
26,2,0.5495225,1,44,S,2.1
26,2,0.9752311,0,44,S,1.8
26,2,1.5330946,0,44,S,1.9
26,2,1.6100306,1,72,S,1.1
26,2,0.6651922,1,16,S,1.6
26,2,0.609568,1,16,S,1.9
26,2,0.6761003,1,100,S,2.1
26,2,0.515445,1,100,S,0.9
26,2,0.4964146,1,100,S,1.6
26,2,0.5222526,1,100,S,1.1
26,2,0.654864,1,16,S,1.3
26,2,1.1287928,0,16,S,1.8
26,2,0.6447642,1,16,S,1.6
26,2,0.4910096,1,100,S,1.9
26,2,0.4692371,1,100,S,1.8
26,2,0.6053579,1,100,S,1.6
26,2,0.7121379,0,44,S,0.9
26,2,0.6365379,1,16,S,1.9
26,2,0.6144832,1,100,S,1.6
26,2,0.5244695,1,72,S,1.3
26,2,0.9830821,1,16,S,1.9
26,2,0.606488,1,16,S,1.6
26,2,0.6016403,1,44,S,1.8
26,2,0.4744619,1,100,S,1.3
26,2,0.6173449,1,16,S,1.3
26,2,1.5819519,0,16,S,1.9
26,2,0.5501036,1,44,S,2.1
26,2,0.5441192,1,44,S,2.1
26,2,0.6590886,1,100,S,2.3
26,2,1.0561234,0,16,S,1.8
26,2,0.4050949,1,44,S,1.4
26,2,0.534802,1,16,S,1.3
26,2,0.8517724,1,100,S,1.4
26,2,1.5483727,0,16,S,1.6
26,2,0.4387265,1,72,S,1.4
26,2,1.1167275,0,16,S,0.9
26,2,0.4701247,1,44,S,1.6
26,2,2.1273538,0,16,S,1.4
26,2,0.6756315,1,44,S,2.1
26,2,0.7300122,1,16,S,1.1
26,2,0.5233546,1,72,S,2.3
26,2,0.4652987,1,72,S,2.1
26,2,0.7476681,1,100,S,1.8
26,2,1.2164906,1,44,S,1.3
26,2,0.9415961,1,100,S,1.9
26,2,0.7847368,1,16,S,1.4
26,2,0.6406205,1,100,S,1.4
26,2,0.8305014,1,44,S,1.4
26,2,1.1057545,1,72,S,1.4
26,2,1.0976258,1,44,S,1.3
26,2,0.4891019,1,100,S,2.3
26,2,0.4535461,1,100,S,2.1
26,2,0.6858965,1,100,S,1.4
26,2,0.5509462,1,44,S,1.4
26,2,0.596617,1,44,S,1.4
26,2,0.5900642,1,100,S,1.6
26,2,0.4833626,1,44,S,0.9
26,2,0.4839334,1,44,S,1.9
26,2,0.5748335,1,44,S,1.9
26,2,0.6496855,1,100,S,2.3
26,2,0.6384507,1,44,S,1.4
26,2,0.4312287,1,100,S,2.1
26,2,0.5474419,1,44,S,2.3
26,2,0.6396268,1,16,S,1.8
26,2,0.3848543,1,72,S,1.8
26,2,0.6768235,1,44,S,2.1
26,3,0.5975572,1,100,S,0.9
26,3,0.5476552,1,44,S,1.3
26,3,0.9015568,1,16,S,2.3
26,3,0.3706199,1,100,S,2.1
26,3,0.4924643,1,72,S,2.3
26,3,1.1342581,1,16,S,1.9
26,3,0.94958,1,44,S,1.1
26,3,0.4328363,1,72,S,2.1
26,3,0.5793531,1,16,S,0.9
26,3,1.763332,1,44,S,1.1
26,3,0.4164144,1,100,S,1.3
26,3,0.9134419,1,100,S,1.6
26,3,0.3887341,1,72,S,1.9
26,3,0.3205841,1,72,S,1.1
26,3,0.402897,1,72,S,2.1
26,3,0.5008088,1,72,S,1.1
26,3,0.4188652,1,100,S,1.1
26,3,0.5450289,1,16,S,1.6
26,3,0.5483235,1,44,S,1.1
26,3,0.5567518,1,44,S,1.9
26,3,0.9384836,0,16,S,1.3
26,3,0.6256713,1,16,S,0.9
26,3,0.5554539,1,16,S,1.1
26,3,0.6725426,1,44,S,0.9
26,3,0.6327111,1,72,S,1.3
26,3,0.5940054,1,44,S,1.9
26,3,0.4779822,1,72,S,2.1
26,3,0.7103409,1,16,S,1.9
26,3,1.9717373,1,16,S,0.9
26,3,0.5888449,1,16,S,1.1
26,3,0.5528864,1,44,S,0.9
26,3,0.4434148,1,100,S,1.4
26,3,0.8687494,1,44,S,1.6
26,3,0.5104995,1,72,S,2.3
26,3,0.4976336,1,44,S,2.1
26,3,2.0274338,0,16,S,1.4
26,3,0.6362034,1,100,S,2.3
26,3,0.4908851,1,100,S,1.4
26,3,1.3447335,1,16,S,1.4
26,3,0.6274914,1,44,S,1.9
26,3,0.654484,1,16,S,1.1
26,3,0.7658184,1,100,S,1.9
26,3,0.5640939,1,72,S,1.1
26,3,0.7939429,1,16,S,1.8
26,3,0.5381903,1,100,S,1.9
26,3,0.6606483,1,100,S,1.4
26,3,0.541793,1,44,S,2.3
26,3,1.4495594,1,72,S,1.3
26,3,0.605008,1,72,S,1.9
26,3,0.5625359,1,100,S,1.9
26,3,0.4828019,1,100,S,1.6
26,3,0.9173783,1,100,S,0.9
26,3,0.8377682,1,72,S,1.1
26,3,1.1813061,1,16,S,1.1
26,3,0.689645,1,100,S,0.9
26,3,0.6741778,1,72,S,2.3
26,3,0.7838377,0,16,S,2.1
26,3,1.0060288,1,72,S,1.4
26,3,0.5282973,1,72,S,1.8
26,3,0.5948693,1,16,S,1.8
26,3,0.689208,1,72,S,2.3
26,3,0.6689737,1,16,S,1.1
26,3,0.517993,1,100,S,2.3
26,3,0.9020957,1,16,S,0.9
26,3,0.6580216,1,72,S,0.9
26,3,0.9488376,1,16,S,0.9
26,3,0.5074495,1,72,S,1.1
26,3,1.3077633,0,16,S,1.8
26,3,0.6646424,1,72,S,1.8
26,3,0.7897869,1,100,S,2.1
26,3,0.4156399,1,100,S,1.8
26,3,0.4901633,1,100,S,1.9
26,3,0.4838175,1,72,S,0.9
26,3,1.0639299,0,16,S,2.1
26,3,1.4175293,1,72,S,1.8
26,4,1.2624031,1,100,S,0.9
26,4,1.8367167,1,100,S,1.8
26,4,1.5903727,1,100,S,2.1
26,4,0.5379375,1,44,S,1.1
26,4,1.2388862,1,16,S,1.1
26,4,0.9340841,1,16,S,1.3
26,4,0.6570282,1,44,S,2.3
26,4,0.6467329,1,16,S,2.3
26,4,0.3955342,1,72,S,1.3
26,4,0.4303468,1,72,S,2.1
26,4,0.4681246,1,44,S,1.1
26,4,0.6411115,1,44,S,2.1
26,4,0.5335021,1,44,S,1.4
26,4,0.8918863,1,100,S,1.3
26,4,0.4607856,1,44,S,1.3
26,4,0.484156,1,44,S,2.3
26,4,0.6878799,1,16,S,2.3
26,4,0.7366589,1,16,S,2.1
26,4,0.5858152,0,16,S,2.1
26,4,0.5849519,1,16,S,1.8
26,4,0.4950297,1,16,S,2.1
26,4,1.0216019,1,44,S,1.1
26,4,0.7957102,1,72,S,1.8
26,4,0.6941702,1,72,S,1.1
26,4,0.4981606,1,100,S,1.8
26,4,1.3436218,1,16,S,1.4
26,4,0.586184,1,16,S,1.3
26,4,0.4912307,1,100,S,1.9
26,4,0.607102,1,44,S,1.3
26,4,0.501087,1,100,S,1.9
26,4,0.9184935,1,16,S,2.1
26,4,2.0617714,1,16,S,2.1
26,4,0.5810035,1,44,S,2.3
26,4,0.8745499,1,16,S,2.1
26,4,0.8606447,0,44,S,1.9
26,4,0.4149666,1,72,S,1.3
26,4,0.3749909,1,72,S,2.1
26,4,0.4626492,1,72,S,1.3
26,4,1.6123056,1,44,S,1.4
26,4,0.4883856,1,16,S,1.4
26,4,0.6599753,1,16,S,1.3
26,4,0.8730486,0,44,S,1.9
26,4,0.5091802,1,72,S,2.3
26,4,0.7061406,1,44,S,1.4
26,4,1.5799499,1,44,S,1.3
26,4,1.4245727,1,100,S,1.4
26,4,0.4695367,1,44,S,0.9
26,4,0.5031743,1,72,S,1.1
26,4,0.4526586,1,44,S,2.3
26,4,0.530131,1,44,S,2.3
26,4,0.4888827,1,100,S,2.1
26,4,0.5682129,1,16,S,1.8
26,4,0.5293487,1,72,S,1.9
26,4,0.5236766,1,44,S,1.1
26,4,0.5757752,1,72,S,1.6
26,4,0.5718217,1,72,S,1.8
26,4,1.0364677,0,16,S,1.4
26,4,0.6536432,1,44,S,2.3
26,4,0.7210044,1,100,S,1.1
26,4,0.7158211,1,44,S,1.3
26,4,0.5271548,1,100,S,1.6
26,4,0.4284568,1,100,S,2.3
26,4,0.920717,0,44,S,2.1
26,4,1.0099626,1,44,S,2.1
26,4,0.9660441,0,100,S,1.8
26,4,0.5438936,1,44,S,1.9
26,4,0.6214383,1,72,S,1.8
26,4,0.7623273,0,16,S,2.3
26,4,0.6133651,1,100,S,1.8
26,4,1.5516736,1,72,S,1.1
26,4,1.0442634,1,16,S,1.9
26,4,0.6382415,1,44,S,2.1
26,4,1.040957,0,16,S,1.9
26,4,0.6464982,1,16,S,1.8
26,4,0.911736,1,100,S,1.9
26,4,0.5774678,0,44,S,1.1
26,4,0.6874961,1,100,S,2.1
26,4,1.1799961,1,16,S,2.1
26,4,0.6132919,1,100,S,1.9
26,4,0.4041024,1,44,S,1.1
26,4,0.543409,1,44,S,1.3
26,4,0.5112351,1,72,S,1.3
26,4,0.6178644,1,44,S,1.6
26,4,1.381645,0,44,S,1.6
27,1,0.6196613,1,44,S,1.3
27,1,0.5159536,1,16,S,1.3
27,1,0.9388463,0,100,S,1.6
27,1,0.7604139,1,16,S,1.8
27,1,0.8345369,0,44,S,1.4
27,1,0.7318711,1,100,S,1.3
27,1,0.6309193,1,100,S,1.1
27,1,0.8255051,0,72,S,1.1
27,1,1.0370637,0,16,S,2.1
27,1,0.8186419,1,44,S,1.1
27,1,0.8450617,0,72,S,2.3
27,1,1.1208644,1,44,S,1.8
27,1,0.8571886,1,100,S,2.3
27,1,1.2931779,1,44,S,1.6
27,1,1.0883464,0,72,S,0.9
27,1,0.8139143,1,16,S,1.8
27,1,0.8490319,1,100,S,0.9
27,1,1.3685028,1,16,S,0.9
27,1,0.7667372,1,72,S,1.1
27,1,1.0507352,1,44,S,1.4
27,1,0.7872275,1,100,S,1.6
27,1,0.7754719,1,100,S,1.8
27,1,0.7993831,1,16,S,1.1
27,1,0.8092515,0,72,S,2.1
27,1,0.7995153,1,100,S,2.3
27,1,0.7896798,1,44,S,1.4
27,1,0.6492148,1,72,S,0.9
27,1,0.6600413,1,44,S,2.1
27,1,0.8750372,1,100,S,1.3
27,1,0.7256026,1,16,S,1.3
27,1,0.7674779,1,100,S,1.9
27,1,0.835223,1,44,S,2.3
27,1,0.8054516,1,100,S,1.6
27,1,0.7068656,1,72,S,2.3
27,1,0.7566687,1,44,S,1.3
27,1,1.076238,1,100,S,1.1
27,1,0.7981014,1,100,S,2.3
27,1,0.9058524,1,16,S,2.3
27,1,0.7281532,1,16,S,2.3
27,1,1.227839,0,72,S,1.1
27,1,0.8293327,0,44,S,1.4
27,1,1.120566,1,16,S,1.8
27,1,1.1365689,1,16,S,1.8
27,1,0.9403268,1,16,S,1.3
27,1,0.9914287,0,16,S,2.3
27,1,1.0307771,0,16,S,1.6
27,1,0.9534713,0,100,S,2.1
27,1,1.5755204,0,44,S,1.8
27,1,0.7563345,1,100,S,1.3
27,1,0.9224215,1,44,S,2.1
27,1,1.3586724,1,100,S,1.6
27,1,0.6657853,1,72,S,1.9
27,1,1.204476,1,72,S,1.9
27,1,1.0010957,0,16,S,1.1
27,1,0.9599005,1,44,S,2.1
27,1,1.0205396,0,44,S,1.1
27,1,0.8721895,1,100,S,2.1
27,1,0.8166932,0,44,S,2.3
27,1,0.9823612,1,100,S,1.9
27,1,0.9730363,1,72,S,1.4
27,1,1.1907332,1,44,S,1.8
27,1,0.6604299,1,72,S,1.8
27,1,1.0294209,1,16,S,1.4
27,1,0.7076018,1,100,S,1.6
27,1,1.0549426,1,16,S,1.4
27,1,0.832972,1,72,S,1.3
27,1,0.7197205,1,44,S,0.9
27,1,1.0149488,1,100,S,1.8
27,1,0.8185031,1,44,S,1.6
27,1,0.9664704,1,72,S,2.1
27,1,0.8136271,1,100,S,2.3
27,1,0.7163137,1,44,S,2.1
27,2,0.660427,1,16,S,1.6
27,2,0.6326265,1,72,S,1.3
27,2,1.0239609,1,16,S,1.8
27,2,0.6582249,0,16,S,2.3
27,2,1.1700783,0,16,S,1.3
27,2,0.7055182,1,100,S,1.3
27,2,1.0115391,0,72,S,1.1
27,2,0.7364529,1,16,S,1.8
27,2,1.0011976,1,72,S,2.1
27,2,1.6101706,1,16,S,1.1
27,2,0.7054171,1,16,S,1.3
27,2,1.4031339,1,100,S,2.3
27,2,1.2488598,1,44,S,2.1
27,2,2.2602845,0,44,S,1.4
27,2,0.9413933,1,100,S,1.6
27,2,1.4680657,0,44,S,1.4
27,2,2.0303712,0,72,S,1.9
27,2,1.0223442,0,16,S,2.1
27,2,1.0801204,1,44,S,1.1
27,2,0.7505345,1,100,S,2.1
27,2,1.2907713,0,16,S,1.3
27,2,1.1897892,1,72,S,1.1
27,2,0.6077453,1,72,S,1.6
27,2,0.9734474,0,72,S,0.9
27,2,0.930648,1,100,S,1.4
27,2,0.7372687,1,100,S,1.9
27,2,0.6038034,1,100,S,2.3
27,2,0.6086522,1,100,S,2.1
27,2,0.6888746,1,16,S,2.3
27,2,0.7327102,1,100,S,2.1
27,2,0.6910764,1,44,S,1.3
27,2,1.0106628,0,44,S,2.3
27,2,0.8452091,1,72,S,1.1
27,2,0.681002,1,16,S,1.9
27,2,0.6319634,1,16,S,1.1
27,2,1.0481301,1,44,S,0.9
27,2,1.245118,0,72,S,1.9
27,2,0.9655855,0,44,S,2.1
27,2,0.8584719,1,16,S,1.3
27,2,0.6709923,1,100,S,0.9
27,2,0.9173871,1,16,S,2.3
27,2,0.6857554,1,44,S,2.3
27,2,1.0818745,0,100,S,1.8
27,2,0.9155115,0,16,S,1.4
27,2,0.6356594,1,44,S,1.3
27,2,0.6773734,1,44,S,1.8
27,2,0.7955661,1,44,S,0.9
27,2,0.9313393,0,44,S,2.3
27,2,0.6692768,1,72,S,1.8
27,2,0.6536561,1,100,S,1.1
27,2,0.7147309,1,100,S,1.8
27,2,0.6625611,0,44,S,1.4
27,2,0.6617035,0,16,S,1.4
27,2,0.7084218,1,72,S,1.4
27,2,0.7967681,1,16,S,1.8
27,2,0.9337049,1,72,S,2.3
27,2,0.6894488,1,100,S,0.9
27,2,0.6574594,1,72,S,0.9
27,2,0.764956,1,16,S,2.1
27,2,0.8074655,1,100,S,1.1
27,2,0.7333077,1,16,S,1.3
27,2,0.933208,0,16,S,0.9
27,2,1.0276899,0,16,S,2.3
27,2,0.7580795,1,16,S,0.9
27,2,0.6707004,1,44,S,2.3
27,2,0.7616841,0,16,S,1.1
27,2,0.6530652,1,100,S,1.1
27,2,1.1005023,1,72,S,1.4
27,2,1.4913032,1,16,S,2.1
27,2,1.1305278,0,16,S,1.9
27,2,0.7539199,1,100,S,1.4
27,3,0.9668114,1,72,S,1.3
27,3,0.7178649,1,100,S,1.9
27,3,0.7460928,1,72,S,1.3
27,3,0.5830934,1,44,S,1.6
27,3,0.5995731,1,44,S,1.6
27,3,0.5594154,1,44,S,2.1
27,3,0.9920549,1,72,S,1.4
27,3,0.8273813,1,44,S,1.8
27,3,0.6782608,1,100,S,2.3
27,3,0.7950663,1,100,S,1.4
27,3,1.3309849,1,16,S,2.1
27,3,1.0832587,1,72,S,1.6
27,3,0.9324552,1,44,S,2.1
27,3,1.2569382,1,16,S,0.9
27,3,1.0132618,1,44,S,2.1
27,3,0.9707672,0,16,S,1.9
27,3,1.0999757,1,16,S,1.1
27,3,0.8345105,1,100,S,2.3
27,3,0.7016915,1,100,S,1.8
27,3,2.4604823,0,16,S,1.8
27,3,0.7231944,1,72,S,1.6
27,3,1.0979094,1,100,S,1.9
27,3,0.8057599,1,44,S,0.9
27,3,1.2677308,1,72,S,1.3
27,3,0.7755959,1,100,S,2.3
27,3,0.7709024,1,16,S,1.3
27,3,0.9915319,0,16,S,0.9
27,3,0.7194952,1,100,S,1.1
27,3,0.6687684,1,44,S,1.8
27,3,1.5336354,0,44,S,1.8
27,3,0.6584815,1,100,S,1.9
27,3,0.8683773,1,44,S,1.8
27,3,1.2486953,0,16,S,1.4
27,3,0.6565668,1,72,S,0.9
27,3,0.6030993,1,72,S,2.3
27,3,0.6903264,1,72,S,0.9
27,3,1.1922429,1,44,S,1.3
27,3,0.5584407,1,44,S,1.3
27,3,1.4936698,1,16,S,1.9
27,3,0.7535652,1,72,S,1.6
27,3,0.6743603,1,72,S,2.1
27,3,0.7992063,1,100,S,1.9
27,3,0.5982487,1,100,S,2.1
27,3,0.6448161,1,100,S,1.8
27,3,0.8074235,1,44,S,1.9
27,3,0.6534026,1,72,S,1.9
27,3,0.6558859,1,16,S,2.3
27,3,0.6930113,1,100,S,1.3
27,3,0.9879015,1,44,S,1.9
27,3,0.603079,1,72,S,1.6
27,3,0.6139812,1,100,S,1.6
27,3,1.0804506,1,16,S,1.8
27,3,2.2620381,0,16,S,1.4
27,3,1.1984857,0,16,S,2.1
27,3,1.1567642,0,16,S,0.9
27,3,1.1186512,1,16,S,1.6
27,3,1.4080385,0,16,S,1.3
27,3,1.708058,1,16,S,2.3
27,3,0.8815127,0,72,S,1.8
27,3,1.8797609,1,44,S,2.3
27,3,1.2385622,1,72,S,0.9
27,3,1.414471,1,16,S,1.3
27,4,0.4815815,1,44,S,2.3
27,4,0.8971058,1,72,S,1.1
27,4,0.6897984,1,72,S,1.9
27,4,0.7217929,1,100,S,1.1
27,4,0.6553028,1,100,S,1.9
27,4,0.9139622,1,16,S,1.1
27,4,0.5881616,1,72,S,1.3
27,4,1.4316155,1,16,S,2.1
27,4,0.5955861,1,44,S,1.9
27,4,0.6969682,1,100,S,1.9
27,4,2.102788,0,16,S,0.9
27,4,0.863055,1,100,S,2.3
27,4,1.0133335,0,44,S,1.8
27,4,0.870082,0,16,S,1.8
27,4,0.6236443,1,16,S,0.9
27,4,1.0383718,0,16,S,1.6
27,4,1.0497797,0,16,S,1.8
27,4,1.0586015,1,44,S,1.1
27,4,0.6939222,1,44,S,2.1
27,4,1.9090459,0,72,S,0.9
27,4,1.0628066,0,16,S,2.3
27,4,0.6448326,1,44,S,1.1
27,4,0.6613009,1,72,S,1.4
27,4,0.7856447,1,100,S,0.9
27,4,0.5967438,1,44,S,0.9
27,4,0.7743161,1,72,S,1.3
27,4,0.728048,1,72,S,1.8
27,4,0.5176819,1,72,S,1.3
27,4,0.555878,1,72,S,1.3
27,4,1.3423787,1,16,S,1.6
27,4,0.8210335,1,72,S,0.9
27,4,0.8373061,0,16,S,1.3
27,4,0.7243884,1,16,S,1.3
27,4,1.2530889,1,44,S,1.1
27,4,1.5111394,0,72,S,1.4
27,4,0.5953287,1,44,S,1.1
27,4,0.6503292,1,100,S,1.3
27,4,0.8078873,1,100,S,1.9
27,4,0.7202754,1,44,S,1.8
27,4,0.6952534,1,100,S,2.3
27,4,1.1897061,1,72,S,2.1
27,4,0.6860316,1,44,S,1.8
27,4,2.28161,0,72,S,0.9
27,4,1.2806605,0,44,S,1.9
27,4,0.6601818,1,72,S,2.3
27,4,1.6062548,1,44,S,2.1
27,4,0.9311193,0,16,S,2.1
27,4,0.7170429,1,16,S,2.3
27,4,2.0722769,0,100,S,0.9
27,4,0.7826314,1,100,S,0.9
27,4,0.8154346,0,16,S,2.1
27,4,0.8589021,1,44,S,1.3
27,4,0.6908326,1,16,S,2.1
27,4,0.8181567,0,44,S,1.6
27,4,0.8231508,1,100,S,1.4
27,4,0.8357343,1,16,S,2.1
27,4,0.5939304,1,44,S,2.3
27,4,0.6780368,0,16,S,1.6
27,4,0.9872075,1,16,S,1.6
27,4,0.7487841,1,16,S,0.9
27,4,0.5918413,1,44,S,2.1
27,4,0.6973454,1,100,S,0.9
27,4,0.5375997,1,44,S,1.3
28,1,1.6705547,0,72,S,2.3
28,1,1.6828804,1,100,S,1.6
28,1,1.6737631,1,44,S,1.8
28,1,1.462373,1,44,S,1.3
28,1,1.0210861,1,72,S,0.9
28,1,1.3596713,0,72,S,1.8
28,1,0.9379592,1,16,S,0.9
28,1,0.8606564,1,44,S,2.1
28,1,0.7628535,1,16,S,1.8
28,1,2.191573,1,16,S,1.6
28,1,1.1184355,1,72,S,2.1
28,1,1.131626,0,16,S,1.4
28,1,1.1799562,0,44,S,2.1
28,1,1.2187811,1,100,S,2.1
28,1,1.085911,1,72,S,1.9
28,1,0.9319509,1,44,S,1.3
28,1,0.98499,1,44,S,1.1
28,1,1.3292618,1,44,S,1.3
28,1,0.9226717,1,100,S,1.6
28,1,0.9193076,1,44,S,2.3
28,1,1.9677855,1,100,S,1.4
28,1,1.7552978,1,16,S,2.3
28,1,1.0156466,1,72,S,1.9
28,1,1.7034329,1,16,S,1.9
28,1,0.9795741,1,44,S,1.8
28,1,0.8739593,1,72,S,1.6
28,1,0.9477751,0,16,S,1.1
28,1,0.815997,1,100,S,1.1
28,1,1.1294579,0,44,S,0.9
28,1,1.5923882,1,16,S,2.1
28,1,1.558476,1,72,S,2.1
28,1,0.9919622,0,16,S,1.3
28,1,0.9135247,1,100,S,1.8
28,1,0.7950719,0,100,S,1.8
28,1,0.7159829,1,44,S,2.1
28,1,1.1785128,0,72,S,1.9
28,1,0.8904697,1,72,S,1.3
28,1,0.8398418,1,72,S,2.1
28,1,0.8501992,1,16,S,2.3
28,1,2.2129953,1,16,S,2.1
28,1,0.9410584,1,100,S,1.9
28,1,0.7095326,1,72,S,1.9
28,1,1.4979303,1,16,S,1.1
28,1,0.8605785,1,100,S,2.3
28,1,0.9777644,1,100,S,1.6
28,1,0.7124918,0,72,S,1.3
28,1,0.7010131,1,72,S,2.1
28,1,2.1234237,1,44,S,1.1
28,1,1.2000579,1,44,S,1.3
28,1,0.8529432,1,44,S,0.9
28,1,1.1335008,1,16,S,1.9
28,1,1.7039438,1,44,S,1.9
28,1,2.3332403,0,16,S,1.9
28,1,1.9022376,1,44,S,1.3
28,1,1.1279117,1,44,S,2.3
28,1,1.9525117,1,44,S,2.3
28,1,0.8272364,1,72,S,1.6
28,1,1.6994829,1,16,S,2.1
28,1,1.4840996,1,100,S,2.1
28,1,0.9139607,1,44,S,2.3
28,1,1.5513713,0,16,S,1.9
28,1,1.7884114,0,16,S,1.3
28,1,1.1755615,1,72,S,1.1
28,1,1.0447237,1,100,S,2.3
28,1,0.9324524,1,100,S,1.9
28,1,0.8772596,1,44,S,1.8
28,1,0.8812227,1,100,S,1.3
28,1,2.0096975,1,100,S,1.6
28,1,0.9922035,1,16,S,0.9
28,1,1.2290706,1,72,S,1.3
28,1,0.8823591,1,100,S,1.4
28,1,0.8176083,1,72,S,1.6
28,1,1.7995592,1,100,S,1.9
28,1,1.3112068,1,44,S,1.8
28,1,1.1010357,1,100,S,2.1
28,1,0.8168477,1,100,S,1.1
28,2,1.1896987,1,100,S,1.4
28,2,0.9380155,1,100,S,1.3
28,2,1.3781261,1,16,S,1.3
28,2,1.4020541,0,44,S,1.8
28,2,0.7429517,1,72,S,0.9
28,2,0.8166048,1,72,S,1.6
28,2,0.7289959,0,44,S,1.8
28,2,1.7782895,1,100,S,0.9
28,2,1.6161216,0,16,S,2.3
28,2,0.8943166,1,72,S,1.3
28,2,0.9747224,1,44,S,1.1
28,2,1.2638806,1,16,S,1.1
28,2,0.9345902,1,100,S,1.4
28,2,0.9816735,1,72,S,2.1
28,2,0.749051,1,72,S,0.9
28,2,1.074091,1,16,S,1.4
28,2,0.8110844,1,16,S,2.3
28,2,0.7439503,1,100,S,1.4
28,2,2.0848689,1,100,S,1.9
28,2,1.1609248,0,16,S,2.3
28,2,0.7450887,1,100,S,1.9
28,2,0.967384,1,44,S,2.1
28,2,0.5898268,1,100,S,2.3
28,2,0.5772542,1,72,S,1.8
28,2,0.6154749,1,72,S,2.1
28,2,1.5823629,1,100,S,1.8
28,2,0.6413187,1,72,S,1.9
28,2,1.1272152,1,16,S,1.3
28,2,1.595002,0,16,S,2.1
28,2,0.6479875,1,44,S,1.6
28,2,1.2970782,1,100,S,1.6
28,2,0.5395274,1,72,S,1.8
28,2,1.442001,1,16,S,1.4
28,2,0.7716772,1,100,S,1.4
28,2,1.2048852,1,100,S,1.6
28,2,1.2510618,1,16,S,2.3
28,2,0.5477707,1,44,S,1.6
28,2,0.7528776,1,72,S,0.9
28,2,1.4113771,1,72,S,1.1
28,2,0.6101291,1,72,S,1.1
28,2,0.8605136,1,44,S,2.3
28,2,1.5518667,1,16,S,2.1
28,2,1.1212498,0,44,S,1.8
28,2,1.3135297,0,16,S,1.8
28,2,0.9464182,1,100,S,2.1
28,2,0.5703763,1,72,S,1.4
28,2,1.1108584,1,100,S,2.3
28,2,1.0058946,1,16,S,1.1
28,2,0.488468,1,100,S,1.8
28,2,0.8873181,1,100,S,0.9
28,2,0.5882756,1,100,S,1.3
28,2,1.0457278,1,16,S,0.9
28,2,0.7305343,1,100,S,2.1
28,2,1.2549058,1,44,S,1.9
28,2,0.7586354,1,100,S,0.9
28,2,0.5424832,1,72,S,1.8
28,2,1.1287287,1,100,S,1.4
28,2,0.9737268,1,16,S,1.8
28,2,0.971155,1,16,S,1.9
28,2,0.6990006,1,16,S,1.9
28,2,0.6286167,1,100,S,1.1
28,2,0.6842043,1,72,S,1.6
28,2,1.2976408,0,16,S,1.3
28,2,1.0855101,0,44,S,1.4
28,2,1.1187904,1,16,S,1.8
28,2,0.583052,1,100,S,1.9
28,2,0.7390315,1,100,S,2.1
28,2,1.0387694,1,72,S,1.4
28,2,0.6889136,1,100,S,0.9
28,2,1.0252898,1,44,S,1.8
28,2,0.6078323,1,44,S,2.3
28,2,0.5411752,1,72,S,2.1
28,2,1.4075949,1,100,S,2.3
28,2,0.5752135,1,100,S,2.3
28,2,0.6715909,1,72,S,0.9
28,2,0.6214439,1,100,S,2.3
28,3,0.8263944,1,44,S,2.1
28,3,1.1610794,1,44,S,1.4
28,3,0.784638,1,100,S,1.8
28,3,0.9001272,0,16,S,2.3
28,3,0.8543813,1,44,S,1.3
28,3,1.2820176,1,72,S,2.3
28,3,0.5241956,1,100,S,1.4
28,3,0.6707904,1,72,S,1.4
28,3,0.6252179,1,44,S,1.1
28,3,0.7132023,1,100,S,0.9
28,3,0.7001785,1,44,S,1.3
28,3,1.6483398,0,16,S,2.3
28,3,1.0036982,0,44,S,1.3
28,3,0.6481949,1,72,S,1.1
28,3,0.6680276,1,72,S,0.9
28,3,1.3002326,1,72,S,1.1
28,3,0.7485071,1,100,S,1.6
28,3,0.5994771,1,100,S,0.9
28,3,0.6648243,1,100,S,1.8
28,3,0.5492876,1,100,S,2.3
28,3,1.5043139,1,16,S,0.9
28,3,1.0779267,0,72,S,1.9
28,3,0.5446318,1,100,S,1.4
28,3,0.5587935,1,100,S,2.1
28,3,0.5473992,1,100,S,2.3
28,3,0.5810254,1,44,S,1.8
28,3,0.844075,1,44,S,1.8
28,3,0.570825,1,16,S,1.8
28,3,0.9150378,1,44,S,2.1
28,3,1.1425268,1,16,S,1.6
28,3,1.0950428,1,44,S,1.8
28,3,0.7524322,1,44,S,0.9
28,3,0.592517,1,72,S,1.8
28,3,0.7304886,1,72,S,1.8
28,3,1.2285987,1,72,S,0.9
28,3,0.4070587,1,100,S,2.1
28,3,0.6163845,1,100,S,1.9
28,3,0.7024815,1,44,S,1.6
28,3,1.4580429,1,16,S,1.6
28,3,2.354629,1,100,S,0.9
28,3,0.5915841,1,72,S,1.4
28,3,0.72764,1,72,S,0.9
28,3,0.6287554,1,100,S,2.3
28,3,0.5944008,1,100,S,0.9
28,3,0.5321875,1,100,S,1.6
28,3,0.5229596,1,100,S,1.3
28,3,0.5297103,1,72,S,0.9
28,3,0.6746544,1,72,S,2.3
28,3,0.5103853,1,100,S,1.3
28,3,1.0542916,0,16,S,1.9
28,3,0.9320474,1,16,S,0.9
28,3,0.7501871,1,100,S,2.1
28,3,0.6210124,1,72,S,1.1
28,3,0.5587871,1,100,S,2.1
28,3,0.636255,1,100,S,1.1
28,3,0.4890207,1,100,S,1.4
28,3,0.9452659,1,44,S,1.6
28,3,0.6100673,1,72,S,0.9
28,3,0.547738,1,72,S,1.6
28,3,0.5189931,1,100,S,1.4
28,3,1.0032611,1,44,S,2.3
28,3,0.6682214,1,16,S,1.1
28,3,0.6841596,0,16,S,1.1
28,3,1.0823252,0,44,S,0.9
28,3,0.5325006,1,72,S,2.1
28,3,0.9486313,1,72,S,1.8
28,3,0.9168046,0,16,S,1.6
28,3,0.6791775,0,44,S,2.1
28,3,0.5756409,1,44,S,0.9
28,3,0.7183599,1,100,S,1.1
28,3,0.5926056,1,16,S,1.4
28,4,0.6760928,1,100,S,1.6
28,4,0.6879057,1,16,S,2.3
28,4,0.7199908,1,16,S,2.3
28,4,0.8158166,1,44,S,2.3
28,4,1.3855524,1,16,S,1.8
28,4,0.5347718,1,100,S,1.4
28,4,1.1565244,0,100,S,1.4
28,4,0.9223886,1,44,S,1.4
28,4,0.5373205,1,100,S,1.4
28,4,1.0381246,0,16,S,2.1
28,4,0.5191485,1,44,S,1.9
28,4,0.5376242,1,44,S,2.3
28,4,0.4985795,1,72,S,2.1
28,4,0.7906419,1,100,S,1.8
28,4,0.975446,1,16,S,1.1
28,4,0.7765378,1,100,S,1.3
28,4,0.5153193,1,100,S,0.9
28,4,0.6002242,1,100,S,1.8
28,4,0.6119408,1,100,S,1.8
28,4,0.6711527,1,72,S,1.9
28,4,0.9244915,1,44,S,1.1
28,4,0.9058787,0,16,S,1.8
28,4,1.3739,1,44,S,1.8
28,4,0.9284583,1,72,S,1.1
28,4,0.5142284,1,72,S,1.1
28,4,1.1677702,0,16,S,0.9
28,4,0.9131468,0,16,S,1.9
28,4,0.7922147,1,100,S,2.3
28,4,0.7245809,1,100,S,2.1
28,4,0.5979245,1,100,S,1.3
28,4,0.6820504,1,72,S,0.9
28,4,0.8407379,1,44,S,1.9
28,4,0.7046527,1,72,S,1.8
28,4,1.7782554,0,16,S,1.1
28,4,0.6356563,1,72,S,1.1
28,4,1.386392,0,16,S,1.6
28,4,0.6389715,1,44,S,1.8
28,4,0.963291,1,100,S,0.9
28,4,0.4994041,1,100,S,1.9
28,4,0.7862565,1,72,S,1.9
28,4,0.8232594,1,100,S,2.3
28,4,0.6151547,1,72,S,1.9
28,4,0.5065145,1,72,S,2.1
28,4,0.7230002,1,16,S,2.3
28,4,0.4994854,1,72,S,1.1
28,4,0.5318988,1,44,S,0.9
28,4,0.9165325,1,72,S,1.3
28,4,1.0235515,1,16,S,1.9
28,4,1.0263771,0,16,S,2.1
28,4,0.636172,1,100,S,1.1
28,4,0.4909973,1,72,S,1.1
28,4,1.2234163,0,16,S,1.9
28,4,1.8940061,0,16,S,1.1
28,4,0.6328705,1,72,S,0.9
28,4,1.1000368,1,72,S,1.3
28,4,0.6613411,1,100,S,2.3
28,4,0.6426767,1,72,S,1.9
28,4,1.0521979,1,16,S,2.1
28,4,0.7936638,1,72,S,1.6
28,4,1.9418439,1,16,S,1.1
28,4,1.1832672,1,44,S,2.1
28,4,1.1522146,1,44,S,0.9
28,4,1.1881895,0,16,S,1.3
28,4,1.1151785,0,16,S,0.9
28,4,1.1842786,0,16,S,1.4
28,4,0.609365,1,100,S,2.1
28,4,0.978606,0,100,S,1.4
28,4,0.7474409,1,44,S,1.1
28,4,0.7045475,1,72,S,1.9
28,4,0.5134772,1,100,S,1.9
28,4,0.8032048,1,100,S,2.3
28,4,1.5846018,1,16,S,2.3
28,4,1.1094576,0,44,S,1.1
29,1,0.4278954,1,44,S,1.9
29,1,0.4595672,1,16,S,1.1
29,1,0.7885255,1,44,S,1.9
29,1,0.3421242,1,100,S,1.3
29,1,0.5624272,1,100,S,0.9
29,1,0.9291411,1,16,S,1.9
29,1,0.5988118,1,100,S,2.3
29,1,0.670671,1,16,S,2.3
29,1,0.6606681,1,16,S,1.3
29,1,1.2896286,0,16,S,2.1
29,1,0.8322625,1,44,S,1.1
29,1,0.7308557,1,100,S,2.3
29,1,0.7885451,0,100,S,1.1
29,1,1.5414884,1,16,S,1.9
29,1,1.4161961,1,44,S,2.1
29,1,1.4445427,0,16,S,2.3
29,1,1.9143148,1,44,S,1.3
29,1,0.9275536,1,100,S,2.3
29,1,0.6752086,1,100,S,2.3
29,1,0.7218722,1,72,S,2.3
29,1,1.0085625,1,44,S,1.6
29,1,1.1969063,1,100,S,2.1
29,1,0.7713615,1,100,S,2.1
29,1,0.8603754,1,100,S,0.9
29,1,0.7763714,1,44,S,1.6
29,1,1.1436919,0,16,S,2.1
29,1,2.0726469,1,100,S,1.4
29,1,1.2104736,1,44,S,1.8
29,1,0.9597662,1,72,S,2.3
29,1,0.9277267,1,100,S,2.3
29,1,0.8726208,1,72,S,0.9
29,1,1.2657206,1,72,S,1.1
29,1,1.9541361,1,100,S,1.8
29,1,1.3341616,0,16,S,1.3
29,1,1.0769848,0,16,S,0.9
29,1,0.8246423,1,72,S,0.9
29,1,1.6071824,1,16,S,1.6
29,1,1.4194506,0,100,S,2.1
29,1,1.2911082,1,16,S,1.3
29,1,1.2515407,0,16,S,1.9
29,1,1.0512008,1,72,S,0.9
29,1,0.6611849,1,72,S,1.8
29,1,0.6853699,1,44,S,1.6
29,1,1.7243414,1,44,S,1.3
29,1,1.5582981,0,44,S,1.1
29,1,0.7731896,1,100,S,1.8
29,1,0.7066757,1,72,S,1.6
29,1,0.5732779,1,72,S,1.9
29,1,0.889091,1,100,S,2.1
29,1,0.6237694,1,72,S,1.1
29,1,0.753523,1,16,S,2.3
29,1,0.8219633,1,16,S,1.3
29,1,1.5441113,0,100,S,1.1
29,1,0.8916253,1,72,S,0.9
29,1,0.7267761,1,16,S,1.3
29,1,0.6474929,1,72,S,2.1
29,1,1.2837462,1,16,S,2.1
29,1,2.3792747,1,16,S,0.9
29,1,0.8706675,1,44,S,1.8
29,1,0.6708544,1,44,S,2.3
29,1,0.9512879,1,16,S,1.9
29,1,0.5762621,1,72,S,1.6
29,1,0.7061792,1,100,S,1.1
29,1,1.2443421,1,72,S,1.3
29,1,0.7954161,1,44,S,1.1
29,1,0.7867175,1,44,S,1.9
29,1,0.8779899,0,72,S,1.8
29,2,0.6034589,1,100,S,1.4
29,2,0.6645995,1,44,S,1.9
29,2,0.7912363,1,44,S,0.9
29,2,0.6287373,1,100,S,1.6
29,2,0.6373496,1,16,S,1.9
29,2,0.8058051,1,44,S,1.4
29,2,0.5772189,1,16,S,1.4
29,2,0.9949856,1,16,S,1.9
29,2,0.5955892,1,100,S,1.1
29,2,0.5590167,1,72,S,1.3
29,2,0.6043312,1,16,S,1.8
29,2,0.684422,1,16,S,1.6
29,2,1.0834821,1,16,S,1.8
29,2,0.8326032,1,44,S,2.3
29,2,0.7058407,1,100,S,0.9
29,2,0.7165801,1,100,S,1.9
29,2,0.6312967,1,44,S,2.1
29,2,0.713389,1,72,S,1.6
29,2,0.5441639,1,100,S,0.9
29,2,0.911959,0,16,S,1.4
29,2,1.1522408,1,44,S,1.6
29,2,0.754386,1,72,S,1.4
29,2,0.7097123,1,72,S,1.1
29,2,0.961206,1,44,S,1.8
29,2,0.5758491,1,72,S,1.1
29,2,0.614744,1,72,S,1.4
29,2,1.2400105,1,16,S,1.3
29,2,0.6726306,1,72,S,1.9
29,2,0.993738,1,16,S,1.3
29,2,1.1937348,0,44,S,1.6
29,2,0.9866784,1,44,S,1.6
29,2,0.5780404,1,100,S,0.9
29,2,0.7190117,1,44,S,2.3
29,2,0.7187667,1,100,S,1.1
29,2,0.5624568,1,72,S,0.9
29,2,0.9362735,0,16,S,1.1
29,2,1.0991168,1,72,S,1.4
29,2,0.824374,0,16,S,1.3
29,2,0.8208681,1,16,S,1.4
29,2,0.876286,1,16,S,1.9
29,2,0.9300651,1,44,S,2.3
29,2,0.6891652,1,100,S,1.3
29,2,0.6764064,0,16,S,0.9
29,2,0.5640635,1,100,S,2.1
29,2,0.9423914,1,16,S,1.9
29,2,0.512922,1,44,S,2.1
29,2,0.6950778,0,16,S,1.6
29,2,0.5990566,1,44,S,2.3
29,2,0.6054871,1,72,S,1.4
29,2,0.5570994,1,100,S,1.6
29,2,0.8793745,1,100,S,1.1
29,2,0.7021781,1,44,S,1.8
29,2,0.7594941,1,44,S,1.8
29,2,0.904331,1,100,S,1.3
29,2,0.6952412,1,44,S,1.3
29,2,0.7878504,1,44,S,2.1
29,2,1.4386443,0,16,S,0.9
29,2,0.8760154,1,16,S,1.4
29,2,0.9177039,0,16,S,1.4
29,2,0.7452346,1,100,S,1.9
29,2,0.7292416,1,100,S,1.6
29,2,1.1244486,1,72,S,1.6
29,2,1.1721791,0,44,S,2.3
29,2,0.9388237,1,16,S,1.6
29,2,0.7027894,1,100,S,1.9
29,2,1.4842429,0,16,S,2.1
29,2,0.6194627,1,72,S,1.1
29,2,1.0195492,1,44,S,2.1
29,2,0.6059418,1,44,S,2.1
29,2,0.5390372,1,100,S,1.3
29,2,1.1434879,1,16,S,2.3
29,2,1.0744451,1,44,S,1.4
29,2,0.6857921,1,100,S,1.1
29,3,0.9491874,1,16,S,0.9
29,3,0.8082371,1,72,S,1.8
29,3,0.6381721,1,100,S,1.4
29,3,0.7910223,0,16,S,1.1
29,3,0.5411349,1,100,S,2.1
29,3,0.4910922,1,72,S,1.1
29,3,0.6015878,1,100,S,1.1
29,3,1.0154515,0,16,S,0.9
29,3,1.083552,1,44,S,1.9
29,3,0.6218311,1,72,S,1.3
29,3,0.7221958,1,16,S,1.4
29,3,0.6482312,1,100,S,2.3
29,3,0.9267462,1,16,S,2.3
29,3,0.5756443,1,44,S,1.3
29,3,0.523977,1,100,S,1.9
29,3,0.5483176,1,44,S,1.4
29,3,0.6133816,1,44,S,2.1
29,3,0.8434644,1,16,S,1.6
29,3,0.6581848,1,72,S,1.9
29,3,0.7913241,1,44,S,0.9
29,3,0.6211189,1,16,S,2.3
29,3,0.5461726,1,72,S,2.1
29,3,0.5693397,1,100,S,2.3
29,3,0.6472731,1,100,S,2.1
29,3,0.6105442,1,44,S,0.9
29,3,0.5810765,1,44,S,1.3
29,3,0.5780937,1,44,S,1.4
29,3,0.6160047,1,16,S,1.8
29,3,0.6818624,1,100,S,0.9
29,3,1.1004831,0,72,S,1.1
29,3,1.0799447,1,44,S,2.1
29,3,0.5017677,1,72,S,2.3
29,3,0.5192658,1,72,S,1.3
29,3,0.5801528,1,44,S,1.4
29,3,0.5431375,1,72,S,1.8
29,3,0.5482407,1,72,S,2.1
29,3,0.6175083,1,44,S,1.6
29,3,0.533556,1,100,S,1.8
29,3,0.7054667,1,100,S,1.6
29,3,0.847434,1,44,S,1.4
29,3,0.7838525,1,44,S,1.1
29,3,0.5524588,1,72,S,0.9
29,3,0.4776336,1,72,S,0.9
29,3,0.6099646,1,72,S,1.3
29,3,0.6414074,1,44,S,1.6
29,3,0.6473586,1,44,S,2.1
29,3,1.0094245,0,16,S,2.1
29,3,0.8653346,1,16,S,2.3
29,3,0.5985012,1,44,S,1.6
29,3,0.7228506,1,16,S,1.8
29,3,1.226765,0,44,S,2.3
29,3,0.7176034,1,72,S,1.1
29,3,0.9142864,1,100,S,1.3
29,3,0.6725848,1,44,S,1.4
29,3,1.1280247,1,44,S,2.3
29,3,0.5765283,1,72,S,1.3
29,3,0.637651,1,44,S,2.3
29,3,0.590044,1,100,S,2.3
29,3,1.2138166,0,72,S,1.9
29,3,0.5954687,1,100,S,1.3
29,3,0.9975817,1,16,S,1.6
29,3,1.4571563,0,44,S,1.9
29,3,0.8864353,1,100,S,1.1
29,3,0.6508336,1,100,S,1.8
29,3,0.7122885,1,100,S,2.1
29,3,1.011187,1,44,S,2.3
29,3,0.7871061,0,44,S,2.1
29,3,0.671383,1,72,S,2.1
29,3,0.6437373,1,16,S,1.6
29,3,0.5361904,1,100,S,1.9
29,3,0.6734319,1,16,S,2.1
29,3,0.6758782,1,72,S,2.3
29,3,0.6205929,1,44,S,1.9
29,3,0.7549927,1,16,S,1.4
29,3,0.97902,0,16,S,2.1
29,3,1.018306,1,44,S,1.8
29,3,0.5486578,1,72,S,1.1
29,3,0.6393819,1,16,S,2.3
29,3,0.7054386,1,100,S,1.9
29,3,0.9858612,0,16,S,2.3
29,3,0.8862435,1,100,S,0.9
29,4,0.8825743,1,16,S,1.4
29,4,0.5174343,1,72,S,1.1
29,4,0.628015,1,72,S,1.9
29,4,0.4991183,1,72,S,1.6
29,4,0.5277639,1,100,S,0.9
29,4,0.5101899,1,16,S,1.3
29,4,0.632863,1,72,S,0.9
29,4,0.5355487,1,44,S,1.8
29,4,0.6763981,0,16,S,2.1
29,4,0.4388876,1,100,S,1.9
29,4,0.5940339,1,16,S,1.9
29,4,0.4324107,1,44,S,2.1
29,4,0.5635978,1,44,S,1.3
29,4,0.4891674,1,100,S,1.9
29,4,0.5838035,1,72,S,1.4
29,4,0.6379773,1,100,S,2.3
29,4,0.6664853,1,44,S,1.4
29,4,0.4717736,1,16,S,1.9
29,4,0.4227515,1,100,S,1.8
29,4,0.5464367,1,44,S,1.4
29,4,0.6826246,1,16,S,2.1
29,4,0.5785339,1,100,S,1.4
29,4,0.5788569,1,44,S,0.9
29,4,0.4427773,0,44,S,2.3
29,4,0.4230353,1,100,S,1.8
29,4,0.7249107,1,16,S,1.3
29,4,0.718775,1,72,S,1.3
29,4,0.7785636,0,16,S,1.3
29,4,0.5990197,1,100,S,1.4
29,4,0.5653194,1,44,S,1.4
29,4,0.5543433,1,72,S,1.6
29,4,0.6072395,1,16,S,0.9
29,4,0.480275,1,44,S,2.3
29,4,0.7523436,1,16,S,1.4
29,4,1.3343551,1,44,S,1.3
29,4,0.8629601,0,16,S,1.9
29,4,1.3136422,1,16,S,1.1
29,4,0.9649171,1,44,S,2.3
29,4,0.7044652,1,100,S,1.9
29,4,0.5838222,1,100,S,2.3
29,4,1.0170588,1,72,S,1.1
29,4,0.8359818,0,16,S,1.1
29,4,0.9562187,0,16,S,1.4
29,4,1.0809856,1,16,S,1.4
29,4,0.6436398,1,72,S,1.1
29,4,0.6246907,1,16,S,1.6
29,4,0.483086,1,44,S,1.9
29,4,0.8427311,0,16,S,1.8
29,4,0.792583,1,16,S,1.8
29,4,0.6639865,1,44,S,1.9
29,4,0.7688071,1,44,S,1.9
29,4,0.6812188,1,16,S,1.6
29,4,0.5551176,1,16,S,2.3
29,4,0.721721,1,44,S,1.4
29,4,0.6264394,1,100,S,1.6
29,4,0.6767137,1,100,S,1.1
29,4,0.6084204,1,16,S,1.4
29,4,1.4421171,1,44,S,1.4
29,4,0.500802,1,72,S,1.4
29,4,0.4486603,1,44,S,1.4
29,4,0.5776,1,100,S,1.6
29,4,0.4677353,1,100,S,1.1
29,4,0.6130393,1,44,S,1.3
29,4,0.593663,1,100,S,0.9
29,4,0.9213754,1,16,S,1.9
29,4,0.5946582,1,44,S,2.3
29,4,0.5435912,1,72,S,2.3
29,4,0.4164001,1,100,S,1.1
29,4,0.4766252,1,72,S,1.6
29,4,0.6934217,1,44,S,0.9
29,4,0.8722888,1,72,S,0.9
29,4,0.515571,1,72,S,1.6
29,4,0.6351807,1,72,S,0.9
29,4,0.5986246,1,72,S,1.6
30,1,1.9714133,1,44,S,1.6
30,1,0.5509683,1,100,S,1.8
30,1,0.718181,1,44,S,1.3
30,1,0.8293502,1,72,S,0.9
30,1,1.4674541,0,16,S,0.9
30,1,0.4524194,1,72,S,1.8
30,1,0.5306453,1,72,S,1.4
30,1,1.4671301,0,16,S,1.6
30,1,0.5667356,1,72,S,1.9
30,1,0.4610939,1,44,S,1.3
30,1,1.501182,0,44,S,2.3
30,1,0.8094577,1,44,S,2.3
30,1,0.7727098,1,16,S,1.9
30,1,1.836008,1,16,S,1.8
30,1,0.7718685,1,100,S,1.6
30,1,0.4552648,1,100,S,2.3
30,1,1.1666951,1,44,S,2.3
30,1,0.6764661,1,44,S,1.1
30,1,0.5533338,1,44,S,1.1
30,1,0.8261293,1,72,S,1.3
30,1,0.7997928,1,44,S,1.8
30,1,1.0382115,1,44,S,1.8
30,1,0.6791625,1,44,S,1.3
30,1,0.6817501,1,44,S,1.9
30,1,0.7404407,1,100,S,1.3
30,1,0.8636245,1,72,S,1.3
30,1,0.8648156,1,100,S,1.6
30,1,0.5963523,1,72,S,2.3
30,1,0.7322146,1,100,S,2.3
30,1,1.6196645,0,16,S,1.1
30,1,0.66566,1,72,S,2.3
30,1,0.715211,1,44,S,2.3
30,1,0.5152869,1,100,S,2.3
30,1,1.3144782,0,16,S,1.6
30,1,2.055487,0,100,S,0.9
30,1,0.7295005,1,100,S,2.1
30,1,0.4991312,1,100,S,1.3
30,1,1.8529042,0,16,S,2.1
30,1,0.8183409,1,100,S,1.6
30,1,0.7422836,1,44,S,1.8
30,1,0.6198595,1,72,S,2.3
30,1,0.7186467,1,100,S,2.3
30,1,2.3625666,1,16,S,0.9
30,1,1.4031682,0,72,S,1.6
30,1,1.2012159,1,16,S,2.1
30,1,0.72062,1,72,S,1.6
30,1,0.7831953,1,44,S,1.6
30,1,0.7733386,1,72,S,0.9
30,1,0.7217259,1,72,S,1.8
30,1,1.7039802,1,16,S,1.9
30,1,0.8290374,1,72,S,0.9
30,1,1.4010256,0,44,S,1.3
30,1,0.7157881,1,72,S,1.9
30,1,1.1985205,1,100,S,1.8
30,1,0.6553817,1,100,S,1.8
30,1,0.6371064,1,100,S,1.1
30,1,0.7853494,1,72,S,1.4
30,1,0.7490185,1,44,S,2.1
30,1,0.5959812,1,72,S,1.6
30,1,1.2365509,0,72,S,1.3
30,1,0.7144444,1,44,S,1.1
30,1,0.6195629,1,72,S,1.8
30,1,0.6288578,1,44,S,0.9
30,1,0.7292865,1,100,S,1.1
30,1,2.0050427,0,16,S,1.1
30,1,0.591854,1,100,S,2.3
30,1,1.4704723,0,16,S,2.1
30,1,0.6999078,1,100,S,0.9
30,1,1.6035496,1,16,S,1.6
30,1,0.8853654,1,100,S,1.4
30,2,0.5109825,1,72,S,1.8
30,2,0.5396436,1,100,S,1.1
30,2,0.4897535,1,100,S,2.3
30,2,1.1110681,1,16,S,2.1
30,2,0.5578322,1,44,S,1.8
30,2,0.6670244,1,44,S,2.3
30,2,1.4176945,1,16,S,1.4
30,2,0.4899153,1,72,S,2.3
30,2,0.8285145,1,44,S,1.4
30,2,0.9712939,1,16,S,2.1
30,2,0.4560206,1,72,S,1.8
30,2,0.7383929,1,16,S,2.1
30,2,0.5982437,1,100,S,1.1
30,2,0.6513808,1,100,S,1.6
30,2,0.6352304,1,100,S,1.9
30,2,0.8689462,1,44,S,1.8
30,2,0.4212418,1,44,S,2.3
30,2,0.3980037,1,100,S,1.4
30,2,0.6057772,1,72,S,1.1
30,2,0.5739575,1,72,S,1.8
30,2,0.7170289,0,16,S,1.3
30,2,0.55026,1,44,S,1.9
30,2,0.6638053,1,44,S,1.4
30,2,1.683471,0,16,S,1.1
30,2,0.6631705,1,44,S,1.9
30,2,0.5058542,1,72,S,2.3
30,2,0.4401278,1,100,S,1.1
30,2,0.5689142,1,72,S,2.1
30,2,0.8700884,1,16,S,1.9
30,2,0.6676064,1,100,S,1.3
30,2,0.7822863,1,44,S,1.8
30,2,0.6131497,1,44,S,1.8
30,2,0.6737425,1,16,S,1.3
30,2,0.491402,1,16,S,1.9
30,2,0.5706527,1,16,S,1.8
30,2,0.528981,1,72,S,0.9
30,2,0.4342872,1,72,S,1.6
30,2,0.6379181,1,100,S,1.1
30,2,1.2741673,0,16,S,1.9
30,2,1.7557229,1,16,S,2.1
30,2,0.5723501,1,72,S,2.1
30,2,0.5854518,1,100,S,0.9
30,2,0.6316052,1,100,S,1.3
30,2,1.5222045,0,44,S,1.9
30,2,0.7631878,1,16,S,2.1
30,2,0.6752426,1,44,S,1.6
30,2,0.6511128,1,72,S,1.9
30,2,0.5177361,1,72,S,1.8
30,2,2.0660883,1,72,S,1.4
30,2,0.5918565,1,100,S,1.6
30,2,0.7215225,1,100,S,2.3
30,2,1.2438338,0,72,S,1.8
30,2,0.6414481,1,100,S,2.3
30,2,0.5621108,1,44,S,2.3
30,2,1.9782633,0,72,S,2.3
30,2,0.7195761,1,100,S,1.4
30,2,0.6676347,1,44,S,0.9
30,2,1.418657,0,44,S,1.9
30,2,0.7097688,1,100,S,1.6
30,2,1.8273115,1,44,S,1.8
30,2,0.5540767,1,100,S,1.6
30,2,0.6293916,1,44,S,1.1
30,2,0.6545024,1,72,S,1.8
30,2,0.422093,1,100,S,2.3
30,2,1.6384662,0,16,S,1.6
30,2,0.7567107,0,44,S,1.9
30,2,0.4868967,1,72,S,2.1
30,3,0.7196386,1,72,S,1.1
30,3,1.6798534,0,16,S,1.1
30,3,0.6168861,1,72,S,1.9
30,3,0.5365381,1,100,S,1.1
30,3,0.6304501,1,44,S,1.3
30,3,0.8543658,1,16,S,1.3
30,3,0.8503951,0,16,S,0.9
30,3,0.442509,1,100,S,1.8
30,3,1.2958731,1,72,S,1.1
30,3,0.5085821,1,72,S,2.3
30,3,2.3660554,0,72,S,2.3
30,3,1.7223449,0,44,S,1.3
30,3,0.8635159,1,44,S,2.1
30,3,0.5691881,1,72,S,1.6
30,3,1.2282007,0,16,S,2.3
30,3,0.5593087,1,100,S,1.6
30,3,0.7151924,1,44,S,1.3
30,3,1.2910036,1,16,S,2.1
30,3,0.7340878,1,44,S,1.6
30,3,0.9347889,0,16,S,2.3
30,3,0.8765948,0,16,S,0.9
30,3,0.5363829,1,72,S,1.3
30,3,1.7932391,1,16,S,2.3
30,3,0.8492233,1,44,S,1.1
30,3,0.6813893,1,100,S,1.9
30,3,1.9617578,0,44,S,0.9
30,3,0.4425103,1,100,S,2.3
30,3,0.715739,1,72,S,1.6
30,3,1.1667105,0,72,S,1.4
30,3,0.6083086,1,72,S,2.1
30,3,0.5921905,1,72,S,1.6
30,3,0.5562725,1,72,S,2.3
30,3,0.5174591,1,72,S,0.9
30,3,0.3364673,1,100,S,2.1
30,3,0.7897919,1,16,S,1.9
30,3,0.7189991,1,44,S,1.9
30,3,1.2391919,1,16,S,1.3
30,3,0.645909,1,16,S,1.3
30,3,0.7013725,1,16,S,1.1
30,3,0.4988969,1,100,S,1.3
30,3,1.2282527,0,16,S,2.1
30,3,0.7048531,1,44,S,1.1
30,3,0.6400316,1,16,S,1.1
30,3,0.7284326,1,72,S,2.1
30,3,0.650525,1,100,S,1.8
30,3,0.6485559,1,100,S,1.1
30,3,0.4893873,1,100,S,2.3
30,3,0.6544134,1,16,S,0.9
30,3,0.6604747,1,100,S,1.9
30,3,1.4240988,1,72,S,1.6
30,3,2.3183735,1,16,S,0.9
30,3,0.8113624,1,100,S,1.9
30,3,0.6569667,1,44,S,1.8
30,3,1.214802,0,44,S,1.9
30,3,0.6562824,1,44,S,2.1
30,3,0.4661588,1,100,S,1.1
30,3,0.4296153,1,72,S,1.1
30,3,0.8246337,1,100,S,1.8
30,3,0.6185593,1,72,S,1.1
30,3,0.6942818,1,72,S,0.9
30,3,0.4662168,1,44,S,1.8
30,3,0.5906776,1,44,S,2.3
30,3,0.6477206,1,100,S,1.6
30,3,1.7678869,0,16,S,1.8
30,3,0.4547923,1,72,S,1.9
30,3,1.0969629,1,72,S,0.9
30,3,1.089343,0,16,S,2.3
30,3,0.6712577,0,44,S,0.9
30,3,0.8671728,1,44,S,1.3
30,3,1.4510805,1,44,S,0.9
30,3,0.6919382,1,72,S,2.3
30,3,0.5434066,1,100,S,1.1
30,3,0.4742676,1,72,S,1.6
30,3,0.4383134,1,44,S,2.3
30,3,0.4274519,1,72,S,1.8
30,4,0.8389996,1,44,S,1.1
30,4,0.6209742,1,44,S,0.9
30,4,1.3091627,1,44,S,1.8
30,4,0.5105785,1,44,S,1.4
30,4,0.3960392,1,16,S,1.4
30,4,0.6596068,1,44,S,1.3
30,4,0.5359366,1,44,S,2.3
30,4,0.3775855,1,100,S,1.8
30,4,0.6559524,1,44,S,1.4
30,4,0.3960019,1,100,S,1.9
30,4,0.5925904,1,44,S,1.9
30,4,0.5912799,1,16,S,1.8
30,4,0.4678082,1,72,S,1.8
30,4,0.8772115,1,100,S,1.1
30,4,0.296395,1,100,S,2.3
30,4,0.4121372,1,72,S,2.3
30,4,0.7292789,1,16,S,1.6
30,4,0.5350804,1,16,S,1.8
30,4,0.9337969,1,72,S,1.8
30,4,0.4102626,1,100,S,1.1
30,4,0.70546,1,100,S,0.9
30,4,0.7873814,1,100,S,2.3
30,4,0.561636,1,100,S,1.9
30,4,0.6190164,1,44,S,1.9
30,4,1.145808,1,44,S,1.3
30,4,0.5945188,1,100,S,1.8
30,4,0.400804,1,72,S,1.3
30,4,0.3994648,1,16,S,1.3
30,4,0.7977979,1,100,S,1.8
30,4,0.4213734,1,72,S,2.3
30,4,0.5604218,1,16,S,1.1
30,4,1.0818457,1,44,S,2.3
30,4,2.0992938,1,44,S,1.3
30,4,0.6729486,1,100,S,1.8
30,4,0.5078019,1,16,S,0.9
30,4,0.578602,1,72,S,1.9
30,4,0.3008448,1,100,S,1.1
30,4,0.3966032,1,100,S,1.4
30,4,0.3301383,1,16,S,1.4
30,4,1.9096304,1,16,S,2.1
30,4,0.3837513,1,100,S,1.1
30,4,0.6210085,1,100,S,0.9
30,4,2.2136611,0,16,S,0.9
30,4,0.4901382,1,72,S,2.1
30,4,0.4797533,1,100,S,1.4
30,4,0.2474803,1,100,S,1.1
30,4,1.5798671,1,16,S,2.1
30,4,0.3420409,1,72,S,1.8
30,4,0.4368738,1,100,S,1.8
30,4,0.9051059,1,100,S,1.8
30,4,0.997328,1,16,S,1.9
30,4,0.5542073,1,72,S,1.8
30,4,0.3311928,1,100,S,1.8
30,4,1.0765591,0,16,S,1.3
30,4,0.9161673,1,16,S,2.3
30,4,0.4358118,1,44,S,1.8
30,4,0.6628019,1,72,S,1.1
30,4,0.7232665,1,16,S,1.3
30,4,1.1605071,1,16,S,2.1
30,4,0.5605997,1,100,S,1.4
30,4,0.3818545,1,44,S,1.1
30,4,1.1225442,1,44,S,1.1
30,4,0.7179334,1,72,S,2.1
30,4,0.5333682,1,100,S,2.3
30,4,0.788406,1,16,S,0.9
30,4,0.5192689,1,100,S,1.3
30,4,0.5586787,1,100,S,1.6
30,4,0.5253079,1,100,S,1.6
30,4,0.4903476,1,44,S,1.9
30,4,1.1626581,0,16,S,2.3
30,4,0.7134128,1,16,S,1.9
31,1,0.8902385,1,100,S,1.1
31,1,2.3341401,1,72,S,1.8
31,1,2.1093221,1,16,S,1.1
31,1,1.8043039,1,72,S,0.9
31,1,1.7882898,0,16,S,2.1
31,1,1.2186607,0,72,S,1.6
31,1,1.7982953,1,100,S,1.6
31,1,1.1209042,0,44,S,2.3
31,1,2.3528313,0,16,S,1.3
31,1,1.3381005,0,72,S,1.1
31,1,0.6685003,1,100,S,1.6
31,1,1.8421731,0,16,S,1.8
31,1,1.1563361,1,72,S,1.1
31,1,1.0409809,1,100,S,1.3
31,1,1.5589327,0,16,S,1.9
31,1,1.0848002,0,16,S,1.9
31,1,0.8316468,1,16,S,1.1
31,1,1.8701246,1,16,S,1.3
31,1,1.069243,1,44,S,1.4
31,1,0.8264735,1,44,S,1.4
31,1,0.854845,0,16,S,2.1
31,1,1.6427468,1,16,S,2.3
31,1,1.8302764,1,16,S,1.3
31,1,0.8673027,1,100,S,0.9
31,1,1.6189509,1,44,S,1.6
31,1,2.1028622,0,16,S,0.9
31,1,0.6193419,1,100,S,2.1
31,1,1.8553706,0,100,S,1.9
31,1,0.8019453,0,72,S,1.9
31,1,0.9590148,0,16,S,2.1
31,1,1.4605994,0,72,S,1.1
31,1,0.7564244,1,100,S,1.4
31,1,2.095429,0,16,S,1.6
31,1,0.7430266,1,100,S,1.4
31,1,1.4252572,1,100,S,2.3
31,1,0.7126684,1,100,S,1.3
31,1,1.0953229,1,100,S,1.4
31,1,1.1412623,1,44,S,0.9
31,1,1.0740325,1,100,S,2.1
31,1,1.260038,1,72,S,1.3
31,1,0.789361,1,72,S,2.1
31,1,1.7826754,1,16,S,2.1
31,1,0.7772553,1,100,S,1.8
31,1,0.6143755,1,72,S,1.6
31,1,0.7953055,1,100,S,1.3
31,1,1.0451518,0,16,S,1.9
31,1,1.4877037,1,44,S,0.9
31,1,1.3842602,0,16,S,0.9
31,1,1.6122373,0,44,S,1.8
31,1,2.0302357,1,44,S,2.3
31,1,0.5996068,1,100,S,2.3
31,1,0.6594833,1,100,S,1.8
31,1,0.5712563,1,100,S,2.3
31,1,1.0303622,0,44,S,1.3
31,1,1.5914342,1,44,S,2.3
31,1,0.8013859,1,100,S,0.9
31,1,1.0940979,1,44,S,2.1
31,1,0.6318335,1,100,S,1.8
31,1,1.45162,1,16,S,1.4
31,1,1.2555275,0,16,S,1.9
31,1,1.2513226,1,16,S,1.8
31,1,1.4758486,0,44,S,1.8
31,1,1.380244,1,44,S,1.4
31,1,0.8636796,1,16,S,1.4
31,1,1.6839511,0,16,S,1.8
31,1,1.0469995,1,100,S,0.9
31,1,0.6205878,1,100,S,0.9
31,1,1.2638328,0,44,S,1.6
31,1,0.9184355,0,44,S,2.1
31,1,0.5228111,1,100,S,1.6
31,1,1.6069964,1,16,S,1.3
31,1,0.6732053,1,100,S,2.1
31,2,1.0889184,1,16,S,1.9
31,2,1.0656517,1,100,S,1.9
31,2,1.4625236,0,72,S,1.1
31,2,0.6282111,1,72,S,1.1
31,2,0.9572705,1,100,S,1.6
31,2,1.1322733,1,100,S,1.3
31,2,1.4684828,1,100,S,1.4
31,2,1.7504997,0,100,S,1.1
31,2,0.7734446,1,16,S,1.9
31,2,0.5289354,1,100,S,1.3
31,2,0.642508,1,72,S,1.9
31,2,1.1714003,1,44,S,0.9
31,2,1.593085,1,16,S,2.1
31,2,1.3833351,1,16,S,1.3
31,2,0.8660663,1,44,S,2.3
31,2,0.6471418,1,44,S,1.4
31,2,0.776596,1,100,S,1.6
31,2,0.9895447,1,44,S,2.1
31,2,1.7240981,0,44,S,1.1
31,2,0.5904981,1,100,S,1.9
31,2,0.4427576,1,100,S,1.8
31,2,1.6016929,0,16,S,2.1
31,2,1.9990806,0,44,S,2.1
31,2,1.6532384,0,100,S,0.9
31,2,1.1237337,0,44,S,1.4
31,2,0.9241068,1,72,S,1.8
31,2,0.9611373,1,100,S,1.1
31,2,1.4449309,1,44,S,1.1
31,2,1.4207433,0,44,S,1.8
31,2,1.2804848,1,16,S,0.9
31,2,0.6802256,1,16,S,1.9
31,2,0.6021211,1,72,S,2.3
31,2,1.9365651,1,16,S,1.8
31,2,1.1091073,1,16,S,1.3
31,2,0.8479798,1,16,S,2.1
31,2,2.0095387,0,72,S,1.4
31,2,1.7351221,0,44,S,1.3
31,2,1.151445,1,44,S,2.1
31,2,0.8891194,1,100,S,1.9
31,2,1.5995089,0,72,S,1.3
31,2,1.2008472,0,16,S,1.8
31,2,1.7168967,1,44,S,1.6
31,2,0.6952606,1,72,S,2.3
31,2,1.6190449,1,44,S,2.1
31,2,0.8590089,0,72,S,1.8
31,2,1.3108155,1,100,S,2.3
31,2,1.1661459,0,44,S,1.1
31,2,0.7066944,1,72,S,1.1
31,2,0.8534952,0,44,S,1.9
31,2,1.3351099,0,100,S,1.1
31,2,0.9336722,1,100,S,1.1
31,2,1.1870775,1,100,S,1.6
31,2,1.3336693,0,16,S,0.9
31,2,0.7248329,1,100,S,1.1
31,2,0.9157834,0,100,S,2.1
31,2,1.5871044,0,100,S,2.1
31,2,1.7566131,1,44,S,2.1
31,2,0.9899715,0,44,S,0.9
31,2,1.1248246,0,44,S,1.6
31,2,1.0676361,1,44,S,2.3
31,2,0.6724522,1,100,S,1.4
31,2,1.388932,1,16,S,1.3
31,2,1.1339619,1,16,S,2.3
31,2,0.7806083,1,100,S,1.6
31,2,0.9493778,0,16,S,1.4
31,2,1.2624953,1,16,S,1.4
31,2,0.600972,1,16,S,2.1
31,2,1.000814,1,100,S,2.1
31,2,1.1484567,1,100,S,1.3
31,2,0.6431127,1,100,S,1.4
31,2,1.1091332,1,100,S,1.8
31,2,1.5009275,1,100,S,0.9
31,2,1.0582072,1,16,S,1.9
31,2,1.7117141,1,16,S,1.8
31,2,0.9212635,0,44,S,1.6
31,3,1.4247529,0,44,S,2.1
31,3,0.7824593,1,44,S,1.4
31,3,1.2946935,1,16,S,1.1
31,3,0.908982,1,100,S,2.1
31,3,1.3373413,0,72,S,1.9
31,3,0.7516783,1,72,S,1.1
31,3,1.2363462,0,100,S,1.3
31,3,1.08366,1,16,S,1.8
31,3,1.630712,0,16,S,1.4
31,3,1.0494181,1,100,S,1.8
31,3,1.1658788,1,100,S,0.9
31,3,0.9132521,1,44,S,1.4
31,3,1.338796,0,16,S,1.8
31,3,1.2895615,1,16,S,1.8
31,3,0.7020868,1,100,S,2.3
31,3,0.6341297,1,100,S,1.8
31,3,0.661597,1,44,S,1.8
31,3,2.2780578,0,16,S,1.1
31,3,1.3076503,0,44,S,1.4
31,3,0.8369855,1,100,S,1.3
31,3,0.7726236,1,44,S,2.1
31,3,0.8774949,1,44,S,2.1
31,3,0.4765496,1,100,S,1.1
31,3,0.7727887,0,44,S,1.1
31,3,0.6944547,1,16,S,1.3
31,3,0.9823407,1,44,S,1.8
31,3,1.6781762,1,16,S,1.4
31,3,0.9563822,1,44,S,1.6
31,3,1.2654336,1,72,S,1.9
31,3,1.1296052,1,16,S,1.9
31,3,1.3665997,0,16,S,1.6
31,3,0.784396,1,100,S,1.6
31,3,1.262107,0,16,S,1.4
31,3,1.3247125,1,100,S,1.4
31,3,1.0411077,1,100,S,1.1
31,3,0.8100225,1,100,S,1.9
31,3,1.4196659,1,72,S,1.9
31,3,0.5384718,1,16,S,1.8
31,3,1.0034048,1,44,S,1.6
31,3,0.9374586,1,72,S,1.3
31,3,1.2395182,1,72,S,2.3
31,3,1.0165963,0,16,S,1.3
31,3,0.8873042,1,72,S,2.1
31,3,1.825127,1,44,S,1.1
31,3,1.0213075,0,44,S,1.8
31,3,1.2951806,0,16,S,1.4
31,3,0.8197656,1,72,S,0.9
31,3,1.0282291,1,16,S,1.3
31,3,0.826215,1,44,S,2.3
31,3,1.034942,1,44,S,2.1
31,3,1.780217,1,16,S,1.1
31,3,0.858774,0,72,S,1.3
31,3,1.9214954,1,44,S,1.1
31,3,0.742564,0,16,S,1.8
31,3,0.8473496,1,44,S,1.3
31,3,0.7399374,1,72,S,1.9
31,3,0.7229677,1,44,S,1.4
31,3,0.6329482,1,100,S,2.3
31,3,0.7140132,1,72,S,1.1
31,3,0.6950626,1,72,S,1.1
31,3,0.8199316,1,100,S,1.3
31,3,1.2751382,0,44,S,2.3
31,3,1.106182,1,44,S,2.3
31,3,1.1331631,1,16,S,1.3
31,3,0.5293166,1,44,S,2.1
31,3,1.0773292,1,16,S,1.8
31,3,1.0075277,0,100,S,1.9
31,3,0.6884218,1,100,S,1.9
31,3,1.4478297,0,100,S,1.3
31,3,0.7312555,1,44,S,0.9
31,3,0.7971145,1,44,S,1.3
31,3,1.198865,0,72,S,1.9
31,3,0.9133137,1,16,S,1.3
31,3,0.7278013,1,72,S,1.8
31,3,0.8424299,1,100,S,0.9
31,4,1.7460549,0,16,S,1.3
31,4,1.7005391,1,100,S,1.6
31,4,1.2167552,1,16,S,1.1
31,4,0.9031495,0,44,S,0.9
31,4,0.5209579,1,100,S,2.3
31,4,0.6095228,1,72,S,1.9
31,4,0.6061522,1,72,S,1.3
31,4,0.9796259,1,16,S,2.3
31,4,1.1198888,1,72,S,2.3
31,4,1.1253905,1,16,S,1.6
31,4,1.7184233,1,72,S,1.8
31,4,1.1184704,0,44,S,1.6
31,4,0.6513943,1,100,S,1.4
31,4,0.8367075,1,16,S,1.9
31,4,1.6753833,0,100,S,1.6
31,4,0.7734285,0,72,S,0.9
31,4,0.6081226,1,72,S,1.3
31,4,1.1711268,0,44,S,0.9
31,4,1.1759929,1,44,S,1.1
31,4,0.7185642,1,72,S,1.6
31,4,0.7597467,1,72,S,1.4
31,4,0.7706085,1,72,S,1.8
31,4,1.1255173,0,72,S,1.3
31,4,2.3618625,1,72,S,1.3
31,4,1.8126536,0,16,S,1.3
31,4,0.663722,1,44,S,2.1
31,4,1.2252645,0,44,S,1.9
31,4,1.4058289,1,100,S,1.9
31,4,1.654089,0,16,S,1.6
31,4,0.9102581,0,72,S,1.6
31,4,1.23711,1,100,S,0.9
31,4,0.9253515,1,100,S,0.9
31,4,0.8422591,1,72,S,1.9
31,4,0.9623612,0,100,S,1.8
31,4,0.7913302,1,100,S,1.6
31,4,1.1827513,1,44,S,2.1
31,4,0.8964969,1,100,S,1.6
31,4,0.8851213,1,72,S,2.3
31,4,1.3737262,1,44,S,1.1
31,4,1.6059597,1,44,S,2.1
31,4,0.5893622,1,44,S,1.3
31,4,0.85439,1,100,S,1.6
31,4,0.9656266,0,72,S,2.3
31,4,1.0156851,1,100,S,1.1
31,4,0.8621951,1,100,S,1.9
31,4,2.2986959,0,100,S,1.3
31,4,1.1425245,1,72,S,1.4
31,4,1.6438189,1,100,S,1.9
31,4,0.9286498,1,44,S,0.9
31,4,1.5284743,1,16,S,2.3
31,4,1.6285199,0,16,S,1.1
31,4,2.1288733,1,16,S,1.4
31,4,1.2358594,1,72,S,0.9
31,4,1.1299658,1,100,S,1.1
31,4,1.4214261,0,16,S,1.3
31,4,1.1602829,1,16,S,1.6
31,4,0.7282887,1,72,S,1.8
31,4,1.5340718,0,100,S,1.8
31,4,0.7206987,1,44,S,0.9
31,4,1.6649048,1,100,S,1.4
31,4,1.6675699,1,100,S,1.4
31,4,1.8761007,0,44,S,1.4
31,4,1.1628781,0,72,S,0.9
31,4,1.4890261,1,72,S,0.9
31,4,0.595283,1,72,S,1.6
31,4,0.7620599,1,100,S,1.1
31,4,1.1020697,1,44,S,0.9
31,4,0.510218,1,100,S,1.3
31,4,0.496671,1,100,S,1.1
31,4,0.9190067,0,16,S,1.4
31,4,0.6908876,1,100,S,1.1
31,4,0.6149518,1,72,S,1.3
31,4,0.7552669,1,100,S,1.4
31,4,0.7526715,1,72,S,2.1
31,4,0.9562085,1,16,S,2.1
31,4,0.7772308,1,100,S,1.1
31,4,1.2789656,1,16,S,1.1
31,4,0.8962463,1,16,S,1.9
31,4,1.1553128,1,44,S,1.6
32,1,0.6585249,1,72,S,1.9
32,1,1.3947651,0,16,S,1.4
32,1,1.3903743,1,44,S,2.1
32,1,1.1110284,0,16,S,1.9
32,1,0.8968795,0,72,S,1.9
32,1,0.9408088,0,44,S,2.1
32,1,1.7302876,0,16,S,1.9
32,1,2.0848472,0,72,S,1.8
32,1,1.1359245,0,100,S,0.9
32,1,1.268395,0,44,S,1.1
32,1,1.383649,1,44,S,1.1
32,1,0.9495561,1,72,S,1.9
32,1,0.4861845,1,100,S,1.3
32,1,1.4766736,1,16,S,1.8
32,1,0.7699532,1,100,S,2.1
32,1,0.6490357,1,100,S,2.3
32,1,0.6573224,1,100,S,1.9
32,1,1.130389,1,44,S,1.9
32,1,0.9689157,1,44,S,1.1
32,1,1.1958533,1,72,S,1.3
32,1,0.792464,1,100,S,1.4
32,1,0.9824528,1,72,S,1.3
32,1,1.9037652,1,44,S,1.4
32,1,1.2168199,1,100,S,1.1
32,1,1.0711319,1,16,S,1.9
32,1,1.4232681,0,16,S,1.8
32,1,1.512113,0,44,S,1.8
32,1,0.9445182,1,72,S,1.4
32,1,1.0777419,1,44,S,1.8
32,1,1.2354033,1,44,S,0.9
32,1,1.3735012,0,44,S,1.3
32,1,1.5324089,1,44,S,2.3
32,1,1.0671652,1,16,S,2.3
32,1,0.8220575,1,72,S,1.9
32,1,1.4902462,1,44,S,1.6
32,1,1.6162285,1,72,S,1.4
32,1,1.2830754,0,16,S,1.3
32,1,0.9767911,1,100,S,1.4
32,1,1.2343369,0,16,S,1.3
32,1,1.4165979,0,72,S,1.9
32,1,1.1585617,1,44,S,1.8
32,1,1.5327688,0,44,S,1.6
32,1,1.6393557,0,44,S,1.1
32,1,1.8900197,1,16,S,1.8
32,1,1.299356,0,16,S,1.3
32,1,1.4511373,1,100,S,1.4
32,1,1.585012,0,16,S,1.6
32,1,2.0678453,1,72,S,2.3
32,1,0.7420655,1,72,S,1.3
32,1,1.2199984,1,72,S,1.9
32,1,1.3167628,1,16,S,2.3
32,1,1.091711,1,100,S,1.6
32,1,0.6328536,1,100,S,1.8
32,1,1.5762262,0,16,S,1.8
32,1,1.3777171,0,44,S,2.3
32,1,1.6292893,1,72,S,1.8
32,1,1.1257745,1,72,S,2.1
32,1,0.7993227,1,100,S,1.8
32,1,1.1539668,0,100,S,1.1
32,1,2.0420704,1,72,S,2.1
32,1,1.8556426,0,44,S,2.3
32,1,1.6287421,1,44,S,1.6
32,1,2.0594318,1,100,S,1.9
32,1,1.1719764,0,16,S,1.9
32,1,0.9837362,1,72,S,1.9
32,1,1.6737563,0,72,S,1.9
32,1,1.5179042,0,16,S,2.1
32,1,0.8782391,1,100,S,2.3
32,1,0.7180502,1,100,S,1.4
32,1,0.7911351,1,100,S,1.1
32,1,0.8000292,1,100,S,1.6
32,2,1.0930772,1,16,S,1.4
32,2,1.545963,1,72,S,1.4
32,2,2.2982643,1,100,S,1.9
32,2,1.1702114,1,72,S,0.9
32,2,1.5805543,1,44,S,1.8
32,2,0.9736567,1,16,S,1.4
32,2,0.9594753,1,100,S,1.6
32,2,1.4159792,1,16,S,0.9
32,2,1.1059658,0,16,S,2.1
32,2,1.611576,1,72,S,1.4
32,2,1.4435873,0,16,S,1.8
32,2,1.4173331,1,44,S,2.3
32,2,1.3516057,1,72,S,1.4
32,2,1.8347092,1,16,S,2.3
32,2,1.7335415,0,44,S,2.1
32,2,1.5393459,1,44,S,1.3
32,2,2.1188712,0,72,S,1.6
32,2,1.5915656,1,16,S,2.1
32,2,1.8636362,1,100,S,1.4
32,2,1.6022487,1,44,S,1.1
32,2,0.7441832,0,44,S,1.8
32,2,1.4853655,1,100,S,1.6
32,2,1.477583,1,44,S,1.9
32,2,1.3806758,1,72,S,1.9
32,2,1.0053684,1,44,S,0.9
32,2,1.8921717,0,44,S,1.8
32,2,2.3624919,0,16,S,1.9
32,2,1.4708024,1,72,S,0.9
32,2,1.1512632,1,16,S,1.1
32,2,0.8039837,1,16,S,0.9
32,2,1.5455384,0,44,S,1.1
32,2,1.5531608,1,100,S,1.8
32,2,1.0162294,0,16,S,2.1
32,2,1.498953,1,100,S,1.6
32,2,1.58003,0,16,S,1.3
32,2,1.3544298,1,100,S,1.9
32,2,2.0145989,1,72,S,0.9
32,2,1.7137505,1,72,S,0.9
32,2,0.7263098,1,72,S,0.9
32,2,1.0698458,0,72,S,1.3
32,2,1.6819151,0,44,S,2.1
32,2,1.4601477,1,44,S,2.3
32,2,1.8267036,1,44,S,2.3
32,2,1.9330962,1,16,S,1.6
32,2,1.6478763,0,44,S,1.9
32,2,1.2929299,1,100,S,1.1
32,2,1.1695969,0,72,S,1.1
32,2,1.7828653,1,100,S,1.9
32,2,1.2946327,0,72,S,0.9
32,2,2.1241473,1,44,S,1.3
32,2,1.8636095,0,44,S,2.1
32,2,1.0316747,1,44,S,1.1
32,2,1.6333233,1,16,S,2.3
32,2,1.0632985,1,44,S,1.4
32,2,1.8759776,0,44,S,0.9
32,2,0.7747848,1,72,S,1.6
32,2,0.7720535,1,72,S,2.1
32,2,1.3527265,0,44,S,0.9
32,2,0.9544307,1,72,S,1.4
32,2,0.7224498,1,72,S,0.9
32,2,0.8370581,1,72,S,1.8
32,2,1.2484505,0,16,S,1.3
32,2,0.6772144,1,44,S,1.6
32,2,1.6549828,0,44,S,2.1
32,2,0.7860666,1,100,S,1.1
32,3,1.0122513,1,100,S,1.6
32,3,0.7116856,0,44,S,1.4
32,3,0.8120105,1,44,S,1.6
32,3,1.9475534,1,44,S,2.1
32,3,0.7660637,1,44,S,0.9
32,3,0.5230985,1,100,S,1.1
32,3,0.6886284,1,72,S,0.9
32,3,0.6559093,1,44,S,1.9
32,3,1.6065514,1,44,S,1.3
32,3,1.1292279,0,100,S,1.8
32,3,0.689596,1,16,S,2.1
32,3,0.9768925,1,72,S,2.3
32,3,1.814855,1,72,S,1.4
32,3,1.0593458,1,100,S,2.1
32,3,1.1585922,0,72,S,1.8
32,3,1.2675343,1,100,S,1.6
32,3,0.7507916,1,72,S,1.6
32,3,1.1597964,0,72,S,0.9
32,3,0.8199694,1,72,S,2.3
32,3,0.9146738,1,44,S,2.1
32,3,1.2028996,0,72,S,2.3
32,3,1.3763335,0,44,S,1.8
32,3,1.6026602,0,72,S,2.3
32,3,1.3851246,0,16,S,1.8
32,3,1.0673637,1,16,S,1.1
32,3,0.7493077,1,16,S,1.8
32,3,1.9105893,0,44,S,1.8
32,3,1.1672415,1,72,S,1.3
32,3,0.6927046,1,100,S,1.9
32,3,1.5829093,1,100,S,2.3
32,3,0.7478152,0,16,S,1.6
32,3,1.1346986,1,44,S,1.3
32,3,0.737551,1,72,S,2.3
32,3,0.9526393,1,72,S,1.3
32,3,1.9005629,0,44,S,1.8
32,3,1.0172609,1,44,S,1.8
32,3,1.3161217,0,16,S,2.1
32,3,1.0660264,1,44,S,1.4
32,3,1.0097618,1,16,S,0.9
32,3,0.8812337,1,72,S,1.6
32,3,1.9582074,0,44,S,2.1
32,3,1.6049862,0,44,S,1.3
32,3,0.5334618,1,100,S,1.9
32,3,1.1670128,1,44,S,2.1
32,3,1.4294076,0,16,S,2.3
32,3,1.2709093,1,44,S,2.3
32,3,0.8810637,1,16,S,1.6
32,3,0.6036277,0,16,S,1.6
32,3,0.9613059,1,16,S,1.4
32,3,0.8559428,1,72,S,2.3
32,3,1.0942573,1,44,S,1.3
32,3,0.669827,1,100,S,1.4
32,3,1.6190349,0,100,S,2.3
32,3,1.192827,1,16,S,0.9
32,3,0.701126,1,72,S,2.1
32,3,1.0202465,1,44,S,1.6
32,3,1.0223816,0,44,S,1.9
32,3,0.6440197,1,72,S,1.3
32,3,0.6645696,1,72,S,1.9
32,3,0.5663614,1,44,S,2.1
32,3,1.0561795,1,16,S,1.1
32,3,0.9425178,0,44,S,0.9
32,4,0.339505,1,72,S,1.1
32,4,0.3541921,1,44,S,1.1
32,4,0.7946203,1,100,S,1.6
32,4,1.7603917,1,16,S,2.1
32,4,0.4934333,1,100,S,2.1
32,4,0.7660815,0,72,S,1.6
32,4,1.6329206,1,100,S,1.6
32,4,1.3803775,1,100,S,1.6
32,4,0.6053572,1,72,S,2.1
32,4,0.9568269,0,44,S,1.4
32,4,1.5129909,0,72,S,1.8
32,4,0.9887879,0,16,S,1.3
32,4,1.7928767,1,44,S,0.9
32,4,1.7937363,1,44,S,0.9
32,4,0.8346448,1,44,S,2.3
32,4,1.0341725,1,16,S,1.4
32,4,0.7505482,1,72,S,1.3
32,4,0.9785683,0,16,S,2.1
32,4,0.6715847,1,100,S,1.3
32,4,0.8737254,1,72,S,0.9
32,4,1.0826901,1,72,S,1.4
32,4,0.5677122,1,72,S,2.1
32,4,0.6808764,1,100,S,1.6
32,4,0.9916196,1,16,S,0.9
32,4,0.858505,1,72,S,2.1
32,4,0.5821393,1,100,S,1.6
32,4,2.2732203,1,44,S,1.8
32,4,0.6447031,1,100,S,1.6
32,4,1.1066888,1,44,S,1.1
32,4,1.0881886,1,72,S,2.1
32,4,0.7546415,1,100,S,1.3
32,4,0.8475113,1,100,S,0.9
32,4,0.7221947,1,72,S,1.6
32,4,1.1934626,0,100,S,1.3
32,4,1.2510598,1,16,S,1.3
32,4,1.4692686,1,100,S,1.1
32,4,0.690989,1,44,S,1.4
32,4,0.9404142,0,16,S,1.1
32,4,0.9488891,1,100,S,1.3
32,4,1.7084443,0,44,S,1.3
32,4,1.130798,1,100,S,1.3
32,4,0.8503153,0,44,S,1.9
32,4,1.8370227,0,44,S,1.3
32,4,1.6763364,1,16,S,0.9
32,4,1.0847651,0,16,S,2.3
32,4,1.5810173,0,100,S,0.9
32,4,0.9144156,1,16,S,1.3
32,4,0.7250974,1,72,S,1.9
32,4,1.4246264,1,16,S,1.3
32,4,0.9139591,0,44,S,0.9
32,4,1.223542,1,16,S,1.3
32,4,2.3854419,1,44,S,0.9
32,4,0.7679059,1,44,S,1.4
32,4,0.9616893,1,100,S,1.4
32,4,0.7273876,0,100,S,1.8
32,4,0.7636358,1,72,S,1.1
32,4,1.800735,1,16,S,1.8
32,4,2.0729679,1,72,S,1.9
32,4,1.0331695,1,100,S,2.1
32,4,1.8370475,1,100,S,1.6
32,4,0.8639385,1,16,S,1.6
32,4,0.8604815,1,72,S,0.9
32,4,0.9814721,0,72,S,1.9
32,4,0.8023226,1,72,S,1.1
32,4,0.7972307,1,100,S,1.4
32,4,1.588002,1,72,S,1.6
32,4,0.6672871,1,100,S,1.1
32,4,1.5814935,1,16,S,1.8
32,4,0.7007207,1,72,S,1.6
32,4,0.6492248,1,100,S,1.6
32,4,1.1607863,0,72,S,1.9
32,4,0.4596903,1,44,S,1.9
33,1,0.6278574,1,72,S,1.4
33,1,1.0232718,1,100,S,2.3
33,1,0.8651805,1,72,S,0.9
33,1,0.9813712,1,44,S,1.9
33,1,0.9709805,1,100,S,1.8
33,1,0.8027154,1,44,S,1.9
33,1,0.8703912,1,16,S,1.9
33,1,0.8855905,1,16,S,1.8
33,1,1.3234093,0,100,S,1.4
33,1,0.7603616,1,100,S,1.6
33,1,0.7323551,0,72,S,1.8
33,1,0.9389417,1,44,S,2.1
33,1,0.6797207,1,44,S,2.1
33,1,0.7997635,1,16,S,1.1
33,1,0.8572317,1,100,S,1.4
33,1,1.4507443,1,100,S,1.9
33,1,0.8595075,1,72,S,1.8
33,1,0.9784887,1,44,S,2.1
33,1,0.8880876,0,16,S,2.3
33,1,0.8594415,1,72,S,2.3
33,1,0.6544758,1,100,S,2.3
33,1,1.5051741,0,16,S,1.1
33,1,0.6623523,1,72,S,2.3
33,1,1.4655601,1,44,S,2.3
33,1,0.7743904,1,72,S,1.8
33,1,0.8751322,1,100,S,2.1
33,1,0.7810468,1,100,S,0.9
33,1,0.8000447,1,72,S,2.1
33,1,1.3343315,1,16,S,1.9
33,1,0.6036666,1,72,S,1.6
33,1,1.1619528,1,16,S,1.1
33,1,0.7875272,1,16,S,2.1
33,1,0.830026,1,100,S,1.1
33,1,0.911689,1,44,S,1.4
33,1,1.0623754,0,72,S,1.1
33,1,0.8966006,1,100,S,1.8
33,1,0.8576202,1,16,S,1.3
33,1,0.7953504,1,16,S,1.8
33,1,0.8183938,1,16,S,0.9
33,1,1.1011246,1,100,S,1.8
33,1,0.5843109,1,100,S,1.3
33,1,0.6132063,1,44,S,1.9
33,1,0.6594314,1,16,S,1.3
33,1,0.8005469,0,16,S,1.9
33,1,0.7213772,1,16,S,0.9
33,1,0.6753072,1,100,S,2.3
33,1,0.6238148,1,44,S,1.8
33,1,0.6194196,1,72,S,1.8
33,1,0.8757734,1,72,S,1.9
33,1,0.6982403,1,44,S,1.6
33,1,0.7725539,0,16,S,1.1
33,1,0.6038544,1,100,S,1.4
33,1,1.0170893,0,16,S,2.1
33,1,0.6875411,0,72,S,1.9
33,1,0.928887,1,16,S,2.3
33,1,0.7880577,1,100,S,1.1
33,1,0.8726369,1,72,S,1.9
33,1,0.8370698,1,100,S,2.3
33,1,0.9246391,1,100,S,2.3
33,1,0.528451,1,72,S,2.1
33,1,0.8789719,1,16,S,0.9
33,1,0.694552,1,72,S,2.1
33,1,0.8526904,1,100,S,1.8
33,1,0.6869614,1,100,S,1.4
33,1,0.7703369,1,16,S,1.1
33,1,0.9120603,1,72,S,1.1
33,1,1.2334681,0,72,S,1.3
33,1,0.7930383,0,16,S,2.1
33,1,0.7155709,1,16,S,1.3
33,2,0.5739842,1,44,S,1.1
33,2,0.9071938,0,44,S,0.9
33,2,0.6138961,1,72,S,2.1
33,2,0.8720359,1,44,S,2.1
33,2,0.887007,0,44,S,1.6
33,2,0.7829406,0,44,S,2.3
33,2,0.7955344,0,72,S,1.3
33,2,0.6739362,1,72,S,1.6
33,2,0.7445264,0,44,S,1.1
33,2,0.7099279,0,100,S,1.1
33,2,0.731233,1,44,S,0.9
33,2,0.9486974,0,44,S,1.9
33,2,1.338186,1,100,S,1.8
33,2,0.9108282,1,16,S,1.3
33,2,1.0791365,0,16,S,0.9
33,2,1.2742707,1,100,S,1.4
33,2,1.1335578,0,16,S,1.3
33,2,0.961383,1,100,S,0.9
33,2,1.1098759,1,44,S,1.3
33,2,1.5256615,0,44,S,1.3
33,2,1.2399466,1,72,S,1.1
33,2,0.7479896,1,100,S,2.3
33,2,1.3920807,0,16,S,2.3
33,2,0.964244,1,44,S,1.4
33,2,1.03747,1,44,S,1.1
33,2,0.8821684,1,44,S,1.9
33,2,0.9036547,0,100,S,1.1
33,2,1.15501,0,16,S,1.6
33,2,0.8083669,0,16,S,2.1
33,2,0.7170538,0,72,S,1.1
33,2,0.9353317,1,16,S,1.8
33,2,0.9171542,0,100,S,2.3
33,2,0.9511669,1,72,S,2.3
33,2,1.1909417,1,16,S,2.1
33,2,1.2144652,0,100,S,1.8
33,2,0.8774751,0,44,S,1.9
33,2,0.8693319,1,16,S,1.6
33,2,1.0537677,1,100,S,1.4
33,2,1.1685263,1,16,S,1.6
33,2,0.921461,1,100,S,0.9
33,2,1.0506982,0,16,S,1.6
33,2,1.1038149,0,44,S,1.9
33,2,0.9686787,0,16,S,1.8
33,2,0.9200658,0,44,S,1.9
33,2,1.0343383,1,44,S,1.8
33,2,0.8715876,1,100,S,1.6
33,2,1.2621548,0,16,S,1.8
33,2,0.7776828,1,100,S,1.8
33,2,1.1518709,0,100,S,2.3
33,2,0.689037,1,44,S,1.8
33,2,0.7935422,0,72,S,1.3
33,2,0.9703184,1,44,S,1.6
33,2,0.808352,1,100,S,1.8
33,2,0.8665595,1,72,S,1.1
33,2,0.8504661,0,72,S,1.8
33,2,0.9761643,1,44,S,1.1
33,2,1.0367727,1,16,S,1.4
33,2,0.7812161,1,44,S,1.4
33,2,0.9930299,0,16,S,1.8
33,2,0.8418158,1,44,S,1.3
33,2,0.7151017,1,72,S,1.8
33,2,0.7530287,0,72,S,1.6
33,2,0.9137673,1,16,S,1.9
33,2,0.6914188,1,72,S,1.9
33,2,0.6925569,0,44,S,1.8
33,2,0.8008205,1,72,S,1.9
33,2,0.8359392,0,72,S,2.1
33,2,1.160399,1,44,S,0.9
33,2,0.8400397,1,44,S,1.6
33,2,0.7397191,0,16,S,1.1
33,3,0.8526302,1,72,S,1.8
33,3,1.0215468,0,16,S,1.4
33,3,0.8841995,0,44,S,1.3
33,3,0.6773973,0,16,S,1.8
33,3,1.1980534,0,44,S,1.1
33,3,0.7540632,1,100,S,2.3
33,3,1.1225213,0,100,S,1.1
33,3,0.8095594,1,16,S,1.8
33,3,0.941363,1,100,S,2.3
33,3,1.0573317,1,44,S,1.1
33,3,0.9955121,1,44,S,2.3
33,3,1.0202313,1,72,S,1.8
33,3,0.8410776,1,72,S,2.1
33,3,0.7575667,0,16,S,1.8
33,3,1.1648184,1,16,S,0.9
33,3,0.948024,0,72,S,2.3
33,3,0.9092664,1,100,S,2.3
33,3,1.4630368,1,72,S,1.4
33,3,1.1178655,1,72,S,2.1
33,3,0.7514938,0,44,S,2.3
33,3,0.9049008,1,44,S,0.9
33,3,1.0543012,0,44,S,1.6
33,3,0.7615573,0,44,S,2.3
33,3,0.8634467,0,44,S,2.1
33,3,0.71532,1,72,S,2.3
33,3,0.8631128,1,16,S,2.3
33,3,1.2015003,1,16,S,2.3
33,3,0.7677295,1,100,S,1.9
33,3,0.967528,0,100,S,2.1
33,3,1.1366095,1,16,S,2.3
33,3,0.9598381,1,16,S,1.9
33,3,0.6734248,1,72,S,1.6
33,3,0.8489754,1,72,S,2.1
33,3,0.9729255,0,16,S,1.8
33,3,0.78394,1,72,S,1.1
33,3,0.9298486,1,44,S,1.3
33,3,1.1529058,1,44,S,1.8
33,3,0.6903054,0,44,S,1.6
33,3,0.8200387,0,16,S,2.1
33,3,0.6498088,1,100,S,1.3
33,3,1.0373557,1,100,S,2.1
33,3,0.8680004,1,100,S,1.8
33,3,0.9585778,0,72,S,2.1
33,3,0.9130923,1,100,S,1.6
33,3,0.8355013,0,16,S,1.3
33,3,1.3867771,1,44,S,1.3
33,3,0.8249003,0,44,S,1.4
33,3,1.416934,0,100,S,1.3
33,3,0.7431657,1,44,S,1.6
33,3,0.6304246,0,72,S,1.1
33,3,0.894854,1,72,S,1.9
33,3,0.7769363,0,72,S,1.3
33,3,0.8468526,1,100,S,1.1
33,3,0.8952541,0,72,S,1.4
33,3,0.7461747,0,16,S,2.3
33,3,0.7912277,0,16,S,0.9
33,3,1.0365324,1,72,S,1.8
33,3,0.6309673,1,72,S,1.1
33,3,1.3017138,0,44,S,1.3
33,3,1.5694253,1,44,S,1.8
33,3,0.8646071,1,100,S,1.4
33,3,1.1763472,0,72,S,1.3
33,3,0.9376736,0,16,S,2.1
33,3,0.9199347,0,16,S,1.8
33,3,0.7782981,0,44,S,1.3
33,3,1.06142,0,16,S,0.9
33,3,0.9190222,1,44,S,2.3
33,3,0.7381398,1,44,S,1.1
33,3,0.8985785,1,16,S,1.1
33,3,0.8016706,1,44,S,0.9
33,3,0.6907422,1,72,S,1.4
33,3,0.6761269,1,100,S,1.9
33,3,0.9640977,1,72,S,1.9
33,3,0.7087535,1,100,S,1.3
33,3,0.9415734,0,44,S,1.9
33,3,0.8711357,1,100,S,2.3
33,3,0.8430258,1,100,S,1.1
33,4,1.2873793,0,72,S,1.8
33,4,0.824504,1,100,S,1.6
33,4,1.0565986,0,44,S,1.8
33,4,1.4980666,0,16,S,0.9
33,4,1.4456146,1,72,S,2.3
33,4,0.8529667,1,100,S,1.9
33,4,0.6529508,1,16,S,1.6
33,4,1.0192693,0,72,S,1.1
33,4,0.7559792,1,72,S,2.3
33,4,0.6548464,1,72,S,2.3
33,4,0.9044829,1,100,S,2.1
33,4,0.9395212,1,44,S,1.8
33,4,0.6912971,1,44,S,1.1
33,4,1.3240471,1,100,S,0.9
33,4,0.9410871,1,16,S,1.8
33,4,0.7503897,1,100,S,1.4
33,4,1.253669,1,72,S,0.9
33,4,0.6608202,1,72,S,1.8
33,4,1.6674023,1,72,S,1.6
33,4,1.1879169,0,16,S,1.8
33,4,0.8518466,1,100,S,1.6
33,4,0.7880329,0,16,S,0.9
33,4,0.9511519,1,16,S,2.1
33,4,1.0399329,1,44,S,1.4
33,4,0.8540325,1,100,S,2.3
33,4,0.6392788,1,44,S,0.9
33,4,1.0881275,0,16,S,1.3
33,4,0.9023255,1,16,S,1.1
33,4,0.9200205,1,16,S,1.1
33,4,0.8268195,1,100,S,2.1
33,4,0.8906707,1,44,S,2.1
33,4,0.7755715,0,44,S,1.8
33,4,1.1340327,1,16,S,1.9
33,4,1.1874153,0,44,S,2.1
33,4,0.926571,1,44,S,2.3
33,4,0.7865585,1,44,S,1.6
33,4,0.8450661,0,44,S,1.9
33,4,0.7145632,0,44,S,1.6
33,4,0.8161327,1,100,S,1.4
33,4,0.7837537,1,72,S,1.4
33,4,0.9028741,0,44,S,2.3
33,4,1.1717785,1,72,S,1.4
33,4,0.8257073,0,72,S,1.3
33,4,0.6335637,0,16,S,1.6
33,4,0.7448912,1,100,S,1.6
33,4,0.8192022,1,44,S,2.1
33,4,0.935496,0,16,S,2.1
33,4,0.9836463,1,16,S,1.8
33,4,0.8067042,1,16,S,1.3
33,4,0.6127573,0,44,S,1.6
33,4,0.6339366,1,72,S,1.4
33,4,0.7016249,0,16,S,1.6
33,4,0.5954458,1,72,S,2.3
33,4,0.6460981,1,72,S,1.6
33,4,1.0632748,0,16,S,2.3
33,4,0.6304596,1,100,S,2.3
33,4,0.6414423,1,72,S,2.1
33,4,0.5440087,1,100,S,2.1
33,4,0.8463751,1,44,S,1.8
33,4,1.1752146,1,72,S,1.9
33,4,0.8498819,1,44,S,2.3
33,4,0.8661116,1,16,S,1.4
33,4,0.9142889,1,72,S,1.9
33,4,0.9029534,1,44,S,1.1
33,4,0.6923599,0,72,S,2.1
33,4,0.6537115,1,44,S,1.1
33,4,1.3363894,1,100,S,1.4
33,4,0.7420779,1,100,S,1.6
33,4,0.7900084,0,16,S,2.3
33,4,1.2956897,0,16,S,2.3
33,4,0.7026894,1,16,S,2.3
33,4,0.8344057,1,100,S,1.6
33,4,0.7573982,1,16,S,1.3
33,4,0.5986203,1,100,S,1.6
33,4,0.6152602,0,72,S,0.9
34,1,0.9557303,0,100,S,1.4
34,1,0.7191601,1,72,S,2.3
34,1,1.0608014,0,44,S,1.3
34,1,1.1181373,1,44,S,1.8
34,1,0.8819407,0,16,S,1.4
34,1,1.53444,1,72,S,1.1
34,1,1.0919668,1,44,S,1.3
34,1,0.9888475,0,16,S,1.9
34,1,1.0061425,1,16,S,1.1
34,1,0.7837951,1,44,S,2.1
34,1,0.7553917,0,16,S,1.1
34,1,0.9256153,0,44,S,2.3
34,1,1.0568448,0,44,S,1.6
34,1,0.8885792,0,72,S,1.9
34,1,0.8572971,1,100,S,1.9
34,1,0.9390211,0,16,S,0.9
34,1,1.0166246,0,72,S,1.3
34,1,1.0985719,0,72,S,2.3
34,1,1.5886,0,16,S,2.1
34,1,1.1966942,1,44,S,1.1
34,1,1.4690352,1,16,S,0.9
34,1,1.0956842,1,44,S,1.1
34,1,1.4338567,1,100,S,1.4
34,1,1.9973383,0,72,S,0.9
34,1,0.8221369,1,100,S,2.3
34,1,0.8241887,1,16,S,1.4
34,1,1.2781083,1,16,S,1.3
34,1,1.7463814,0,72,S,0.9
34,1,0.8174579,1,16,S,1.1
34,1,0.9839518,1,16,S,1.9
34,1,1.7492746,1,16,S,1.3
34,1,0.9110726,1,72,S,2.3
34,1,0.9719466,1,100,S,1.3
34,1,1.0134838,1,72,S,2.1
34,1,1.1874704,0,16,S,1.1
34,1,0.9952297,1,16,S,1.1
34,1,0.8179906,1,100,S,1.3
34,1,1.5027787,0,16,S,2.3
34,1,0.8809122,1,16,S,0.9
34,1,1.1356584,1,44,S,1.3
34,1,1.4632648,1,16,S,1.1
34,1,0.9779894,1,72,S,2.1
34,1,0.856745,0,16,S,1.1
34,1,1.2012888,1,44,S,2.1
34,1,1.1552621,0,100,S,1.1
34,1,1.1183203,0,16,S,1.4
34,1,1.0338275,1,44,S,1.6
34,1,1.2543672,0,100,S,2.1
34,1,1.3091285,1,16,S,2.3
34,1,0.981765,1,16,S,1.9
34,1,1.3461886,0,100,S,2.1
34,1,1.0345125,0,16,S,2.3
34,1,0.9964502,1,16,S,1.3
34,1,0.9529775,1,72,S,1.3
34,1,0.9167989,1,16,S,2.3
34,1,1.3249991,0,44,S,1.3
34,1,0.704235,1,100,S,2.3
34,1,1.0854858,1,16,S,2.1
34,1,0.9609669,0,100,S,2.1
34,1,1.3337774,1,100,S,0.9
34,1,1.1538164,0,16,S,1.4
34,1,1.4349701,1,72,S,1.8
34,1,1.465577,1,44,S,1.1
34,1,1.1654854,0,100,S,1.4
34,1,1.4772897,1,16,S,1.4
34,1,1.1265817,0,16,S,1.4
34,1,1.831331,0,16,S,0.9
34,1,1.2711393,1,72,S,1.1
34,1,1.0615757,1,72,S,1.8
34,1,1.2357263,1,100,S,0.9
34,1,1.4523731,0,100,S,1.4
34,1,0.8791298,1,44,S,1.4
34,1,1.0322265,1,100,S,1.4
34,1,1.4559477,0,16,S,0.9
34,1,1.0514481,0,100,S,1.3
34,1,0.9463513,1,72,S,2.3
34,1,1.6064255,0,100,S,1.1
34,1,0.8386897,0,16,S,0.9
34,2,1.1668641,0,100,S,1.8
34,2,0.6604894,0,44,S,1.8
34,2,0.8229307,1,72,S,1.3
34,2,0.9864925,0,44,S,1.3
34,2,0.7072665,1,72,S,0.9
34,2,0.9270269,0,100,S,2.3
34,2,1.6929444,1,16,S,1.3
34,2,0.9410833,1,100,S,1.3
34,2,1.0024346,0,100,S,2.1
34,2,1.5747991,0,16,S,1.1
34,2,1.6447126,1,100,S,1.3
34,2,1.2650118,1,44,S,1.6
34,2,1.77105,0,16,S,2.1
34,2,1.5321741,0,44,S,1.9
34,2,1.2371037,0,72,S,1.9
34,2,1.3085588,1,44,S,1.8
34,2,1.3373354,0,44,S,1.3
34,2,0.913369,1,44,S,1.4
34,2,1.6800553,0,72,S,1.4
34,2,1.6733824,0,72,S,1.8
34,2,0.7366957,1,72,S,1.3
34,2,1.1353891,1,44,S,1.1
34,2,1.1894001,1,16,S,1.1
34,2,0.8472318,0,16,S,1.9
34,2,0.8788922,1,100,S,1.6
34,2,1.0063358,0,72,S,1.9
34,2,1.0343177,0,16,S,1.4
34,2,0.7533107,1,100,S,1.8
34,2,0.856217,1,100,S,1.9
34,2,1.8371598,1,44,S,1.3
34,2,1.0205997,1,44,S,1.4
34,2,0.8345311,1,100,S,2.3
34,2,0.9244164,0,16,S,2.1
34,2,1.0275338,0,100,S,1.8
34,2,0.9632713,1,100,S,1.3
34,2,1.1302794,1,16,S,1.3
34,2,0.9083649,1,100,S,1.1
34,2,1.6351551,0,44,S,2.3
34,2,0.7341038,1,100,S,1.1
34,2,1.1762377,1,44,S,1.6
34,2,0.724529,0,16,S,1.4
34,2,0.5826572,1,44,S,1.9
34,2,0.7848476,1,100,S,2.1
34,2,0.7788534,1,16,S,1.6
34,2,0.8450429,1,16,S,1.6
34,2,0.720053,1,72,S,2.1
34,2,0.7805567,1,16,S,2.1
34,2,0.8075265,1,16,S,2.1
34,2,0.8166117,1,100,S,1.3
34,2,0.7811078,1,100,S,2.1
34,2,0.7338925,1,72,S,1.4
34,2,0.7427605,1,44,S,1.4
34,2,0.8594462,0,44,S,2.3
34,2,1.2537719,1,44,S,1.3
34,2,0.91422,0,72,S,1.6
34,2,0.6361723,1,44,S,1.1
34,2,1.567498,0,16,S,0.9
34,2,0.7866624,1,44,S,1.6
34,2,1.3128895,0,44,S,1.9
34,2,0.7999243,1,16,S,1.3
34,2,0.9518869,1,72,S,1.4
34,2,0.8024375,1,100,S,2.1
34,2,0.9099885,1,72,S,1.9
34,2,0.8492022,0,72,S,1.6
34,2,0.8507096,1,16,S,1.6
34,2,0.9270167,0,16,S,1.4
34,2,0.7212377,1,100,S,0.9
34,2,0.6391911,1,72,S,1.9
34,2,0.6547846,1,44,S,1.8
34,2,0.546742,1,44,S,0.9
34,2,0.8166846,1,100,S,1.4
34,2,0.7214688,1,72,S,1.1
34,2,1.2814455,0,16,S,1.4
34,2,0.7481434,1,100,S,1.9
34,2,0.8026438,0,16,S,1.8
34,2,0.7594929,1,44,S,1.9
34,2,0.8147319,1,100,S,0.9
34,3,0.9408737,1,16,S,0.9
34,3,0.5277206,1,72,S,1.3
34,3,0.6613968,1,16,S,2.3
34,3,0.8134679,0,72,S,1.9
34,3,0.6645569,1,44,S,1.3
34,3,0.7763963,0,72,S,1.9
34,3,0.7767548,1,100,S,1.3
34,3,0.6399811,1,44,S,1.3
34,3,1.1494924,1,44,S,1.3
34,3,1.343971,0,16,S,1.4
34,3,1.3107905,0,44,S,0.9
34,3,0.8042988,1,16,S,1.9
34,3,0.7001029,1,100,S,0.9
34,3,0.8251458,0,72,S,2.3
34,3,0.9834289,1,100,S,0.9
34,3,2.2234858,1,100,S,1.8
34,3,0.829287,1,44,S,1.6
34,3,0.8452857,0,72,S,0.9
34,3,0.842145,1,44,S,2.1
34,3,1.4459488,0,72,S,2.3
34,3,1.0914079,1,16,S,1.9
34,3,0.6443073,0,16,S,1.6
34,3,0.7312768,1,100,S,1.9
34,3,1.0474648,0,44,S,1.6
34,3,0.9999175,1,44,S,1.3
34,3,1.0405264,1,100,S,1.9
34,3,1.1394149,1,16,S,1.6
34,3,1.4407743,1,44,S,1.6
34,3,0.8603739,1,72,S,1.6
34,3,1.6671692,0,44,S,2.1
34,3,1.1812915,1,72,S,1.3
34,3,0.8047915,1,44,S,0.9
34,3,0.7372658,1,100,S,1.6
34,3,0.8289141,0,16,S,1.1
34,3,1.468077,0,44,S,1.1
34,3,0.7712375,1,100,S,1.1
34,3,1.6156097,0,100,S,0.9
34,3,0.5642876,1,100,S,2.1
34,3,0.6221248,1,72,S,1.8
34,3,1.8470837,0,44,S,2.3
34,3,0.7179247,1,100,S,1.8
34,3,0.8795879,1,100,S,2.1
34,3,1.733941,0,100,S,1.8
34,3,0.7144758,1,44,S,2.3
34,3,1.2280384,0,44,S,1.6
34,3,0.6637537,1,72,S,1.6
34,3,1.171871,1,16,S,1.1
34,3,0.9961198,0,44,S,1.1
34,3,1.3243359,1,16,S,1.1
34,3,1.2776464,0,16,S,1.3
34,3,1.1399994,0,44,S,2.1
34,3,0.7907224,0,44,S,1.4
34,3,0.7936194,0,16,S,1.6
34,3,0.6631767,0,16,S,1.8
34,3,0.8962971,0,16,S,2.3
34,3,0.9983569,1,100,S,2.3
34,3,0.8254082,1,100,S,1.4
34,3,1.2837244,1,44,S,1.6
34,3,0.8551611,1,44,S,1.8
34,3,1.0158093,0,44,S,2.3
34,3,1.1919591,0,44,S,1.9
34,3,0.7072343,1,100,S,2.1
34,3,0.595254,1,72,S,0.9
34,3,1.0441597,1,44,S,1.9
34,3,0.7267787,0,44,S,1.1
34,3,1.2581175,1,72,S,1.6
34,3,1.0485583,1,16,S,2.1
34,3,1.1277578,1,72,S,1.9
34,3,1.0629381,1,44,S,0.9
34,3,0.7703621,1,100,S,2.3
34,3,1.0051236,1,16,S,1.4
34,3,0.7744596,1,44,S,2.3
34,3,0.983608,1,44,S,1.6
34,3,0.738573,1,100,S,2.1
34,3,0.6958354,1,100,S,1.6
34,3,1.3297114,0,16,S,2.3
34,3,0.9877868,1,16,S,0.9
34,4,1.3999383,0,16,S,1.6
34,4,0.677744,0,16,S,1.4
34,4,0.79108,0,100,S,2.3
34,4,0.8296503,1,16,S,1.4
34,4,0.6179832,1,100,S,1.3
34,4,0.7795306,0,16,S,1.8
34,4,0.7451315,1,100,S,0.9
34,4,0.7829842,1,72,S,1.9
34,4,0.8235054,0,16,S,1.6
34,4,0.7662014,1,100,S,2.3
34,4,1.1295906,1,16,S,2.1
34,4,1.0170281,0,100,S,1.9
34,4,1.4855053,1,44,S,1.8
34,4,1.2649026,1,100,S,1.9
34,4,1.01799,1,16,S,1.6
34,4,1.0137889,1,100,S,2.3
34,4,0.5929179,1,100,S,0.9
34,4,0.7307438,1,100,S,1.8
34,4,0.6801169,1,100,S,0.9
34,4,0.7969243,1,100,S,1.1
34,4,0.7202881,1,100,S,1.3
34,4,0.8983601,0,44,S,2.3
34,4,0.7894827,0,44,S,1.1
34,4,0.910508,1,44,S,1.9
34,4,0.7247433,1,72,S,1.6
34,4,1.002046,1,44,S,1.4
34,4,0.9902257,0,44,S,1.8
34,4,0.7705366,1,100,S,1.3
34,4,0.8303149,1,100,S,0.9
34,4,0.8165949,1,100,S,1.9
34,4,0.6571083,1,16,S,1.6
34,4,0.782045,0,44,S,1.1
34,4,0.8782242,0,44,S,1.8
34,4,0.7428532,1,100,S,1.8
34,4,0.8108811,1,100,S,2.3
34,4,0.7823708,1,100,S,1.6
34,4,1.7503323,0,72,S,1.1
34,4,0.8750652,1,100,S,1.6
34,4,0.7239579,1,44,S,1.9
34,4,0.9532927,0,44,S,0.9
34,4,0.8763218,1,72,S,1.8
34,4,1.2732153,1,100,S,1.8
34,4,1.8648754,1,16,S,1.3
34,4,0.6497232,1,44,S,1.3
34,4,0.8617814,0,44,S,1.1
34,4,0.8144437,0,16,S,1.4
34,4,0.7451385,1,44,S,1.1
34,4,0.8842857,1,100,S,1.6
34,4,1.3595782,0,44,S,2.1
34,4,0.8038487,1,72,S,2.1
34,4,1.133695,0,16,S,1.6
34,4,2.1085532,1,16,S,1.8
34,4,1.8779766,1,100,S,0.9
34,4,1.8164954,0,72,S,1.1
34,4,0.7754752,1,44,S,2.3
34,4,1.2600669,1,44,S,2.1
34,4,0.6048321,1,72,S,2.3
34,4,0.8910956,1,16,S,1.3
34,4,0.8009448,1,44,S,2.1
34,4,0.6750598,1,100,S,1.6
34,4,0.7700438,1,100,S,1.9
34,4,0.6102115,1,72,S,1.8
34,4,0.7063426,0,16,S,1.1
34,4,0.8266184,1,44,S,1.3
34,4,1.4585721,1,44,S,1.9
34,4,1.8298856,1,72,S,0.9
34,4,0.8966771,1,44,S,1.4
34,4,0.9014184,1,44,S,2.3
34,4,0.6757867,1,100,S,2.1
34,4,0.7601961,0,16,S,0.9
34,4,0.7404176,1,100,S,2.3
34,4,0.7170496,1,44,S,0.9
34,4,0.6992665,1,44,S,2.1
34,4,0.9633233,0,44,S,0.9
34,4,1.2588241,1,100,S,1.8
34,4,0.6909202,1,100,S,1.9
34,4,0.8313073,0,44,S,1.6
34,4,1.1989803,0,72,S,1.4
34,4,1.2503914,0,100,S,1.4
35,1,1.0232718,1,100,S,2.3
35,1,0.8651805,1,72,S,0.9
35,1,0.9813712,1,44,S,1.9
35,1,0.9709805,1,100,S,1.8
35,1,0.8027154,1,44,S,1.9
35,1,0.8703912,1,16,S,1.9
35,1,0.8855905,1,16,S,1.8
35,1,1.3234093,0,100,S,1.4
35,1,0.7603616,1,100,S,1.6
35,1,0.7323551,0,72,S,1.8
35,1,0.9389417,1,44,S,2.1
35,1,0.6797207,1,44,S,2.1
35,1,0.7997635,1,16,S,1.1
35,1,0.8572317,1,100,S,1.4
35,1,1.4507443,1,100,S,1.9
35,1,0.8595075,1,72,S,1.8
35,1,0.9784887,1,44,S,2.1
35,1,0.8880876,0,16,S,2.3
35,1,0.8594415,1,72,S,2.3
35,1,0.6544758,1,100,S,2.3
35,1,1.5051741,0,16,S,1.1
35,1,0.6623523,1,72,S,2.3
35,1,1.4655601,1,44,S,2.3
35,1,0.7743904,1,72,S,1.8
35,1,0.8751322,1,100,S,2.1
35,1,0.7810468,1,100,S,0.9
35,1,0.8000447,1,72,S,2.1
35,1,1.3343315,1,16,S,1.9
35,1,0.6036666,1,72,S,1.6
35,1,1.1619528,1,16,S,1.1
35,1,0.7875272,1,16,S,2.1
35,1,0.830026,1,100,S,1.1
35,1,0.911689,1,44,S,1.4
35,1,1.0623754,0,72,S,1.1
35,1,0.8966006,1,100,S,1.8
35,1,0.8576202,1,16,S,1.3
35,1,0.7953504,1,16,S,1.8
35,1,0.8183938,1,16,S,0.9
35,1,1.1011246,1,100,S,1.8
35,1,0.5843109,1,100,S,1.3
35,1,0.6132063,1,44,S,1.9
35,1,0.6594314,1,16,S,1.3
35,1,0.8005469,0,16,S,1.9
35,1,0.7213772,1,16,S,0.9
35,1,0.6753072,1,100,S,2.3
35,1,0.6238148,1,44,S,1.8
35,1,0.6194196,1,72,S,1.8
35,1,0.8757734,1,72,S,1.9
35,1,0.6982403,1,44,S,1.6
35,1,0.7725539,0,16,S,1.1
35,1,0.6038544,1,100,S,1.4
35,1,1.0170893,0,16,S,2.1
35,1,0.6875411,0,72,S,1.9
35,1,0.928887,1,16,S,2.3
35,1,0.7880577,1,100,S,1.1
35,1,0.8726369,1,72,S,1.9
35,1,0.8370698,1,100,S,2.3
35,1,0.9246391,1,100,S,2.3
35,1,0.528451,1,72,S,2.1
35,1,0.8789719,1,16,S,0.9
35,1,0.694552,1,72,S,2.1
35,1,0.8526904,1,100,S,1.8
35,1,0.6869614,1,100,S,1.4
35,1,0.7703369,1,16,S,1.1
35,1,0.9120603,1,72,S,1.1
35,1,1.2334681,0,72,S,1.3
35,1,0.7930383,0,16,S,2.1
35,1,0.7155709,1,16,S,1.3
35,2,0.5739842,1,44,S,1.1
35,2,0.9071938,0,44,S,0.9
35,2,0.6138961,1,72,S,2.1
35,2,0.8720359,1,44,S,2.1
35,2,0.887007,0,44,S,1.6
35,2,0.7829406,0,44,S,2.3
35,2,0.7955344,0,72,S,1.3
35,2,0.6739362,1,72,S,1.6
35,2,0.7445264,0,44,S,1.1
35,2,0.7099279,0,100,S,1.1
35,2,0.731233,1,44,S,0.9
35,2,0.9486974,0,44,S,1.9
35,2,1.338186,1,100,S,1.8
35,2,0.9108282,1,16,S,1.3
35,2,1.0791365,0,16,S,0.9
35,2,1.2742707,1,100,S,1.4
35,2,1.1335578,0,16,S,1.3
35,2,0.961383,1,100,S,0.9
35,2,1.1098759,1,44,S,1.3
35,2,1.5256615,0,44,S,1.3
35,2,1.2399466,1,72,S,1.1
35,2,0.7479896,1,100,S,2.3
35,2,1.3920807,0,16,S,2.3
35,2,0.964244,1,44,S,1.4
35,2,1.03747,1,44,S,1.1
35,2,0.8821684,1,44,S,1.9
35,2,0.9036547,0,100,S,1.1
35,2,1.15501,0,16,S,1.6
35,2,0.8083669,0,16,S,2.1
35,2,0.7170538,0,72,S,1.1
35,2,0.9353317,1,16,S,1.8
35,2,0.9171542,0,100,S,2.3
35,2,0.9511669,1,72,S,2.3
35,2,1.1909417,1,16,S,2.1
35,2,1.2144652,0,100,S,1.8
35,2,0.8774751,0,44,S,1.9
35,2,0.8693319,1,16,S,1.6
35,2,1.0537677,1,100,S,1.4
35,2,1.1685263,1,16,S,1.6
35,2,0.921461,1,100,S,0.9
35,2,1.0506982,0,16,S,1.6
35,2,1.1038149,0,44,S,1.9
35,2,0.9686787,0,16,S,1.8
35,2,0.9200658,0,44,S,1.9
35,2,1.0343383,1,44,S,1.8
35,2,0.8715876,1,100,S,1.6
35,2,1.2621548,0,16,S,1.8
35,2,0.7776828,1,100,S,1.8
35,2,1.1518709,0,100,S,2.3
35,2,0.689037,1,44,S,1.8
35,2,0.7935422,0,72,S,1.3
35,2,0.9703184,1,44,S,1.6
35,2,0.808352,1,100,S,1.8
35,2,0.8665595,1,72,S,1.1
35,2,0.8504661,0,72,S,1.8
35,2,0.9761643,1,44,S,1.1
35,2,1.0367727,1,16,S,1.4
35,2,0.7812161,1,44,S,1.4
35,2,0.9930299,0,16,S,1.8
35,2,0.8418158,1,44,S,1.3
35,2,0.7151017,1,72,S,1.8
35,2,0.7530287,0,72,S,1.6
35,2,0.9137673,1,16,S,1.9
35,2,0.6914188,1,72,S,1.9
35,2,0.6925569,0,44,S,1.8
35,2,0.8008205,1,72,S,1.9
35,2,0.8359392,0,72,S,2.1
35,2,1.160399,1,44,S,0.9
35,2,0.8400397,1,44,S,1.6
35,2,0.7397191,0,16,S,1.1
35,3,0.8526302,1,72,S,1.8
35,3,1.0215468,0,16,S,1.4
35,3,0.8841995,0,44,S,1.3
35,3,0.6773973,0,16,S,1.8
35,3,1.1980534,0,44,S,1.1
35,3,0.7540632,1,100,S,2.3
35,3,1.1225213,0,100,S,1.1
35,3,0.8095594,1,16,S,1.8
35,3,0.941363,1,100,S,2.3
35,3,1.0573317,1,44,S,1.1
35,3,0.9955121,1,44,S,2.3
35,3,1.0202313,1,72,S,1.8
35,3,0.8410776,1,72,S,2.1
35,3,0.7575667,0,16,S,1.8
35,3,1.1648184,1,16,S,0.9
35,3,0.948024,0,72,S,2.3
35,3,0.9092664,1,100,S,2.3
35,3,1.4630368,1,72,S,1.4
35,3,1.1178655,1,72,S,2.1
35,3,0.7514938,0,44,S,2.3
35,3,0.9049008,1,44,S,0.9
35,3,1.0543012,0,44,S,1.6
35,3,0.7615573,0,44,S,2.3
35,3,0.8634467,0,44,S,2.1
35,3,0.71532,1,72,S,2.3
35,3,0.8631128,1,16,S,2.3
35,3,1.2015003,1,16,S,2.3
35,3,0.7677295,1,100,S,1.9
35,3,0.967528,0,100,S,2.1
35,3,1.1366095,1,16,S,2.3
35,3,0.9598381,1,16,S,1.9
35,3,0.6734248,1,72,S,1.6
35,3,0.8489754,1,72,S,2.1
35,3,0.9729255,0,16,S,1.8
35,3,0.78394,1,72,S,1.1
35,3,0.9298486,1,44,S,1.3
35,3,1.1529058,1,44,S,1.8
35,3,0.6903054,0,44,S,1.6
35,3,0.8200387,0,16,S,2.1
35,3,0.6498088,1,100,S,1.3
35,3,1.0373557,1,100,S,2.1
35,3,0.8680004,1,100,S,1.8
35,3,0.9585778,0,72,S,2.1
35,3,0.9130923,1,100,S,1.6
35,3,0.8355013,0,16,S,1.3
35,3,1.3867771,1,44,S,1.3
35,3,0.8249003,0,44,S,1.4
35,3,1.416934,0,100,S,1.3
35,3,0.7431657,1,44,S,1.6
35,3,0.6304246,0,72,S,1.1
35,3,0.894854,1,72,S,1.9
35,3,0.7769363,0,72,S,1.3
35,3,0.8468526,1,100,S,1.1
35,3,0.8952541,0,72,S,1.4
35,3,0.7461747,0,16,S,2.3
35,3,0.7912277,0,16,S,0.9
35,3,1.0365324,1,72,S,1.8
35,3,0.6309673,1,72,S,1.1
35,3,1.3017138,0,44,S,1.3
35,3,1.5694253,1,44,S,1.8
35,3,0.8646071,1,100,S,1.4
35,3,1.1763472,0,72,S,1.3
35,3,0.9376736,0,16,S,2.1
35,3,0.9199347,0,16,S,1.8
35,3,0.7782981,0,44,S,1.3
35,3,1.06142,0,16,S,0.9
35,3,0.9190222,1,44,S,2.3
35,3,0.7381398,1,44,S,1.1
35,3,0.8985785,1,16,S,1.1
35,3,0.8016706,1,44,S,0.9
35,3,0.6907422,1,72,S,1.4
35,3,0.6761269,1,100,S,1.9
35,3,0.9640977,1,72,S,1.9
35,3,0.7087535,1,100,S,1.3
35,3,0.9415734,0,44,S,1.9
35,3,0.8711357,1,100,S,2.3
35,3,0.8430258,1,100,S,1.1
35,4,1.2873793,0,72,S,1.8
35,4,0.824504,1,100,S,1.6
35,4,1.0565986,0,44,S,1.8
35,4,1.4980666,0,16,S,0.9
35,4,1.4456146,1,72,S,2.3
35,4,0.8529667,1,100,S,1.9
35,4,0.6529508,1,16,S,1.6
35,4,1.0192693,0,72,S,1.1
35,4,0.7559792,1,72,S,2.3
35,4,0.6548464,1,72,S,2.3
35,4,0.9044829,1,100,S,2.1
35,4,0.9395212,1,44,S,1.8
35,4,0.6912971,1,44,S,1.1
35,4,1.3240471,1,100,S,0.9
35,4,0.9410871,1,16,S,1.8
35,4,0.7503897,1,100,S,1.4
35,4,1.253669,1,72,S,0.9
35,4,0.6608202,1,72,S,1.8
35,4,1.6674023,1,72,S,1.6
35,4,1.1879169,0,16,S,1.8
35,4,0.8518466,1,100,S,1.6
35,4,0.7880329,0,16,S,0.9
35,4,0.9511519,1,16,S,2.1
35,4,1.0399329,1,44,S,1.4
35,4,0.8540325,1,100,S,2.3
35,4,0.6392788,1,44,S,0.9
35,4,1.0881275,0,16,S,1.3
35,4,0.9023255,1,16,S,1.1
35,4,0.9200205,1,16,S,1.1
35,4,0.8268195,1,100,S,2.1
35,4,0.8906707,1,44,S,2.1
35,4,0.7755715,0,44,S,1.8
35,4,1.1340327,1,16,S,1.9
35,4,1.1874153,0,44,S,2.1
35,4,0.926571,1,44,S,2.3
35,4,0.7865585,1,44,S,1.6
35,4,0.8450661,0,44,S,1.9
35,4,0.7145632,0,44,S,1.6
35,4,0.8161327,1,100,S,1.4
35,4,0.7837537,1,72,S,1.4
35,4,0.9028741,0,44,S,2.3
35,4,1.1717785,1,72,S,1.4
35,4,0.8257073,0,72,S,1.3
35,4,0.6335637,0,16,S,1.6
35,4,0.7448912,1,100,S,1.6
35,4,0.8192022,1,44,S,2.1
35,4,0.935496,0,16,S,2.1
35,4,0.9836463,1,16,S,1.8
35,4,0.8067042,1,16,S,1.3
35,4,0.6127573,0,44,S,1.6
35,4,0.6339366,1,72,S,1.4
35,4,0.7016249,0,16,S,1.6
35,4,0.5954458,1,72,S,2.3
35,4,0.6460981,1,72,S,1.6
35,4,1.0632748,0,16,S,2.3
35,4,0.6304596,1,100,S,2.3
35,4,0.6414423,1,72,S,2.1
35,4,0.5440087,1,100,S,2.1
35,4,0.8463751,1,44,S,1.8
35,4,1.1752146,1,72,S,1.9
35,4,0.8498819,1,44,S,2.3
35,4,0.8661116,1,16,S,1.4
35,4,0.9142889,1,72,S,1.9
35,4,0.9029534,1,44,S,1.1
35,4,0.6923599,0,72,S,2.1
35,4,0.6537115,1,44,S,1.1
35,4,1.3363894,1,100,S,1.4
35,4,0.7420779,1,100,S,1.6
35,4,0.7900084,0,16,S,2.3
35,4,1.2956897,0,16,S,2.3
35,4,0.7026894,1,16,S,2.3
35,4,0.8344057,1,100,S,1.6
35,4,0.7573982,1,16,S,1.3
35,4,0.5986203,1,100,S,1.6
35,4,0.6152602,0,72,S,0.9
