subj,response,soa,hist
1,1,100,R
1,0,-72,R
1,1,44,R
1,1,44,R
1,1,44,R
1,1,-72,R
1,1,-16,R
1,0,-72,R
1,1,16,R
1,0,-16,R
1,1,-16,R
1,1,-16,R
1,1,72,R
1,1,100,R
1,0,-100,R
1,0,-16,R
1,1,72,R
1,1,16,R
1,1,16,R
1,0,-72,R
1,1,44,R
1,1,-16,R
1,1,-44,R
1,1,-72,R
1,1,72,R
1,1,100,R
1,1,16,R
1,1,72,R
1,0,-44,R
1,1,-72,R
1,1,100,R
1,0,-72,R
1,0,-100,R
1,0,-44,R
1,0,16,R
1,1,100,R
1,0,-44,R
1,1,100,R
1,1,44,R
1,0,-44,R
1,0,-100,R
1,1,72,R
1,0,-72,R
1,0,-72,R
1,1,100,R
1,1,-16,R
1,1,-16,R
1,1,-44,R
1,1,44,R
1,0,-100,R
1,1,-16,R
1,1,44,R
1,0,-100,R
1,1,72,R
1,1,44,R
1,1,16,R
1,1,-16,R
1,0,-72,R
1,1,44,R
1,0,-72,R
1,1,16,R
1,0,16,R
1,1,-16,R
1,1,100,R
1,1,-16,R
1,1,72,R
1,1,100,R
1,1,16,R
1,0,-100,R
1,0,-72,R
1,1,44,R
1,1,44,R
1,1,72,R
1,1,72,R
1,1,16,R
1,0,-44,R
1,0,-16,R
1,0,16,R
1,1,44,R
1,0,-72,R
1,0,-16,R
1,1,72,R
1,0,-16,R
1,1,72,R
1,1,16,R
1,0,-72,R
1,1,-100,R
1,1,-16,R
1,1,72,R
1,1,100,R
1,1,44,R
1,1,100,R
1,0,-72,R
1,1,44,R
1,0,-72,R
1,0,-100,R
1,0,-44,R
1,0,-72,R
1,0,-44,R
1,1,100,R
1,0,44,R
1,1,72,R
1,1,100,R
1,1,44,R
1,1,16,R
1,0,-16,R
1,1,72,R
1,1,72,R
1,1,72,R
1,0,-16,R
1,0,-72,R
1,0,-16,R
1,1,100,R
1,0,44,R
1,1,100,R
1,0,-100,R
1,1,100,R
1,1,72,R
1,1,72,R
1,0,-100,R
1,0,-16,R
1,0,-100,R
1,1,100,R
1,1,16,R
1,1,44,R
1,1,16,R
1,0,-16,R
1,1,100,R
1,1,44,R
1,1,100,R
1,1,-16,R
1,1,44,R
1,1,72,R
1,0,-100,R
1,0,-100,R
1,1,44,R
1,0,-72,R
1,1,72,R
1,0,-44,R
1,1,44,R
1,0,44,R
1,0,16,R
1,1,100,R
1,0,-100,R
1,1,72,R
1,1,44,R
1,1,16,R
1,0,-72,R
1,0,-100,R
1,0,-16,R
1,1,72,R
1,0,-16,R
1,0,-100,R
1,0,-16,R
1,1,100,R
1,0,-72,R
1,1,44,R
1,1,16,R
1,1,44,R
1,0,-72,R
1,0,-16,R
1,1,72,R
1,1,72,R
1,1,16,R
1,0,-72,R
1,1,44,R
1,0,16,R
1,1,-44,R
1,1,16,R
1,1,100,R
1,1,100,R
1,0,-100,R
1,1,16,R
1,1,72,R
1,0,-100,R
1,0,-100,R
1,0,-44,R
1,1,72,R
1,1,44,R
1,0,-72,R
1,0,-16,R
1,1,-16,R
1,0,-44,R
1,1,72,R
1,1,72,R
1,1,44,R
1,1,-44,R
1,0,-16,R
1,0,-72,R
1,1,100,R
1,0,-100,R
1,1,72,R
1,0,-100,R
1,1,100,R
1,1,72,R
1,1,-44,R
1,0,16,R
1,0,-72,R
1,0,-44,R
1,0,-72,R
1,0,-100,R
1,1,100,R
1,1,100,R
1,1,44,R
1,0,-44,R
1,1,72,R
1,1,16,R
1,0,-16,R
1,0,-72,R
1,0,-16,R
1,1,16,R
1,0,-72,R
1,1,100,R
1,1,100,R
1,0,-72,R
1,0,-100,R
1,1,100,R
1,0,-100,R
1,0,-16,R
1,0,-100,R
1,1,100,R
1,0,-44,R
1,1,16,R
1,1,100,R
1,1,100,R
1,0,-100,R
1,0,-16,R
1,1,100,R
1,1,44,R
1,0,16,R
1,1,72,R
1,1,16,R
1,1,16,R
1,0,-100,R
1,1,16,R
1,1,72,R
1,0,16,R
1,0,-44,R
1,0,-100,R
1,0,-72,R
1,0,-16,R
1,0,-100,R
1,0,-16,R
1,0,-100,R
1,1,100,R
1,1,44,R
1,1,-44,R
1,1,100,R
1,1,44,R
1,0,-44,R
1,1,72,R
1,0,-16,R
1,0,-100,R
1,1,16,R
1,0,-72,R
1,1,100,R
1,1,16,R
1,1,100,R
1,1,16,R
1,1,100,R
1,1,-16,R
1,0,-44,R
1,0,-100,R
1,0,-72,R
1,1,72,R
1,1,44,R
1,1,72,R
1,1,100,R
1,0,-100,R
1,1,44,R
1,0,-72,R
1,1,16,R
1,1,44,R
1,1,-44,R
1,0,72,R
1,0,-16,R
1,0,-16,R
1,0,16,R
1,0,-100,R
1,1,44,R
1,0,-44,R
1,1,100,R
1,0,-100,R
1,1,-16,R
1,1,72,R
1,0,-44,R
1,0,-16,R
1,0,-16,R
1,1,44,R
1,1,72,R
1,0,16,R
1,0,-100,R
1,0,-100,R
1,1,72,R
1,0,-100,R
1,1,-44,R
1,0,-100,R
2,1,72,R
2,1,44,R
2,1,44,R
2,1,16,R
2,1,-16,R
2,0,-72,R
2,0,44,R
2,1,72,R
2,1,100,R
2,1,16,R
2,0,44,R
2,0,44,R
2,0,-16,R
2,1,100,R
2,1,72,R
2,1,100,R
2,0,-16,R
2,0,-72,R
2,0,-100,R
2,1,100,R
2,0,-44,R
2,1,44,R
2,0,-44,R
2,1,100,R
2,1,44,R
2,1,44,R
2,1,44,R
2,0,-16,R
2,1,72,R
2,1,44,R
2,0,16,R
2,0,-100,R
2,0,16,R
2,1,72,R
2,1,16,R
2,1,100,R
2,1,-16,R
2,1,100,R
2,0,-44,R
2,0,-16,R
2,1,44,R
2,0,-100,R
2,1,72,R
2,1,100,R
2,1,100,R
2,1,44,R
2,1,44,R
2,0,-72,R
2,0,-100,R
2,0,16,R
2,0,-100,R
2,0,-16,R
2,1,44,R
2,1,16,R
2,0,-72,R
2,1,72,R
2,0,-16,R
2,1,16,R
2,1,-44,R
2,0,-16,R
2,1,16,R
2,0,-72,R
2,0,-100,R
2,1,44,R
2,0,-100,R
2,0,-72,R
2,1,72,R
2,1,72,R
2,1,44,R
2,1,72,R
2,1,72,R
2,1,72,R
2,0,-72,R
2,1,100,R
2,0,-44,R
2,1,-16,R
2,1,100,R
2,1,-72,R
2,1,16,R
2,0,-44,R
2,1,44,R
2,1,44,R
2,1,100,R
2,0,16,R
2,0,-100,R
2,1,16,R
2,1,16,R
2,1,100,R
2,1,100,R
2,1,100,R
2,1,100,R
2,1,-44,R
2,1,16,R
2,0,-44,R
2,0,-100,R
2,1,44,R
2,1,72,R
2,1,16,R
2,1,-16,R
2,0,-44,R
2,1,100,R
2,0,-72,R
2,1,72,R
2,0,-100,R
2,1,-16,R
2,1,16,R
2,1,16,R
2,1,16,R
2,0,-16,R
2,0,-16,R
2,1,72,R
2,1,72,R
2,0,-100,R
2,1,16,R
2,1,72,R
2,1,16,R
2,0,-100,R
2,1,44,R
2,0,-72,R
2,0,-44,R
2,0,-100,R
2,1,72,R
2,1,100,R
2,1,16,R
2,1,72,R
2,0,-44,R
2,0,-16,R
2,0,-72,R
2,1,100,R
2,1,44,R
2,0,-44,R
2,0,16,R
2,1,-16,R
2,1,44,R
2,1,100,R
2,0,-16,R
2,1,72,R
2,1,100,R
2,1,44,R
2,1,72,R
2,1,44,R
2,0,-100,R
2,1,100,R
2,1,100,R
2,1,16,R
2,1,-100,R
2,1,72,R
2,1,16,R
2,0,-100,R
2,0,-44,R
2,0,44,R
2,0,-100,R
2,1,72,R
2,0,-100,R
2,0,-44,R
2,0,-44,R
2,1,-16,R
2,1,44,R
2,1,16,R
2,1,-16,R
2,1,72,R
2,0,-72,R
2,0,-16,R
2,0,-16,R
2,1,44,R
2,1,44,R
2,0,-72,R
2,0,-72,R
2,1,44,R
2,1,16,R
2,1,72,R
2,1,44,R
2,0,-44,R
2,0,-72,R
2,1,100,R
2,1,-72,R
2,0,-100,R
2,1,44,R
2,1,44,R
2,1,44,R
2,0,-100,R
2,0,-72,R
2,0,-44,R
2,1,100,R
2,0,-44,R
2,1,16,R
2,1,100,R
2,0,-16,R
2,0,-100,R
2,0,-100,R
2,1,44,R
2,0,-100,R
2,1,16,R
2,0,-72,R
2,1,100,R
2,0,-72,R
2,0,-72,R
2,0,-100,R
2,1,44,R
2,1,16,R
2,0,-100,R
2,0,-100,R
2,1,-16,R
2,0,-72,R
2,1,16,R
2,0,-100,R
2,1,44,R
2,1,72,R
2,1,100,R
2,1,44,R
2,1,44,R
2,0,-72,R
2,1,16,R
2,0,-72,R
2,0,-100,R
2,0,-100,R
2,1,72,R
2,0,-72,R
2,1,16,R
2,1,44,R
2,1,44,R
2,0,-100,R
2,1,72,R
2,0,-72,R
2,1,44,R
2,1,100,R
2,0,-72,R
2,1,16,R
2,0,-44,R
2,1,72,R
2,1,44,R
2,1,16,R
2,1,72,R
2,1,44,R
2,0,-16,R
2,1,16,R
2,0,-44,R
2,1,16,R
2,0,-100,R
2,1,100,R
2,1,100,R
2,0,-16,R
2,1,72,R
2,1,72,R
2,1,100,R
2,0,-100,R
2,1,44,R
2,1,16,R
2,1,72,R
2,1,16,R
2,1,100,R
2,0,-72,R
2,0,-100,R
2,0,-44,R
2,1,100,R
2,0,-72,R
2,1,44,R
2,1,100,R
2,0,16,R
2,0,-72,R
2,0,-100,R
2,1,100,R
2,0,-44,R
2,1,100,R
2,0,-72,R
2,1,100,R
2,0,-72,R
2,0,-72,R
2,0,-16,R
2,1,100,R
2,1,72,R
2,0,-16,R
2,0,-72,R
2,1,100,R
2,0,-100,R
2,1,16,R
2,0,-44,R
2,1,-16,R
2,0,-16,R
2,0,-44,R
2,1,72,R
2,1,100,R
2,0,-72,R
2,0,-72,R
2,0,-16,R
2,1,16,R
2,0,-16,R
2,0,-72,R
2,1,16,R
2,1,16,R
3,1,44,R
3,1,72,R
3,1,72,R
3,1,72,R
3,1,44,R
3,0,-16,R
3,0,-16,R
3,0,-72,R
3,0,-16,R
3,1,-16,R
3,0,-100,R
3,1,16,R
3,0,-44,R
3,1,72,R
3,0,-100,R
3,1,72,R
3,0,-72,R
3,0,-16,R
3,0,-72,R
3,1,100,R
3,1,100,R
3,0,-16,R
3,1,-44,R
3,0,-44,R
3,1,100,R
3,1,44,R
3,0,-16,R
3,1,16,R
3,0,-44,R
3,0,-100,R
3,1,16,R
3,1,44,R
3,0,-44,R
3,0,-44,R
3,1,100,R
3,1,72,R
3,1,-44,R
3,1,44,R
3,1,72,R
3,0,-44,R
3,1,-44,R
3,1,-100,R
3,0,-44,R
3,0,-100,R
3,0,-16,R
3,1,44,R
3,0,-72,R
3,0,-44,R
3,1,44,R
3,0,-100,R
3,0,-72,R
3,1,16,R
3,1,16,R
3,1,72,R
3,0,-72,R
3,1,44,R
3,0,-16,R
3,0,-44,R
3,1,72,R
3,0,-100,R
3,1,100,R
3,1,72,R
3,0,-16,R
3,0,-72,R
3,1,44,R
3,0,-100,R
3,1,100,R
3,0,-72,R
3,0,-44,R
3,1,72,R
3,1,100,R
3,0,-100,R
3,1,72,R
3,1,72,R
3,1,16,R
3,0,-44,R
3,1,72,R
3,0,-44,R
3,1,44,R
3,0,-44,R
3,0,-72,R
3,0,-100,R
3,1,16,R
3,1,72,R
3,0,-44,R
3,1,72,R
3,1,44,R
3,1,44,R
3,0,-100,R
3,0,-16,R
3,0,-100,R
3,1,72,R
3,1,16,R
3,0,-16,R
3,0,-44,R
3,1,16,R
3,1,16,R
3,1,72,R
3,1,72,R
3,0,-44,R
3,1,44,R
3,1,100,R
3,0,-44,R
3,0,-44,R
3,1,72,R
3,1,100,R
3,1,100,R
3,0,-44,R
3,1,44,R
3,0,-72,R
3,0,-44,R
3,0,-44,R
3,1,44,R
3,0,-72,R
3,1,44,R
3,1,100,R
3,0,-16,R
3,0,-44,R
3,0,-44,R
3,1,16,R
3,0,-16,R
3,1,44,R
3,1,-16,R
3,0,-100,R
3,0,-16,R
3,1,44,R
3,1,16,R
3,1,72,R
3,0,-100,R
3,0,-44,R
3,0,-44,R
3,1,100,R
3,1,72,R
3,0,-44,R
3,0,-16,R
3,1,44,R
3,1,44,R
3,1,72,R
3,0,-72,R
3,1,72,R
3,1,100,R
3,1,72,R
3,1,44,R
3,1,72,R
3,0,-100,R
3,0,-72,R
3,1,16,R
3,1,100,R
3,1,72,R
3,1,100,R
3,1,100,R
3,0,-44,R
3,0,-44,R
3,0,-16,R
3,0,-44,R
3,0,16,R
3,1,100,R
3,1,100,R
3,0,-72,R
3,1,44,R
3,0,-16,R
3,1,44,R
3,1,100,R
3,1,72,R
3,0,-72,R
3,0,-72,R
3,0,-16,R
3,0,-100,R
3,1,100,R
3,1,16,R
3,1,72,R
3,1,72,R
3,1,44,R
2,0,-72,R
2,1,16,R
2,1,44,R
2,1,44,R
2,0,-100,R
2,1,72,R
2,0,-72,R
2,1,44,R
2,1,100,R
2,0,-72,R
2,1,16,R
2,0,-44,R
2,1,72,R
2,1,44,R
2,1,16,R
2,1,72,R
2,1,44,R
2,0,-16,R
2,1,16,R
2,0,-44,R
2,1,16,R
2,0,-100,R
2,1,100,R
2,1,100,R
2,0,-16,R
2,1,72,R
2,1,72,R
2,1,100,R
2,0,-100,R
2,1,44,R
2,1,16,R
2,1,72,R
2,1,16,R
2,1,100,R
2,0,-72,R
2,0,-100,R
2,0,-44,R
2,1,100,R
2,0,-72,R
2,1,44,R
2,1,100,R
2,0,16,R
2,0,-72,R
2,0,-100,R
2,1,100,R
2,0,-44,R
2,1,100,R
2,0,-72,R
2,1,100,R
2,0,-72,R
2,0,-72,R
2,0,-16,R
2,1,100,R
2,1,72,R
2,0,-16,R
2,0,-72,R
2,1,100,R
2,0,-100,R
2,1,16,R
2,0,-44,R
2,1,-16,R
2,0,-16,R
2,0,-44,R
2,1,72,R
2,1,100,R
2,0,-72,R
2,0,-72,R
2,0,-16,R
2,1,16,R
2,0,-16,R
2,0,-72,R
2,1,16,R
2,1,16,R
4,1,100,R
4,1,-16,R
4,1,72,R
4,1,72,R
4,1,72,R
4,0,-72,R
4,1,100,R
4,0,-100,R
4,0,16,R
4,1,44,R
4,0,-72,R
4,0,-100,R
4,0,-72,R
4,1,16,R
4,0,-16,R
4,0,-72,R
4,0,-44,R
4,1,100,R
4,0,-100,R
4,0,-16,R
4,1,100,R
4,0,-44,R
4,0,72,R
4,1,72,R
4,0,-16,R
4,1,100,R
4,0,-72,R
4,1,16,R
4,1,-44,R
4,1,44,R
4,0,72,R
4,0,100,R
4,0,-72,R
4,1,16,R
4,0,-100,R
4,0,-44,R
4,0,16,R
4,0,72,R
4,1,100,R
4,1,100,R
4,0,-44,R
4,1,72,R
4,0,-44,R
4,1,16,R
4,1,44,R
4,1,16,R
4,1,-72,R
4,1,44,R
4,0,-100,R
4,1,-16,R
4,1,72,R
4,0,-16,R
4,0,-44,R
4,1,72,R
4,1,100,R
4,1,44,R
4,1,-16,R
4,0,-44,R
4,0,44,R
4,0,-72,R
4,1,72,R
4,1,72,R
4,0,-72,R
4,1,72,R
4,1,16,R
4,0,16,R
4,1,72,R
4,1,100,R
4,0,44,R
4,0,-72,R
4,0,-100,R
4,0,16,R
4,1,-100,R
4,0,-100,R
4,1,72,R
4,1,72,R
4,1,16,R
4,0,-100,R
4,0,-100,R
4,1,44,R
4,0,-44,R
4,1,-16,R
4,1,16,R
4,1,-100,R
4,0,-100,R
4,0,-72,R
4,1,-16,R
4,0,-72,R
4,0,-44,R
4,1,-16,R
4,1,-72,R
4,0,-44,R
4,0,-100,R
4,1,16,R
4,1,100,R
4,0,16,R
4,1,100,R
4,0,-100,R
4,0,-16,R
4,0,44,R
4,0,-44,R
4,0,-100,R
4,1,72,R
4,1,100,R
4,1,72,R
4,1,100,R
4,1,16,R
4,1,100,R
4,1,-72,R
4,1,72,R
4,0,-72,R
4,0,-16,R
4,1,100,R
4,1,100,R
4,0,-16,R
4,1,-16,R
4,0,-44,R
4,0,-44,R
4,1,100,R
4,1,16,R
4,0,16,R
4,0,-16,R
4,0,-100,R
4,0,-16,R
4,1,72,R
4,1,100,R
4,0,-100,R
4,1,72,R
4,0,-100,R
4,0,-72,R
4,0,-44,R
4,0,72,R
4,0,-44,R
4,1,72,R
4,1,72,R
4,1,16,R
4,1,-44,R
4,1,72,R
4,0,-100,R
4,0,-16,R
4,1,16,R
4,1,-44,R
4,1,100,R
4,0,-100,R
4,1,100,R
4,1,-100,R
4,1,16,R
4,1,72,R
4,0,-72,R
4,1,100,R
4,0,-44,R
4,1,100,R
4,0,-44,R
4,1,-44,R
4,0,-100,R
4,1,44,R
4,0,-44,R
4,0,-44,R
4,1,72,R
4,0,-16,R
4,0,-16,R
4,0,-44,R
4,1,100,R
4,0,-100,R
4,0,-44,R
4,1,100,R
4,1,16,R
4,1,100,R
4,1,-44,R
4,0,-44,R
4,0,-44,R
4,1,72,R
4,1,-16,R
4,0,-100,R
4,0,-72,R
4,0,-72,R
4,1,100,R
4,1,72,R
4,1,44,R
4,1,-44,R
4,1,72,R
4,1,100,R
4,1,72,R
4,1,72,R
4,1,16,R
4,0,-72,R
4,0,-100,R
4,0,-72,R
4,1,100,R
4,1,100,R
4,0,-72,R
4,1,72,R
4,0,16,R
4,1,44,R
4,1,16,R
4,1,100,R
4,1,44,R
4,1,-16,R
4,1,16,R
4,1,100,R
4,0,-100,R
4,1,16,R
4,1,100,R
4,1,44,R
4,1,-16,R
4,0,44,R
4,1,100,R
4,0,-100,R
4,0,-100,R
4,1,16,R
4,1,16,R
4,0,16,R
4,0,-100,R
4,0,-44,R
4,1,72,R
4,0,-100,R
4,1,16,R
4,1,-16,R
4,1,16,R
4,0,72,R
4,1,72,R
4,1,100,R
4,1,16,R
4,1,100,R
4,1,100,R
4,1,100,R
4,0,16,R
4,0,-44,R
4,0,-72,R
4,0,16,R
4,1,44,R
4,1,-72,R
4,1,-72,R
4,0,-72,R
4,1,44,R
4,0,-100,R
4,0,-72,R
4,1,44,R
4,1,100,R
4,1,44,R
4,1,72,R
4,1,16,R
4,1,16,R
4,1,16,R
4,0,16,R
4,1,-16,R
4,1,100,R
4,1,100,R
4,1,-16,R
4,1,100,R
4,0,-16,R
4,0,-16,R
4,1,100,R
4,1,100,R
4,1,-44,R
4,0,-100,R
4,1,16,R
4,0,-72,R
4,0,-44,R
4,0,44,R
4,1,72,R
4,1,-100,R
4,0,-44,R
4,0,-44,R
4,1,72,R
4,0,-44,R
4,1,44,R
4,0,-100,R
4,0,-72,R
4,0,-16,R
4,0,72,R
4,1,-100,R
4,0,72,R
4,0,-100,R
4,1,100,R
4,1,44,R
4,1,-16,R
4,1,-16,R
4,0,-44,R
4,1,100,R
4,0,-72,R
4,0,-44,R
4,1,44,R
4,1,16,R
4,1,100,R
5,1,44,R
5,0,-72,R
5,1,16,R
5,1,16,R
5,0,-100,R
5,0,-100,R
5,0,-100,R
5,0,-44,R
5,0,-72,R
5,1,100,R
5,1,16,R
5,0,-72,R
5,0,-72,R
5,0,-72,R
5,0,-100,R
5,0,-16,R
5,0,-72,R
5,1,44,R
5,0,-100,R
5,1,16,R
5,0,-72,R
5,1,100,R
5,1,100,R
5,0,-44,R
5,0,-44,R
5,0,-16,R
5,0,-100,R
5,1,100,R
5,0,-44,R
5,1,44,R
5,1,-16,R
5,0,-44,R
5,1,44,R
5,0,-44,R
5,1,72,R
5,1,100,R
5,1,72,R
5,1,44,R
5,1,44,R
5,0,-16,R
5,1,100,R
5,1,72,R
5,1,16,R
5,1,100,R
5,0,-100,R
5,1,16,R
5,1,-16,R
5,0,-16,R
5,0,-16,R
5,0,-72,R
5,0,-16,R
5,0,-72,R
5,1,100,R
5,0,-100,R
5,0,16,R
5,1,72,R
5,0,-44,R
5,1,44,R
5,1,44,R
5,0,-72,R
5,1,100,R
5,0,-44,R
5,1,16,R
5,0,-100,R
5,0,-72,R
5,1,100,R
5,0,-44,R
5,1,16,R
5,1,100,R
5,0,-44,R
5,0,-44,R
5,0,-100,R
5,0,-16,R
5,0,-16,R
5,1,16,R
5,0,-72,R
5,1,100,R
5,1,44,R
5,1,16,R
5,0,44,R
5,1,72,R
5,0,-100,R
5,0,-16,R
5,0,-100,R
5,0,-16,R
5,1,44,R
5,0,-72,R
5,1,72,R
5,1,100,R
5,0,-100,R
5,0,-72,R
5,0,-44,R
5,0,-44,R
5,1,100,R
5,1,44,R
5,1,100,R
5,0,-44,R
5,1,16,R
5,1,100,R
5,1,72,R
5,1,-16,R
5,0,-72,R
5,0,-72,R
5,0,-44,R
5,1,44,R
5,1,100,R
5,0,-72,R
5,1,100,R
5,1,72,R
5,0,-44,R
5,0,-44,R
5,1,16,R
5,1,72,R
5,1,100,R
5,0,16,R
5,1,100,R
5,1,72,R
5,1,44,R
5,1,16,R
5,0,-100,R
5,0,-44,R
5,1,100,R
5,0,-44,R
5,1,16,R
5,1,72,R
5,0,16,R
5,0,-72,R
5,1,72,R
5,1,72,R
5,0,-16,R
5,0,-44,R
5,0,-72,R
5,0,-72,R
5,0,-72,R
5,1,72,R
5,0,-100,R
5,0,-16,R
5,1,16,R
5,0,44,R
5,1,100,R
5,1,44,R
5,0,-16,R
5,1,44,R
5,0,-100,R
5,0,-16,R
5,0,16,R
5,0,-16,R
5,1,72,R
5,0,16,R
5,1,72,R
5,1,72,R
5,0,44,R
5,1,72,R
5,0,72,R
5,1,44,R
5,0,-100,R
5,0,-100,R
5,0,44,R
5,1,44,R
5,0,-100,R
5,1,100,R
5,0,-72,R
5,1,44,R
5,1,16,R
5,0,-16,R
5,0,16,R
5,1,16,R
5,1,44,R
5,0,-100,R
5,1,16,R
5,0,-16,R
5,0,-72,R
5,1,100,R
5,0,-44,R
5,0,-16,R
5,1,100,R
5,1,100,R
5,0,-100,R
5,1,16,R
5,0,-72,R
5,0,-16,R
5,1,44,R
5,0,-16,R
5,0,-72,R
5,0,-72,R
5,1,72,R
5,0,-16,R
5,0,-44,R
5,0,-72,R
5,0,-16,R
5,1,16,R
5,0,-100,R
5,0,16,R
5,1,100,R
5,0,16,R
5,0,16,R
5,1,100,R
5,0,-44,R
5,1,44,R
5,1,72,R
5,0,-44,R
5,0,-72,R
5,1,100,R
5,1,44,R
5,1,44,R
5,1,16,R
5,0,-100,R
5,0,-100,R
5,0,-44,R
5,1,44,R
5,0,-44,R
5,0,-44,R
5,0,-72,R
5,0,-44,R
5,1,100,R
5,0,-16,R
5,1,100,R
5,1,44,R
5,1,72,R
5,0,-44,R
5,0,-72,R
5,0,-100,R
5,0,-16,R
5,1,44,R
5,0,-16,R
5,1,72,R
5,1,16,R
5,0,16,R
5,1,16,R
5,0,-16,R
5,0,-72,R
5,1,100,R
5,1,44,R
5,0,-100,R
5,1,44,R
5,0,-72,R
5,1,44,R
5,0,-100,R
5,0,-72,R
5,1,72,R
5,1,72,R
5,0,-16,R
5,0,-100,R
5,0,-16,R
5,0,-72,R
5,1,44,R
5,0,-16,R
5,1,72,R
5,0,-72,R
5,0,-100,R
5,1,72,R
5,0,-44,R
5,1,72,R
5,1,72,R
5,0,-44,R
5,0,-44,R
5,1,16,R
5,0,-100,R
5,1,72,R
5,0,44,R
5,0,16,R
5,1,72,R
5,0,-16,R
5,1,100,R
5,0,16,R
5,1,44,R
5,1,100,R
5,1,100,R
5,1,44,R
5,1,16,R
5,1,72,R
5,0,-44,R
5,1,72,R
5,0,-100,R
5,0,-72,R
5,1,72,R
5,0,-72,R
5,1,44,R
5,1,72,R
5,1,72,R
5,1,72,R
5,0,-100,R
5,1,44,R
5,0,-100,R
5,0,-100,R
5,0,-100,R
5,1,100,R
5,1,16,R
5,1,72,R
5,1,72,R
5,0,-100,R
5,1,100,R
5,0,-72,R
5,0,-72,R
5,0,-44,R
5,1,44,R
6,1,44,R
6,0,-44,R
6,1,72,R
6,0,-44,R
6,1,44,R
6,1,44,R
6,1,100,R
6,1,72,R
6,1,16,R
6,0,-44,R
6,1,44,R
6,0,-44,R
6,1,72,R
6,0,-72,R
6,0,-44,R
6,1,72,R
6,1,72,R
6,1,16,R
6,0,-16,R
6,0,-72,R
6,0,-100,R
6,0,16,R
6,0,-72,R
6,1,72,R
6,0,-44,R
6,0,-72,R
6,0,-16,R
6,0,-44,R
6,0,-44,R
6,1,44,R
6,1,44,R
6,1,100,R
6,0,-72,R
6,0,-72,R
6,0,-72,R
6,0,-72,R
6,0,-44,R
6,0,-100,R
6,0,-44,R
6,0,-16,R
6,0,-44,R
6,1,100,R
6,0,-16,R
6,0,-44,R
6,1,44,R
6,1,16,R
6,0,-72,R
6,1,44,R
6,1,100,R
6,1,16,R
6,0,-100,R
6,0,-44,R
6,0,-44,R
6,1,44,R
6,1,100,R
6,0,-16,R
6,0,-72,R
6,1,100,R
6,1,16,R
6,0,-100,R
6,1,16,R
6,0,-44,R
6,0,-44,R
6,1,16,R
6,1,44,R
6,0,-44,R
6,0,-100,R
6,1,44,R
6,0,-100,R
6,0,-72,R
6,0,-44,R
6,0,-16,R
6,1,16,R
6,0,-72,R
6,0,-100,R
6,1,44,R
6,0,-44,R
6,1,100,R
6,1,44,R
6,0,-72,R
6,1,100,R
6,0,-72,R
6,1,72,R
6,1,16,R
6,1,44,R
6,1,100,R
6,0,-100,R
6,1,16,R
6,1,16,R
6,1,16,R
6,0,-44,R
6,1,72,R
6,0,-100,R
6,1,100,R
6,1,-16,R
6,1,72,R
6,0,-100,R
6,0,-72,R
6,1,100,R
6,0,-72,R
6,0,-72,R
6,0,-44,R
6,0,-16,R
6,0,-44,R
6,1,72,R
6,1,16,R
6,1,-44,R
6,1,100,R
6,0,-100,R
6,0,-72,R
6,1,100,R
6,0,-72,R
6,1,100,R
6,1,100,R
6,0,-100,R
6,1,72,R
6,1,-16,R
6,1,44,R
6,1,100,R
6,1,100,R
6,0,-100,R
6,0,16,R
6,1,16,R
6,1,72,R
6,1,44,R
6,1,44,R
6,0,-100,R
6,1,100,R
6,0,-100,R
6,1,100,R
6,1,44,R
6,0,-44,R
6,1,72,R
6,1,44,R
6,1,100,R
6,0,-16,R
6,1,72,R
6,0,-16,R
6,0,-44,R
6,0,-72,R
6,1,16,R
6,0,-72,R
6,1,72,R
6,1,72,R
6,0,-72,R
6,0,-44,R
6,0,-44,R
6,1,72,R
6,0,-72,R
6,0,-72,R
6,0,16,R
6,1,44,R
6,1,44,R
6,0,-16,R
6,1,100,R
6,0,-16,R
6,1,100,R
6,1,44,R
6,1,16,R
6,0,-100,R
6,0,-100,R
6,1,100,R
6,1,100,R
6,0,-72,R
6,0,-44,R
6,0,-72,R
6,1,44,R
6,0,-72,R
6,0,-100,R
6,0,16,R
6,1,72,R
6,1,44,R
6,0,-72,R
6,0,-100,R
6,1,72,R
6,0,-100,R
6,0,-100,R
6,1,100,R
6,1,44,R
6,0,-100,R
6,0,-100,R
6,1,44,R
6,1,16,R
6,1,100,R
6,1,100,R
6,1,44,R
6,0,-44,R
6,0,-100,R
6,0,-72,R
6,1,72,R
6,1,-16,R
6,1,-16,R
6,0,-44,R
6,1,100,R
6,1,72,R
6,0,-100,R
6,0,-16,R
6,0,-44,R
6,1,100,R
6,1,-16,R
6,1,100,R
6,1,-44,R
6,1,16,R
6,1,100,R
6,0,-100,R
6,1,16,R
6,0,-72,R
6,0,-100,R
6,1,100,R
6,1,16,R
6,1,16,R
6,0,-44,R
6,1,44,R
6,0,-100,R
6,0,-72,R
6,1,-44,R
6,1,100,R
6,1,72,R
6,1,100,R
6,0,-72,R
6,1,44,R
6,1,72,R
6,0,-44,R
6,1,44,R
6,1,100,R
6,0,-44,R
6,0,44,R
6,1,16,R
6,0,-72,R
6,1,72,R
6,0,-100,R
6,0,-72,R
6,1,72,R
6,1,100,R
6,0,-100,R
6,0,-44,R
6,0,-72,R
6,1,44,R
6,1,100,R
6,1,44,R
6,1,72,R
6,1,72,R
6,0,-44,R
6,1,72,R
6,1,72,R
6,0,-100,R
6,0,-100,R
6,0,-100,R
6,1,72,R
6,1,100,R
6,0,-100,R
6,0,-16,R
6,0,-44,R
6,0,-72,R
6,0,-16,R
6,1,100,R
6,0,-100,R
6,1,72,R
6,0,-16,R
6,1,72,R
6,1,-16,R
6,1,72,R
6,1,72,R
6,1,16,R
6,1,100,R
6,1,44,R
6,0,-100,R
6,0,-100,R
6,0,-72,R
6,0,-72,R
6,1,16,R
6,1,100,R
6,0,-100,R
6,0,-72,R
6,0,-100,R
6,0,-100,R
6,0,-100,R
6,0,-100,R
6,0,-44,R
6,0,16,R
6,0,-100,R
6,0,-100,R
6,0,-44,R
6,0,-16,R
7,0,16,R
7,0,16,R
7,0,-72,R
7,1,72,R
7,0,-16,R
7,0,100,R
7,0,-16,R
7,0,44,R
7,0,-16,R
7,1,44,R
7,0,-44,R
7,0,-72,R
7,0,-16,R
7,1,44,R
7,0,-100,R
7,0,-16,R
7,0,72,R
7,0,-16,R
7,1,44,R
7,1,100,R
7,0,-100,R
7,0,-72,R
7,1,44,R
7,0,16,R
7,1,16,R
7,1,100,R
7,0,16,R
7,0,-100,R
7,1,44,R
7,1,72,R
7,1,72,R
7,1,72,R
7,0,-72,R
7,1,100,R
7,0,-100,R
7,1,44,R
7,0,-100,R
7,0,-16,R
7,0,-72,R
7,0,-44,R
7,0,72,R
7,0,-44,R
7,0,100,R
7,1,100,R
7,0,-100,R
7,0,-44,R
7,0,-16,R
7,0,-44,R
7,0,44,R
7,0,-72,R
7,0,-16,R
7,1,100,R
7,1,72,R
7,0,-16,R
7,0,-16,R
7,1,100,R
7,1,16,R
7,0,-72,R
7,1,100,R
7,0,-16,R
7,0,72,R
7,0,-72,R
7,1,72,R
7,1,72,R
7,1,16,R
7,1,16,R
7,1,44,R
7,0,-100,R
7,1,72,R
7,1,-16,R
7,1,16,R
7,0,-72,R
7,1,72,R
7,1,44,R
7,1,72,R
7,1,72,R
7,0,-16,R
7,0,16,R
7,0,-16,R
7,0,-44,R
7,1,72,R
7,0,-100,R
7,1,100,R
7,1,44,R
7,1,-16,R
7,0,-100,R
7,1,16,R
7,0,100,R
7,0,-44,R
7,0,16,R
7,0,-16,R
7,0,16,R
7,1,100,R
7,0,-72,R
7,0,-100,R
7,0,-72,R
7,0,-100,R
7,1,-16,R
7,1,100,R
7,1,44,R
7,0,-72,R
7,1,100,R
7,0,-44,R
7,0,-44,R
7,0,-72,R
7,1,16,R
7,0,-72,R
7,0,-72,R
7,0,-44,R
7,1,72,R
7,0,-44,R
7,0,44,R
7,0,-72,R
7,1,72,R
7,0,-100,R
7,1,16,R
7,0,-44,R
7,0,-16,R
7,0,16,R
7,1,44,R
7,0,-100,R
7,0,-44,R
7,1,16,R
7,0,-44,R
7,0,16,R
7,0,-44,R
7,0,-72,R
7,0,-16,R
7,0,-44,R
7,1,72,R
7,1,44,R
7,0,-44,R
7,0,-72,R
7,1,16,R
7,0,-44,R
7,0,-72,R
7,0,-16,R
7,1,72,R
7,0,-100,R
7,0,44,R
7,0,-16,R
7,0,72,R
7,0,-72,R
7,0,-16,R
7,1,100,R
7,1,72,R
7,0,-44,R
7,1,72,R
7,0,-44,R
7,1,16,R
7,0,-72,R
7,1,100,R
7,0,-72,R
7,0,16,R
7,0,-44,R
7,0,-100,R
7,1,100,R
7,0,-100,R
7,1,100,R
7,1,72,R
7,1,72,R
7,1,100,R
7,0,-44,R
7,0,-16,R
7,0,-44,R
7,0,-44,R
7,0,-16,R
7,0,-44,R
7,1,44,R
7,1,-16,R
7,0,-72,R
7,0,-72,R
7,0,-44,R
7,0,-16,R
7,0,-100,R
7,1,72,R
7,1,100,R
7,1,-16,R
7,0,-72,R
7,0,-100,R
7,1,44,R
7,0,-72,R
7,0,-44,R
7,0,-16,R
7,0,-100,R
7,0,-44,R
7,0,-72,R
7,1,72,R
7,0,-16,R
7,1,16,R
7,1,72,R
7,0,-72,R
7,0,-72,R
7,0,-44,R
7,1,100,R
7,1,44,R
7,1,100,R
7,1,100,R
7,1,72,R
7,0,-100,R
7,0,-72,R
7,1,72,R
7,1,-16,R
7,0,-100,R
7,0,-44,R
7,1,16,R
7,1,44,R
7,1,100,R
7,1,72,R
7,1,16,R
7,0,-16,R
7,0,-72,R
7,0,-72,R
7,1,44,R
7,0,-72,R
7,1,44,R
7,1,100,R
7,0,-72,R
7,0,-72,R
7,1,16,R
7,1,72,R
7,1,44,R
7,1,72,R
7,1,-16,R
7,0,-16,R
7,1,100,R
7,1,44,R
7,0,-44,R
7,0,-72,R
7,0,-72,R
7,0,-100,R
7,0,-44,R
7,0,-72,R
7,1,100,R
7,1,16,R
7,1,-16,R
7,0,-100,R
7,1,44,R
7,1,100,R
7,0,-16,R
7,1,-16,R
7,1,16,R
7,0,-44,R
7,1,44,R
7,1,16,R
7,1,44,R
7,1,16,R
7,1,100,R
7,1,16,R
7,1,-16,R
7,0,44,R
7,1,72,R
7,1,16,R
7,0,-16,R
7,1,100,R
7,1,100,R
7,1,16,R
7,1,16,R
7,0,-44,R
7,0,16,R
7,0,-44,R
7,1,100,R
7,0,-100,R
7,0,-72,R
7,1,72,R
7,1,100,R
7,1,100,R
7,1,16,R
7,1,16,R
7,0,-72,R
7,0,-44,R
7,0,-72,R
7,0,-16,R
7,1,16,R
7,1,72,R
7,1,44,R
7,1,16,R
7,1,16,R
7,1,72,R
7,1,-44,R
7,1,100,R
7,1,100,R
7,1,72,R
7,0,-44,R
7,0,-16,R
7,0,-100,R
7,1,-16,R
7,0,-72,R
7,1,16,R
7,1,-16,R
7,0,16,R
7,0,-16,R
7,1,72,R
7,1,44,R
7,0,-72,R
7,1,100,R
7,1,16,R
7,1,44,R
7,0,-44,R
7,1,100,R
8,1,100,R
8,0,-72,R
8,0,-44,R
8,1,44,R
8,0,-72,R
8,1,-16,R
8,1,-100,R
8,0,-16,R
8,0,-100,R
8,1,-16,R
8,1,100,R
8,0,-100,R
8,1,44,R
8,1,100,R
8,0,-72,R
8,0,-100,R
8,1,16,R
8,1,100,R
8,0,44,R
8,0,-72,R
8,1,16,R
8,0,-72,R
8,0,-100,R
8,1,100,R
8,0,-72,R
8,1,100,R
8,0,-100,R
8,0,-100,R
8,0,-100,R
8,0,-72,R
8,0,-100,R
8,1,72,R
8,0,-44,R
8,1,-16,R
8,0,-16,R
8,0,16,R
8,1,44,R
8,0,-100,R
8,0,-100,R
8,0,-100,R
8,0,-16,R
8,1,44,R
8,1,72,R
8,0,-16,R
8,0,-100,R
8,0,-72,R
8,1,44,R
8,1,72,R
8,1,44,R
8,1,100,R
8,1,72,R
8,1,16,R
8,0,-100,R
8,1,44,R
8,0,-72,R
8,1,44,R
8,1,72,R
8,1,44,R
8,1,44,R
8,1,100,R
8,0,-44,R
8,1,72,R
8,0,-44,R
8,0,-72,R
8,1,16,R
8,1,100,R
8,0,16,R
8,1,16,R
8,0,-16,R
8,1,44,R
8,0,-100,R
8,1,44,R
8,1,100,R
8,1,72,R
8,0,16,R
8,1,-16,R
8,1,100,R
8,1,-16,R
8,1,100,R
8,0,-100,R
8,1,100,R
8,1,100,R
8,1,44,R
8,0,-72,R
8,1,16,R
8,1,44,R
8,1,-72,R
8,0,-16,R
8,1,100,R
8,1,44,R
8,0,100,R
8,1,16,R
8,1,100,R
8,1,16,R
8,1,44,R
8,0,-44,R
8,1,72,R
8,1,-44,R
8,0,-44,R
8,0,72,R
8,1,100,R
8,1,-16,R
8,0,-16,R
8,0,-100,R
8,1,44,R
8,1,72,R
8,0,-44,R
8,0,-16,R
8,1,-72,R
8,0,-16,R
8,0,-72,R
8,0,-16,R
8,1,72,R
8,0,-16,R
8,1,100,R
8,1,-16,R
8,0,-16,R
8,0,72,R
8,0,100,R
8,0,44,R
8,0,-44,R
8,0,-16,R
8,0,-100,R
8,0,-16,R
8,0,-100,R
8,1,72,R
8,1,72,R
8,1,44,R
8,0,-44,R
8,0,-100,R
8,0,-44,R
8,0,-100,R
8,0,-72,R
8,1,72,R
8,0,-100,R
8,1,72,R
8,0,-100,R
8,0,-72,R
8,1,100,R
8,0,72,R
8,0,16,R
8,0,-100,R
8,0,16,R
8,0,-100,R
8,1,100,R
8,0,-72,R
8,0,-16,R
8,1,44,R
8,1,100,R
8,1,100,R
8,1,16,R
8,1,100,R
8,1,72,R
8,1,100,R
8,0,-72,R
8,1,100,R
8,0,16,R
8,1,100,R
8,0,-44,R
8,1,-16,R
8,0,-72,R
8,0,-16,R
8,1,16,R
8,1,100,R
8,1,-44,R
8,1,44,R
8,1,-16,R
8,0,-44,R
8,0,44,R
8,1,-44,R
8,0,-100,R
8,0,-44,R
8,1,16,R
8,1,16,R
8,1,72,R
8,0,-72,R
8,0,16,R
8,0,16,R
8,0,-100,R
8,0,-16,R
8,1,72,R
8,1,100,R
8,0,-16,R
8,1,16,R
8,1,100,R
8,1,44,R
8,0,-100,R
8,0,-100,R
8,1,-16,R
8,1,44,R
8,1,-100,R
8,0,-72,R
8,0,-72,R
8,1,-16,R
8,0,-44,R
8,0,-72,R
8,1,44,R
8,1,44,R
8,0,-100,R
8,1,44,R
8,1,16,R
8,1,44,R
8,1,100,R
8,0,-72,R
8,0,-100,R
8,1,16,R
8,1,72,R
8,0,-72,R
8,1,72,R
8,1,-16,R
8,0,-100,R
8,1,72,R
8,1,100,R
8,0,-16,R
8,1,72,R
8,1,100,R
8,0,-16,R
8,0,-100,R
8,0,16,R
8,0,-16,R
8,0,-100,R
8,0,-16,R
8,1,44,R
8,0,-72,R
8,1,72,R
8,1,44,R
8,0,-100,R
8,0,-100,R
8,1,72,R
8,1,-16,R
8,1,72,R
8,0,-72,R
8,1,-16,R
8,1,44,R
8,1,-44,R
8,0,-100,R
8,1,72,R
8,0,-72,R
8,0,-16,R
8,0,-72,R
8,1,16,R
8,0,-100,R
8,0,-44,R
8,1,72,R
8,0,-72,R
8,0,-100,R
8,1,16,R
8,1,16,R
8,0,-100,R
8,1,72,R
8,1,72,R
8,1,-44,R
8,0,-72,R
8,0,-44,R
8,0,-100,R
8,1,72,R
8,1,-16,R
8,1,72,R
8,1,16,R
8,0,-100,R
8,0,-100,R
8,0,-100,R
8,1,100,R
8,0,-44,R
8,0,-100,R
8,1,-16,R
8,1,72,R
8,0,-44,R
8,1,44,R
8,1,-44,R
8,0,-72,R
8,0,-100,R
8,0,-16,R
8,0,-72,R
8,1,100,R
8,1,16,R
8,1,16,R
8,1,72,R
8,1,16,R
8,1,44,R
8,0,-72,R
8,0,-16,R
8,1,16,R
8,1,72,R
8,1,-16,R
8,0,-72,R
8,1,16,R
8,0,-16,R
8,1,100,R
8,1,72,R
8,1,100,R
8,1,16,R
8,0,-100,R
8,1,100,R
8,0,-44,R
8,1,44,R
8,1,16,R
8,0,72,R
8,1,16,R
8,0,-44,R
8,0,-100,R
8,0,-44,R
8,1,16,R
8,0,-16,R
8,0,-16,R
8,1,-16,R
8,0,-72,R
8,0,-100,R
8,1,100,R
8,1,72,R
8,1,72,R
8,0,-44,R
8,0,-16,R
8,1,72,R
9,1,44,R
9,1,44,R
9,0,-100,R
9,1,72,R
9,1,16,R
9,0,-100,R
9,1,-16,R
9,0,-100,R
9,0,-44,R
9,1,44,R
9,0,-44,R
9,1,72,R
9,1,16,R
9,1,100,R
9,0,-100,R
9,1,72,R
9,1,16,R
9,0,-72,R
9,0,-72,R
9,0,-16,R
9,0,-16,R
9,0,-100,R
9,1,72,R
9,0,16,R
9,0,-100,R
9,0,-72,R
9,1,16,R
9,1,100,R
9,1,-16,R
9,1,-16,R
9,0,-72,R
9,1,44,R
9,1,100,R
9,0,-72,R
9,0,16,R
9,1,44,R
9,0,16,R
9,0,-72,R
9,1,100,R
9,1,16,R
9,0,-44,R
9,1,72,R
9,0,-72,R
9,0,-44,R
9,0,-100,R
9,1,44,R
9,0,-44,R
9,0,-44,R
9,0,-100,R
9,0,-72,R
9,0,-72,R
9,1,100,R
9,0,-44,R
9,1,72,R
9,0,-100,R
9,1,72,R
9,0,44,R
9,1,72,R
9,1,16,R
9,1,100,R
9,0,-44,R
9,1,72,R
9,1,-16,R
9,1,72,R
9,0,-72,R
9,0,-100,R
9,1,100,R
9,1,72,R
9,1,100,R
9,0,-100,R
9,0,-100,R
9,1,44,R
9,1,-44,R
9,0,-44,R
9,0,-72,R
9,1,72,R
9,0,-72,R
9,1,72,R
9,0,-100,R
9,1,100,R
9,1,16,R
9,0,-72,R
9,1,16,R
9,1,72,R
9,0,-72,R
9,1,44,R
9,0,-72,R
9,0,-44,R
9,0,-100,R
9,0,-72,R
9,1,44,R
9,0,-72,R
9,0,-72,R
9,0,-44,R
9,1,100,R
9,1,100,R
9,1,44,R
9,1,-16,R
9,0,-100,R
9,1,44,R
9,0,-100,R
9,0,-72,R
9,1,72,R
9,0,-44,R
9,0,-44,R
9,1,-16,R
9,0,-44,R
9,0,16,R
9,0,-100,R
9,0,-16,R
9,1,72,R
9,0,-100,R
9,0,-72,R
9,1,72,R
9,1,72,R
9,1,100,R
9,0,-16,R
9,0,-72,R
9,0,-100,R
9,0,-44,R
9,0,-44,R
9,0,16,R
9,0,-44,R
9,0,-16,R
9,0,-100,R
9,0,-44,R
9,0,-16,R
9,1,72,R
9,1,100,R
9,1,-16,R
9,0,-100,R
9,0,-72,R
9,1,72,R
9,1,44,R
9,1,100,R
9,1,44,R
9,1,44,R
9,0,-72,R
9,0,16,R
9,1,-44,R
9,0,-44,R
9,1,16,R
9,1,72,R
9,1,44,R
9,0,-100,R
9,1,16,R
9,0,-100,R
9,0,-44,R
9,1,100,R
9,0,-100,R
9,1,72,R
9,0,-16,R
9,1,16,R
9,0,-16,R
9,1,100,R
9,1,44,R
9,1,44,R
9,1,100,R
9,0,-100,R
9,1,16,R
9,1,72,R
9,1,100,R
9,0,-16,R
9,0,-100,R
9,1,72,R
9,1,72,R
9,0,-16,R
9,0,-100,R
9,0,-72,R
9,1,72,R
9,1,100,R
9,0,-44,R
9,0,-16,R
9,0,-100,R
9,0,16,R
9,1,100,R
9,0,-44,R
9,1,16,R
9,0,-72,R
9,0,-16,R
9,0,-72,R
9,0,16,R
9,0,-100,R
9,0,-44,R
9,0,16,R
9,0,72,R
9,1,100,R
9,1,100,R
9,1,44,R
9,0,-16,R
9,1,-16,R
9,0,16,R
9,1,72,R
9,1,100,R
9,1,72,R
9,0,-16,R
9,0,-44,R
9,0,-100,R
9,1,72,R
9,0,-44,R
9,0,-44,R
9,0,44,R
9,0,-100,R
9,1,100,R
9,1,100,R
9,1,16,R
9,0,-16,R
9,1,16,R
9,1,-100,R
9,1,-16,R
9,1,44,R
9,1,-16,R
9,1,16,R
9,0,-72,R
9,1,100,R
9,0,-16,R
9,1,44,R
9,1,100,R
9,1,100,R
9,1,44,R
9,1,44,R
9,0,-72,R
9,1,44,R
9,0,-16,R
9,0,-16,R
9,0,-100,R
9,0,-100,R
9,0,-100,R
9,0,-16,R
9,0,-44,R
9,0,-100,R
9,0,-100,R
9,0,-44,R
9,0,-72,R
9,1,72,R
9,0,-72,R
9,0,-16,R
9,1,72,R
9,1,100,R
9,1,44,R
9,1,100,R
9,0,-44,R
9,1,100,R
9,0,-72,R
9,0,-72,R
9,1,44,R
9,1,72,R
9,0,-100,R
9,0,44,R
9,1,72,R
9,1,44,R
9,0,-100,R
9,0,-100,R
9,0,-100,R
9,0,16,R
9,0,-100,R
9,0,-16,R
9,0,16,R
9,1,100,R
9,1,100,R
9,1,44,R
9,1,-16,R
9,0,-44,R
9,0,-44,R
9,0,44,R
9,0,-44,R
9,0,-44,R
9,1,16,R
9,1,44,R
9,1,16,R
9,1,44,R
9,1,100,R
9,1,-44,R
9,0,-44,R
9,0,16,R
9,0,-44,R
9,0,16,R
9,1,16,R
9,1,16,R
9,1,16,R
9,1,16,R
9,1,-44,R
9,1,16,R
9,0,-72,R
9,0,-16,R
9,0,72,R
9,0,16,R
9,0,-44,R
9,0,-100,R
9,0,16,R
9,0,-72,R
9,0,-16,R
9,0,-100,R
9,0,-100,R
9,0,-44,R
9,0,-44,R
9,0,-72,R
9,0,-16,R
9,0,-100,R
9,0,44,R
9,1,100,R
9,1,100,R
9,0,-44,R
9,1,72,R
9,1,44,R
9,1,72,R
10,0,-100,R
10,1,44,R
10,0,-72,R
10,0,-16,R
10,0,44,R
10,1,72,R
10,1,72,R
10,0,-100,R
10,1,100,R
10,1,-16,R
10,0,-100,R
10,0,-100,R
10,0,-100,R
10,1,72,R
10,0,-44,R
10,1,44,R
10,1,-16,R
10,1,72,R
10,1,100,R
10,1,-16,R
10,1,16,R
10,1,100,R
10,1,100,R
10,1,16,R
10,1,100,R
10,1,16,R
10,0,-16,R
10,0,-44,R
10,0,-100,R
10,0,-44,R
10,1,72,R
10,0,-100,R
10,1,44,R
10,1,72,R
10,1,72,R
10,1,72,R
10,1,72,R
10,1,16,R
10,1,44,R
10,1,16,R
10,0,-100,R
10,0,-44,R
10,1,44,R
10,1,100,R
10,1,100,R
10,1,16,R
10,0,-72,R
10,0,-44,R
10,0,-16,R
10,0,16,R
10,1,44,R
10,1,100,R
10,1,44,R
10,1,44,R
10,0,-16,R
10,1,-72,R
10,0,-16,R
10,1,16,R
10,1,44,R
10,1,100,R
10,1,100,R
10,1,100,R
10,1,100,R
10,0,-44,R
10,1,16,R
10,0,-44,R
10,0,-16,R
10,0,-100,R
10,1,100,R
10,0,-44,R
10,1,44,R
10,0,-100,R
10,1,100,R
10,0,-72,R
10,1,44,R
10,0,16,R
10,1,44,R
10,1,16,R
10,0,-100,R
10,0,-44,R
10,0,-100,R
10,0,-16,R
10,1,100,R
10,0,100,R
10,0,-16,R
10,1,44,R
10,1,72,R
10,1,100,R
10,0,-44,R
10,0,-16,R
10,1,44,R
10,1,100,R
10,0,-44,R
10,1,100,R
10,0,-16,R
10,0,-16,R
10,1,16,R
10,0,-72,R
10,0,-16,R
10,1,16,R
10,1,100,R
10,0,-16,R
10,0,-16,R
10,0,-72,R
10,1,-44,R
10,0,-16,R
10,1,16,R
10,0,-72,R
10,1,72,R
10,1,44,R
10,1,-72,R
10,1,72,R
10,0,-16,R
10,0,-100,R
10,1,44,R
10,0,16,R
10,0,-72,R
10,0,-44,R
10,1,16,R
10,0,-72,R
10,0,-100,R
10,1,16,R
10,0,-44,R
10,0,-72,R
10,0,16,R
10,1,-16,R
10,1,100,R
10,0,-16,R
10,1,-44,R
10,1,72,R
10,0,-16,R
10,1,44,R
10,1,44,R
10,1,16,R
10,1,72,R
10,1,16,R
10,1,16,R
10,0,-16,R
10,1,16,R
10,0,-72,R
10,1,100,R
10,1,72,R
10,1,-16,R
10,0,-72,R
10,0,-44,R
10,1,44,R
10,1,44,R
10,0,-100,R
10,0,-16,R
10,1,44,R
10,0,-16,R
10,0,-72,R
10,0,-44,R
10,1,100,R
10,0,-44,R
10,0,-72,R
10,1,44,R
10,1,44,R
10,0,-72,R
10,1,72,R
10,1,100,R
10,1,72,R
10,1,100,R
10,1,-100,R
10,1,44,R
10,0,-100,R
10,1,44,R
10,0,-44,R
10,0,-44,R
10,1,44,R
10,1,44,R
10,1,100,R
10,0,-44,R
10,1,44,R
10,0,-100,R
10,0,-16,R
10,0,-16,R
10,1,16,R
10,0,-100,R
10,0,-72,R
10,1,100,R
10,1,-72,R
10,1,72,R
10,1,100,R
10,1,44,R
10,1,16,R
10,0,-44,R
10,0,-16,R
10,1,100,R
10,1,-72,R
10,0,-44,R
10,1,16,R
10,0,-72,R
10,1,16,R
10,1,72,R
10,1,100,R
10,0,-44,R
10,1,44,R
10,1,72,R
10,1,-16,R
10,0,-72,R
10,1,16,R
10,1,-44,R
10,1,44,R
10,0,-44,R
10,1,100,R
10,1,44,R
10,0,-72,R
10,0,-100,R
10,0,-16,R
10,1,-16,R
10,1,-16,R
10,1,-16,R
10,1,-16,R
10,0,-100,R
10,0,-16,R
10,1,100,R
10,0,16,R
10,1,44,R
10,0,-72,R
10,1,16,R
10,1,72,R
10,0,-72,R
10,1,100,R
10,1,44,R
10,1,16,R
10,0,-100,R
10,1,72,R
10,1,100,R
10,1,72,R
10,1,44,R
10,1,16,R
10,1,16,R
10,0,-100,R
10,0,-72,R
10,1,72,R
10,1,44,R
10,1,-16,R
10,1,-16,R
10,0,-44,R
10,0,-16,R
10,1,100,R
10,1,100,R
10,1,72,R
10,1,72,R
10,1,44,R
10,0,-72,R
10,1,72,R
10,1,44,R
10,1,16,R
10,1,100,R
10,0,-72,R
10,1,100,R
10,0,-16,R
10,1,100,R
10,1,72,R
10,0,-100,R
10,1,100,R
10,1,16,R
10,0,-100,R
10,1,44,R
10,1,72,R
10,1,72,R
10,1,44,R
10,0,-72,R
10,1,72,R
10,0,-72,R
10,1,100,R
10,1,44,R
10,1,100,R
10,0,-72,R
10,0,-100,R
10,0,-44,R
10,1,72,R
10,0,-72,R
10,0,-100,R
10,0,-16,R
10,1,16,R
10,1,-16,R
10,0,-16,R
10,1,100,R
10,1,44,R
10,1,72,R
10,1,16,R
10,1,72,R
10,0,-44,R
10,0,-44,R
10,0,-72,R
10,0,-72,R
10,0,-72,R
10,0,-44,R
10,0,-44,R
10,0,-44,R
10,0,-44,R
10,1,100,R
10,0,-100,R
10,0,-16,R
10,1,44,R
10,0,-16,R
10,0,-72,R
10,1,100,R
10,1,72,R
10,1,16,R
10,1,72,R
10,1,72,R
10,0,-16,R
10,1,72,R
10,1,72,R
10,1,72,R
10,0,-72,R
10,0,-44,R
11,1,16,R
11,1,100,R
11,0,-44,R
11,0,-72,R
11,0,-100,R
11,0,-72,R
11,1,44,R
11,0,-72,R
11,0,-16,R
11,0,-16,R
11,1,100,R
11,1,72,R
11,0,-72,R
11,1,16,R
11,0,-72,R
11,1,44,R
11,1,44,R
11,1,72,R
11,0,-72,R
11,0,-100,R
11,0,-72,R
11,1,44,R
11,1,100,R
11,0,44,R
11,1,-16,R
11,0,-100,R
11,0,-16,R
11,1,44,R
11,1,100,R
11,0,-100,R
11,0,-100,R
11,0,-44,R
11,1,100,R
11,0,-100,R
11,0,-100,R
11,0,-100,R
11,0,-100,R
11,0,-100,R
11,1,44,R
11,1,72,R
11,1,16,R
11,0,-44,R
11,1,72,R
11,1,44,R
11,0,-100,R
11,1,100,R
11,0,-44,R
11,1,72,R
11,0,-100,R
11,1,100,R
11,1,100,R
11,0,-72,R
11,1,44,R
11,1,44,R
11,1,-16,R
11,1,44,R
11,1,72,R
11,1,44,R
11,0,-100,R
11,0,-72,R
11,1,-44,R
11,1,100,R
11,0,-100,R
11,1,44,R
11,1,44,R
11,0,-72,R
11,1,72,R
11,1,72,R
11,0,100,R
11,0,-72,R
11,0,-16,R
11,0,-16,R
11,1,72,R
11,1,100,R
11,1,44,R
11,1,100,R
11,1,-16,R
11,0,-72,R
11,1,72,R
11,0,-44,R
11,0,-100,R
11,0,-100,R
11,1,72,R
11,1,16,R
11,1,100,R
11,0,-72,R
11,0,-100,R
11,1,100,R
11,0,-44,R
11,1,44,R
11,1,44,R
11,0,-100,R
11,0,-100,R
11,0,-44,R
11,0,-16,R
11,0,-72,R
11,1,72,R
11,1,100,R
11,1,100,R
11,0,-100,R
11,1,100,R
11,1,100,R
11,0,-100,R
11,0,-16,R
11,0,-44,R
11,0,-100,R
11,1,44,R
11,0,-44,R
11,0,-44,R
11,1,16,R
11,1,100,R
11,1,72,R
11,0,-44,R
11,0,-72,R
11,1,16,R
11,0,-100,R
11,0,-16,R
11,0,44,R
11,1,44,R
11,1,72,R
11,0,-100,R
11,0,-100,R
11,1,44,R
11,0,-72,R
11,0,-100,R
11,0,-72,R
11,1,72,R
11,1,44,R
11,0,-72,R
11,0,-44,R
11,1,16,R
11,1,72,R
11,1,44,R
11,1,44,R
11,0,-72,R
11,1,100,R
11,1,-72,R
11,1,44,R
11,0,-44,R
11,0,16,R
11,1,16,R
11,0,-100,R
11,0,-72,R
11,0,16,R
11,1,72,R
11,1,-16,R
11,0,-72,R
11,1,16,R
11,0,16,R
11,0,-44,R
11,0,-72,R
11,1,72,R
11,0,-100,R
11,0,-100,R
11,0,-100,R
11,0,-44,R
11,0,-72,R
11,0,-16,R
11,0,-44,R
11,0,-44,R
11,0,-16,R
11,1,100,R
11,0,-72,R
11,1,44,R
11,0,44,R
11,1,44,R
11,1,16,R
11,0,-44,R
11,1,100,R
11,0,-100,R
11,1,44,R
11,0,-72,R
11,0,-44,R
11,0,-72,R
11,1,44,R
11,1,44,R
11,0,-100,R
11,1,72,R
11,0,-72,R
11,0,-100,R
11,1,44,R
11,1,100,R
11,0,-44,R
11,0,-100,R
11,0,-44,R
11,0,-44,R
11,1,100,R
11,1,100,R
11,0,-100,R
11,1,100,R
11,1,72,R
11,0,-44,R
11,1,72,R
11,0,-100,R
11,1,44,R
11,0,-72,R
11,1,-44,R
11,1,16,R
11,0,-44,R
11,1,44,R
11,0,-16,R
11,1,16,R
11,0,-16,R
11,1,16,R
11,1,100,R
11,0,-44,R
11,0,44,R
11,0,-100,R
11,1,44,R
11,0,-100,R
11,1,44,R
11,0,16,R
11,0,-44,R
11,1,-72,R
11,0,-100,R
11,0,-72,R
11,0,-100,R
11,0,-44,R
11,0,16,R
11,1,44,R
11,1,100,R
11,0,-100,R
11,0,44,R
11,0,-100,R
11,1,16,R
11,0,-72,R
11,1,16,R
11,1,100,R
11,1,44,R
11,1,16,R
11,1,16,R
11,1,100,R
11,1,44,R
11,0,-72,R
11,0,-16,R
11,0,-100,R
11,0,-44,R
11,0,-16,R
11,1,72,R
11,1,72,R
11,1,100,R
11,1,72,R
11,0,-16,R
11,0,-16,R
11,0,-16,R
11,1,72,R
11,0,-16,R
11,1,16,R
11,1,72,R
11,1,16,R
11,1,16,R
11,0,-44,R
11,0,-100,R
11,0,-72,R
11,1,16,R
11,1,16,R
11,0,-100,R
11,1,100,R
11,1,72,R
11,1,44,R
11,1,-16,R
11,0,-72,R
11,1,100,R
11,0,-16,R
11,0,-72,R
11,0,-100,R
11,0,-44,R
11,0,-100,R
11,0,-16,R
11,1,72,R
11,0,-72,R
11,1,44,R
11,0,-44,R
11,0,-100,R
11,0,-16,R
11,1,44,R
11,0,-72,R
11,1,-16,R
11,1,100,R
11,1,100,R
11,0,-72,R
11,1,16,R
11,1,-16,R
11,0,-16,R
11,0,-16,R
11,0,-44,R
11,0,-16,R
11,1,44,R
11,1,16,R
11,1,16,R
11,1,100,R
11,1,100,R
11,0,-44,R
11,0,-16,R
11,1,16,R
11,1,-16,R
11,1,-44,R
11,0,-72,R
11,0,-44,R
11,0,-72,R
11,0,-72,R
11,1,100,R
12,0,-100,R
12,0,-100,R
12,0,-44,R
12,0,-72,R
12,0,-16,R
12,0,-44,R
12,0,-44,R
12,0,-16,R
12,1,100,R
12,0,-72,R
12,1,44,R
12,0,44,R
12,1,44,R
12,1,16,R
12,0,-44,R
12,1,100,R
12,0,-100,R
12,1,44,R
12,0,-72,R
12,0,-44,R
12,0,-72,R
12,1,44,R
12,1,44,R
12,0,-100,R
12,1,72,R
12,0,-72,R
12,0,-100,R
12,1,44,R
12,1,100,R
12,0,-44,R
12,0,-100,R
12,0,-44,R
12,0,-44,R
12,0,100,R
12,0,100,R
12,0,-100,R
12,1,100,R
12,1,72,R
12,0,-44,R
12,1,72,R
12,0,-100,R
12,0,44,R
12,0,-72,R
12,0,-44,R
12,1,16,R
12,0,-44,R
12,0,44,R
12,0,-16,R
12,0,16,R
12,1,100,R
12,0,-44,R
12,1,44,R
12,0,-100,R
12,1,44,R
12,0,-100,R
12,1,44,R
12,1,16,R
12,0,-44,R
12,0,-72,R
12,0,-100,R
12,0,-72,R
12,0,-100,R
12,0,-44,R
12,0,16,R
12,0,44,R
12,1,100,R
12,0,-100,R
12,1,44,R
12,0,-100,R
12,1,16,R
12,0,-72,R
12,1,72,R
12,0,-16,R
12,1,44,R
12,1,44,R
12,1,-16,R
12,1,72,R
12,1,100,R
12,0,-16,R
12,0,44,R
12,1,44,R
12,0,-72,R
12,1,72,R
12,1,100,R
12,1,72,R
12,0,16,R
12,0,-16,R
12,1,72,R
12,0,-100,R
12,1,16,R
12,1,100,R
12,0,-100,R
12,0,-44,R
12,0,-72,R
12,1,-44,R
12,0,-72,R
12,0,-100,R
12,0,-100,R
12,0,-100,R
12,1,-16,R
12,0,-100,R
12,1,100,R
12,0,-44,R
12,1,100,R
12,1,-72,R
12,1,44,R
12,0,-44,R
12,1,72,R
12,1,72,R
12,0,44,R
12,0,44,R
12,0,16,R
12,0,-100,R
12,1,100,R
12,0,-100,R
12,1,100,R
12,1,100,R
12,0,44,R
12,0,-100,R
12,0,-100,R
12,0,-72,R
12,0,-72,R
12,0,44,R
12,1,100,R
12,0,-100,R
12,0,-72,R
12,0,-44,R
12,0,72,R
12,0,-100,R
12,0,72,R
12,0,44,R
12,1,100,R
12,0,-72,R
12,0,44,R
12,1,72,R
12,1,100,R
12,0,-16,R
12,0,-16,R
12,0,-44,R
12,1,44,R
12,1,16,R
12,0,-72,R
12,1,72,R
12,0,-100,R
12,1,16,R
12,1,72,R
12,0,72,R
12,1,44,R
12,1,44,R
12,1,44,R
12,1,44,R
12,1,-16,R
12,0,-16,R
12,1,100,R
12,1,44,R
12,1,16,R
12,0,-44,R
12,0,-16,R
12,1,100,R
12,0,44,R
12,0,-16,R
12,1,16,R
12,0,-44,R
12,1,16,R
12,0,-72,R
12,1,72,R
12,1,44,R
12,0,-100,R
12,0,16,R
12,0,-16,R
12,0,-16,R
12,0,100,R
12,1,100,R
12,0,16,R
12,0,-16,R
12,1,44,R
12,0,-100,R
12,1,100,R
12,1,44,R
12,1,100,R
12,0,44,R
12,1,100,R
12,1,44,R
12,1,100,R
12,1,-16,R
12,0,-100,R
12,1,-44,R
12,0,-16,R
12,1,-16,R
12,1,-72,R
12,0,-44,R
12,0,-100,R
12,0,44,R
12,0,-72,R
12,1,44,R
12,0,-44,R
12,1,-72,R
12,0,-44,R
12,0,-72,R
12,0,-44,R
12,0,72,R
12,1,72,R
12,0,-72,R
12,0,-100,R
12,0,72,R
12,1,72,R
12,0,-100,R
12,0,-16,R
12,1,100,R
12,0,-72,R
12,0,-16,R
12,0,-44,R
12,0,-72,R
12,1,-44,R
12,1,44,R
12,1,44,R
12,1,100,R
12,1,16,R
12,0,-16,R
12,1,72,R
12,1,72,R
12,0,44,R
12,1,16,R
12,1,72,R
12,1,72,R
12,0,-72,R
12,0,-44,R
12,0,-44,R
12,1,100,R
12,1,16,R
12,1,44,R
12,0,-72,R
12,0,-44,R
12,0,44,R
12,1,44,R
12,0,-72,R
12,1,72,R
12,1,44,R
12,1,100,R
12,0,-100,R
12,0,-72,R
12,0,-16,R
12,1,100,R
12,1,100,R
12,0,44,R
12,0,44,R
12,1,16,R
12,1,100,R
12,0,-72,R
12,1,100,R
12,0,-72,R
12,0,16,R
12,1,72,R
12,1,100,R
12,0,-44,R
12,0,-72,R
12,0,44,R
12,0,72,R
12,1,100,R
12,0,16,R
12,1,44,R
12,0,16,R
12,1,44,R
12,1,100,R
12,1,100,R
12,0,-44,R
12,0,-72,R
12,1,16,R
12,1,72,R
12,0,-44,R
12,0,-100,R
12,0,-72,R
12,1,72,R
12,1,44,R
12,1,72,R
12,0,-72,R
12,1,72,R
12,0,-72,R
12,0,-44,R
12,0,-100,R
12,0,-72,R
12,1,100,R
12,0,-44,R
12,0,-44,R
12,0,16,R
12,0,-72,R
12,0,-16,R
12,1,44,R
12,1,-16,R
13,1,44,R
13,1,100,R
13,1,16,R
13,1,72,R
13,1,100,R
13,1,72,R
13,0,-44,R
13,0,-16,R
13,1,16,R
13,1,100,R
13,1,16,R
13,1,16,R
13,0,-44,R
13,1,16,R
13,1,44,R
13,0,-100,R
13,0,-100,R
13,1,72,R
13,1,72,R
13,0,-44,R
13,0,-16,R
13,0,-100,R
13,0,-72,R
13,0,16,R
13,1,100,R
13,1,72,R
13,1,16,R
13,1,44,R
13,1,72,R
13,1,72,R
13,0,-44,R
13,1,72,R
13,0,16,R
13,0,-72,R
13,1,72,R
13,1,16,R
13,1,72,R
13,1,16,R
13,0,-72,R
13,0,-72,R
13,0,-16,R
13,1,72,R
13,1,16,R
13,1,72,R
13,0,-44,R
13,1,72,R
13,0,-100,R
13,1,16,R
13,1,44,R
13,1,72,R
13,1,16,R
13,0,-16,R
13,1,44,R
13,0,-44,R
13,1,44,R
13,1,16,R
13,1,72,R
13,0,-16,R
13,0,-72,R
13,0,-44,R
13,0,-16,R
13,0,16,R
13,0,-16,R
13,0,-44,R
13,0,-72,R
13,1,44,R
13,1,16,R
13,1,16,R
13,1,44,R
13,1,16,R
13,1,100,R
13,0,-16,R
13,0,-72,R
13,0,-44,R
13,1,100,R
13,0,-44,R
13,1,16,R
13,0,-100,R
13,0,-100,R
13,1,44,R
13,0,-72,R
13,0,-100,R
13,1,44,R
13,0,-100,R
13,0,-44,R
13,0,-44,R
13,1,72,R
13,1,72,R
13,1,100,R
13,0,-72,R
13,0,-100,R
13,1,72,R
13,1,44,R
13,1,72,R
13,1,72,R
13,0,-44,R
13,1,100,R
13,1,44,R
13,1,72,R
13,1,16,R
13,1,44,R
13,1,44,R
13,0,-100,R
13,1,100,R
13,0,-16,R
13,1,100,R
13,1,44,R
13,0,-72,R
13,1,16,R
13,1,16,R
13,1,72,R
13,0,-100,R
13,1,72,R
13,1,44,R
13,1,72,R
13,1,16,R
13,1,16,R
13,0,-16,R
13,0,-72,R
13,1,44,R
13,0,-72,R
13,0,-72,R
13,1,44,R
13,1,16,R
13,0,-100,R
13,1,100,R
13,1,44,R
13,0,-44,R
13,1,72,R
13,0,16,R
13,1,100,R
13,0,-44,R
13,1,44,R
13,1,72,R
13,1,44,R
13,0,-72,R
13,0,-100,R
13,1,100,R
13,0,-100,R
13,1,44,R
13,1,72,R
13,1,72,R
13,1,72,R
13,1,44,R
13,0,-72,R
13,0,-100,R
13,0,-44,R
13,1,72,R
13,1,72,R
13,0,16,R
13,1,100,R
13,0,-100,R
13,1,-16,R
13,1,16,R
13,1,72,R
13,0,-72,R
13,0,-72,R
13,1,100,R
13,1,-16,R
13,1,16,R
13,0,-72,R
13,0,-44,R
13,1,72,R
13,1,16,R
13,0,-100,R
13,0,-44,R
13,0,-100,R
13,1,44,R
13,1,100,R
13,0,-16,R
13,1,-16,R
13,0,-72,R
13,1,16,R
13,1,16,R
13,0,16,R
13,0,-16,R
13,0,-72,R
13,0,-44,R
13,1,72,R
13,0,16,R
13,1,72,R
13,1,72,R
13,0,-72,R
13,1,44,R
13,1,72,R
13,1,72,R
13,0,-72,R
13,0,-44,R
13,0,-72,R
13,0,-44,R
13,1,100,R
13,0,-100,R
13,1,16,R
13,1,44,R
13,1,72,R
13,1,72,R
13,1,44,R
13,1,44,R
13,1,100,R
13,1,-16,R
13,0,-44,R
13,1,100,R
13,1,44,R
13,1,44,R
13,0,-100,R
13,0,-72,R
13,1,100,R
13,1,72,R
13,1,100,R
13,1,44,R
13,0,-100,R
13,1,16,R
13,0,16,R
13,0,-44,R
13,0,-72,R
13,1,44,R
13,0,-16,R
13,1,16,R
13,0,-100,R
13,0,-44,R
13,1,-44,R
13,0,-16,R
13,1,16,R
13,0,-16,R
13,1,16,R
13,1,-16,R
13,1,16,R
13,1,100,R
13,1,44,R
13,1,-44,R
13,0,-72,R
13,0,-44,R
13,1,72,R
13,0,-16,R
13,1,100,R
13,1,44,R
13,1,-16,R
13,1,44,R
13,0,-72,R
13,1,16,R
13,1,-16,R
13,0,44,R
13,0,-16,R
13,1,44,R
13,1,-44,R
13,1,100,R
13,1,100,R
13,0,-16,R
13,0,-100,R
13,1,44,R
13,1,-16,R
13,0,-16,R
13,0,-100,R
13,0,-16,R
13,1,44,R
13,0,-16,R
13,1,44,R
13,1,-16,R
13,0,-100,R
13,1,100,R
13,1,100,R
13,1,100,R
13,0,-44,R
13,0,-44,R
13,0,-16,R
13,0,-100,R
13,0,-100,R
13,1,72,R
13,0,-72,R
13,1,44,R
13,1,72,R
13,1,44,R
13,1,100,R
13,1,-16,R
13,0,-100,R
13,0,-72,R
13,1,44,R
13,1,100,R
13,1,-16,R
13,0,-72,R
13,1,16,R
13,0,-16,R
13,1,16,R
13,1,44,R
13,1,72,R
13,1,72,R
13,0,-16,R
13,1,72,R
13,1,72,R
13,1,16,R
13,1,16,R
13,1,100,R
13,1,44,R
13,0,-16,R
13,0,-100,R
13,0,16,R
13,0,-16,R
13,0,-100,R
13,0,-16,R
13,1,44,R
13,1,72,R
13,1,44,R
13,0,-72,R
13,1,44,R
13,1,-16,R
13,0,44,R
13,0,-44,R
13,1,100,R
13,1,100,R
13,1,100,R
13,1,16,R
13,0,-44,R
13,0,-100,R
13,1,100,R
13,0,-44,R
13,1,44,R
13,1,100,R
13,1,-16,R
14,0,-44,R
14,1,100,R
14,1,72,R
14,0,-44,R
14,0,44,R
14,0,100,R
14,0,-44,R
14,1,72,R
14,1,100,R
14,1,44,R
14,1,100,R
14,0,-72,R
14,1,72,R
14,1,16,R
14,0,-16,R
14,1,44,R
14,1,100,R
14,0,-72,R
14,1,100,R
14,0,-72,R
14,1,100,R
14,0,-44,R
14,0,-16,R
14,0,-44,R
14,1,100,R
14,1,44,R
14,0,-100,R
14,0,-44,R
14,0,-44,R
14,0,16,R
14,1,16,R
14,0,-100,R
14,1,44,R
14,0,-100,R
14,1,100,R
14,0,-16,R
14,1,72,R
14,0,-16,R
14,0,-72,R
14,0,-44,R
14,0,-100,R
14,1,100,R
14,1,44,R
14,0,-100,R
14,1,16,R
14,0,-72,R
14,0,16,R
14,1,16,R
14,0,-100,R
14,1,100,R
14,1,44,R
14,1,16,R
14,1,-72,R
14,1,72,R
14,0,-16,R
14,1,16,R
14,0,-44,R
14,0,-16,R
14,1,16,R
14,0,-72,R
14,1,100,R
14,0,-72,R
14,1,44,R
14,1,44,R
14,1,100,R
14,0,-100,R
14,0,-100,R
14,0,16,R
14,0,-44,R
14,1,72,R
14,1,72,R
14,1,44,R
14,1,72,R
14,1,44,R
14,0,-16,R
14,0,-72,R
14,0,-44,R
14,1,16,R
14,1,100,R
14,0,-44,R
14,1,16,R
14,0,-100,R
14,0,16,R
14,1,16,R
14,0,-44,R
14,0,-16,R
14,1,100,R
14,1,100,R
14,1,44,R
14,1,100,R
14,0,16,R
14,1,100,R
14,1,72,R
14,1,16,R
14,1,16,R
14,1,16,R
14,0,-100,R
14,1,16,R
14,0,-16,R
14,1,44,R
14,1,100,R
14,1,-16,R
14,1,44,R
14,1,44,R
14,1,16,R
14,1,72,R
14,0,-16,R
14,0,16,R
14,1,72,R
14,1,44,R
14,1,44,R
14,1,16,R
14,1,44,R
14,1,72,R
14,1,16,R
14,0,-100,R
14,0,-44,R
14,0,-72,R
14,0,-44,R
14,1,72,R
14,1,-16,R
14,1,100,R
14,1,-16,R
14,0,-16,R
14,0,-16,R
14,1,72,R
14,1,44,R
14,1,16,R
14,1,100,R
14,1,44,R
14,1,-16,R
14,0,-72,R
14,0,-16,R
14,1,44,R
14,1,-16,R
14,0,-16,R
14,0,-44,R
14,0,-100,R
14,0,16,R
14,0,-16,R
14,0,44,R
14,0,-44,R
14,0,16,R
14,1,72,R
14,1,16,R
14,1,16,R
14,0,-16,R
14,0,-72,R
14,1,72,R
14,0,16,R
14,0,-16,R
14,1,72,R
14,0,-100,R
14,1,16,R
14,1,72,R
14,1,72,R
14,0,-100,R
14,1,44,R
14,1,72,R
14,1,100,R
14,0,-16,R
14,0,-44,R
14,1,72,R
14,0,-16,R
14,1,100,R
14,1,72,R
14,1,44,R
14,1,100,R
14,0,-100,R
14,0,-72,R
14,0,-100,R
14,1,100,R
14,0,-16,R
14,0,-100,R
14,0,-100,R
14,1,100,R
14,1,16,R
14,1,100,R
14,1,72,R
14,1,72,R
14,1,72,R
14,1,100,R
14,0,-100,R
14,0,-16,R
14,0,-16,R
14,1,100,R
14,0,-72,R
14,1,44,R
14,0,-100,R
14,1,100,R
14,0,-100,R
14,0,-16,R
14,0,-44,R
14,1,100,R
14,0,-100,R
14,1,72,R
14,1,72,R
14,1,16,R
14,0,-72,R
14,1,100,R
14,1,44,R
14,1,100,R
14,0,-72,R
14,0,-100,R
14,1,72,R
14,0,-100,R
14,1,16,R
14,0,-100,R
14,0,-100,R
14,0,-72,R
14,1,16,R
14,0,-44,R
14,0,-16,R
14,1,100,R
14,0,-72,R
14,1,16,R
14,1,16,R
14,1,16,R
14,0,-72,R
14,0,-100,R
14,1,16,R
14,1,16,R
14,1,72,R
14,1,100,R
14,1,16,R
14,0,-100,R
14,0,-16,R
14,0,-72,R
14,0,-100,R
14,1,16,R
14,1,72,R
14,0,-72,R
14,0,-72,R
14,0,16,R
14,1,72,R
14,0,-16,R
14,0,-72,R
14,1,16,R
14,1,72,R
14,0,-100,R
14,1,16,R
14,0,-72,R
14,0,-16,R
14,0,-44,R
14,0,-100,R
14,0,-44,R
14,0,-16,R
14,1,44,R
14,1,-16,R
14,1,16,R
14,1,16,R
14,0,-44,R
14,0,-72,R
14,0,-72,R
14,1,44,R
14,0,-72,R
14,0,-44,R
14,1,72,R
14,0,-100,R
14,0,16,R
14,1,16,R
14,0,100,R
14,1,16,R
14,1,72,R
14,1,-44,R
14,0,-44,R
14,0,-44,R
14,0,44,R
14,0,-100,R
14,1,16,R
14,1,100,R
14,0,-100,R
14,1,44,R
14,0,-100,R
14,0,-44,R
15,1,100,R
15,1,16,R
15,1,44,R
15,1,100,R
15,0,-100,R
15,0,-72,R
15,1,72,R
15,1,100,R
15,1,44,R
15,1,72,R
15,1,-16,R
15,1,44,R
15,1,44,R
15,1,72,R
15,1,100,R
15,1,44,R
15,0,-44,R
15,1,44,R
15,1,44,R
15,0,-72,R
15,0,-44,R
15,0,-72,R
15,1,16,R
15,1,44,R
15,1,16,R
15,0,-100,R
15,0,-72,R
15,1,-16,R
15,0,-16,R
15,0,-100,R
15,0,-16,R
15,1,100,R
15,1,-16,R
15,1,16,R
15,1,16,R
15,1,72,R
15,1,-44,R
15,0,-100,R
15,0,-72,R
15,0,-100,R
15,1,16,R
15,1,100,R
15,1,16,R
15,1,-44,R
15,1,44,R
15,0,-100,R
15,0,-44,R
15,0,-72,R
15,1,16,R
15,0,-44,R
15,0,-72,R
15,0,-16,R
15,1,44,R
15,1,72,R
15,0,-100,R
15,0,-44,R
15,0,-44,R
15,0,-72,R
15,1,72,R
15,1,-16,R
15,0,-100,R
15,0,-16,R
15,0,-16,R
15,0,-44,R
15,0,-72,R
15,1,100,R
15,0,-44,R
15,1,100,R
15,1,72,R
15,1,100,R
15,1,16,R
15,1,72,R
15,1,16,R
15,1,16,R
15,1,44,R
15,1,72,R
15,1,72,R
15,0,-72,R
15,0,-44,R
15,1,44,R
15,1,72,R
15,0,-44,R
15,1,44,R
15,1,44,R
15,1,16,R
15,0,-44,R
15,0,-100,R
15,0,-72,R
15,1,16,R
15,1,16,R
15,1,44,R
15,0,-44,R
15,1,72,R
15,0,-72,R
15,0,-72,R
15,1,100,R
15,0,-44,R
15,0,-100,R
15,0,-100,R
15,1,72,R
15,1,44,R
15,0,-100,R
15,0,-100,R
15,1,72,R
15,1,72,R
15,0,-100,R
15,1,100,R
15,0,-16,R
15,0,-100,R
15,0,-100,R
15,1,100,R
15,0,-44,R
15,1,16,R
15,0,-44,R
15,1,100,R
15,0,-72,R
15,0,-100,R
15,1,72,R
15,0,-72,R
15,0,-72,R
15,0,-44,R
15,0,-72,R
15,1,72,R
15,1,72,R
15,1,44,R
15,0,-72,R
15,1,100,R
15,0,-72,R
15,0,-100,R
15,0,-16,R
15,1,72,R
15,1,100,R
15,1,-16,R
15,1,44,R
15,1,16,R
15,0,-72,R
15,1,16,R
15,0,-100,R
15,0,-100,R
15,1,72,R
15,1,-100,R
15,0,-16,R
15,1,72,R
15,1,16,R
15,0,-100,R
15,1,100,R
15,1,72,R
15,0,-72,R
15,0,-100,R
15,0,-16,R
15,1,100,R
15,1,44,R
15,1,72,R
15,0,-72,R
15,0,-16,R
15,0,-44,R
15,1,72,R
15,1,16,R
15,0,-16,R
15,1,44,R
15,1,16,R
15,1,72,R
15,0,-16,R
15,1,16,R
15,0,-44,R
15,1,16,R
15,0,-44,R
15,0,-44,R
15,0,-72,R
15,0,-100,R
15,0,-100,R
15,1,100,R
15,1,100,R
15,1,100,R
15,1,16,R
15,0,-72,R
15,0,-44,R
15,0,-100,R
15,1,100,R
15,1,72,R
15,1,-16,R
15,0,-16,R
15,1,100,R
15,1,16,R
15,1,16,R
15,0,-72,R
15,1,72,R
15,0,-100,R
15,1,16,R
15,1,44,R
15,0,-16,R
15,0,-72,R
15,1,-44,R
15,1,72,R
15,1,16,R
15,0,-100,R
15,1,-16,R
15,1,-44,R
15,1,72,R
15,1,100,R
15,1,100,R
15,1,100,R
15,0,-100,R
15,0,-16,R
15,0,-44,R
15,1,-16,R
15,1,-44,R
15,0,-16,R
15,0,-44,R
15,0,-100,R
15,1,44,R
15,1,16,R
15,1,100,R
15,1,72,R
15,1,-16,R
15,1,-44,R
15,0,-44,R
15,1,-44,R
15,1,16,R
15,1,44,R
15,1,72,R
15,1,72,R
15,1,44,R
15,0,-72,R
15,1,44,R
15,1,72,R
15,0,-100,R
15,1,16,R
15,1,72,R
15,0,-16,R
15,0,-16,R
15,1,72,R
15,1,72,R
15,1,-16,R
15,0,-44,R
15,1,16,R
15,1,44,R
15,1,16,R
15,1,-44,R
15,0,-72,R
15,0,-16,R
15,0,-44,R
15,0,-72,R
15,0,-44,R
15,1,72,R
15,1,44,R
15,0,-16,R
15,0,-16,R
15,1,16,R
15,1,72,R
15,0,-44,R
15,1,100,R
15,1,44,R
15,1,16,R
15,1,100,R
15,1,16,R
15,1,16,R
15,1,100,R
15,0,-72,R
15,0,-100,R
15,0,-44,R
15,1,16,R
15,0,-44,R
15,0,-100,R
15,1,-44,R
15,0,-44,R
15,1,16,R
15,0,-72,R
15,1,16,R
15,1,44,R
15,1,-44,R
15,1,72,R
15,0,-44,R
15,1,100,R
15,1,16,R
15,0,-44,R
15,1,44,R
15,1,100,R
15,0,-100,R
15,0,-72,R
15,1,100,R
15,1,100,R
15,1,72,R
15,1,44,R
15,0,-100,R
15,1,16,R
15,0,-100,R
15,1,44,R
15,1,44,R
15,0,-16,R
15,0,-44,R
15,0,-72,R
15,0,-44,R
15,0,-16,R
15,1,72,R
15,0,-44,R
16,0,-100,R
16,0,-44,R
16,1,44,R
16,1,16,R
16,0,-100,R
16,0,-16,R
16,0,-16,R
16,0,-72,R
16,1,100,R
16,0,-100,R
16,0,-16,R
16,0,-44,R
16,1,100,R
16,0,-44,R
16,0,-100,R
16,1,100,R
16,1,100,R
16,0,-16,R
16,1,44,R
16,0,-72,R
16,1,72,R
16,0,-44,R
16,0,-16,R
16,0,-16,R
16,0,-16,R
16,0,-100,R
16,1,-16,R
16,1,100,R
16,1,16,R
16,1,100,R
16,1,72,R
16,1,44,R
16,1,72,R
16,1,100,R
16,1,72,R
16,0,-16,R
16,1,44,R
16,1,44,R
16,1,44,R
16,1,100,R
16,1,100,R
16,0,-72,R
16,0,-44,R
16,1,44,R
16,1,100,R
16,0,-100,R
16,0,-100,R
16,0,44,R
16,0,-16,R
16,1,72,R
16,1,44,R
16,0,-72,R
16,0,-44,R
16,0,-44,R
16,1,44,R
16,0,-16,R
16,1,72,R
16,1,72,R
16,1,100,R
16,0,-44,R
16,1,16,R
16,0,-72,R
16,0,-100,R
16,1,100,R
16,1,16,R
16,1,44,R
16,0,-100,R
16,1,16,R
16,0,-44,R
16,0,-72,R
16,1,44,R
16,0,-44,R
16,1,16,R
16,1,100,R
16,0,16,R
16,0,-72,R
16,1,100,R
16,1,44,R
16,0,-100,R
16,1,72,R
16,0,-44,R
16,1,-16,R
16,0,-72,R
16,1,72,R
16,1,100,R
16,1,44,R
16,0,-100,R
16,0,-100,R
16,1,16,R
16,0,-16,R
16,0,-72,R
16,1,44,R
16,0,-16,R
16,0,-72,R
16,0,-100,R
16,1,100,R
16,1,100,R
16,1,72,R
16,1,44,R
16,0,-100,R
16,0,-44,R
16,1,72,R
16,1,72,R
16,0,-72,R
16,1,44,R
16,0,-44,R
16,1,-16,R
16,1,72,R
16,1,44,R
16,0,-100,R
16,1,-72,R
16,0,-16,R
16,1,-16,R
16,0,-100,R
16,1,72,R
16,0,-100,R
16,1,44,R
16,1,72,R
16,0,16,R
16,0,-100,R
16,0,-72,R
16,0,16,R
16,0,-44,R
16,0,-72,R
16,1,100,R
16,1,16,R
16,1,-44,R
16,0,-72,R
16,1,72,R
16,1,72,R
16,1,44,R
16,1,-100,R
16,1,100,R
16,1,100,R
16,1,72,R
16,0,-16,R
16,1,16,R
16,0,-100,R
16,0,-72,R
16,1,72,R
16,1,100,R
16,1,44,R
16,0,-100,R
16,1,72,R
16,0,-44,R
16,1,44,R
16,1,44,R
16,0,-100,R
16,0,-100,R
16,1,-16,R
16,0,16,R
16,0,-100,R
16,1,16,R
16,0,-72,R
16,0,-72,R
16,0,-72,R
16,1,16,R
16,1,-16,R
16,0,-16,R
16,1,44,R
16,0,-72,R
16,1,16,R
16,0,-44,R
16,1,44,R
16,0,-16,R
16,1,72,R
16,0,-44,R
16,1,100,R
16,0,-44,R
16,1,100,R
16,0,-44,R
16,1,72,R
16,1,44,R
16,1,72,R
16,1,44,R
16,1,44,R
16,0,-100,R
16,1,-16,R
16,0,-100,R
16,0,-100,R
16,0,-100,R
16,0,-72,R
16,1,100,R
16,0,-16,R
16,0,-44,R
16,0,-100,R
16,0,-100,R
16,1,-16,R
16,1,72,R
16,0,-44,R
16,1,100,R
16,0,-100,R
16,0,-16,R
16,1,72,R
16,1,-16,R
16,0,-44,R
16,0,-44,R
16,1,16,R
16,0,-72,R
16,1,44,R
16,1,44,R
16,1,-44,R
16,0,-72,R
16,0,-44,R
16,0,-72,R
16,1,72,R
16,0,-44,R
16,1,72,R
16,0,-44,R
16,1,100,R
16,0,44,R
16,1,44,R
16,1,100,R
16,1,16,R
16,0,-44,R
16,1,44,R
16,1,44,R
16,1,16,R
16,1,44,R
16,1,100,R
16,1,-16,R
16,1,100,R
16,1,16,R
16,0,-100,R
16,1,44,R
16,1,44,R
16,0,-16,R
16,0,100,R
16,0,16,R
16,0,16,R
16,0,16,R
16,0,-44,R
16,1,44,R
16,1,16,R
16,0,-72,R
16,1,72,R
16,0,-44,R
16,1,44,R
16,0,-16,R
16,0,-44,R
16,0,16,R
16,0,-44,R
16,1,16,R
16,1,72,R
16,1,16,R
16,1,16,R
16,0,-72,R
16,1,72,R
16,1,16,R
16,1,16,R
16,1,100,R
16,1,-16,R
16,1,44,R
16,0,-100,R
16,1,100,R
16,1,100,R
16,0,-44,R
16,0,16,R
16,1,16,R
16,1,44,R
16,0,-16,R
16,0,-100,R
16,0,-72,R
16,0,-16,R
16,0,-72,R
16,0,-16,R
16,0,-16,R
16,1,44,R
16,0,-100,R
16,0,-72,R
16,1,100,R
16,0,-16,R
16,0,-100,R
16,0,-100,R
16,1,100,R
16,1,44,R
16,1,16,R
16,0,-72,R
16,0,-16,R
16,0,-44,R
16,1,72,R
16,1,16,R
16,1,44,R
16,1,16,R
16,1,-16,R
16,1,72,R
16,0,-16,R
16,1,44,R
17,0,-44,R
17,0,-100,R
17,0,-44,R
17,0,-72,R
17,0,44,R
17,0,-100,R
17,0,-44,R
17,1,16,R
17,0,-16,R
17,1,100,R
17,1,-16,R
17,0,-44,R
17,0,-16,R
17,0,-72,R
17,1,72,R
17,1,72,R
17,1,72,R
17,0,-44,R
17,0,-44,R
17,0,-72,R
17,1,100,R
17,0,-72,R
17,0,-100,R
17,1,44,R
17,1,100,R
17,1,16,R
17,1,-100,R
17,1,100,R
17,0,16,R
17,1,100,R
17,1,100,R
17,1,72,R
17,0,-16,R
17,1,100,R
17,1,100,R
17,1,100,R
17,1,100,R
17,0,16,R
17,0,-44,R
17,0,-16,R
17,1,100,R
17,1,72,R
17,1,44,R
17,1,16,R
17,1,16,R
17,0,-16,R
17,1,100,R
17,0,-44,R
17,1,100,R
17,1,16,R
17,1,100,R
17,1,100,R
17,1,16,R
17,0,-72,R
17,0,100,R
17,0,-72,R
17,1,100,R
17,1,72,R
17,1,-16,R
17,0,72,R
17,1,16,R
17,0,-72,R
17,1,100,R
17,1,-16,R
17,0,-100,R
17,1,100,R
17,0,-100,R
17,0,-100,R
17,0,-100,R
17,0,-100,R
17,0,-44,R
17,0,-72,R
17,0,-16,R
17,0,-44,R
17,0,-44,R
17,0,-16,R
17,1,100,R
17,0,-72,R
17,1,44,R
17,1,44,R
17,1,16,R
17,1,100,R
17,0,-100,R
17,0,-72,R
17,0,-44,R
17,0,-72,R
17,1,44,R
17,1,44,R
17,0,-100,R
17,1,72,R
17,0,-72,R
17,0,-100,R
17,0,44,R
17,1,100,R
17,0,-44,R
17,0,-100,R
17,0,-44,R
17,0,-44,R
17,1,100,R
17,1,100,R
17,0,-100,R
17,1,100,R
17,1,72,R
17,0,-44,R
17,1,72,R
17,0,-100,R
17,1,44,R
17,0,-72,R
17,0,-44,R
17,1,16,R
17,0,-44,R
17,1,44,R
17,0,-16,R
17,1,16,R
17,0,-16,R
17,1,16,R
17,1,100,R
17,0,-44,R
17,0,-100,R
17,1,44,R
17,0,-100,R
17,1,44,R
17,1,16,R
17,0,-44,R
17,0,-72,R
17,0,-100,R
17,0,-72,R
17,0,-100,R
17,0,-44,R
17,1,16,R
17,1,44,R
17,1,100,R
17,0,-100,R
17,1,44,R
17,0,-100,R
17,0,16,R
17,1,16,R
17,1,16,R
17,1,16,R
17,1,72,R
17,1,44,R
17,1,16,R
17,1,100,R
17,1,-16,R
17,1,16,R
17,0,-44,R
17,0,-44,R
17,0,-44,R
17,1,16,R
17,1,16,R
17,1,72,R
17,0,-72,R
17,0,-44,R
17,1,-16,R
17,0,44,R
17,0,-44,R
17,0,-16,R
17,1,44,R
17,0,-100,R
17,0,-100,R
17,0,-44,R
17,0,-100,R
17,1,44,R
17,1,44,R
17,1,72,R
17,1,100,R
17,0,-72,R
17,1,-72,R
17,1,100,R
17,1,44,R
17,1,72,R
17,0,-100,R
17,1,-44,R
17,0,-44,R
17,0,-16,R
17,1,72,R
17,0,-100,R
17,1,72,R
17,0,-16,R
17,0,-44,R
17,1,72,R
17,1,44,R
17,0,-72,R
17,1,16,R
17,0,-44,R
17,1,100,R
17,1,72,R
17,1,16,R
17,0,-72,R
17,1,16,R
17,0,-72,R
17,1,16,R
17,1,44,R
17,0,-44,R
17,0,-16,R
17,1,100,R
17,1,44,R
17,1,-16,R
17,0,-44,R
17,1,72,R
17,0,-100,R
17,1,16,R
17,0,-100,R
17,1,16,R
17,0,-72,R
17,1,100,R
17,0,-72,R
17,1,72,R
17,1,100,R
17,1,100,R
17,0,-72,R
17,0,-100,R
17,1,16,R
17,0,-72,R
17,1,100,R
17,0,-72,R
17,0,-72,R
17,0,-100,R
17,1,16,R
17,0,-72,R
17,0,-100,R
17,0,-72,R
17,1,16,R
17,1,16,R
17,0,-44,R
17,0,-16,R
17,1,44,R
17,1,16,R
17,0,-16,R
17,1,16,R
17,1,100,R
17,0,-16,R
17,0,-72,R
17,1,100,R
17,1,-16,R
17,1,16,R
17,1,72,R
17,0,-100,R
17,1,100,R
17,1,100,R
17,1,100,R
17,1,44,R
17,1,100,R
17,0,-44,R
17,1,44,R
17,1,-16,R
17,0,-44,R
17,0,-100,R
17,1,100,R
17,0,-16,R
17,0,-72,R
17,0,-100,R
17,1,44,R
17,0,-72,R
17,0,-100,R
17,0,-100,R
17,1,72,R
17,0,-16,R
17,1,16,R
17,1,72,R
17,1,44,R
17,1,72,R
17,1,16,R
17,1,16,R
17,1,72,R
17,0,-44,R
17,1,72,R
17,1,16,R
17,1,-16,R
17,1,72,R
17,0,-44,R
17,1,16,R
17,1,44,R
17,1,100,R
17,1,72,R
17,1,44,R
17,0,-44,R
17,1,16,R
17,0,-72,R
17,0,-16,R
17,0,-72,R
17,1,100,R
17,1,100,R
17,1,44,R
17,1,16,R
18,0,44,R
18,0,100,R
18,0,-72,R
18,1,100,R
18,0,-44,R
18,1,16,R
18,1,16,R
18,1,100,R
18,0,-72,R
18,0,-100,R
18,0,-16,R
18,0,-100,R
18,0,-100,R
18,0,16,R
18,0,-16,R
18,0,44,R
18,0,-16,R
18,1,100,R
18,1,44,R
18,0,-100,R
18,0,-72,R
18,0,-44,R
18,1,72,R
18,0,-72,R
18,0,-44,R
18,1,100,R
18,1,16,R
18,1,100,R
18,1,-100,R
18,0,44,R
18,1,72,R
18,0,-72,R
18,1,44,R
18,1,44,R
18,1,72,R
18,1,-16,R
18,0,-16,R
18,0,-72,R
18,0,-16,R
18,0,44,R
18,0,16,R
18,0,16,R
18,0,-44,R
18,0,-72,R
18,0,-44,R
18,0,44,R
18,0,72,R
18,0,-16,R
18,0,-100,R
18,0,-72,R
18,0,-44,R
18,1,100,R
18,0,-100,R
18,1,100,R
18,1,72,R
18,0,-44,R
18,0,72,R
18,0,-44,R
18,0,16,R
18,1,72,R
18,1,100,R
18,0,-100,R
18,1,-100,R
18,0,-72,R
18,0,44,R
18,0,100,R
18,0,-72,R
18,0,-44,R
18,0,44,R
18,0,16,R
18,0,44,R
18,1,100,R
18,1,-44,R
18,0,-16,R
18,0,72,R
18,1,16,R
18,1,72,R
18,0,-100,R
18,1,100,R
18,1,16,R
18,0,-100,R
18,0,44,R
18,0,-16,R
18,0,-100,R
18,0,44,R
18,1,44,R
18,1,-16,R
18,0,-44,R
18,0,-100,R
18,1,100,R
18,1,16,R
18,1,44,R
18,0,-44,R
18,0,-100,R
18,0,-16,R
18,0,16,R
18,1,100,R
18,1,72,R
18,1,72,R
18,0,-16,R
18,0,-100,R
18,1,44,R
18,0,-72,R
18,0,-72,R
18,0,-72,R
18,0,72,R
18,0,16,R
18,1,100,R
18,0,-16,R
18,0,16,R
18,1,100,R
18,1,44,R
18,0,-16,R
18,0,-44,R
18,0,-44,R
18,1,44,R
18,0,16,R
18,0,100,R
18,1,72,R
18,0,16,R
18,0,-100,R
18,1,-16,R
18,0,-100,R
18,0,-16,R
18,0,16,R
18,1,-16,R
18,0,-72,R
18,0,-72,R
18,1,-16,R
18,0,-44,R
18,0,-100,R
18,0,16,R
18,1,44,R
18,0,-44,R
18,1,72,R
18,0,16,R
18,1,16,R
18,0,44,R
18,0,44,R
18,0,16,R
18,0,-16,R
18,1,44,R
18,1,16,R
18,1,16,R
18,0,-44,R
18,0,16,R
18,0,-16,R
18,0,-100,R
18,0,16,R
18,0,-100,R
18,0,16,R
18,0,16,R
18,0,72,R
18,0,100,R
18,0,-72,R
18,0,-16,R
18,0,-100,R
18,0,-72,R
18,0,-44,R
18,0,-44,R
18,0,-44,R
18,0,-100,R
18,1,44,R
18,0,-44,R
18,1,16,R
18,1,44,R
18,1,16,R
18,1,16,R
18,0,-72,R
18,0,-16,R
18,0,-44,R
18,0,-100,R
18,0,-100,R
18,0,-44,R
18,0,-72,R
18,0,16,R
18,0,-100,R
18,1,72,R
18,1,72,R
18,1,72,R
18,0,-72,R
18,0,-72,R
18,0,-44,R
18,0,44,R
18,1,100,R
18,1,72,R
18,0,-16,R
18,0,-72,R
18,1,72,R
18,0,-16,R
18,0,-100,R
18,0,-16,R
18,0,-72,R
18,0,16,R
18,0,-72,R
18,1,-16,R
18,0,-100,R
18,0,-44,R
18,0,-72,R
18,0,16,R
18,0,44,R
18,1,100,R
18,0,-16,R
18,1,16,R
18,0,-72,R
18,1,100,R
18,0,-44,R
18,1,100,R
18,0,16,R
18,0,-16,R
18,0,-72,R
18,0,-16,R
18,1,72,R
18,1,44,R
18,1,72,R
18,0,16,R
18,0,-72,R
18,0,-72,R
18,1,44,R
18,1,-44,R
18,1,-16,R
18,1,44,R
18,1,-72,R
18,1,-16,R
18,1,72,R
18,1,-16,R
18,0,-16,R
18,1,100,R
18,0,-44,R
18,1,100,R
18,1,44,R
18,0,-100,R
18,0,-100,R
18,1,16,R
18,1,100,R
18,1,44,R
18,0,-44,R
18,1,72,R
18,0,-16,R
18,1,100,R
18,1,72,R
18,0,-100,R
18,1,100,R
18,1,100,R
18,1,-16,R
18,1,100,R
18,1,100,R
18,1,72,R
18,0,-100,R
18,1,72,R
18,1,72,R
18,1,16,R
18,0,-16,R
18,1,44,R
18,0,-44,R
18,0,44,R
18,1,44,R
18,1,100,R
18,0,-100,R
18,0,44,R
18,1,72,R
18,0,-44,R
18,1,16,R
18,1,-16,R
18,0,-72,R
18,0,-16,R
18,0,-72,R
18,0,16,R
18,0,-44,R
18,0,-16,R
18,1,72,R
18,1,-44,R
18,1,-44,R
18,1,72,R
18,1,72,R
18,0,-44,R
18,0,-100,R
18,0,-44,R
18,1,44,R
18,0,44,R
18,0,-100,R
18,1,72,R
18,1,100,R
18,0,-44,R
18,0,-72,R
18,0,-72,R
18,0,-100,R
18,0,-100,R
18,1,44,R
18,0,-16,R
18,1,-16,R
18,0,-100,R
18,0,-16,R
18,1,72,R
18,1,44,R
18,0,-44,R
18,1,72,R
18,0,16,R
19,1,44,R
19,1,100,R
19,1,44,R
19,1,44,R
19,0,-100,R
19,0,-100,R
19,1,-16,R
19,1,44,R
19,1,-16,R
19,1,-44,R
19,1,100,R
19,1,16,R
19,1,44,R
19,0,-72,R
19,1,-44,R
19,1,16,R
19,0,-100,R
19,0,-100,R
19,0,-100,R
19,0,-44,R
19,1,100,R
19,1,16,R
19,1,72,R
19,1,16,R
19,1,44,R
19,1,100,R
19,0,-72,R
19,1,100,R
19,1,-16,R
19,1,72,R
19,0,-100,R
19,0,-72,R
19,0,-16,R
19,0,16,R
19,1,16,R
19,1,72,R
19,1,16,R
19,0,16,R
19,0,-16,R
19,1,72,R
19,1,16,R
19,1,44,R
19,0,-72,R
19,1,44,R
19,1,100,R
19,1,16,R
19,0,-16,R
19,1,44,R
19,0,-16,R
19,1,72,R
19,1,100,R
19,1,100,R
19,1,-16,R
19,0,-44,R
19,0,-16,R
19,0,-16,R
19,1,44,R
19,0,-100,R
19,1,44,R
19,1,44,R
19,0,-44,R
19,0,-16,R
19,0,-100,R
19,1,100,R
19,0,-44,R
19,1,100,R
19,1,-16,R
19,0,-44,R
19,1,16,R
19,1,-16,R
19,1,16,R
19,0,-72,R
19,0,44,R
19,0,-16,R
19,1,72,R
19,1,16,R
19,0,-72,R
19,1,44,R
19,1,100,R
19,0,-72,R
19,1,72,R
19,1,16,R
19,1,16,R
19,0,-16,R
19,1,44,R
19,0,-44,R
19,1,100,R
19,0,-72,R
19,0,-16,R
19,1,16,R
19,1,16,R
19,1,-44,R
19,0,-100,R
19,1,44,R
19,0,-44,R
19,1,16,R
19,0,-100,R
19,0,-72,R
19,0,-100,R
19,0,16,R
19,0,-16,R
19,1,72,R
19,0,-44,R
19,1,100,R
19,1,16,R
19,0,-16,R
19,1,100,R
19,1,44,R
19,0,-100,R
19,0,16,R
19,0,-72,R
19,1,72,R
19,1,72,R
19,0,-100,R
19,0,-72,R
19,0,-16,R
19,0,16,R
19,0,16,R
19,0,-72,R
19,1,100,R
19,0,-44,R
19,1,44,R
19,1,44,R
19,0,-100,R
19,1,100,R
19,0,-72,R
19,1,44,R
19,1,100,R
19,0,-44,R
19,0,72,R
19,1,44,R
19,0,-100,R
19,1,16,R
19,1,72,R
19,1,44,R
19,0,-16,R
19,0,-100,R
19,1,72,R
19,1,100,R
19,1,-16,R
19,1,72,R
19,1,72,R
19,0,-100,R
19,1,16,R
19,1,16,R
19,0,-100,R
19,1,44,R
19,0,-72,R
19,1,44,R
19,1,16,R
19,0,-72,R
19,0,-100,R
19,1,44,R
19,1,16,R
19,0,-16,R
19,1,44,R
19,0,-100,R
19,0,-72,R
19,0,-16,R
19,1,100,R
19,1,-16,R
19,0,-44,R
19,0,-100,R
19,0,-72,R
19,0,-72,R
19,1,44,R
19,0,-100,R
19,0,-16,R
19,1,72,R
19,1,44,R
19,1,44,R
19,1,100,R
19,0,-44,R
19,1,72,R
19,1,16,R
19,1,16,R
19,0,-16,R
19,1,72,R
19,0,-100,R
19,0,-72,R
19,1,72,R
19,0,-100,R
19,0,-72,R
19,0,-72,R
19,1,100,R
19,1,-16,R
19,1,44,R
19,1,100,R
19,1,100,R
19,1,72,R
19,1,44,R
19,0,-44,R
19,1,72,R
19,0,-44,R
19,1,16,R
19,0,-44,R
19,0,-44,R
19,0,-72,R
19,1,100,R
19,0,-16,R
19,1,100,R
19,1,100,R
19,0,-72,R
19,1,72,R
19,0,44,R
19,0,-100,R
19,0,-72,R
19,1,-44,R
19,0,16,R
19,0,-16,R
19,0,16,R
19,0,-72,R
19,0,-100,R
19,0,-72,R
19,1,44,R
19,1,100,R
19,1,100,R
19,1,100,R
19,1,72,R
19,1,100,R
19,1,100,R
19,0,-44,R
19,1,44,R
19,1,16,R
19,1,44,R
19,1,72,R
19,1,72,R
19,0,-72,R
19,1,100,R
19,1,100,R
19,0,-44,R
19,1,100,R
19,0,-72,R
19,1,72,R
19,1,100,R
19,0,-100,R
19,1,100,R
19,0,-44,R
19,0,-44,R
19,0,-44,R
19,0,-72,R
19,0,-44,R
19,1,16,R
19,1,100,R
19,0,72,R
19,0,-100,R
19,1,100,R
19,1,44,R
19,1,44,R
19,1,72,R
19,1,44,R
19,0,-44,R
19,0,-72,R
19,0,-44,R
19,0,16,R
19,1,72,R
19,0,-100,R
19,0,-72,R
19,1,72,R
19,1,-16,R
19,0,-44,R
19,0,-72,R
19,0,-72,R
19,1,44,R
19,0,-100,R
19,0,-16,R
19,1,100,R
19,0,-44,R
19,0,-72,R
19,1,44,R
19,0,-44,R
19,1,44,R
19,0,-100,R
19,0,44,R
19,1,44,R
19,0,-100,R
19,1,72,R
19,1,16,R
19,1,44,R
19,0,-16,R
19,1,-44,R
19,1,16,R
19,0,-44,R
19,0,-100,R
19,1,100,R
19,0,-72,R
19,1,44,R
19,1,100,R
19,1,44,R
19,1,44,R
19,0,-100,R
19,0,-72,R
19,0,-72,R
19,1,100,R
20,1,44,R
20,0,-16,R
20,0,-100,R
20,1,100,R
20,1,72,R
20,1,44,R
20,0,-72,R
20,1,100,R
20,1,16,R
20,0,-16,R
20,1,72,R
20,0,-44,R
20,0,-100,R
20,1,100,R
20,1,72,R
20,0,-16,R
20,0,-44,R
20,0,-100,R
20,1,100,R
20,0,-44,R
20,0,-100,R
20,1,72,R
20,0,-16,R
20,0,-100,R
20,0,-100,R
20,1,100,R
20,0,-100,R
20,0,-100,R
20,1,16,R
20,1,72,R
20,0,-44,R
20,0,-72,R
20,1,100,R
20,1,72,R
20,0,-100,R
20,1,16,R
20,1,72,R
20,0,-72,R
20,1,72,R
20,0,-72,R
20,1,100,R
20,1,44,R
20,1,-16,R
20,1,-16,R
20,0,16,R
20,1,16,R
20,0,-16,R
20,0,-100,R
20,1,72,R
20,1,44,R
20,1,100,R
20,0,-72,R
20,0,-100,R
20,1,100,R
20,1,16,R
20,0,-16,R
20,0,-100,R
20,1,100,R
20,1,16,R
20,0,-72,R
20,0,-44,R
20,0,-16,R
20,1,-16,R
20,1,100,R
20,1,100,R
20,0,-100,R
20,0,-16,R
20,1,100,R
20,1,100,R
20,1,72,R
20,0,-44,R
20,0,-16,R
20,0,-44,R
20,0,44,R
20,0,-72,R
20,1,44,R
20,0,-16,R
20,1,100,R
20,1,72,R
20,1,44,R
20,1,100,R
20,0,-72,R
20,1,16,R
20,0,-72,R
20,1,72,R
20,1,16,R
20,1,100,R
20,0,-16,R
20,0,44,R
20,0,-44,R
20,0,-100,R
20,1,100,R
20,0,-100,R
20,0,16,R
20,1,72,R
20,0,-72,R
20,0,-16,R
20,0,-44,R
20,1,100,R
20,1,-16,R
20,1,16,R
20,1,16,R
20,0,-44,R
20,0,-44,R
20,1,16,R
20,1,44,R
20,0,-100,R
20,1,100,R
20,1,72,R
20,0,-16,R
20,1,72,R
20,1,44,R
20,1,100,R
20,1,44,R
20,1,16,R
20,0,-16,R
20,0,-100,R
20,0,-72,R
20,1,100,R
20,0,-16,R
20,0,-72,R
20,1,72,R
20,1,16,R
20,1,72,R
20,1,16,R
20,0,16,R
20,0,16,R
20,0,-72,R
20,1,72,R
20,1,-16,R
20,1,16,R
20,0,-44,R
20,0,-16,R
20,1,100,R
20,0,-72,R
20,0,-44,R
20,0,-72,R
20,1,44,R
20,1,72,R
20,0,-44,R
20,0,-44,R
20,0,16,R
20,0,-72,R
20,0,-100,R
20,1,100,R
20,0,-44,R
20,0,-16,R
20,1,100,R
20,0,-16,R
20,0,44,R
20,0,-44,R
20,0,44,R
20,0,-16,R
20,0,-44,R
20,0,16,R
20,1,44,R
20,1,44,R
20,0,-100,R
20,0,-100,R
20,1,72,R
20,0,-100,R
20,1,100,R
20,0,-72,R
20,0,16,R
20,1,16,R
20,1,44,R
20,1,100,R
20,1,16,R
20,1,-16,R
20,1,100,R
20,0,-72,R
20,1,100,R
20,0,-72,R
20,0,-44,R
20,0,-44,R
20,0,-72,R
20,1,16,R
20,1,16,R
20,1,-16,R
20,1,100,R
20,1,72,R
20,0,-72,R
20,0,44,R
20,1,72,R
20,1,44,R
20,1,72,R
20,0,16,R
20,0,44,R
20,0,-72,R
20,0,-44,R
20,1,72,R
20,0,-16,R
20,1,-16,R
20,0,-44,R
20,1,100,R
20,1,100,R
20,1,16,R
20,1,100,R
20,0,-16,R
20,0,-16,R
20,0,-100,R
20,1,72,R
20,1,100,R
20,0,16,R
20,1,-16,R
20,0,-100,R
20,0,16,R
20,0,-16,R
20,0,-72,R
20,1,72,R
20,0,-44,R
20,0,-44,R
20,0,16,R
20,1,44,R
20,0,-72,R
20,0,-100,R
20,0,16,R
20,1,44,R
20,0,-72,R
20,1,100,R
20,1,100,R
20,0,-44,R
20,1,16,R
20,0,-44,R
20,1,72,R
20,1,16,R
20,0,-72,R
20,1,16,R
20,0,-100,R
20,1,16,R
20,0,-72,R
20,1,16,R
20,0,-72,R
20,0,-100,R
20,0,-100,R
20,0,-44,R
20,0,-16,R
20,0,-16,R
20,0,-44,R
20,0,-16,R
20,1,16,R
20,0,-100,R
20,0,-44,R
20,1,44,R
20,1,72,R
20,0,-44,R
20,0,-16,R
20,0,-100,R
20,0,-100,R
20,1,16,R
20,1,72,R
20,0,-16,R
20,0,-100,R
20,1,100,R
20,1,-44,R
20,0,-44,R
20,1,16,R
20,1,16,R
20,0,-16,R
20,1,16,R
20,1,72,R
20,0,-44,R
20,1,16,R
20,0,-100,R
20,0,-16,R
20,1,44,R
20,0,-100,R
20,1,100,R
20,0,-72,R
20,1,44,R
20,0,-72,R
20,0,-100,R
20,1,44,R
20,1,72,R
20,0,-100,R
20,0,-72,R
20,0,-100,R
20,1,44,R
20,1,100,R
20,1,16,R
20,0,16,R
20,0,-100,R
20,0,-44,R
20,1,72,R
20,0,-72,R
20,1,-16,R
20,1,72,R
20,1,72,R
20,1,72,R
20,1,16,R
20,1,100,R
20,0,-100,R
20,1,72,R
20,0,-16,R
20,0,-72,R
20,1,100,R
20,1,100,R
20,1,44,R
21,0,-100,R
21,1,44,R
21,1,72,R
21,0,-100,R
21,0,16,R
21,1,72,R
21,0,100,R
21,0,-44,R
21,1,72,R
21,0,-16,R
21,0,-44,R
21,1,44,R
21,0,44,R
21,0,16,R
21,0,44,R
21,0,-16,R
21,0,-44,R
21,0,-44,R
21,0,16,R
21,1,72,R
21,0,-16,R
21,0,-44,R
21,1,100,R
21,0,100,R
21,0,-72,R
21,0,-100,R
21,0,-100,R
21,0,-100,R
21,0,16,R
21,1,72,R
21,0,16,R
21,1,100,R
21,1,100,R
21,0,-100,R
21,1,72,R
21,0,-72,R
21,0,-16,R
21,1,72,R
21,0,-16,R
21,1,44,R
21,1,16,R
21,0,-16,R
21,0,-44,R
21,0,-16,R
21,1,100,R
21,0,100,R
21,0,-44,R
21,0,-16,R
21,0,16,R
21,0,72,R
21,0,-16,R
21,0,-72,R
21,1,100,R
21,0,-100,R
21,0,16,R
21,0,-100,R
21,0,-100,R
21,0,16,R
21,0,-100,R
21,0,-16,R
21,0,-100,R
21,1,44,R
21,0,-100,R
21,0,-44,R
21,0,16,R
21,1,100,R
21,0,44,R
21,0,-16,R
21,0,-44,R
21,0,100,R
21,1,16,R
21,0,-16,R
21,1,100,R
21,0,-72,R
21,0,-100,R
21,0,44,R
21,0,-44,R
21,0,-16,R
21,0,-44,R
21,0,-44,R
21,0,-16,R
21,0,16,R
21,1,16,R
21,1,-44,R
21,1,72,R
21,0,-44,R
21,1,72,R
21,1,-100,R
21,1,-16,R
21,0,44,R
21,0,-16,R
21,1,-16,R
21,1,-44,R
21,1,72,R
21,1,72,R
21,1,-16,R
21,1,-72,R
21,1,-44,R
21,0,-100,R
21,1,72,R
21,1,-44,R
21,0,-44,R
21,0,-72,R
21,1,72,R
21,0,-100,R
21,0,-44,R
21,0,16,R
21,0,72,R
21,0,-100,R
21,0,-100,R
21,1,100,R
21,1,100,R
21,1,100,R
21,1,16,R
21,1,44,R
21,0,-100,R
21,0,-100,R
21,0,16,R
21,1,100,R
21,1,16,R
21,1,-72,R
21,0,-44,R
21,1,16,R
21,1,44,R
21,1,-16,R
21,1,100,R
21,1,100,R
21,0,-44,R
21,1,72,R
21,0,-44,R
21,0,44,R
21,0,44,R
21,0,-100,R
21,0,100,R
21,1,72,R
21,1,44,R
21,0,-72,R
21,0,16,R
21,1,100,R
21,0,-100,R
21,0,-72,R
21,0,-16,R
21,1,16,R
21,0,-72,R
21,0,72,R
21,1,100,R
21,1,100,R
21,0,-44,R
21,0,44,R
21,1,44,R
21,0,16,R
21,0,-100,R
21,1,72,R
21,0,-100,R
21,1,100,R
21,1,-16,R
21,0,-16,R
21,0,-100,R
21,1,-16,R
21,0,-16,R
21,0,-100,R
21,0,-16,R
21,1,44,R
21,1,-72,R
21,1,-16,R
21,1,-100,R
21,0,-100,R
21,1,72,R
21,1,100,R
21,0,16,R
21,1,16,R
21,0,-100,R
21,1,72,R
21,1,100,R
21,0,-16,R
21,0,-100,R
21,0,-16,R
21,0,-16,R
21,1,100,R
21,1,-16,R
21,0,72,R
21,0,100,R
21,0,44,R
21,1,44,R
21,1,-16,R
21,0,-72,R
21,0,-44,R
21,1,16,R
21,1,16,R
21,1,-72,R
21,0,-44,R
21,1,100,R
21,1,16,R
21,0,44,R
21,1,100,R
21,1,-72,R
21,1,100,R
21,1,44,R
21,1,72,R
21,1,-44,R
21,1,100,R
21,0,-100,R
21,0,-16,R
21,1,16,R
21,0,-44,R
21,1,100,R
21,0,-100,R
21,1,72,R
21,0,-16,R
21,0,-72,R
21,1,100,R
21,0,-100,R
21,0,-72,R
21,0,-100,R
21,0,-72,R
21,1,100,R
21,1,72,R
21,0,-100,R
21,1,100,R
21,0,44,R
21,0,-72,R
21,0,-100,R
21,0,-44,R
21,1,72,R
21,0,16,R
21,1,100,R
21,0,-100,R
21,1,44,R
21,0,-16,R
21,0,-16,R
21,0,-72,R
21,0,44,R
21,0,-100,R
21,0,-16,R
21,1,100,R
21,0,-44,R
21,1,16,R
21,1,72,R
21,0,-100,R
21,0,-100,R
21,1,44,R
21,1,44,R
21,1,-44,R
21,1,-16,R
21,1,16,R
21,0,-100,R
21,1,100,R
21,1,100,R
21,0,72,R
21,0,-44,R
21,0,-72,R
21,1,-44,R
21,1,16,R
21,0,-72,R
21,0,-100,R
21,0,-100,R
21,1,16,R
21,0,-44,R
21,1,44,R
21,1,16,R
21,0,-100,R
21,1,16,R
21,1,-16,R
21,0,-72,R
21,0,-72,R
21,0,-44,R
21,0,-44,R
21,1,-100,R
21,1,16,R
21,1,-16,R
21,0,-44,R
21,1,44,R
21,1,100,R
21,1,100,R
21,0,-100,R
21,0,-72,R
21,0,-72,R
21,1,100,R
21,1,100,R
21,1,16,R
21,0,-72,R
21,0,-16,R
21,0,-44,R
21,1,100,R
21,0,44,R
21,1,100,R
21,0,-44,R
21,0,16,R
21,0,-100,R
22,0,-100,R
22,0,-100,R
22,0,-44,R
22,0,-72,R
22,0,-16,R
22,0,-44,R
22,0,-44,R
22,0,-16,R
22,1,100,R
22,0,-72,R
22,1,44,R
22,1,44,R
22,1,44,R
22,1,16,R
22,0,-44,R
22,1,100,R
22,0,-100,R
22,1,44,R
22,0,-72,R
22,0,-44,R
22,0,-72,R
22,1,44,R
22,1,44,R
22,0,-100,R
22,1,72,R
22,0,-72,R
22,0,-100,R
22,1,44,R
22,1,100,R
22,0,-44,R
22,0,-100,R
22,0,-44,R
22,0,-44,R
22,1,100,R
22,0,100,R
22,0,-100,R
22,1,100,R
22,1,72,R
22,0,-44,R
22,1,72,R
22,0,-100,R
22,1,44,R
22,0,-72,R
22,0,-44,R
22,1,16,R
22,0,-44,R
22,1,44,R
22,0,-16,R
22,1,16,R
22,0,-16,R
22,0,16,R
22,1,100,R
22,0,-44,R
22,1,44,R
22,0,-100,R
22,1,44,R
22,0,-100,R
22,1,44,R
22,1,16,R
22,0,-44,R
22,0,-72,R
22,0,-100,R
22,0,-72,R
22,0,-100,R
22,0,-44,R
22,1,16,R
22,1,44,R
22,1,100,R
22,0,-100,R
22,1,44,R
22,0,-100,R
22,1,16,R
22,0,-100,R
22,0,-16,R
22,0,-44,R
22,0,-16,R
22,0,-44,R
22,1,72,R
22,0,-44,R
22,0,-100,R
22,1,44,R
22,0,-100,R
22,1,44,R
22,0,-44,R
22,0,44,R
22,1,16,R
22,1,72,R
22,0,-72,R
22,0,-16,R
22,1,16,R
22,0,-72,R
22,1,16,R
22,1,100,R
22,0,-72,R
22,0,-100,R
22,0,-100,R
22,1,100,R
22,0,-72,R
22,1,44,R
22,0,-100,R
22,0,-100,R
22,1,72,R
22,1,100,R
22,1,72,R
22,0,-100,R
22,0,-44,R
22,0,-16,R
22,0,-72,R
22,0,-100,R
22,0,-72,R
22,0,-72,R
22,0,-72,R
22,1,100,R
22,0,-44,R
22,0,-72,R
22,1,16,R
22,1,-44,R
22,1,44,R
22,1,44,R
22,0,-100,R
22,0,-100,R
22,1,44,R
22,0,-16,R
22,0,100,R
22,0,-16,R
22,1,72,R
22,0,-100,R
22,0,-16,R
22,0,-16,R
22,1,44,R
22,1,16,R
22,1,16,R
22,0,-16,R
22,1,44,R
22,1,44,R
22,1,100,R
22,0,-72,R
22,0,-44,R
22,1,72,R
22,0,-44,R
22,0,-16,R
22,1,72,R
22,0,-44,R
22,0,-72,R
22,1,100,R
22,0,-16,R
22,0,-16,R
22,0,-72,R
22,0,-72,R
22,1,72,R
22,1,44,R
22,1,16,R
22,1,100,R
22,1,16,R
22,0,-16,R
22,0,-16,R
22,1,72,R
22,0,-100,R
22,1,100,R
22,0,-44,R
22,1,44,R
22,0,-72,R
22,1,16,R
22,1,72,R
22,1,72,R
22,0,-72,R
22,0,-100,R
22,0,-100,R
22,0,-16,R
22,1,16,R
22,1,44,R
22,0,-72,R
22,1,44,R
22,0,-16,R
22,1,100,R
22,1,44,R
22,1,100,R
22,0,-16,R
22,1,100,R
22,1,44,R
22,1,16,R
22,0,-16,R
22,1,44,R
22,1,44,R
22,1,44,R
22,1,72,R
22,1,72,R
22,0,-72,R
22,0,-16,R
22,0,-44,R
22,1,100,R
22,1,44,R
22,0,-72,R
22,0,-100,R
22,1,72,R
22,1,44,R
22,0,-100,R
22,0,-100,R
22,1,16,R
22,1,44,R
22,0,-100,R
22,0,-100,R
22,0,-44,R
22,0,-44,R
22,0,-100,R
22,0,-100,R
22,0,-100,R
22,0,-44,R
22,0,-72,R
22,0,-16,R
22,0,-44,R
22,0,-44,R
22,0,-16,R
22,1,100,R
22,0,-72,R
22,1,44,R
22,1,44,R
22,1,44,R
22,1,16,R
22,0,-44,R
22,1,100,R
22,0,-100,R
22,1,44,R
22,0,-72,R
22,0,-44,R
22,0,-72,R
22,1,44,R
22,1,44,R
22,0,-100,R
22,1,72,R
22,0,-72,R
22,0,-100,R
22,1,44,R
22,1,100,R
22,0,-44,R
22,0,-100,R
22,0,-44,R
22,0,-44,R
22,1,100,R
22,1,100,R
22,0,-100,R
22,1,100,R
22,1,72,R
22,0,-44,R
22,1,72,R
22,0,-100,R
22,1,44,R
22,0,-72,R
22,0,-44,R
22,1,16,R
22,0,-44,R
22,1,44,R
22,0,-16,R
22,1,16,R
22,1,-16,R
22,0,16,R
22,1,100,R
22,0,-44,R
22,0,44,R
22,0,-100,R
22,1,44,R
22,0,-100,R
22,1,44,R
22,0,16,R
22,0,-44,R
22,0,-72,R
22,0,-100,R
22,0,-72,R
22,0,-100,R
22,0,-44,R
22,1,16,R
22,1,44,R
22,1,100,R
22,0,-100,R
22,1,44,R
22,0,-100,R
22,1,16,R
23,1,-16,R
23,1,72,R
23,0,44,R
23,1,72,R
23,1,44,R
23,1,72,R
23,0,-100,R
23,0,72,R
23,0,-16,R
23,0,-16,R
23,0,-44,R
23,1,72,R
23,1,72,R
23,1,100,R
23,1,100,R
23,1,100,R
23,1,44,R
23,1,100,R
23,1,-16,R
23,1,100,R
23,1,16,R
23,1,44,R
23,1,100,R
23,1,72,R
23,0,-44,R
23,0,-16,R
23,0,16,R
23,0,-100,R
23,0,-16,R
23,1,100,R
23,1,44,R
23,1,100,R
23,1,16,R
23,0,-100,R
23,0,-44,R
23,0,-16,R
23,1,16,R
23,1,-16,R
23,0,-16,R
23,0,-72,R
23,0,-16,R
23,0,-16,R
23,0,-72,R
23,1,100,R
23,0,-100,R
23,0,-100,R
23,1,16,R
23,1,72,R
23,0,-100,R
23,1,16,R
23,1,16,R
23,1,16,R
23,1,44,R
23,0,-72,R
23,0,-44,R
23,1,16,R
23,0,72,R
23,1,44,R
23,1,-72,R
23,1,72,R
23,1,100,R
23,0,-100,R
23,0,-44,R
23,1,100,R
23,1,100,R
23,1,44,R
23,0,-100,R
23,1,16,R
23,0,-100,R
23,1,72,R
23,0,-100,R
23,1,100,R
23,1,16,R
23,1,-44,R
23,0,-100,R
23,0,-100,R
23,1,72,R
23,1,100,R
23,1,16,R
23,1,100,R
23,0,-100,R
23,0,-16,R
23,1,72,R
23,1,72,R
23,1,-16,R
23,1,72,R
23,1,-44,R
23,0,-100,R
23,1,72,R
23,0,-44,R
23,1,-16,R
23,0,-100,R
23,1,44,R
23,0,-100,R
23,1,44,R
23,0,-44,R
23,1,100,R
23,0,-16,R
23,0,-16,R
23,0,-16,R
23,1,16,R
23,0,-16,R
23,1,100,R
23,1,44,R
23,1,100,R
23,0,-72,R
23,1,100,R
23,1,-44,R
23,0,-16,R
23,0,-16,R
23,0,-16,R
23,0,-44,R
23,1,72,R
23,1,72,R
23,1,44,R
23,0,-16,R
23,0,-100,R
23,1,100,R
23,0,-100,R
23,0,-72,R
23,1,44,R
23,0,-72,R
23,1,-44,R
23,1,-100,R
23,1,100,R
23,1,44,R
23,1,100,R
23,1,-100,R
23,0,-100,R
23,0,-44,R
23,1,100,R
23,1,16,R
23,1,-44,R
23,0,-72,R
23,0,-100,R
23,0,-44,R
23,1,-16,R
23,1,44,R
23,1,16,R
23,1,16,R
23,1,72,R
23,1,100,R
23,1,16,R
23,1,44,R
23,1,16,R
23,0,-72,R
23,0,-72,R
23,0,-100,R
23,0,-72,R
23,0,-44,R
23,1,72,R
23,1,16,R
23,1,-44,R
23,1,16,R
23,1,44,R
23,1,-44,R
23,0,-44,R
23,1,16,R
23,1,72,R
23,0,-16,R
23,1,72,R
23,1,72,R
23,1,44,R
23,1,72,R
23,1,-16,R
23,1,72,R
23,0,16,R
23,0,-44,R
23,1,44,R
23,1,100,R
23,1,72,R
23,1,100,R
23,1,44,R
23,0,-100,R
23,1,100,R
23,0,-72,R
23,1,100,R
23,0,-44,R
23,1,72,R
23,1,72,R
23,1,16,R
23,0,-100,R
23,1,16,R
23,0,-100,R
23,1,16,R
23,0,-44,R
23,0,-100,R
23,1,16,R
23,1,100,R
23,0,-16,R
23,0,-16,R
23,1,44,R
23,1,16,R
23,1,100,R
23,1,44,R
23,0,-72,R
23,0,-72,R
23,0,-100,R
23,1,44,R
23,1,16,R
23,1,44,R
23,0,-44,R
23,0,-72,R
23,0,16,R
23,1,-16,R
23,1,16,R
23,0,-100,R
23,1,44,R
23,1,72,R
23,1,-16,R
23,0,16,R
23,0,-100,R
23,1,100,R
23,1,100,R
23,1,16,R
23,0,-100,R
23,1,16,R
23,1,72,R
23,1,72,R
23,1,44,R
23,1,72,R
23,0,-44,R
23,0,-72,R
23,1,100,R
23,1,72,R
23,1,100,R
23,1,100,R
23,0,-16,R
23,1,72,R
23,0,-16,R
23,1,16,R
23,0,-72,R
23,1,-16,R
23,0,-72,R
23,0,-100,R
23,1,16,R
23,1,16,R
23,1,44,R
23,0,-44,R
23,0,-100,R
23,1,100,R
23,0,-72,R
23,1,72,R
23,1,44,R
23,1,72,R
23,0,-100,R
23,1,16,R
23,1,-44,R
23,1,72,R
23,1,72,R
23,1,16,R
23,1,100,R
23,0,-100,R
23,1,100,R
23,0,-72,R
23,1,72,R
23,1,100,R
23,1,-44,R
23,0,-16,R
23,0,-72,R
23,0,-44,R
23,1,44,R
23,1,100,R
23,0,-44,R
23,0,-44,R
23,1,44,R
23,0,72,R
23,1,44,R
23,1,72,R
23,1,72,R
23,1,100,R
23,1,44,R
23,1,72,R
23,0,-16,R
23,1,72,R
23,1,72,R
23,1,16,R
23,1,100,R
23,0,-72,R
23,1,72,R
23,1,-72,R
23,1,100,R
23,1,44,R
23,1,100,R
23,1,16,R
23,0,-100,R
23,1,72,R
23,1,-16,R
24,0,44,R
24,0,-16,R
24,1,72,R
24,1,44,R
24,0,-16,R
24,0,-100,R
24,1,16,R
24,1,-44,R
24,0,-44,R
24,1,72,R
24,1,16,R
24,0,-72,R
24,1,44,R
24,1,16,R
24,1,100,R
24,1,72,R
24,0,-16,R
24,0,-44,R
24,1,44,R
24,1,16,R
24,1,72,R
24,1,72,R
24,1,44,R
24,0,-44,R
24,1,16,R
24,1,16,R
24,0,-44,R
24,0,-16,R
24,1,-16,R
24,0,-100,R
24,1,16,R
24,0,-16,R
24,0,-100,R
24,1,72,R
24,0,16,R
24,0,-44,R
24,0,-72,R
24,0,-72,R
24,1,16,R
24,1,100,R
24,0,-16,R
24,1,44,R
24,0,-44,R
24,0,-16,R
24,1,-16,R
24,1,72,R
24,0,-44,R
24,0,-100,R
24,1,44,R
24,0,44,R
24,0,-44,R
24,0,-72,R
24,1,100,R
24,1,72,R
24,1,-16,R
24,1,16,R
24,0,-44,R
24,1,72,R
24,0,-44,R
24,0,-44,R
24,1,-44,R
24,0,-72,R
24,0,-44,R
24,0,-16,R
24,1,44,R
24,1,-16,R
24,1,-16,R
24,0,44,R
24,1,72,R
24,1,72,R
24,1,16,R
24,1,-16,R
24,0,-44,R
24,1,100,R
24,1,44,R
24,1,72,R
24,1,16,R
24,1,16,R
24,1,72,R
24,1,100,R
24,0,-16,R
24,0,-44,R
24,0,44,R
24,1,72,R
24,1,16,R
24,1,72,R
24,1,100,R
24,0,-16,R
24,1,44,R
24,0,-44,R
24,0,-72,R
24,1,44,R
24,0,-100,R
24,0,-16,R
24,0,-100,R
24,1,44,R
24,0,-72,R
24,1,44,R
24,1,100,R
24,0,-72,R
24,1,44,R
24,1,16,R
24,1,16,R
24,1,44,R
24,0,-72,R
24,1,72,R
24,0,-100,R
24,1,72,R
24,0,-72,R
24,1,44,R
24,1,72,R
24,1,44,R
24,0,-100,R
24,1,100,R
24,0,-100,R
24,1,44,R
24,1,72,R
24,1,72,R
24,1,72,R
24,1,44,R
24,0,-72,R
24,1,72,R
24,1,72,R
24,1,16,R
24,1,100,R
24,0,-100,R
24,0,-72,R
24,1,72,R
24,1,100,R
24,0,-100,R
24,0,16,R
24,1,44,R
24,1,72,R
24,1,-16,R
24,1,72,R
24,1,100,R
24,1,72,R
24,0,-44,R
24,1,16,R
24,0,-16,R
24,1,44,R
24,1,44,R
24,0,-72,R
24,0,-44,R
24,1,16,R
24,1,100,R
24,0,-72,R
24,0,-72,R
24,1,16,R
24,0,-44,R
24,1,72,R
24,1,-16,R
24,1,72,R
24,1,44,R
24,1,16,R
24,1,-16,R
24,0,-44,R
24,0,-100,R
24,1,72,R
24,1,72,R
24,1,100,R
24,0,-72,R
24,1,72,R
24,1,72,R
24,1,44,R
24,0,-44,R
24,0,-100,R
24,0,-16,R
24,1,16,R
24,0,16,R
24,1,100,R
24,0,-16,R
24,0,-16,R
24,1,16,R
24,1,72,R
24,0,-16,R
24,1,72,R
24,1,100,R
24,0,16,R
24,1,16,R
24,1,100,R
24,1,16,R
24,1,16,R
24,1,44,R
24,0,-100,R
24,1,100,R
24,0,-100,R
24,0,-16,R
24,0,-44,R
24,0,-16,R
24,1,44,R
24,0,-100,R
24,1,100,R
24,0,-72,R
24,1,72,R
24,0,44,R
24,0,-16,R
24,1,72,R
24,1,72,R
24,1,16,R
24,0,-72,R
24,0,-44,R
24,1,16,R
24,1,16,R
24,1,16,R
24,0,-100,R
24,1,72,R
24,0,-100,R
24,0,-44,R
24,1,100,R
24,0,-100,R
24,0,16,R
24,0,16,R
24,0,-100,R
24,0,-16,R
24,1,100,R
24,0,-100,R
24,0,-100,R
24,0,-100,R
24,0,72,R
24,0,-100,R
24,1,100,R
24,1,72,R
24,1,72,R
24,1,16,R
24,0,-44,R
24,1,72,R
24,1,72,R
24,0,-44,R
24,1,-16,R
24,1,72,R
24,1,100,R
24,0,-100,R
24,1,44,R
24,1,100,R
24,0,-72,R
24,1,72,R
24,1,72,R
24,0,-44,R
24,0,-72,R
24,0,-100,R
24,0,-100,R
24,1,16,R
24,1,72,R
24,1,100,R
24,1,-16,R
24,0,-16,R
24,1,16,R
24,0,-72,R
24,1,72,R
24,1,72,R
24,1,72,R
24,1,44,R
24,1,100,R
24,1,72,R
24,1,16,R
24,0,-100,R
24,0,-16,R
24,0,-100,R
24,1,44,R
24,0,-16,R
24,0,-44,R
24,1,72,R
24,1,100,R
24,0,-72,R
24,1,-16,R
24,1,100,R
24,0,16,R
24,1,-16,R
24,0,-44,R
24,0,16,R
24,1,100,R
24,0,-16,R
24,0,-72,R
24,0,-44,R
24,0,-100,R
24,0,-16,R
24,1,16,R
24,0,-100,R
24,0,-72,R
24,1,100,R
24,1,16,R
24,1,44,R
24,0,-44,R
24,0,-100,R
24,0,-16,R
24,0,16,R
24,0,-16,R
24,1,72,R
24,1,100,R
24,1,16,R
24,1,44,R
24,1,72,R
24,1,44,R
24,1,44,R
24,1,-44,R
24,1,100,R
24,0,-44,R
24,0,-44,R
24,1,72,R
24,1,72,R
24,0,16,R
24,1,-16,R
24,1,16,R
25,1,44,R
25,0,-44,R
25,1,72,R
25,0,-72,R
25,0,-16,R
25,0,-100,R
25,1,100,R
25,0,-44,R
25,1,72,R
25,0,-44,R
25,1,72,R
25,0,-44,R
25,1,44,R
25,0,-100,R
25,0,-100,R
25,1,44,R
25,0,-100,R
25,1,44,R
25,0,-100,R
25,0,-16,R
25,0,-72,R
25,1,72,R
25,1,44,R
25,0,-72,R
25,0,-72,R
25,1,100,R
25,0,-16,R
25,1,16,R
25,0,-72,R
25,0,-100,R
25,0,-100,R
25,0,-72,R
25,0,-72,R
25,0,-16,R
25,0,-72,R
25,1,100,R
25,1,16,R
25,1,16,R
25,0,-72,R
25,0,-100,R
25,1,72,R
25,1,16,R
25,1,72,R
25,0,-100,R
25,0,-44,R
25,0,-16,R
25,0,-72,R
25,1,72,R
25,0,-72,R
25,1,72,R
25,1,44,R
25,1,100,R
25,0,-44,R
25,1,72,R
25,0,16,R
25,1,72,R
25,1,44,R
25,1,100,R
25,1,100,R
25,0,-44,R
25,0,-72,R
25,0,-72,R
25,0,-44,R
25,1,100,R
25,0,-16,R
25,0,-16,R
25,0,-44,R
25,1,44,R
25,1,44,R
25,0,-44,R
25,0,-44,R
25,1,100,R
25,1,72,R
25,1,44,R
25,0,-100,R
25,0,-100,R
25,1,16,R
25,0,-16,R
25,1,44,R
25,1,100,R
25,0,-100,R
25,1,72,R
25,0,-100,R
25,1,16,R
25,0,-16,R
25,1,44,R
25,1,16,R
25,0,-100,R
25,0,-16,R
25,1,16,R
25,0,-16,R
25,1,44,R
25,1,-44,R
25,1,44,R
25,1,44,R
25,1,16,R
25,0,-44,R
25,0,-44,R
25,1,16,R
25,1,100,R
25,1,44,R
25,0,-100,R
25,1,44,R
25,1,16,R
25,0,-16,R
25,1,100,R
25,1,16,R
25,1,16,R
25,0,-44,R
25,1,100,R
25,1,100,R
25,0,-100,R
25,0,-100,R
25,0,-44,R
25,1,44,R
25,1,100,R
25,1,72,R
25,0,-16,R
25,1,16,R
25,0,-16,R
25,1,44,R
25,1,72,R
25,0,-16,R
25,0,-100,R
25,0,-44,R
25,0,-100,R
25,1,44,R
25,0,-44,R
25,0,-72,R
25,0,-72,R
25,1,72,R
25,0,-44,R
25,1,44,R
25,1,44,R
25,0,-16,R
25,1,44,R
25,1,16,R
25,1,44,R
25,0,-72,R
25,1,16,R
25,0,-72,R
25,1,16,R
25,1,16,R
25,0,-72,R
25,0,-100,R
25,0,-16,R
25,1,72,R
25,1,44,R
25,1,16,R
25,0,-16,R
25,1,16,R
25,1,100,R
25,0,-100,R
25,1,16,R
25,0,-44,R
25,0,-16,R
25,0,-44,R
25,1,100,R
25,1,44,R
25,1,16,R
25,1,44,R
25,1,44,R
25,1,44,R
25,0,-72,R
25,1,72,R
25,0,-44,R
25,1,100,R
25,0,-44,R
25,1,72,R
25,0,-16,R
25,0,-16,R
25,1,72,R
25,0,-100,R
25,1,72,R
25,1,72,R
25,1,44,R
25,1,72,R
25,1,100,R
25,0,-72,R
25,1,72,R
25,1,44,R
25,0,-16,R
25,1,44,R
25,1,72,R
25,0,-100,R
25,0,-72,R
25,1,100,R
25,1,72,R
25,1,16,R
25,0,-16,R
25,0,-44,R
25,0,-44,R
25,0,-44,R
25,1,72,R
25,1,100,R
25,1,72,R
25,0,-100,R
25,0,-44,R
25,1,16,R
25,0,-16,R
25,1,44,R
25,0,-72,R
25,0,-72,R
25,0,-100,R
25,1,72,R
25,1,16,R
25,0,-44,R
25,0,-100,R
25,0,-72,R
25,1,100,R
25,1,100,R
25,1,100,R
25,0,-72,R
25,0,-100,R
25,0,-100,R
25,1,44,R
25,0,-100,R
25,1,100,R
25,1,44,R
25,0,-16,R
25,0,-44,R
25,1,100,R
25,1,100,R
25,1,44,R
25,0,-44,R
25,0,-44,R
25,0,-44,R
25,0,-44,R
25,1,44,R
25,1,44,R
25,1,16,R
25,1,72,R
25,0,-72,R
25,0,16,R
25,0,-72,R
25,1,72,R
25,0,-100,R
25,1,100,R
25,1,72,R
25,0,-100,R
25,1,16,R
25,1,44,R
25,0,16,R
25,1,16,R
25,1,72,R
25,0,-16,R
25,1,16,R
25,0,-16,R
25,0,-16,R
25,1,72,R
25,1,72,R
25,1,100,R
25,1,100,R
25,0,-16,R
25,0,-16,R
25,1,72,R
25,1,72,R
25,0,-100,R
25,0,-72,R
25,0,-16,R
25,0,-16,R
25,0,-44,R
25,0,-100,R
25,1,16,R
25,0,-44,R
25,1,44,R
25,1,16,R
25,1,44,R
25,1,100,R
25,1,100,R
25,1,16,R
25,1,16,R
25,0,-72,R
25,1,72,R
25,1,100,R
25,1,100,R
25,1,44,R
25,0,-100,R
25,1,44,R
25,1,72,R
25,1,16,R
25,0,16,R
25,0,-44,R
25,0,-100,R
25,0,-100,R
25,0,-100,R
25,1,100,R
25,0,-16,R
25,0,-100,R
25,1,100,R
25,1,100,R
25,0,-16,R
25,1,16,R
25,0,-72,R
25,1,16,R
25,0,-16,R
25,1,44,R
25,0,-16,R
25,1,72,R
25,0,-100,R
26,0,-44,R
26,1,16,R
26,1,100,R
26,1,100,R
26,0,-16,R
26,0,-44,R
26,0,-44,R
26,0,-100,R
26,0,-72,R
26,0,-44,R
26,0,-100,R
26,1,72,R
26,1,16,R
26,1,100,R
26,0,-72,R
26,0,100,R
26,1,44,R
26,1,44,R
26,0,-16,R
26,0,-16,R
26,0,-72,R
26,0,-16,R
26,0,-44,R
26,0,-16,R
26,0,-16,R
26,1,44,R
26,0,-16,R
26,0,-100,R
26,1,44,R
26,0,-72,R
26,0,100,R
26,0,-72,R
26,0,44,R
26,0,16,R
26,0,-100,R
26,0,44,R
26,1,16,R
26,1,44,R
26,1,100,R
26,0,72,R
26,0,-100,R
26,0,-100,R
26,0,16,R
26,1,72,R
26,0,-16,R
26,0,-100,R
26,0,-16,R
26,0,-16,R
26,0,-100,R
26,1,72,R
26,1,100,R
26,1,100,R
26,0,-16,R
26,0,-100,R
26,0,-72,R
26,0,-16,R
26,0,-72,R
26,0,-44,R
26,1,100,R
26,1,72,R
26,0,-16,R
26,0,-72,R
26,1,44,R
26,0,44,R
26,0,16,R
26,1,100,R
26,0,-16,R
26,1,72,R
26,1,100,R
26,1,44,R
26,1,100,R
26,1,100,R
26,0,72,R
26,0,-44,R
26,0,-72,R
26,0,-72,R
26,1,72,R
26,1,72,R
26,0,-72,R
26,0,-16,R
26,1,72,R
26,1,72,R
26,1,100,R
26,1,44,R
26,0,-16,R
26,0,-44,R
26,0,-72,R
26,1,44,R
26,0,-100,R
26,0,-16,R
26,1,72,R
26,0,-16,R
26,1,72,R
26,1,72,R
26,0,-72,R
26,1,72,R
26,0,-100,R
26,1,72,R
26,1,72,R
26,1,100,R
26,0,-16,R
26,0,16,R
26,1,16,R
26,1,100,R
26,0,-72,R
26,1,44,R
26,1,44,R
26,1,100,R
26,0,-72,R
26,1,100,R
26,0,-44,R
26,0,-72,R
26,1,44,R
26,0,16,R
26,0,16,R
26,1,44,R
26,1,16,R
26,1,100,R
26,1,44,R
26,0,-72,R
26,0,-44,R
26,1,44,R
26,0,-100,R
26,1,72,R
26,0,-44,R
26,1,100,R
26,1,100,R
26,1,16,R
26,0,-100,R
26,1,100,R
26,0,-16,R
26,0,-100,R
26,0,16,R
26,1,44,R
26,0,72,R
26,1,16,R
26,0,-44,R
26,1,44,R
26,0,-16,R
26,1,16,R
26,0,-16,R
26,0,-100,R
26,1,100,R
26,0,-16,R
26,1,44,R
26,1,16,R
26,0,-44,R
26,1,16,R
26,0,-72,R
26,0,-16,R
26,0,-72,R
26,0,-44,R
26,1,16,R
26,0,-72,R
26,0,-16,R
26,0,-72,R
26,0,-72,R
26,0,-16,R
26,0,-16,R
26,0,-72,R
26,0,44,R
26,0,-100,R
26,0,-16,R
26,0,-72,R
26,1,44,R
26,1,16,R
26,1,100,R
26,1,72,R
26,0,-72,R
26,0,-44,R
26,0,-100,R
26,1,-16,R
26,0,-100,R
26,1,100,R
26,1,100,R
26,0,-16,R
26,0,-44,R
26,0,-100,R
26,1,44,R
26,0,-16,R
26,1,16,R
26,0,-100,R
26,1,72,R
26,0,-16,R
26,0,44,R
26,1,72,R
26,1,72,R
26,0,-16,R
26,0,-16,R
26,0,-100,R
26,0,-72,R
26,0,-72,R
26,0,-44,R
26,1,-16,R
26,1,100,R
26,1,100,R
26,0,-72,R
26,0,-72,R
26,0,-16,R
26,1,-72,R
26,1,44,R
26,0,-44,R
26,0,-100,R
26,1,44,R
26,0,-100,R
26,0,-100,R
26,0,-16,R
26,1,16,R
26,0,-44,R
26,1,44,R
26,0,-72,R
26,0,-72,R
26,0,44,R
26,0,-72,R
26,0,-100,R
26,0,-16,R
26,1,44,R
26,0,-72,R
26,0,-44,R
26,0,-72,R
26,1,44,R
26,1,72,R
26,1,16,R
26,1,16,R
26,1,72,R
26,1,72,R
26,0,-100,R
26,1,100,R
26,0,-16,R
26,1,100,R
26,1,72,R
26,1,44,R
26,1,72,R
26,0,-16,R
26,0,-100,R
26,0,-16,R
26,1,44,R
26,0,-100,R
26,0,-100,R
26,0,-100,R
26,0,-100,R
26,1,72,R
26,1,-44,R
26,0,-100,R
26,1,44,R
26,1,44,R
26,0,-72,R
26,0,-72,R
26,0,-72,R
26,0,-44,R
26,1,72,R
26,1,-44,R
26,0,-100,R
26,1,100,R
26,0,-72,R
26,0,-72,R
26,0,-44,R
26,0,-100,R
26,0,-100,R
26,1,72,R
26,1,100,R
26,1,72,R
26,0,-44,R
26,1,72,R
26,1,-16,R
26,1,100,R
26,0,-100,R
26,0,44,R
26,0,-44,R
26,1,72,R
26,0,-16,R
26,0,-44,R
27,0,-44,R
27,0,-16,R
27,1,72,R
27,1,-16,R
27,0,-100,R
27,0,-16,R
27,1,-16,R
27,1,72,R
27,1,100,R
27,1,-44,R
27,1,-16,R
27,1,44,R
27,1,100,R
27,0,-100,R
27,0,-16,R
27,1,72,R
27,0,16,R
27,1,-16,R
27,1,100,R
27,0,-72,R
27,1,-16,R
27,1,-16,R
27,0,-16,R
27,0,44,R
27,0,-72,R
27,1,72,R
27,1,100,R
27,0,-100,R
27,0,-72,R
27,0,16,R
27,0,-100,R
27,0,-72,R
27,0,-72,R
27,1,16,R
27,0,44,R
27,0,-44,R
27,0,16,R
27,0,-100,R
27,1,-16,R
27,1,100,R
27,1,16,R
27,1,-16,R
27,0,-44,R
27,1,100,R
27,1,44,R
27,1,100,R
27,1,-44,R
27,0,-100,R
27,0,16,R
27,1,-16,R
27,1,100,R
27,1,44,R
27,0,-100,R
27,0,-16,R
27,1,16,R
27,0,-72,R
27,0,44,R
27,1,16,R
27,0,-100,R
27,1,-44,R
27,0,-72,R
27,0,16,R
27,0,-100,R
27,1,100,R
27,1,44,R
27,0,-16,R
27,1,44,R
27,0,-100,R
27,1,72,R
27,0,44,R
27,1,100,R
27,1,-16,R
27,1,100,R
27,1,44,R
27,0,-72,R
27,0,16,R
27,1,-44,R
27,1,44,R
27,0,-100,R
27,0,-16,R
27,0,-44,R
27,0,-16,R
27,1,44,R
27,1,100,R
27,0,-44,R
27,1,72,R
27,1,100,R
27,1,72,R
27,1,-100,R
27,0,-44,R
27,0,-44,R
27,0,-44,R
27,1,72,R
27,0,16,R
27,1,100,R
27,1,-16,R
27,1,100,R
27,0,-16,R
27,1,16,R
27,1,72,R
27,1,100,R
27,0,-72,R
27,0,72,R
27,0,-16,R
27,1,16,R
27,1,100,R
27,0,-72,R
27,1,72,R
27,1,44,R
27,0,-72,R
27,1,100,R
27,1,100,R
27,1,100,R
27,1,100,R
27,0,-72,R
27,1,44,R
27,1,44,R
27,0,16,R
27,0,-100,R
27,0,-72,R
27,0,-72,R
27,0,-72,R
27,0,-16,R
27,1,44,R
27,1,100,R
27,1,-16,R
27,1,100,R
27,0,16,R
27,0,-16,R
27,1,100,R
27,1,100,R
27,0,44,R
27,1,16,R
27,1,-16,R
27,1,44,R
27,0,-16,R
27,0,44,R
27,0,-72,R
27,1,16,R
27,0,-16,R
27,0,-44,R
27,0,-72,R
27,0,-44,R
27,0,16,R
27,0,-44,R
27,1,72,R
27,1,44,R
27,1,16,R
27,1,72,R
27,0,-100,R
27,0,-16,R
27,0,16,R
27,0,16,R
27,0,-16,R
27,1,-44,R
27,0,-72,R
27,0,-72,R
27,0,-100,R
27,0,-100,R
27,1,-16,R
27,1,-16,R
27,0,-100,R
27,0,-72,R
27,0,16,R
27,1,16,R
27,0,-100,R
27,0,44,R
27,0,-16,R
27,0,-72,R
27,1,100,R
27,1,100,R
27,0,-16,R
27,1,100,R
27,0,-100,R
27,0,44,R
27,0,-44,R
27,0,-100,R
27,0,-100,R
27,1,-16,R
27,1,72,R
27,1,72,R
27,1,100,R
27,0,16,R
27,0,100,R
27,1,72,R
27,0,-44,R
27,0,-100,R
27,1,-44,R
27,1,72,R
27,0,16,R
27,0,-100,R
27,0,-100,R
27,1,44,R
27,1,72,R
27,1,16,R
27,0,-16,R
27,1,16,R
27,0,-72,R
27,1,44,R
27,1,44,R
27,0,16,R
27,0,-72,R
27,0,-100,R
27,1,100,R
27,1,44,R
27,0,-44,R
27,0,-44,R
27,1,44,R
27,1,44,R
27,1,16,R
27,0,-16,R
27,1,100,R
27,0,16,R
27,1,44,R
27,0,-16,R
27,0,-16,R
27,0,-44,R
27,1,-16,R
27,0,-44,R
27,1,-72,R
27,1,100,R
27,1,72,R
27,0,-16,R
27,0,-100,R
27,1,100,R
27,0,-100,R
27,0,72,R
27,0,-72,R
27,0,-72,R
27,1,100,R
27,0,-72,R
27,1,44,R
27,0,-44,R
27,1,72,R
27,1,100,R
27,0,-100,R
27,0,-44,R
27,1,16,R
27,1,16,R
27,0,-100,R
27,0,72,R
27,1,44,R
27,1,44,R
27,0,-72,R
27,1,100,R
27,1,44,R
27,1,72,R
27,1,100,R
27,0,-72,R
27,1,44,R
27,0,-44,R
27,0,-44,R
27,1,16,R
27,0,-72,R
27,1,100,R
27,1,16,R
27,0,-72,R
27,0,-16,R
27,0,-16,R
27,0,-100,R
27,0,-16,R
27,0,-72,R
27,0,-16,R
27,1,100,R
27,0,-44,R
27,1,-16,R
27,1,100,R
27,1,16,R
27,0,-100,R
27,1,72,R
27,0,-72,R
27,0,-16,R
27,0,-16,R
27,1,16,R
27,0,-100,R
27,0,16,R
27,1,-16,R
27,0,-72,R
27,1,-16,R
27,0,-100,R
27,1,72,R
27,1,72,R
27,1,-72,R
27,0,44,R
27,0,-44,R
27,0,-44,R
27,0,-44,R
27,1,-44,R
27,1,72,R
27,0,-72,R
27,1,16,R
27,1,72,R
27,1,72,R
27,1,44,R
27,1,44,R
27,1,16,R
27,1,72,R
27,1,100,R
28,0,-100,R
28,1,44,R
28,1,44,R
28,1,-72,R
28,0,-44,R
28,1,100,R
28,0,-100,R
28,1,72,R
28,0,-72,R
28,1,44,R
28,0,44,R
28,0,44,R
28,1,72,R
28,1,-16,R
28,0,16,R
28,0,-72,R
28,0,16,R
28,0,16,R
28,1,100,R
28,0,-16,R
28,1,100,R
28,1,-44,R
28,0,-16,R
28,1,72,R
28,0,-100,R
28,1,44,R
28,1,100,R
28,1,-16,R
28,0,-100,R
28,1,72,R
28,1,44,R
28,1,44,R
28,1,16,R
28,1,44,R
28,1,-44,R
28,1,44,R
28,1,16,R
28,1,-100,R
28,0,-44,R
28,0,-72,R
28,0,-16,R
28,1,72,R
28,0,-16,R
28,0,-44,R
28,1,100,R
28,0,-44,R
28,1,100,R
28,0,-44,R
28,1,72,R
28,1,44,R
28,1,16,R
28,0,-72,R
28,0,-44,R
28,1,44,R
28,1,44,R
28,0,16,R
28,1,44,R
28,0,16,R
28,0,-16,R
28,0,-44,R
28,0,-16,R
28,1,44,R
28,0,-72,R
28,1,100,R
28,1,100,R
28,0,-100,R
28,0,-16,R
28,0,-44,R
28,1,44,R
28,1,72,R
28,0,-72,R
28,0,-72,R
28,0,-44,R
28,1,16,R
28,1,100,R
28,0,-44,R
28,0,-72,R
28,0,16,R
28,0,-44,R
28,0,-16,R
28,0,16,R
28,0,44,R
28,0,-44,R
28,1,72,R
28,1,100,R
28,1,44,R
28,0,-44,R
28,0,-44,R
28,0,-16,R
28,1,100,R
28,1,-44,R
28,0,44,R
28,0,-72,R
28,1,44,R
28,0,-72,R
28,1,16,R
28,1,100,R
28,0,-100,R
28,1,72,R
28,0,-100,R
28,1,100,R
28,1,44,R
28,0,-72,R
28,0,72,R
28,1,100,R
28,0,-16,R
28,1,44,R
28,0,-44,R
28,0,44,R
28,0,-16,R
28,0,-72,R
28,1,100,R
28,1,72,R
28,1,72,R
28,1,44,R
28,0,-44,R
28,1,16,R
28,0,-72,R
28,1,72,R
28,1,16,R
28,1,72,R
28,0,-44,R
28,1,16,R
28,1,72,R
28,1,16,R
28,1,72,R
28,0,-72,R
28,1,72,R
28,1,100,R
28,0,-72,R
28,1,72,R
28,1,44,R
28,1,16,R
28,0,44,R
28,0,-44,R
28,1,-16,R
28,1,16,R
28,0,-44,R
28,1,100,R
28,1,44,R
28,1,72,R
28,0,-72,R
28,1,-16,R
28,1,-16,R
28,1,72,R
28,1,72,R
28,0,-44,R
28,0,-44,R
28,0,-72,R
28,1,-16,R
28,0,-100,R
28,0,-72,R
28,1,100,R
28,0,-100,R
28,1,100,R
28,0,-16,R
28,0,-72,R
28,1,16,R
28,1,-16,R
28,1,100,R
28,1,100,R
28,1,72,R
28,1,44,R
28,1,100,R
28,0,-44,R
28,1,16,R
28,0,-44,R
28,1,-16,R
28,1,16,R
28,0,-44,R
28,0,-16,R
28,0,-100,R
28,0,-72,R
28,0,-72,R
28,0,-44,R
28,0,72,R
28,1,16,R
28,0,72,R
28,0,-100,R
28,1,72,R
28,1,72,R
28,1,72,R
28,0,-44,R
28,0,-44,R
28,0,-44,R
28,0,44,R
28,1,16,R
28,0,-16,R
28,1,-16,R
28,1,-16,R
28,1,-16,R
28,1,44,R
28,1,100,R
28,1,-100,R
28,1,-16,R
28,1,16,R
28,1,100,R
28,0,-72,R
28,1,100,R
28,0,16,R
28,0,72,R
28,0,-100,R
28,0,-72,R
28,0,72,R
28,0,-100,R
28,0,-72,R
28,1,100,R
28,0,-44,R
28,0,-44,R
28,1,44,R
28,1,44,R
28,0,-100,R
28,1,16,R
28,0,-44,R
28,0,-100,R
28,0,-100,R
28,1,100,R
28,0,-72,R
28,0,-44,R
28,1,72,R
28,1,16,R
28,0,-44,R
28,1,72,R
28,0,-44,R
28,0,-100,R
28,1,100,R
28,1,72,R
28,0,-16,R
28,0,44,R
28,0,-100,R
28,0,-44,R
28,0,-44,R
28,0,-16,R
28,0,44,R
28,1,100,R
28,0,-16,R
28,0,-72,R
28,0,16,R
28,0,16,R
28,0,-44,R
28,1,100,R
28,1,100,R
28,1,16,R
28,1,16,R
28,1,44,R
28,0,-100,R
28,1,-16,R
28,1,-16,R
28,1,44,R
28,0,-44,R
28,0,-44,R
28,0,-16,R
28,0,-44,R
29,0,-16,R
29,1,100,R
29,1,44,R
29,1,100,R
29,0,-16,R
29,0,-72,R
29,0,-100,R
29,0,16,R
29,0,-44,R
29,0,-44,R
29,1,44,R
29,1,-44,R
29,0,-100,R
29,1,-44,R
29,0,-100,R
29,1,100,R
29,1,72,R
29,1,16,R
29,1,72,R
29,1,100,R
29,1,16,R
29,1,44,R
29,1,-16,R
29,1,-44,R
29,0,-44,R
29,0,-100,R
29,1,-72,R
29,1,100,R
29,1,44,R
29,1,16,R
29,1,-16,R
29,1,-16,R
29,0,-72,R
29,0,-16,R
29,0,-44,R
29,0,-16,R
29,0,-72,R
29,0,-72,R
29,0,-100,R
29,1,44,R
29,1,16,R
29,0,-72,R
29,0,-44,R
29,1,-16,R
29,0,-44,R
29,0,16,R
29,1,100,R
29,1,44,R
29,1,44,R
29,0,-100,R
29,0,-44,R
29,0,-72,R
29,1,16,R
29,1,72,R
29,1,16,R
29,1,44,R
29,1,44,R
29,1,72,R
29,0,-16,R
29,1,-44,R
29,0,72,R
29,1,16,R
29,1,100,R
29,1,-16,R
29,1,-72,R
29,1,100,R
29,0,-16,R
29,0,-100,R
29,0,-16,R
29,0,-72,R
29,0,-44,R
29,1,100,R
29,0,-100,R
29,1,-16,R
29,1,72,R
29,0,16,R
29,1,100,R
29,1,72,R
29,1,44,R
29,1,-16,R
29,1,72,R
29,1,44,R
29,1,100,R
29,0,-100,R
29,1,72,R
29,1,16,R
29,1,16,R
29,1,-16,R
29,0,-44,R
29,1,72,R
29,1,44,R
29,1,72,R
29,1,44,R
29,1,44,R
29,1,16,R
29,1,16,R
29,1,16,R
29,0,-72,R
29,0,-16,R
29,1,100,R
29,1,100,R
29,1,72,R
29,0,-100,R
29,1,100,R
29,0,-44,R
29,1,100,R
29,1,100,R
29,0,-16,R
29,1,72,R
29,0,-100,R
29,0,-72,R
29,1,72,R
29,0,-16,R
29,0,-44,R
29,1,44,R
29,0,44,R
29,1,72,R
29,0,-16,R
29,0,72,R
29,1,72,R
29,0,-100,R
29,1,-16,R
29,0,-16,R
29,0,-44,R
29,0,-100,R
29,1,16,R
29,0,-100,R
29,1,72,R
29,0,44,R
29,0,-72,R
29,0,-44,R
29,1,72,R
29,1,44,R
29,1,100,R
29,1,-16,R
29,1,72,R
29,1,72,R
29,1,-16,R
29,0,-72,R
29,0,-72,R
29,1,100,R
29,1,-16,R
29,0,16,R
29,1,100,R
29,0,-16,R
29,0,-100,R
29,1,100,R
29,1,16,R
29,0,-44,R
29,0,-16,R
29,0,-44,R
29,1,16,R
29,1,100,R
29,1,16,R
29,1,-100,R
29,0,-100,R
29,1,-16,R
29,1,44,R
29,0,-16,R
29,1,72,R
29,0,-100,R
29,1,100,R
29,0,-44,R
29,1,72,R
29,0,-44,R
29,1,100,R
29,0,-44,R
29,1,72,R
29,1,-16,R
29,0,-44,R
29,1,100,R
29,0,-44,R
29,0,-72,R
29,0,-44,R
29,0,-100,R
29,1,100,R
29,1,-16,R
29,0,-100,R
29,1,44,R
29,0,-100,R
29,1,44,R
29,0,-44,R
29,0,16,R
29,0,-44,R
29,1,16,R
29,1,72,R
29,0,-44,R
29,1,72,R
29,1,72,R
29,1,-16,R
29,1,16,R
29,1,-44,R
29,0,-72,R
29,0,-16,R
29,1,-16,R
29,1,100,R
29,0,-100,R
29,0,-72,R
29,1,-16,R
29,1,44,R
29,1,72,R
29,1,100,R
29,0,-100,R
29,0,-16,R
29,1,16,R
29,1,44,R
29,0,-44,R
29,1,72,R
29,1,100,R
29,1,72,R
29,0,16,R
29,0,-72,R
29,0,-72,R
29,1,44,R
29,1,72,R
29,0,-100,R
29,0,-16,R
29,1,44,R
29,0,-44,R
29,0,16,R
29,1,16,R
29,0,-100,R
29,0,-44,R
29,1,44,R
29,1,100,R
29,0,-72,R
29,1,72,R
29,0,-16,R
29,1,72,R
29,1,16,R
29,1,44,R
29,0,-16,R
29,0,-44,R
29,0,-72,R
29,0,-72,R
29,1,16,R
29,0,-16,R
29,1,100,R
29,1,72,R
29,1,72,R
29,0,-100,R
29,0,-72,R
29,0,-72,R
29,1,16,R
29,1,72,R
29,1,16,R
29,1,72,R
29,1,100,R
29,1,16,R
29,0,-16,R
29,1,72,R
29,1,72,R
29,1,-16,R
29,0,-44,R
29,1,72,R
29,0,-44,R
29,1,44,R
29,0,44,R
29,1,72,R
29,1,44,R
29,1,100,R
29,1,16,R
29,0,-72,R
29,1,100,R
29,1,100,R
29,1,44,R
29,0,-100,R
29,1,16,R
29,0,-100,R
29,0,-72,R
29,1,16,R
29,0,-44,R
29,0,-72,R
29,1,16,R
29,0,-72,R
29,1,72,R
29,0,-72,R
29,0,-44,R
29,1,-44,R
29,0,-44,R
29,1,-44,R
29,0,-72,R
29,1,44,R
29,1,-72,R
29,1,44,R
29,0,-44,R
29,1,16,R
29,1,100,R
29,0,-72,R
29,1,72,R
29,1,16,R
29,0,-72,R
29,1,100,R
29,1,100,R
29,1,100,R
29,0,-100,R
29,1,16,R
29,0,-72,R
29,1,-44,R
29,1,100,R
29,1,44,R
30,0,-100,R
30,0,-16,R
30,0,-44,R
30,1,16,R
30,1,100,R
30,0,-100,R
30,0,-72,R
30,0,-44,R
30,0,-44,R
30,0,-16,R
30,1,-16,R
30,0,-72,R
30,1,100,R
30,0,-100,R
30,1,100,R
30,1,16,R
30,0,-72,R
30,0,-100,R
30,0,-100,R
30,0,-44,R
30,0,-100,R
30,0,-72,R
30,1,100,R
30,1,100,R
30,0,-44,R
30,1,16,R
30,1,72,R
30,0,-16,R
30,1,72,R
30,1,44,R
30,0,-16,R
30,0,-100,R
30,1,72,R
30,1,72,R
30,0,-100,R
30,1,16,R
30,1,72,R
30,0,16,R
30,1,16,R
30,0,-44,R
30,0,-16,R
30,1,100,R
30,0,-72,R
30,0,-100,R
30,0,44,R
30,1,44,R
30,0,-44,R
30,0,-72,R
30,0,-72,R
30,0,16,R
30,1,100,R
30,0,-72,R
30,1,72,R
30,0,-100,R
30,0,-100,R
30,1,72,R
30,0,-44,R
30,0,44,R
30,0,-16,R
30,0,-44,R
30,1,72,R
30,1,72,R
30,1,72,R
30,0,-16,R
30,0,-100,R
30,1,100,R
30,1,100,R
30,1,-16,R
30,0,-100,R
30,0,-72,R
30,1,72,R
30,1,100,R
30,0,16,R
30,0,-72,R
30,0,-72,R
30,0,-72,R
30,0,-100,R
30,1,100,R
30,1,44,R
30,0,-100,R
30,1,100,R
30,1,16,R
30,0,-44,R
30,0,-100,R
30,0,-16,R
30,0,-100,R
30,0,-100,R
30,1,100,R
30,0,-72,R
30,0,-16,R
30,1,72,R
30,1,100,R
30,1,44,R
30,0,-16,R
30,1,100,R
30,1,44,R
30,0,-44,R
30,1,72,R
30,1,100,R
30,1,72,R
30,1,100,R
30,0,-16,R
30,1,16,R
30,1,72,R
30,1,100,R
30,0,-44,R
30,1,72,R
30,1,72,R
30,0,-44,R
30,0,-44,R
30,0,16,R
30,1,100,R
30,0,-100,R
30,0,-72,R
30,1,44,R
30,0,-44,R
30,1,72,R
30,1,72,R
30,0,16,R
30,1,100,R
30,0,100,R
30,0,16,R
30,0,-100,R
30,1,100,R
30,0,-16,R
30,1,100,R
30,1,100,R
30,1,72,R
30,0,-44,R
30,0,-72,R
30,0,16,R
30,0,-100,R
30,0,-100,R
30,0,16,R
30,0,-44,R
30,0,-72,R
30,0,-44,R
30,1,44,R
30,1,100,R
30,0,-72,R
30,1,44,R
30,1,44,R
30,1,72,R
30,0,-100,R
30,0,-44,R
30,0,16,R
30,1,72,R
30,1,-16,R
30,1,100,R
30,0,-72,R
30,1,72,R
30,0,-44,R
30,0,-72,R
30,0,-72,R
30,1,44,R
30,1,-44,R
30,1,72,R
30,0,-44,R
30,1,100,R
30,0,-72,R
30,0,-16,R
30,0,-100,R
30,1,16,R
30,1,16,R
30,1,44,R
30,1,100,R
30,1,100,R
30,0,-100,R
30,1,100,R
30,1,44,R
30,0,-72,R
30,0,-16,R
30,1,100,R
30,1,100,R
30,0,-44,R
30,0,100,R
30,0,-16,R
30,0,-44,R
30,0,-44,R
30,0,16,R
30,1,44,R
30,0,-100,R
30,0,-72,R
30,1,100,R
30,0,-72,R
30,1,44,R
30,1,44,R
30,0,44,R
30,1,16,R
30,1,44,R
30,0,-44,R
30,0,-100,R
30,0,44,R
30,1,16,R
30,1,72,R
30,1,100,R
30,0,44,R
30,0,-16,R
30,1,72,R
30,1,16,R
30,1,72,R
30,1,72,R
30,1,100,R
30,1,44,R
30,0,-72,R
30,1,72,R
30,0,-72,R
30,1,72,R
30,1,-16,R
30,1,100,R
30,0,-16,R
30,0,16,R
30,0,16,R
30,0,-100,R
30,0,-16,R
30,1,72,R
30,1,100,R
30,1,100,R
30,0,-100,R
30,1,44,R
30,1,72,R
30,1,100,R
30,0,-16,R
30,1,72,R
30,1,-44,R
30,1,100,R
30,1,100,R
30,1,-16,R
30,1,100,R
30,1,72,R
30,0,-16,R
30,1,72,R
30,1,72,R
30,0,-44,R
30,1,100,R
30,0,44,R
30,1,44,R
30,0,-16,R
30,0,-72,R
30,1,16,R
30,1,100,R
30,0,-16,R
30,1,16,R
30,1,44,R
30,1,-44,R
30,0,-72,R
30,0,-16,R
30,0,-44,R
30,0,-44,R
30,0,16,R
30,1,100,R
30,1,-16,R
30,1,16,R
30,1,100,R
30,0,-44,R
30,0,16,R
30,0,-100,R
30,1,100,R
30,0,-72,R
30,0,-44,R
30,1,16,R
30,1,16,R
30,1,-16,R
30,1,72,R
30,1,100,R
30,1,100,R
30,0,-44,R
30,0,-72,R
30,1,100,R
30,1,100,R
30,1,-100,R
30,1,72,R
30,1,44,R
30,1,72,R
30,0,-72,R
30,0,-16,R
30,0,-72,R
30,1,100,R
30,0,44,R
30,0,100,R
30,0,-100,R
30,0,16,R
30,1,16,R
30,1,100,R
30,1,100,R
30,1,72,R
30,0,-16,R
30,1,44,R
30,1,44,R
30,0,-44,R
30,0,16,R
31,0,-72,R
31,1,16,R
31,1,100,R
31,1,44,R
31,0,-44,R
31,0,-44,R
31,0,100,R
31,0,-72,R
31,0,-72,R
31,0,-16,R
31,1,100,R
31,1,44,R
31,1,100,R
31,1,100,R
31,0,-44,R
31,1,100,R
31,1,72,R
31,1,72,R
31,1,44,R
31,0,-72,R
31,0,-72,R
31,0,72,R
31,0,-100,R
31,1,100,R
31,1,-16,R
31,0,-100,R
31,0,-100,R
31,1,16,R
31,0,-16,R
31,0,-100,R
31,0,-44,R
31,0,-72,R
31,1,-16,R
31,0,44,R
31,0,16,R
31,0,-72,R
31,1,100,R
31,0,-72,R
31,1,44,R
31,0,44,R
31,0,-16,R
31,1,100,R
31,1,-16,R
31,0,-16,R
31,0,-16,R
31,1,16,R
31,0,-44,R
31,0,-44,R
31,0,-44,R
31,1,-44,R
31,1,100,R
31,1,72,R
31,1,100,R
31,0,-100,R
31,0,44,R
31,0,-100,R
31,0,-100,R
31,0,-72,R
31,0,-44,R
31,0,-72,R
31,0,-72,R
31,0,100,R
31,1,100,R
31,1,100,R
31,0,16,R
31,0,16,R
31,0,-44,R
31,1,44,R
31,0,16,R
31,0,-72,R
31,0,-16,R
31,0,44,R
31,1,16,R
31,0,-100,R
31,1,100,R
31,1,-16,R
31,1,44,R
31,0,-44,R
31,1,100,R
31,1,-16,R
31,1,100,R
31,0,-44,R
31,0,72,R
31,0,-72,R
31,0,-16,R
31,1,100,R
31,0,-72,R
31,1,100,R
31,1,72,R
31,1,72,R
31,1,-44,R
31,0,-16,R
31,1,44,R
31,1,72,R
31,0,-44,R
31,0,-100,R
31,0,-16,R
31,1,100,R
31,1,16,R
31,0,-72,R
31,0,72,R
31,0,-72,R
31,0,44,R
31,1,16,R
31,1,-44,R
31,0,-16,R
31,0,-72,R
31,1,44,R
31,1,-44,R
31,1,-16,R
31,1,-16,R
31,0,-44,R
31,0,100,R
31,0,-72,R
31,0,-72,R
31,0,-72,R
31,1,16,R
31,1,72,R
31,0,-72,R
31,0,-100,R
31,0,-72,R
31,0,-72,R
31,0,72,R
31,0,-100,R
31,1,-16,R
31,0,-100,R
31,0,-72,R
31,0,-72,R
31,1,16,R
31,1,-16,R
31,0,-100,R
31,0,-72,R
31,1,44,R
31,1,72,R
31,1,44,R
31,0,-16,R
31,0,-100,R
31,1,100,R
31,1,44,R
31,0,-16,R
31,1,44,R
31,1,72,R
31,0,-72,R
31,0,-72,R
31,0,-72,R
31,1,-16,R
31,1,-44,R
31,0,-16,R
31,1,72,R
31,1,16,R
31,0,72,R
31,0,-44,R
31,0,-72,R
31,0,-16,R
31,0,-72,R
31,1,100,R
31,1,16,R
31,0,-16,R
31,1,44,R
31,0,-44,R
31,1,-16,R
31,0,-44,R
31,0,-100,R
31,1,44,R
31,1,100,R
31,0,44,R
31,0,-44,R
31,1,72,R
31,1,72,R
31,0,-44,R
31,0,-44,R
31,1,44,R
31,0,-44,R
31,0,-16,R
31,1,-16,R
31,1,-72,R
31,0,-100,R
31,1,72,R
31,1,100,R
31,0,-100,R
31,0,-44,R
31,0,-72,R
31,1,72,R
31,1,16,R
31,0,-100,R
31,0,-100,R
31,0,16,R
31,1,16,R
31,0,-100,R
31,1,72,R
31,1,44,R
31,0,100,R
31,0,-72,R
31,0,-16,R
31,1,-16,R
31,0,-72,R
31,1,100,R
31,0,-72,R
31,0,16,R
31,0,-100,R
31,1,72,R
31,0,16,R
31,1,100,R
31,0,16,R
31,0,16,R
31,1,100,R
31,1,100,R
31,0,-100,R
31,1,16,R
31,0,-72,R
31,1,16,R
31,1,72,R
31,1,100,R
31,0,-72,R
31,0,44,R
31,0,-16,R
31,0,44,R
31,1,44,R
31,1,72,R
31,1,44,R
31,1,72,R
31,0,16,R
31,1,72,R
31,0,-16,R
31,0,-72,R
31,1,100,R
31,0,-16,R
31,0,72,R
31,1,100,R
31,1,44,R
31,1,100,R
31,0,-72,R
31,1,16,R
31,1,100,R
31,0,72,R
31,0,-100,R
31,1,-16,R
31,0,-72,R
31,1,100,R
31,0,-44,R
31,0,-72,R
31,0,-72,R
31,0,44,R
31,1,100,R
31,1,100,R
31,1,16,R
31,0,16,R
31,1,44,R
31,0,-72,R
31,0,-16,R
31,0,100,R
31,0,44,R
31,0,16,R
31,1,16,R
31,1,16,R
31,1,-72,R
31,1,100,R
31,0,-72,R
31,0,-100,R
31,1,44,R
31,1,16,R
31,0,-100,R
31,0,100,R
31,1,-16,R
31,1,-16,R
31,1,72,R
31,1,-72,R
31,1,-16,R
31,1,-44,R
31,0,44,R
31,0,72,R
31,0,-16,R
31,0,16,R
32,1,100,R
32,0,-100,R
32,0,-100,R
32,1,-44,R
32,0,-100,R
32,1,16,R
32,0,-100,R
32,1,16,R
32,1,100,R
32,1,-44,R
32,0,-100,R
32,1,100,R
32,1,100,R
32,0,-100,R
32,0,-16,R
32,0,-16,R
32,0,-72,R
32,0,-72,R
32,1,72,R
32,0,-72,R
32,0,44,R
32,0,-44,R
32,0,-44,R
32,1,100,R
32,1,100,R
32,1,-44,R
32,0,-16,R
32,0,44,R
32,0,-16,R
32,1,-44,R
32,1,-16,R
32,0,-100,R
32,1,44,R
32,1,-16,R
32,1,-16,R
32,0,-16,R
32,0,-44,R
32,1,44,R
32,0,-72,R
32,1,-16,R
32,1,72,R
32,1,-44,R
32,0,16,R
32,1,100,R
32,1,-16,R
32,0,-72,R
32,0,72,R
32,0,-16,R
32,1,-16,R
32,1,16,R
32,1,72,R
32,0,-44,R
32,0,-100,R
32,1,72,R
32,1,-44,R
32,0,-72,R
32,1,72,R
32,1,16,R
32,1,100,R
32,0,16,R
32,1,44,R
32,1,-16,R
32,0,-72,R
32,1,-72,R
32,1,-16,R
32,0,-100,R
32,1,-72,R
32,1,-16,R
32,1,72,R
32,0,-44,R
32,1,72,R
32,0,-16,R
32,1,72,R
32,0,-100,R
32,0,-16,R
32,0,-100,R
32,0,-44,R
32,0,44,R
32,0,44,R
32,0,-100,R
32,0,16,R
32,0,-100,R
32,0,44,R
32,1,16,R
32,0,44,R
32,0,-16,R
32,0,72,R
32,0,44,R
32,0,-100,R
32,1,16,R
32,0,-100,R
32,1,-72,R
32,1,-72,R
32,1,44,R
32,0,-16,R
32,1,72,R
32,1,100,R
32,0,16,R
32,0,44,R
32,1,72,R
32,0,-16,R
32,0,-44,R
32,0,-44,R
32,0,44,R
32,0,16,R
32,1,-44,R
32,1,44,R
32,0,16,R
32,1,100,R
32,1,-44,R
32,0,-72,R
32,0,-72,R
32,0,-44,R
32,0,-44,R
32,0,72,R
32,1,44,R
32,1,100,R
32,0,16,R
32,0,-72,R
32,1,72,R
32,1,44,R
32,0,-44,R
32,0,16,R
32,1,16,R
32,1,72,R
32,0,-100,R
32,0,16,R
32,0,-100,R
32,0,16,R
32,0,44,R
32,1,-44,R
32,1,100,R
32,1,72,R
32,0,-72,R
32,1,44,R
32,0,-16,R
32,1,100,R
32,1,-72,R
32,0,-72,R
32,0,-72,R
32,0,-100,R
32,1,-16,R
32,1,44,R
32,1,100,R
32,1,100,R
32,1,100,R
32,1,72,R
32,0,-100,R
32,1,72,R
32,1,-44,R
32,1,44,R
32,1,16,R
32,1,-72,R
32,1,100,R
32,1,-16,R
32,0,-100,R
32,1,72,R
32,1,100,R
32,1,-72,R
32,1,72,R
32,1,16,R
32,1,-16,R
32,1,16,R
32,1,-100,R
32,0,16,R
32,1,100,R
32,0,72,R
32,1,44,R
32,1,72,R
32,1,-16,R
32,1,-16,R
32,1,16,R
32,1,44,R
32,0,-44,R
32,0,16,R
32,0,-72,R
32,1,100,R
32,0,16,R
32,1,100,R
32,1,-16,R
32,1,-16,R
32,0,-16,R
32,0,-16,R
32,1,-44,R
32,0,-72,R
32,1,-100,R
32,1,-100,R
32,1,100,R
32,1,72,R
32,1,16,R
32,0,44,R
32,1,16,R
32,1,16,R
32,1,-16,R
32,0,-16,R
32,1,100,R
32,1,72,R
32,0,44,R
32,0,16,R
32,1,-44,R
32,0,-72,R
32,1,44,R
32,0,100,R
32,0,-72,R
32,0,-100,R
32,1,44,R
32,1,-72,R
32,0,16,R
32,0,-16,R
32,1,100,R
32,1,100,R
32,0,-100,R
32,0,-100,R
32,1,-100,R
32,0,-44,R
32,0,-72,R
32,1,-16,R
32,0,-44,R
32,1,-44,R
32,1,-16,R
32,1,100,R
32,0,-72,R
32,1,44,R
32,1,44,R
32,1,44,R
32,1,16,R
32,1,-44,R
32,1,100,R
32,0,-100,R
32,1,44,R
32,0,-72,R
32,0,-44,R
32,1,-72,R
32,1,44,R
32,1,-100,R
32,1,72,R
32,0,-72,R
32,0,-100,R
32,1,44,R
32,1,100,R
32,1,-44,R
32,1,-100,R
32,1,-44,R
32,1,-44,R
32,1,100,R
32,1,100,R
32,1,-100,R
32,1,100,R
32,1,72,R
32,1,-44,R
32,1,72,R
32,0,-100,R
32,1,44,R
32,0,-72,R
32,1,-44,R
32,1,16,R
32,1,-44,R
32,1,44,R
32,1,-16,R
32,1,16,R
32,0,-16,R
32,1,16,R
32,0,-44,R
32,1,44,R
32,0,-100,R
32,1,44,R
32,1,-100,R
32,1,44,R
32,1,16,R
32,1,-44,R
32,1,-72,R
32,1,-100,R
32,0,-72,R
32,0,-100,R
32,1,-44,R
32,1,16,R
32,1,44,R
32,1,100,R
32,0,-100,R
32,1,44,R
32,1,-100,R
32,1,16,R
33,0,72,R
33,0,16,R
33,0,16,R
33,0,16,R
33,0,-16,R
33,0,44,R
33,0,-16,R
33,0,-44,R
33,0,-72,R
33,1,100,R
33,1,16,R
33,0,-72,R
33,0,44,R
33,1,72,R
33,0,-72,R
33,0,16,R
33,1,16,R
33,0,-44,R
33,0,-100,R
33,1,44,R
33,1,-44,R
33,1,16,R
33,1,16,R
33,0,-100,R
33,1,16,R
33,1,72,R
33,1,100,R
33,0,-72,R
33,1,16,R
33,0,-16,R
33,1,100,R
33,0,-44,R
33,1,16,R
33,1,100,R
33,1,100,R
33,1,100,R
33,1,44,R
33,0,-100,R
33,0,16,R
33,0,-72,R
33,0,-16,R
33,0,-16,R
33,0,-72,R
33,1,-16,R
33,0,-100,R
33,1,16,R
33,0,-72,R
33,1,72,R
33,0,-72,R
33,1,44,R
33,1,44,R
33,1,16,R
33,1,100,R
33,0,-100,R
33,1,-44,R
33,0,-72,R
33,1,100,R
33,1,44,R
33,1,100,R
33,0,-72,R
33,1,16,R
33,1,-72,R
33,1,72,R
33,1,72,R
33,1,72,R
33,1,100,R
33,1,16,R
33,0,-100,R
33,0,-44,R
33,0,-100,R
33,0,-72,R
33,0,-100,R
33,0,72,R
33,0,-16,R
33,0,16,R
33,1,100,R
33,1,44,R
33,1,100,R
33,1,-44,R
33,1,100,R
33,0,-72,R
33,1,72,R
33,0,-16,R
33,1,100,R
33,0,44,R
33,0,-100,R
33,1,44,R
33,0,72,R
33,1,44,R
33,1,100,R
33,0,44,R
33,0,44,R
33,1,-72,R
33,1,44,R
33,0,44,R
33,1,-72,R
33,1,100,R
33,1,-44,R
33,0,-44,R
33,1,-44,R
33,1,72,R
33,0,-100,R
33,1,-100,R
33,0,-16,R
33,0,-72,R
33,1,72,R
33,1,-44,R
33,0,-44,R
33,0,44,R
33,0,-72,R
33,0,-16,R
33,1,-100,R
33,1,-72,R
33,0,-72,R
33,0,-100,R
33,1,72,R
33,0,100,R
33,1,72,R
33,0,-16,R
33,0,16,R
33,0,16,R
33,0,-72,R
33,1,100,R
33,0,44,R
33,1,100,R
33,0,-16,R
33,1,72,R
33,0,-16,R
33,1,100,R
33,0,16,R
33,0,16,R
33,1,44,R
33,1,-72,R
33,1,-72,R
33,1,100,R
33,0,44,R
33,0,-44,R
33,0,72,R
33,1,-44,R
33,1,44,R
33,0,72,R
33,1,44,R
33,1,72,R
33,0,100,R
33,1,16,R
33,0,-16,R
33,1,-72,R
33,0,-44,R
33,1,-16,R
33,1,72,R
33,1,100,R
33,0,-72,R
33,1,100,R
33,0,44,R
33,1,72,R
33,1,44,R
33,1,100,R
33,0,-100,R
33,0,-100,R
33,1,16,R
33,1,-16,R
33,0,-72,R
33,0,-100,R
33,0,-100,R
33,1,72,R
33,1,-16,R
33,0,-72,R
33,1,100,R
33,0,-72,R
33,1,44,R
33,0,-100,R
33,1,-44,R
33,0,-44,R
33,1,44,R
33,0,16,R
33,1,-44,R
33,0,16,R
33,0,-16,R
33,0,-72,R
33,1,44,R
33,1,100,R
33,1,-44,R
33,1,-72,R
33,1,100,R
33,0,-100,R
33,0,-72,R
33,1,-16,R
33,0,-44,R
33,0,72,R
33,1,-44,R
33,0,-44,R
33,1,-72,R
33,0,100,R
33,1,44,R
33,0,16,R
33,0,16,R
33,0,-16,R
33,1,-44,R
33,1,72,R
33,0,44,R
33,1,72,R
33,1,44,R
33,0,-72,R
33,1,100,R
33,0,72,R
33,1,16,R
33,0,-16,R
33,1,44,R
33,0,16,R
33,0,-72,R
33,0,16,R
33,1,72,R
33,0,-100,R
33,0,-72,R
33,0,-100,R
33,0,-72,R
33,0,-100,R
33,0,44,R
33,0,-72,R
33,1,-16,R
33,1,16,R
33,0,44,R
33,1,100,R
33,0,-100,R
33,1,44,R
33,0,44,R
33,1,16,R
33,1,-44,R
33,0,72,R
33,1,100,R
33,0,-44,R
33,1,-44,R
33,1,-72,R
33,1,100,R
33,1,72,R
33,0,16,R
33,1,-100,R
33,0,16,R
33,1,-100,R
33,0,-100,R
33,1,44,R
33,1,100,R
33,1,100,R
33,1,100,R
33,0,-72,R
33,0,-100,R
33,1,44,R
33,1,44,R
33,1,-16,R
33,0,72,R
33,1,72,R
33,0,16,R
33,1,-16,R
33,1,100,R
33,0,-72,R
33,1,44,R
33,1,100,R
33,0,-16,R
33,0,-44,R
33,1,100,R
33,0,16,R
33,0,-100,R
33,1,100,R
33,1,100,R
33,1,-16,R
33,0,-72,R
33,0,-16,R
33,1,-44,R
33,0,-72,R
33,0,-72,R
33,0,-72,R
33,1,44,R
33,0,-44,R
33,1,72,R
33,1,-16,R
33,1,100,R
33,1,16,R
33,0,16,R
33,0,-16,R
33,1,16,R
33,1,72,R
33,0,-44,R
33,1,16,R
33,0,-16,R
33,1,100,R
33,0,-44,R
33,1,72,R
33,1,-44,R
33,0,16,R
33,1,44,R
33,1,100,R
33,0,-16,R
33,1,100,R
33,0,-100,R
33,1,16,R
33,1,72,R
33,0,44,R
33,1,-44,R
33,0,-100,R
33,1,-100,R
33,0,16,R
33,1,72,R
33,1,-72,R
33,1,-16,R
33,0,100,R
33,0,-44,R
33,1,72,R
33,0,100,R
34,0,72,R
34,0,-44,R
34,1,100,R
34,0,44,R
34,0,-16,R
34,0,44,R
34,0,-100,R
34,0,16,R
34,1,100,R
34,1,-16,R
34,0,-16,R
34,0,16,R
34,1,-16,R
34,1,-44,R
34,0,16,R
34,0,-16,R
34,0,44,R
34,0,-16,R
34,0,16,R
34,0,72,R
34,1,100,R
34,1,100,R
34,1,16,R
34,0,-100,R
34,1,16,R
34,0,44,R
34,1,72,R
34,1,16,R
34,0,-16,R
34,1,-16,R
34,0,-72,R
34,0,-72,R
34,0,-100,R
34,0,44,R
34,0,44,R
34,0,-72,R
34,0,-100,R
34,1,44,R
34,0,-44,R
34,1,16,R
34,1,100,R
34,0,44,R
34,1,16,R
34,0,-44,R
34,1,72,R
34,1,16,R
34,0,44,R
34,1,100,R
34,0,-16,R
34,0,-100,R
34,0,-72,R
34,0,-44,R
34,0,100,R
34,1,-44,R
34,1,16,R
34,1,44,R
34,1,-44,R
34,1,44,R
34,0,-16,R
34,0,-44,R
34,0,-44,R
34,0,-16,R
34,1,16,R
34,1,16,R
34,0,-72,R
34,0,72,R
34,1,100,R
34,0,-72,R
34,1,72,R
34,1,44,R
34,1,72,R
34,0,-72,R
34,0,-44,R
34,1,-16,R
34,0,16,R
34,1,16,R
34,1,44,R
34,1,-16,R
34,0,-100,R
34,0,-100,R
34,0,-44,R
34,0,-72,R
34,0,-72,R
34,0,-100,R
34,0,-72,R
34,1,72,R
34,1,44,R
34,0,-16,R
34,1,100,R
34,0,-44,R
34,1,72,R
34,1,72,R
34,1,72,R
34,1,-16,R
34,1,100,R
34,0,-44,R
34,0,-100,R
34,1,72,R
34,1,72,R
34,1,100,R
34,0,-72,R
34,1,-72,R
34,0,-16,R
34,0,-16,R
34,1,72,R
34,0,-100,R
34,1,72,R
34,0,-72,R
34,1,72,R
34,0,-100,R
34,1,-100,R
34,0,-100,R
34,1,16,R
34,1,100,R
34,0,-72,R
34,1,16,R
34,1,-44,R
34,0,-44,R
34,1,72,R
34,0,-100,R
34,0,-44,R
34,1,16,R
34,0,-16,R
34,0,-100,R
34,0,72,R
34,1,100,R
34,0,16,R
34,0,-100,R
34,0,-44,R
34,0,-44,R
34,1,100,R
34,1,100,R
34,1,72,R
34,0,100,R
34,0,-100,R
34,1,44,R
34,1,72,R
34,1,72,R
34,0,-72,R
34,0,100,R
34,1,44,R
34,0,-72,R
34,1,100,R
34,1,100,R
34,0,-100,R
34,0,-100,R
34,0,-72,R
34,1,72,R
34,1,44,R
34,1,72,R
34,1,100,R
34,1,44,R
34,1,100,R
34,0,-44,R
34,0,-44,R
34,0,100,R
34,0,-100,R
34,1,100,R
34,0,-72,R
34,0,44,R
34,1,44,R
34,0,-44,R
34,1,-16,R
34,1,100,R
34,0,-100,R
34,1,44,R
34,1,100,R
34,0,16,R
34,1,72,R
34,1,-16,R
34,0,-72,R
34,1,72,R
34,0,16,R
34,0,-72,R
34,0,16,R
34,1,16,R
34,1,44,R
34,1,16,R
34,0,44,R
34,0,44,R
34,0,-100,R
34,0,-44,R
34,0,-100,R
34,0,-100,R
34,1,72,R
34,0,-16,R
34,0,-100,R
34,0,-100,R
34,0,16,R
34,1,72,R
34,0,44,R
34,1,-16,R
34,0,-72,R
34,1,100,R
34,0,-72,R
34,1,100,R
34,1,44,R
34,0,-16,R
34,0,-72,R
34,1,72,R
34,1,72,R
34,1,72,R
34,0,-100,R
34,1,100,R
34,0,-16,R
34,1,-72,R
34,0,-16,R
34,0,16,R
34,0,-72,R
34,0,-16,R
34,1,16,R
34,1,-16,R
34,1,44,R
34,1,100,R
34,1,100,R
34,1,44,R
34,0,-100,R
34,1,-16,R
34,0,-100,R
34,1,16,R
34,1,16,R
34,1,-44,R
34,1,-16,R
34,0,44,R
34,1,100,R
34,0,100,R
34,1,16,R
34,0,-16,R
34,1,72,R
34,1,100,R
34,0,-100,R
34,1,72,R
34,0,16,R
34,1,-72,R
34,0,-100,R
34,1,-44,R
34,0,-44,R
34,1,-16,R
34,1,-16,R
34,0,16,R
34,1,-44,R
34,0,-16,R
34,0,-72,R
34,0,-44,R
34,1,44,R
34,0,-72,R
34,1,-44,R
34,0,44,R
34,1,72,R
34,1,72,R
34,0,-16,R
34,0,-44,R
34,0,44,R
34,1,44,R
34,0,-100,R
34,0,44,R
34,1,72,R
34,0,-100,R
34,0,-44,R
34,1,72,R
34,0,-16,R
34,1,100,R
34,0,-72,R
34,0,16,R
34,1,-100,R
34,1,100,R
34,0,44,R
34,0,-72,R
34,0,-16,R
34,1,100,R
34,0,-72,R
34,1,-44,R
34,0,-72,R
34,0,44,R
34,1,44,R
34,1,-16,R
34,0,-44,R
34,0,-100,R
34,1,16,R
35,0,-72,R
35,0,72,R
35,0,16,R
35,0,16,R
35,0,16,R
35,0,-16,R
35,0,44,R
35,0,-16,R
35,0,-44,R
35,0,-72,R
35,1,100,R
35,1,16,R
35,0,-72,R
35,0,44,R
35,1,72,R
35,0,-72,R
35,0,16,R
35,1,16,R
35,0,-44,R
35,0,-100,R
35,1,44,R
35,1,-44,R
35,1,16,R
35,1,16,R
35,0,-100,R
35,1,16,R
35,1,72,R
35,1,100,R
35,0,-72,R
35,1,16,R
35,0,-16,R
35,1,100,R
35,0,-44,R
35,1,16,R
35,1,100,R
35,1,100,R
35,1,100,R
35,1,44,R
35,0,-100,R
35,0,16,R
35,0,-72,R
35,0,-16,R
35,0,-16,R
35,0,-72,R
35,1,-16,R
35,0,-100,R
35,1,16,R
35,0,-72,R
35,1,72,R
35,0,-72,R
35,1,44,R
35,1,44,R
35,1,16,R
35,1,100,R
35,0,-100,R
35,1,-44,R
35,0,-72,R
35,1,100,R
35,1,44,R
35,1,100,R
35,0,-72,R
35,1,16,R
35,1,-72,R
35,1,72,R
35,1,72,R
35,1,72,R
35,1,100,R
35,1,16,R
35,0,-100,R
35,0,-44,R
35,0,-100,R
35,0,-72,R
35,0,-100,R
35,0,72,R
35,0,-16,R
35,0,16,R
35,1,100,R
35,1,44,R
35,1,100,R
35,1,-44,R
35,1,100,R
35,0,-72,R
35,1,72,R
35,0,-16,R
35,1,100,R
35,0,44,R
35,0,-100,R
35,1,44,R
35,0,72,R
35,1,44,R
35,1,100,R
35,0,44,R
35,0,44,R
35,1,-72,R
35,1,44,R
35,0,44,R
35,1,-72,R
35,1,100,R
35,1,-44,R
35,0,-44,R
35,1,-44,R
35,1,72,R
35,0,-100,R
35,1,-100,R
35,0,-16,R
35,0,-72,R
35,1,72,R
35,1,-44,R
35,0,-44,R
35,0,44,R
35,0,-72,R
35,0,-16,R
35,1,-100,R
35,1,-72,R
35,0,-72,R
35,0,-100,R
35,1,72,R
35,0,100,R
35,1,72,R
35,0,-16,R
35,0,16,R
35,0,16,R
35,0,-72,R
35,1,100,R
35,0,44,R
35,1,100,R
35,0,-16,R
35,1,72,R
35,0,-16,R
35,1,100,R
35,0,16,R
35,0,16,R
35,1,44,R
35,1,-72,R
35,1,-72,R
35,1,100,R
35,0,44,R
35,0,-44,R
35,0,72,R
35,1,-44,R
35,1,44,R
35,0,72,R
35,1,44,R
35,1,72,R
35,0,100,R
35,1,16,R
35,0,-16,R
35,1,-72,R
35,0,-44,R
35,1,-16,R
35,1,72,R
35,1,100,R
35,0,-72,R
35,1,100,R
35,0,44,R
35,1,72,R
35,1,44,R
35,1,100,R
35,0,-100,R
35,0,-100,R
35,1,16,R
35,1,-16,R
35,0,-72,R
35,0,-100,R
35,0,-100,R
35,1,72,R
35,1,-16,R
35,0,-72,R
35,1,100,R
35,0,-72,R
35,1,44,R
35,0,-100,R
35,1,-44,R
35,0,-44,R
35,1,44,R
35,0,16,R
35,1,-44,R
35,0,16,R
35,0,-16,R
35,0,-72,R
35,1,44,R
35,1,100,R
35,1,-44,R
35,1,-72,R
35,1,100,R
35,0,-100,R
35,0,-72,R
35,1,-16,R
35,0,-44,R
35,0,72,R
35,1,-44,R
35,0,-44,R
35,1,-72,R
35,0,100,R
35,1,44,R
35,0,16,R
35,0,16,R
35,0,-16,R
35,1,-44,R
35,1,72,R
35,0,44,R
35,1,72,R
35,1,44,R
35,0,-72,R
35,1,100,R
35,0,72,R
35,1,16,R
35,0,-16,R
35,1,44,R
35,0,16,R
35,0,-72,R
35,0,16,R
35,1,72,R
35,0,-100,R
35,0,-72,R
35,0,-100,R
35,0,-72,R
35,0,-100,R
35,0,44,R
35,0,-72,R
35,1,-16,R
35,1,16,R
35,0,44,R
35,1,100,R
35,0,-100,R
35,1,44,R
35,0,44,R
35,1,16,R
35,1,-44,R
35,0,72,R
35,1,100,R
35,0,-44,R
35,1,-44,R
35,1,-72,R
35,1,100,R
35,1,72,R
35,0,16,R
35,1,-100,R
35,0,16,R
35,1,-100,R
35,0,-100,R
35,1,44,R
35,1,100,R
35,1,100,R
35,1,100,R
35,0,-72,R
35,0,-100,R
35,1,44,R
35,1,44,R
35,1,-16,R
35,0,72,R
35,1,72,R
35,0,16,R
35,1,-16,R
35,1,100,R
35,0,-72,R
35,1,44,R
35,1,100,R
35,0,-16,R
35,0,-44,R
35,1,100,R
35,0,16,R
35,0,-100,R
35,1,100,R
35,1,100,R
35,1,-16,R
35,0,-72,R
35,0,-16,R
35,1,-44,R
35,0,-72,R
35,0,-72,R
35,0,-72,R
35,1,44,R
35,0,-44,R
35,1,72,R
35,1,-16,R
35,1,100,R
35,1,16,R
35,0,16,R
35,0,-16,R
35,1,16,R
35,1,72,R
35,0,-44,R
35,1,16,R
35,0,-16,R
35,1,100,R
35,0,-44,R
35,1,72,R
35,1,-44,R
35,0,16,R
35,1,44,R
35,1,100,R
35,0,-16,R
35,1,100,R
35,0,-100,R
35,1,16,R
35,1,72,R
35,0,44,R
35,1,-44,R
35,0,-100,R
35,1,-100,R
35,0,16,R
35,1,72,R
35,1,-72,R
35,1,-16,R
35,0,100,R
35,0,-44,R
35,1,72,R
35,0,100,R
1,1,72,S
1,0,-100,S
1,0,-100,S
1,0,-72,S
1,1,16,S
1,0,-72,S
1,1,-44,S
1,0,-16,S
1,1,44,S
1,1,44,S
1,0,-44,S
1,1,100,S
1,1,44,S
1,0,-100,S
1,1,44,S
1,1,16,S
1,1,16,S
1,1,44,S
1,1,16,S
1,1,16,S
1,1,-16,S
1,1,-16,S
1,0,-72,S
1,1,72,S
1,1,44,S
1,1,72,S
1,0,-44,S
1,1,16,S
1,0,-72,S
1,1,44,S
1,1,72,S
1,0,-44,S
1,1,100,S
1,1,-44,S
1,0,-16,S
1,1,-16,S
1,1,44,S
1,0,-72,S
1,0,-44,S
1,0,-16,S
1,1,100,S
1,0,-72,S
1,1,16,S
1,1,-44,S
1,1,16,S
1,1,72,S
1,1,16,S
1,0,-72,S
1,1,44,S
1,1,72,S
1,0,-72,S
1,1,16,S
1,1,-16,S
1,1,44,S
1,1,72,S
1,1,-44,S
1,1,72,S
1,1,-16,S
1,1,72,S
1,1,-16,S
1,1,-16,S
1,1,-16,S
1,0,-72,S
1,1,16,S
1,1,100,S
1,1,-44,S
1,1,44,S
1,1,72,S
1,1,-44,S
1,1,72,S
1,1,72,S
1,1,-100,S
1,1,100,S
1,1,16,S
1,1,16,S
1,1,16,S
1,1,72,S
1,0,-16,S
1,0,-72,S
1,0,-72,S
1,0,-16,S
1,1,16,S
1,0,-44,S
1,1,44,S
1,0,-72,S
1,0,-100,S
1,0,-16,S
1,0,-16,S
1,1,44,S
1,1,100,S
1,0,-100,S
1,0,-100,S
1,1,44,S
1,1,100,S
1,1,44,S
1,0,-100,S
1,1,100,S
1,1,72,S
1,1,16,S
1,1,44,S
1,0,-44,S
1,1,44,S
1,0,-44,S
1,1,-16,S
1,1,16,S
1,1,44,S
1,0,-44,S
1,1,16,S
1,1,16,S
1,1,16,S
1,0,16,S
1,0,-100,S
1,0,100,S
1,1,72,S
1,0,-72,S
1,1,44,S
1,1,72,S
1,0,-16,S
1,1,16,S
1,1,44,S
1,0,-44,S
1,1,16,S
1,1,100,S
1,1,100,S
1,0,-72,S
1,0,-100,S
1,0,-44,S
1,1,16,S
1,1,72,S
1,1,44,S
1,1,-16,S
1,1,100,S
1,1,72,S
1,1,16,S
1,1,44,S
1,1,44,S
1,0,-100,S
1,0,-44,S
1,1,100,S
1,1,44,S
1,0,-100,S
1,1,16,S
1,1,44,S
1,0,-100,S
1,1,100,S
1,1,100,S
1,0,-100,S
1,1,100,S
1,1,16,S
1,0,-72,S
1,1,72,S
1,1,44,S
1,0,16,S
1,0,-16,S
1,1,100,S
1,0,-100,S
1,1,16,S
1,0,-100,S
1,1,100,S
1,1,72,S
1,1,100,S
1,0,-100,S
1,1,16,S
1,1,100,S
1,0,-72,S
1,1,44,S
1,1,100,S
1,1,72,S
1,0,-100,S
1,1,72,S
1,0,-16,S
1,1,-16,S
1,1,72,S
1,0,-44,S
1,1,100,S
1,1,44,S
1,0,-72,S
1,1,100,S
1,0,-16,S
1,1,16,S
1,0,-72,S
1,0,-100,S
1,0,-100,S
1,0,-72,S
1,1,-16,S
1,1,16,S
1,1,16,S
1,1,44,S
1,0,-72,S
1,0,-44,S
1,0,-72,S
1,1,44,S
1,1,72,S
1,1,100,S
1,0,-72,S
1,0,-44,S
1,1,-44,S
1,0,-44,S
1,1,44,S
1,1,100,S
1,1,-44,S
1,1,44,S
1,0,-100,S
1,0,-44,S
1,1,16,S
1,0,-44,S
1,1,100,S
1,1,100,S
1,0,-44,S
1,0,-44,S
1,0,-100,S
1,1,44,S
1,1,72,S
1,0,-72,S
1,0,-16,S
1,0,-100,S
1,1,72,S
1,0,44,S
1,1,44,S
1,0,-16,S
1,1,72,S
1,1,100,S
1,0,-44,S
1,1,100,S
1,1,44,S
1,0,-44,S
1,0,-72,S
1,1,-16,S
1,1,100,S
1,0,-16,S
1,1,44,S
1,0,-72,S
1,0,16,S
1,0,-100,S
1,1,-16,S
1,1,16,S
1,1,44,S
1,1,100,S
1,0,-72,S
1,1,100,S
1,1,44,S
1,1,72,S
1,1,44,S
1,1,16,S
1,1,72,S
1,1,100,S
1,0,-16,S
1,1,100,S
1,0,-44,S
1,1,16,S
1,0,-44,S
1,1,100,S
1,0,-16,S
1,1,44,S
1,0,-100,S
1,1,72,S
1,1,44,S
1,1,16,S
1,0,-16,S
1,0,-44,S
1,1,16,S
1,0,-100,S
1,0,-44,S
1,0,-72,S
1,0,-72,S
1,0,-16,S
1,0,-44,S
1,0,-72,S
1,1,100,S
1,1,72,S
1,0,-100,S
1,1,16,S
1,1,44,S
1,0,-72,S
1,0,-72,S
1,1,-16,S
1,1,-16,S
1,1,44,S
1,0,-16,S
1,1,44,S
1,0,-100,S
1,1,100,S
1,1,100,S
1,1,100,S
1,1,72,S
1,0,-16,S
1,1,44,S
1,0,-100,S
1,1,16,S
1,1,100,S
1,0,-72,S
1,0,-16,S
1,0,-100,S
1,1,100,S
1,0,-44,S
2,1,-16,S
2,1,72,S
2,1,-44,S
2,1,100,S
2,1,100,S
2,1,44,S
2,0,-72,S
2,1,16,S
2,0,-72,S
2,0,-44,S
2,1,16,S
2,1,100,S
2,1,100,S
2,0,-72,S
2,1,100,S
2,1,16,S
2,0,-44,S
2,1,16,S
2,0,-100,S
2,0,-100,S
2,0,-100,S
2,0,-44,S
2,1,100,S
2,1,16,S
2,0,-72,S
2,1,16,S
2,0,-100,S
2,1,72,S
2,0,-16,S
2,0,-16,S
2,1,100,S
2,1,16,S
2,1,100,S
2,1,72,S
2,1,16,S
2,1,100,S
2,1,44,S
2,0,-16,S
2,0,-16,S
2,0,-100,S
2,1,16,S
2,1,72,S
2,1,16,S
2,0,-16,S
2,0,-72,S
2,0,-44,S
2,0,-72,S
2,1,100,S
2,0,-100,S
2,1,100,S
2,1,16,S
2,1,100,S
2,0,-44,S
2,0,-72,S
2,1,44,S
2,0,-72,S
2,0,-72,S
2,1,44,S
2,1,100,S
2,1,16,S
2,0,-44,S
2,0,-72,S
2,1,100,S
2,1,72,S
2,0,-100,S
2,1,100,S
2,0,-16,S
2,0,-72,S
2,1,100,S
2,0,-44,S
2,1,100,S
2,0,-100,S
2,0,16,S
2,1,72,S
2,0,-16,S
2,1,44,S
2,1,44,S
2,1,72,S
2,1,72,S
2,1,16,S
2,1,44,S
2,0,-72,S
2,0,-16,S
2,1,100,S
2,0,-44,S
2,0,-72,S
2,0,-100,S
2,0,-16,S
2,1,16,S
2,1,44,S
2,1,16,S
2,1,44,S
2,1,100,S
2,1,44,S
2,0,-16,S
2,1,72,S
2,1,72,S
2,1,16,S
2,1,72,S
2,1,100,S
2,1,16,S
2,1,44,S
2,0,-72,S
2,1,16,S
2,1,100,S
2,1,16,S
2,0,-72,S
2,1,72,S
2,1,72,S
2,0,-44,S
2,1,44,S
2,0,-16,S
2,1,72,S
2,1,72,S
2,1,100,S
2,1,44,S
2,0,16,S
2,0,-72,S
2,0,-16,S
2,0,-100,S
2,1,16,S
2,1,44,S
2,1,44,S
2,1,100,S
2,1,100,S
2,0,-16,S
2,1,72,S
2,0,-44,S
2,1,16,S
2,0,-72,S
2,1,44,S
2,1,72,S
2,0,-44,S
2,1,100,S
2,1,44,S
2,1,100,S
2,0,16,S
2,1,-16,S
2,0,-100,S
2,0,-44,S
2,1,100,S
2,0,-100,S
2,0,-16,S
2,0,-16,S
2,0,-100,S
2,0,-72,S
2,0,-100,S
2,0,-72,S
2,0,-44,S
2,0,-100,S
2,0,-72,S
2,0,-44,S
2,1,44,S
2,1,72,S
2,1,16,S
2,0,-44,S
2,1,-44,S
2,1,16,S
2,0,-72,S
2,0,-100,S
2,1,100,S
2,1,72,S
2,1,44,S
2,0,-100,S
2,0,-72,S
2,1,100,S
2,1,100,S
2,1,-44,S
2,0,-72,S
2,1,44,S
2,1,16,S
2,1,44,S
2,0,-100,S
2,0,-16,S
2,1,72,S
2,0,-100,S
2,1,16,S
2,0,-16,S
2,1,72,S
2,0,16,S
2,1,72,S
2,0,-44,S
2,0,-72,S
2,1,16,S
2,1,72,S
2,1,72,S
2,0,-72,S
2,1,44,S
2,1,16,S
2,1,72,S
2,1,44,S
2,0,-16,S
2,1,-16,S
2,0,-100,S
2,1,100,S
2,1,100,S
2,1,100,S
2,1,16,S
2,0,-72,S
2,1,72,S
2,1,44,S
2,0,-100,S
2,1,44,S
2,1,16,S
2,1,-16,S
2,0,-100,S
2,1,100,S
2,0,16,S
2,1,72,S
2,0,-100,S
2,1,-16,S
2,0,-100,S
2,1,16,S
2,0,-100,S
2,0,-72,S
2,0,-72,S
2,1,-16,S
2,1,-16,S
2,1,16,S
2,0,-72,S
2,0,-100,S
2,1,72,S
2,0,-16,S
2,0,-72,S
2,1,100,S
2,1,-16,S
2,0,-100,S
2,0,-16,S
2,1,72,S
2,1,16,S
2,1,44,S
2,0,-44,S
2,1,-16,S
2,1,16,S
2,1,72,S
2,0,-72,S
2,1,16,S
2,1,16,S
2,1,-16,S
2,0,-72,S
2,0,-100,S
2,0,-100,S
2,0,-44,S
2,1,44,S
2,0,16,S
2,0,-100,S
2,1,44,S
2,0,-72,S
2,1,-16,S
2,0,-100,S
2,1,44,S
2,1,44,S
2,0,-100,S
2,0,-72,S
2,1,72,S
2,0,-100,S
2,1,72,S
2,1,16,S
2,1,44,S
2,1,100,S
2,0,-72,S
2,0,-16,S
2,0,-16,S
2,0,-100,S
2,0,-16,S
2,1,100,S
2,1,-44,S
2,0,-44,S
2,0,-100,S
2,0,-72,S
2,1,100,S
2,0,-72,S
2,0,-16,S
2,1,72,S
2,1,72,S
2,0,-72,S
2,0,-16,S
2,0,-72,S
2,1,72,S
2,1,-16,S
2,1,100,S
2,1,72,S
2,1,44,S
2,0,-16,S
2,1,44,S
2,0,-16,S
2,0,-16,S
2,0,-72,S
2,0,-16,S
2,1,44,S
2,1,16,S
3,0,-16,S
3,0,-100,S
3,1,44,S
3,1,72,S
3,1,72,S
3,1,44,S
3,1,16,S
3,0,-44,S
3,0,16,S
3,0,-72,S
3,0,-72,S
3,0,-44,S
3,0,-72,S
3,0,-44,S
3,0,-72,S
3,1,16,S
3,0,-72,S
3,0,-16,S
3,1,-16,S
3,0,-44,S
3,0,-100,S
3,0,-44,S
3,1,100,S
3,0,-100,S
3,1,16,S
3,1,72,S
3,0,-100,S
3,0,-100,S
3,1,72,S
3,1,72,S
3,1,100,S
3,0,-72,S
3,1,72,S
3,1,100,S
3,1,-16,S
3,1,-44,S
3,0,-72,S
3,0,-72,S
3,1,16,S
3,1,72,S
3,0,-16,S
3,0,-16,S
3,0,-44,S
3,0,-100,S
3,1,72,S
3,0,-44,S
3,0,-100,S
3,1,100,S
3,0,-100,S
3,0,-44,S
3,0,-44,S
3,1,44,S
3,1,44,S
3,1,44,S
3,1,72,S
3,0,-100,S
3,1,16,S
3,1,100,S
3,1,16,S
3,1,72,S
3,0,-72,S
3,1,44,S
3,1,44,S
3,1,100,S
3,0,-100,S
3,1,72,S
3,1,44,S
3,0,-72,S
3,1,72,S
3,1,72,S
3,0,-16,S
3,1,44,S
3,1,72,S
3,1,100,S
3,0,-100,S
3,0,-16,S
3,0,-44,S
3,1,44,S
3,0,-72,S
3,1,72,S
3,0,-72,S
3,0,-100,S
3,1,100,S
3,1,16,S
3,0,-100,S
3,0,-44,S
3,1,44,S
3,0,-100,S
3,1,72,S
3,0,-44,S
3,1,44,S
3,0,-100,S
3,1,16,S
3,1,44,S
3,0,-16,S
3,1,44,S
3,0,-16,S
3,1,44,S
3,0,-72,S
3,1,44,S
3,0,-16,S
3,0,-16,S
3,1,16,S
3,1,44,S
3,0,-44,S
3,0,-100,S
3,0,-72,S
3,0,-44,S
3,1,100,S
3,1,72,S
3,0,-72,S
3,0,-100,S
3,1,16,S
3,1,-16,S
3,0,-72,S
3,1,16,S
3,0,-100,S
3,0,16,S
3,1,100,S
3,0,-44,S
3,0,-44,S
3,1,72,S
3,1,72,S
3,1,72,S
3,1,72,S
3,1,16,S
3,0,-44,S
3,1,16,S
3,0,-44,S
3,1,72,S
3,0,-16,S
3,1,72,S
3,1,100,S
3,0,-100,S
3,0,-44,S
3,1,16,S
3,0,-100,S
3,1,100,S
3,1,100,S
3,0,-100,S
3,0,-100,S
3,1,44,S
3,1,16,S
3,1,16,S
3,0,-72,S
3,0,-16,S
3,1,100,S
3,0,-44,S
3,1,-16,S
3,1,16,S
3,1,100,S
3,0,-72,S
3,0,-44,S
3,1,44,S
3,0,-72,S
3,1,44,S
3,1,16,S
3,1,100,S
3,0,-16,S
3,0,-44,S
3,1,100,S
3,1,72,S
3,1,72,S
3,0,-16,S
3,1,100,S
3,0,-16,S
2,1,-16,S
2,1,-16,S
2,1,16,S
2,0,-72,S
2,0,-100,S
2,1,72,S
2,0,-16,S
2,0,-72,S
2,1,100,S
2,1,-16,S
2,0,-100,S
2,0,-16,S
2,1,72,S
2,1,16,S
2,1,44,S
2,0,-44,S
2,1,-16,S
2,1,16,S
2,1,72,S
2,0,-72,S
2,1,16,S
2,1,16,S
2,1,-16,S
2,0,-72,S
2,0,-100,S
2,0,-100,S
2,0,-44,S
2,1,44,S
2,0,16,S
2,0,-100,S
2,1,44,S
2,0,-72,S
2,1,-16,S
2,0,-100,S
2,1,44,S
2,1,44,S
2,0,-100,S
2,0,-72,S
2,1,72,S
2,0,-100,S
2,1,72,S
2,1,16,S
2,1,44,S
2,1,100,S
2,0,-72,S
2,0,-16,S
2,0,-16,S
2,0,-100,S
2,0,-16,S
2,1,100,S
2,1,-44,S
2,0,-44,S
2,0,-100,S
2,0,-72,S
2,1,100,S
2,0,-72,S
2,0,-16,S
2,1,72,S
2,1,72,S
2,0,-72,S
2,0,-16,S
2,0,-72,S
2,1,72,S
2,1,-16,S
2,1,100,S
2,1,72,S
2,1,44,S
2,0,-16,S
2,1,44,S
2,0,-16,S
2,0,-16,S
2,0,-72,S
2,0,-16,S
2,1,44,S
2,1,16,S
4,1,72,S
4,0,-100,S
4,1,16,S
4,1,100,S
4,1,16,S
4,0,-16,S
4,1,72,S
4,1,72,S
4,1,44,S
4,0,-44,S
4,1,100,S
4,0,-16,S
4,0,-16,S
4,0,-72,S
4,1,44,S
4,1,16,S
4,0,-72,S
4,0,-16,S
4,1,16,S
4,1,16,S
4,0,-44,S
4,0,-72,S
4,1,72,S
4,1,72,S
4,0,-44,S
4,0,-44,S
4,0,-72,S
4,1,100,S
4,1,100,S
4,0,44,S
4,1,100,S
4,1,44,S
4,0,-100,S
4,1,72,S
4,1,44,S
4,1,44,S
4,1,72,S
4,1,44,S
4,0,-44,S
4,0,-16,S
4,1,72,S
4,1,100,S
4,0,-44,S
4,1,16,S
4,0,44,S
4,1,-44,S
4,1,16,S
4,0,-100,S
4,0,-44,S
4,1,100,S
4,1,16,S
4,0,44,S
4,0,72,S
4,1,16,S
4,0,-44,S
4,1,100,S
4,0,-100,S
4,1,72,S
4,0,-44,S
4,0,-72,S
4,0,-72,S
4,1,16,S
4,1,72,S
4,1,-16,S
4,1,16,S
4,0,-44,S
4,0,-16,S
4,1,44,S
4,1,44,S
4,0,-16,S
4,1,72,S
4,0,-72,S
4,0,72,S
4,0,-100,S
4,0,-16,S
4,0,-72,S
4,1,72,S
4,1,100,S
4,0,-16,S
4,1,44,S
4,0,-100,S
4,0,-44,S
4,1,100,S
4,0,16,S
4,0,-16,S
4,0,-44,S
4,1,44,S
4,1,-16,S
4,0,-72,S
4,1,100,S
4,1,100,S
4,1,44,S
4,0,-44,S
4,1,72,S
4,0,-100,S
4,1,100,S
4,1,100,S
4,0,-16,S
4,0,16,S
4,0,16,S
4,0,-72,S
4,1,16,S
4,1,72,S
4,1,44,S
4,1,16,S
4,0,-100,S
4,1,16,S
4,0,-16,S
4,1,100,S
4,0,72,S
4,1,100,S
4,1,44,S
4,1,72,S
4,0,-44,S
4,0,-72,S
4,0,-44,S
4,0,16,S
4,0,-44,S
4,1,72,S
4,1,-16,S
4,1,44,S
4,0,-72,S
4,1,72,S
4,0,72,S
4,1,72,S
4,0,-72,S
4,1,44,S
4,0,-44,S
4,0,-16,S
4,1,100,S
4,0,-72,S
4,1,44,S
4,0,-44,S
4,1,44,S
4,0,-72,S
4,1,-16,S
4,0,-100,S
4,0,-44,S
4,0,-72,S
4,1,44,S
4,0,-72,S
4,0,-72,S
4,1,16,S
4,1,16,S
4,0,44,S
4,0,-72,S
4,0,-72,S
4,0,-100,S
4,1,100,S
4,1,44,S
4,1,100,S
4,1,100,S
4,0,-72,S
4,1,100,S
4,1,44,S
4,1,72,S
4,0,-72,S
4,0,-100,S
4,1,72,S
4,1,72,S
4,1,72,S
4,0,-44,S
4,0,-16,S
4,0,-72,S
4,0,-44,S
4,1,44,S
4,1,72,S
4,0,-100,S
4,0,-72,S
4,1,44,S
4,1,72,S
4,1,16,S
4,1,100,S
4,0,44,S
4,0,-44,S
4,1,44,S
4,0,-72,S
4,0,-44,S
4,1,16,S
4,0,16,S
4,1,16,S
4,1,44,S
4,0,-16,S
4,0,-72,S
4,1,72,S
4,1,-16,S
4,0,72,S
4,1,100,S
4,0,-16,S
4,0,-44,S
4,1,72,S
4,1,100,S
4,0,-100,S
4,0,-44,S
4,1,16,S
4,1,16,S
4,1,72,S
4,0,-72,S
4,0,-16,S
4,0,-16,S
4,1,72,S
4,0,-44,S
4,1,44,S
4,1,100,S
4,1,-16,S
4,1,-16,S
4,1,44,S
4,0,-44,S
4,0,-72,S
4,0,16,S
4,0,72,S
4,0,-44,S
4,0,-72,S
4,1,100,S
4,0,-100,S
4,0,-100,S
4,1,16,S
4,1,16,S
4,1,16,S
4,0,16,S
4,1,100,S
4,1,72,S
4,0,-72,S
4,0,-44,S
4,1,100,S
4,0,-72,S
4,0,-72,S
4,0,72,S
4,0,-100,S
4,0,-100,S
4,0,16,S
4,0,-16,S
4,0,-44,S
4,0,-44,S
4,0,-44,S
4,0,-16,S
4,0,-72,S
4,1,-16,S
4,0,-72,S
4,1,-16,S
4,0,-100,S
4,1,72,S
4,0,-100,S
4,0,-100,S
4,0,-16,S
4,0,-44,S
4,1,100,S
4,0,-16,S
4,0,-72,S
4,1,72,S
4,0,-44,S
4,1,44,S
4,1,100,S
4,1,-44,S
4,1,-44,S
4,0,-16,S
4,0,-72,S
4,1,44,S
4,0,-44,S
4,0,-44,S
4,1,72,S
4,0,-100,S
4,0,-100,S
4,1,72,S
4,1,100,S
4,1,72,S
4,1,100,S
4,0,-44,S
4,1,44,S
4,1,100,S
4,1,-16,S
4,0,-100,S
4,0,-72,S
4,1,72,S
4,1,44,S
4,1,-44,S
4,0,-100,S
4,0,-16,S
4,0,-44,S
4,0,-72,S
4,0,72,S
4,1,44,S
4,1,44,S
4,0,-72,S
4,0,-44,S
4,0,-100,S
4,0,16,S
4,0,-16,S
4,1,16,S
4,0,-100,S
4,1,100,S
4,1,44,S
4,0,44,S
4,0,-72,S
4,1,44,S
4,0,-100,S
4,0,-44,S
4,0,-44,S
4,0,-72,S
4,0,100,S
4,1,100,S
4,1,-44,S
4,0,-72,S
4,0,-72,S
4,1,16,S
4,1,72,S
4,0,-72,S
4,1,44,S
4,0,-16,S
4,1,44,S
4,1,44,S
4,1,100,S
5,1,72,S
5,1,72,S
5,0,16,S
5,1,16,S
5,0,-72,S
5,0,-16,S
5,0,-72,S
5,1,72,S
5,0,-72,S
5,1,44,S
5,0,-44,S
5,0,-100,S
5,0,-100,S
5,1,44,S
5,1,44,S
5,0,-72,S
5,0,-72,S
5,0,-100,S
5,1,44,S
5,0,-72,S
5,0,-16,S
5,1,44,S
5,0,-72,S
5,0,-44,S
5,0,-72,S
5,0,-16,S
5,1,16,S
5,0,-100,S
5,1,100,S
5,1,72,S
5,1,16,S
5,1,-16,S
5,0,-100,S
5,0,-72,S
5,1,44,S
5,1,16,S
5,0,16,S
5,0,-44,S
5,1,16,S
5,0,-44,S
5,1,100,S
5,0,-100,S
5,1,100,S
5,1,16,S
5,0,-44,S
5,1,44,S
5,1,72,S
5,1,16,S
5,0,-100,S
5,0,-100,S
5,0,-72,S
5,0,-44,S
5,1,16,S
5,1,72,S
5,1,100,S
5,0,-16,S
5,1,-16,S
5,1,72,S
5,1,44,S
5,1,16,S
5,1,72,S
5,0,-100,S
5,0,-100,S
5,1,16,S
5,0,-16,S
5,1,16,S
5,1,72,S
5,0,16,S
5,0,-72,S
5,1,100,S
5,1,44,S
5,1,100,S
5,0,-100,S
5,0,-16,S
5,0,-16,S
5,0,-16,S
5,0,-44,S
5,0,-16,S
5,1,100,S
5,1,72,S
5,0,-16,S
5,0,16,S
5,1,44,S
5,1,72,S
5,1,72,S
5,0,-44,S
5,1,72,S
5,1,16,S
5,1,72,S
5,1,72,S
5,1,16,S
5,0,-44,S
5,0,-44,S
5,1,72,S
5,1,100,S
5,0,-100,S
5,1,44,S
5,0,-100,S
5,0,16,S
5,0,-16,S
5,1,100,S
5,1,72,S
5,1,16,S
5,1,44,S
5,1,72,S
5,1,16,S
5,0,-72,S
5,0,-16,S
5,0,16,S
5,0,-72,S
5,0,-44,S
5,1,100,S
5,1,100,S
5,0,-100,S
5,1,44,S
5,0,-44,S
5,0,-72,S
5,1,72,S
5,1,72,S
5,1,100,S
5,0,-16,S
5,1,72,S
5,1,100,S
5,0,-16,S
5,0,-72,S
5,0,-16,S
5,0,-72,S
5,1,44,S
5,0,16,S
5,1,72,S
5,1,72,S
5,1,72,S
5,0,-44,S
5,1,100,S
5,0,-72,S
5,0,16,S
5,0,-100,S
5,0,-100,S
5,0,-44,S
5,1,44,S
5,0,16,S
5,0,-16,S
5,1,44,S
5,0,-72,S
5,0,-44,S
5,1,44,S
5,0,-44,S
5,0,16,S
5,0,-16,S
5,0,-44,S
5,0,-72,S
5,1,100,S
5,0,-16,S
5,0,-72,S
5,1,100,S
5,0,-100,S
5,0,44,S
5,0,-100,S
5,0,16,S
5,0,16,S
5,1,72,S
5,1,100,S
5,1,100,S
5,0,-44,S
5,1,100,S
5,0,-100,S
5,0,-44,S
5,1,44,S
5,1,100,S
5,1,16,S
5,1,72,S
5,1,100,S
5,1,16,S
5,0,-16,S
5,1,100,S
5,1,72,S
5,0,-100,S
5,1,44,S
5,0,-100,S
5,1,100,S
5,0,-16,S
5,0,16,S
5,1,100,S
5,0,-100,S
5,0,-72,S
5,0,-100,S
5,1,72,S
5,1,100,S
5,1,100,S
5,0,-72,S
5,0,-72,S
5,1,72,S
5,0,-16,S
5,0,-100,S
5,1,100,S
5,0,-44,S
5,1,100,S
5,0,-100,S
5,1,72,S
5,0,-100,S
5,0,-100,S
5,0,-72,S
5,1,100,S
5,0,-72,S
5,0,-100,S
5,1,72,S
5,0,-16,S
5,0,16,S
5,0,-44,S
5,0,16,S
5,0,-16,S
5,0,-100,S
5,0,44,S
5,1,72,S
5,0,-16,S
5,1,72,S
5,0,-72,S
5,0,-16,S
5,1,16,S
5,1,72,S
5,0,-72,S
5,1,100,S
5,1,100,S
5,0,-72,S
5,0,-100,S
5,0,-72,S
5,0,16,S
5,0,-100,S
5,1,100,S
5,1,100,S
5,1,100,S
5,1,44,S
5,0,-72,S
5,1,72,S
5,0,-44,S
5,1,100,S
5,1,16,S
5,0,-44,S
5,0,-100,S
5,0,-44,S
5,0,16,S
5,1,44,S
5,1,44,S
5,1,72,S
5,0,-44,S
5,0,-72,S
5,0,-16,S
5,0,-72,S
5,1,100,S
5,1,44,S
5,0,-16,S
5,1,16,S
5,0,-44,S
5,1,16,S
5,0,-16,S
5,1,100,S
5,1,100,S
5,0,-100,S
5,1,100,S
5,0,-72,S
5,0,-72,S
5,1,72,S
5,1,72,S
5,0,-100,S
5,1,72,S
5,0,-16,S
5,1,100,S
5,0,-16,S
5,0,-72,S
5,0,-16,S
5,1,44,S
5,0,-72,S
5,0,-100,S
5,1,72,S
5,0,-16,S
5,0,16,S
5,1,72,S
5,0,-16,S
5,0,-16,S
5,0,-16,S
5,0,-16,S
5,0,-16,S
5,1,44,S
5,0,44,S
5,0,-16,S
5,0,16,S
5,0,-72,S
5,1,100,S
5,0,16,S
5,1,100,S
5,0,-100,S
5,1,72,S
5,0,-100,S
5,1,44,S
5,1,72,S
5,0,-44,S
5,1,44,S
5,1,72,S
5,1,72,S
5,1,44,S
6,0,-100,S
6,1,72,S
6,0,-16,S
6,0,-44,S
6,0,-72,S
6,1,44,S
6,1,44,S
6,0,-44,S
6,0,-44,S
6,1,100,S
6,0,-72,S
6,0,-100,S
6,1,44,S
6,0,-16,S
6,0,-44,S
6,0,-100,S
6,1,72,S
6,0,-72,S
6,0,-100,S
6,1,72,S
6,1,100,S
6,1,44,S
6,1,16,S
6,1,44,S
6,1,16,S
6,0,-72,S
6,0,-100,S
6,0,-72,S
6,1,-16,S
6,0,-72,S
6,1,16,S
6,1,100,S
6,1,-16,S
6,1,16,S
6,0,-16,S
6,0,-100,S
6,1,-16,S
6,0,-100,S
6,0,-100,S
6,1,44,S
6,0,-100,S
6,1,44,S
6,1,16,S
6,1,16,S
6,0,-16,S
6,1,44,S
6,1,44,S
6,0,-72,S
6,1,100,S
6,1,-16,S
6,0,16,S
6,1,44,S
6,0,-44,S
6,1,72,S
6,1,72,S
6,1,72,S
6,0,-44,S
6,0,-16,S
6,0,-44,S
6,1,72,S
6,1,44,S
6,0,-16,S
6,1,72,S
6,1,100,S
6,1,16,S
6,1,44,S
6,1,100,S
6,0,-44,S
6,1,-16,S
6,0,-72,S
6,1,100,S
6,0,-16,S
6,0,-16,S
6,1,100,S
6,1,44,S
6,1,72,S
6,0,16,S
6,0,-100,S
6,0,-44,S
6,1,16,S
6,0,16,S
6,0,-72,S
6,1,44,S
6,0,-72,S
6,1,16,S
6,1,44,S
6,0,-44,S
6,1,16,S
6,0,-44,S
6,1,72,S
6,0,-100,S
6,1,72,S
6,1,44,S
6,0,-44,S
6,1,72,S
6,0,-100,S
6,1,72,S
6,0,-16,S
6,1,100,S
6,0,-16,S
6,1,44,S
6,0,-44,S
6,1,100,S
6,0,-100,S
6,1,72,S
6,0,-72,S
6,0,-44,S
6,0,-100,S
6,1,72,S
6,1,100,S
6,1,72,S
6,1,72,S
6,0,-16,S
6,1,16,S
6,0,16,S
6,1,100,S
6,1,72,S
6,1,44,S
6,1,100,S
6,1,16,S
6,0,-44,S
6,1,100,S
6,1,72,S
6,0,-44,S
6,1,16,S
6,1,72,S
6,1,100,S
6,1,72,S
6,1,44,S
6,1,100,S
6,1,100,S
6,1,100,S
6,0,-44,S
6,0,-100,S
6,0,16,S
6,0,16,S
6,1,44,S
6,1,72,S
6,1,16,S
6,0,-44,S
6,0,-44,S
6,0,-44,S
6,1,44,S
6,0,-72,S
6,1,16,S
6,1,100,S
6,1,16,S
6,0,-72,S
6,0,-44,S
6,1,100,S
6,1,100,S
6,1,72,S
6,0,-44,S
6,1,100,S
6,0,-44,S
6,1,100,S
6,0,-44,S
6,1,100,S
6,0,-72,S
6,0,-72,S
6,0,-16,S
6,0,-16,S
6,1,100,S
6,0,-44,S
6,0,-72,S
6,0,-100,S
6,1,44,S
6,1,-16,S
6,1,72,S
6,1,44,S
6,1,16,S
6,1,100,S
6,1,100,S
6,0,-100,S
6,0,-100,S
6,0,-100,S
6,0,-44,S
6,1,16,S
6,0,-72,S
6,0,-72,S
6,1,16,S
6,0,-100,S
6,0,16,S
6,1,16,S
6,0,-44,S
6,1,72,S
6,0,-16,S
6,0,-72,S
6,1,100,S
6,0,-72,S
6,0,-100,S
6,0,-72,S
6,0,-72,S
6,1,100,S
6,1,44,S
6,1,72,S
6,0,-44,S
6,0,-100,S
6,1,44,S
6,0,-44,S
6,1,72,S
6,1,100,S
6,1,44,S
6,0,-16,S
6,1,16,S
6,0,-72,S
6,0,-72,S
6,0,-16,S
6,0,-72,S
6,0,-72,S
6,0,-100,S
6,0,-16,S
6,0,-100,S
6,0,-44,S
6,0,-16,S
6,1,44,S
6,1,44,S
6,1,44,S
6,0,-44,S
6,1,16,S
6,0,-100,S
6,0,-16,S
6,1,100,S
6,1,72,S
6,0,-16,S
6,1,44,S
6,0,-72,S
6,1,16,S
6,0,-72,S
6,1,100,S
6,1,44,S
6,1,72,S
6,1,100,S
6,0,-16,S
6,0,-44,S
6,1,16,S
6,1,100,S
6,1,100,S
6,1,44,S
6,1,44,S
6,1,44,S
6,1,16,S
6,1,100,S
6,1,72,S
6,1,100,S
6,1,44,S
6,0,-100,S
6,0,-16,S
6,0,-16,S
6,0,-44,S
6,1,100,S
6,1,100,S
6,0,-44,S
6,1,100,S
6,1,72,S
6,0,-72,S
6,1,72,S
6,1,100,S
6,0,-100,S
6,0,-100,S
6,0,-100,S
6,0,-44,S
6,0,-72,S
6,1,44,S
6,1,16,S
6,0,-100,S
6,1,100,S
6,0,-100,S
6,0,-16,S
6,0,-44,S
6,1,44,S
6,0,-44,S
6,0,-44,S
6,1,72,S
6,1,16,S
6,1,72,S
6,1,-16,S
6,0,-72,S
6,1,44,S
6,1,44,S
6,0,-44,S
6,0,-44,S
6,0,-72,S
6,0,-16,S
6,1,44,S
6,1,100,S
6,0,-72,S
6,0,-44,S
6,0,-100,S
6,0,-44,S
6,0,-100,S
6,1,72,S
6,0,-44,S
6,0,-16,S
6,0,-16,S
6,0,-100,S
6,0,-16,S
6,0,-72,S
6,1,44,S
6,0,-16,S
6,1,44,S
6,0,-100,S
6,1,44,S
6,0,-100,S
6,1,72,S
6,0,-44,S
6,0,-100,S
6,0,-44,S
6,0,-72,S
6,1,44,S
6,0,-44,S
6,0,-44,S
7,0,100,S
7,0,-44,S
7,1,100,S
7,1,100,S
7,0,44,S
7,0,16,S
7,1,44,S
7,0,44,S
7,0,-72,S
7,1,44,S
7,1,44,S
7,1,72,S
7,0,-100,S
7,0,16,S
7,1,44,S
7,0,-16,S
7,1,100,S
7,0,-72,S
7,0,-16,S
7,0,-100,S
7,1,72,S
7,1,100,S
7,0,16,S
7,1,72,S
7,0,-72,S
7,0,-72,S
7,0,-44,S
7,0,16,S
7,0,-16,S
7,0,-100,S
7,0,-72,S
7,0,16,S
7,0,-100,S
7,0,-100,S
7,1,100,S
7,0,-16,S
7,0,-100,S
7,0,16,S
7,0,16,S
7,0,-16,S
7,1,16,S
7,1,100,S
7,1,100,S
7,0,-44,S
7,0,-100,S
7,0,-44,S
7,1,44,S
7,0,-44,S
7,0,16,S
7,0,-16,S
7,0,-72,S
7,0,44,S
7,0,-100,S
7,0,-72,S
7,0,-72,S
7,1,44,S
7,0,-72,S
7,0,-72,S
7,1,100,S
7,1,72,S
7,1,44,S
7,0,-100,S
7,0,-16,S
7,1,44,S
7,0,-72,S
7,0,16,S
7,1,72,S
7,1,100,S
7,0,-16,S
7,1,72,S
7,0,-72,S
7,1,-16,S
7,0,-16,S
7,0,-72,S
7,0,-16,S
7,0,-44,S
7,0,44,S
7,0,-72,S
7,0,-72,S
7,0,-72,S
7,1,44,S
7,1,44,S
7,0,-100,S
7,0,-44,S
7,0,44,S
7,0,16,S
7,1,72,S
7,0,-44,S
7,0,-44,S
7,1,72,S
7,0,-72,S
7,0,-44,S
7,1,72,S
7,1,100,S
7,0,16,S
7,1,100,S
7,0,-72,S
7,1,72,S
7,0,-72,S
7,0,-72,S
7,1,16,S
7,0,-100,S
7,0,-72,S
7,0,-100,S
7,1,100,S
7,0,-72,S
7,0,-16,S
7,0,-72,S
7,0,-44,S
7,0,-100,S
7,1,100,S
7,0,-100,S
7,0,16,S
7,0,-44,S
7,0,-72,S
7,0,-72,S
7,0,-16,S
7,0,-100,S
7,1,16,S
7,1,72,S
7,0,16,S
7,0,-16,S
7,0,-72,S
7,1,72,S
7,0,16,S
7,1,16,S
7,1,100,S
7,0,16,S
7,0,-100,S
7,0,-44,S
7,0,-16,S
7,0,-72,S
7,0,-72,S
7,1,16,S
7,1,16,S
7,0,-100,S
7,0,-44,S
7,0,-16,S
7,0,-16,S
7,0,-100,S
7,0,-16,S
7,0,-16,S
7,1,44,S
7,1,44,S
7,1,72,S
7,0,72,S
7,1,100,S
7,0,-72,S
7,0,-72,S
7,0,44,S
7,0,-16,S
7,0,-100,S
7,1,16,S
7,0,-16,S
7,0,44,S
7,0,44,S
7,1,-16,S
7,0,44,S
7,1,72,S
7,0,100,S
7,0,-100,S
7,1,72,S
7,1,100,S
7,1,44,S
7,1,16,S
7,1,44,S
7,1,100,S
7,0,-100,S
7,0,-16,S
7,1,16,S
7,1,44,S
7,1,44,S
7,0,-44,S
7,1,100,S
7,0,-44,S
7,0,16,S
7,0,-44,S
7,0,-44,S
7,0,-72,S
7,1,16,S
7,0,-100,S
7,1,72,S
7,0,-16,S
7,0,-44,S
7,0,-100,S
7,0,-72,S
7,0,-44,S
7,1,16,S
7,1,44,S
7,1,44,S
7,0,44,S
7,0,-44,S
7,1,-16,S
7,0,-100,S
7,1,100,S
7,1,44,S
7,0,-72,S
7,0,-16,S
7,0,16,S
7,0,16,S
7,1,44,S
7,1,72,S
7,0,-72,S
7,0,-44,S
7,1,16,S
7,0,-44,S
7,0,-72,S
7,1,72,S
7,0,-16,S
7,0,-72,S
7,0,-72,S
7,0,-44,S
7,0,-16,S
7,0,-16,S
7,0,-44,S
7,1,44,S
7,1,16,S
7,1,16,S
7,1,44,S
7,1,100,S
7,0,16,S
7,0,-44,S
7,0,-16,S
7,0,-44,S
7,1,44,S
7,0,-44,S
7,0,-72,S
7,0,-72,S
7,0,-72,S
7,1,72,S
7,0,16,S
7,0,-100,S
7,0,-44,S
7,1,72,S
7,1,44,S
7,1,100,S
7,1,100,S
7,0,-72,S
7,0,-100,S
7,1,-16,S
7,1,44,S
7,1,100,S
7,0,-44,S
7,0,-44,S
7,1,100,S
7,1,-16,S
7,1,72,S
7,1,100,S
7,1,100,S
7,1,44,S
7,0,-44,S
7,0,-44,S
7,0,-72,S
7,0,-100,S
7,0,-100,S
7,0,-100,S
7,0,-16,S
7,0,-100,S
7,1,100,S
7,0,-44,S
7,0,-44,S
7,0,-72,S
7,0,-44,S
7,0,-72,S
7,1,44,S
7,0,-100,S
7,0,16,S
7,1,100,S
7,0,72,S
7,0,-72,S
7,1,16,S
7,0,-44,S
7,1,100,S
7,0,-100,S
7,1,-44,S
7,0,-44,S
7,1,-16,S
7,1,100,S
7,0,-72,S
7,0,-100,S
7,1,72,S
7,1,44,S
7,0,-100,S
7,1,44,S
7,0,-16,S
7,1,100,S
7,1,100,S
7,1,44,S
7,0,-100,S
7,0,-100,S
7,0,-44,S
7,1,100,S
8,1,44,S
8,0,-44,S
8,0,-100,S
8,0,-16,S
8,0,-100,S
8,1,72,S
8,1,44,S
8,1,72,S
8,0,-44,S
8,1,44,S
8,1,16,S
8,1,16,S
8,0,-16,S
8,0,-72,S
8,1,72,S
8,1,72,S
8,0,-72,S
8,1,16,S
8,0,16,S
8,1,16,S
8,0,-100,S
8,1,-72,S
8,1,100,S
8,1,16,S
8,0,-72,S
8,0,-100,S
8,0,-100,S
8,1,44,S
8,1,16,S
8,1,-100,S
8,1,100,S
8,1,72,S
8,1,-16,S
8,1,100,S
8,0,-100,S
8,1,72,S
8,1,16,S
8,0,-44,S
8,0,-44,S
8,1,-16,S
8,1,44,S
8,0,-72,S
8,1,100,S
8,0,-72,S
8,1,16,S
8,0,-72,S
8,1,-16,S
8,1,16,S
8,0,-44,S
8,1,16,S
8,0,-72,S
8,1,72,S
8,1,16,S
8,0,-44,S
8,1,16,S
8,0,-16,S
8,1,72,S
8,0,-16,S
8,1,-100,S
8,1,44,S
8,1,44,S
8,0,-72,S
8,0,-16,S
8,1,-16,S
8,0,16,S
8,0,-44,S
8,1,72,S
8,1,100,S
8,1,16,S
8,0,-44,S
8,0,-72,S
8,0,-100,S
8,0,16,S
8,1,72,S
8,0,-44,S
8,0,-100,S
8,0,-72,S
8,0,-44,S
8,0,16,S
8,1,16,S
8,0,16,S
8,0,44,S
8,0,-16,S
8,0,-100,S
8,0,16,S
8,0,-44,S
8,0,16,S
8,0,-100,S
8,0,-100,S
8,0,-72,S
8,0,16,S
8,1,44,S
8,1,72,S
8,0,-16,S
8,0,-16,S
8,0,-16,S
8,0,-44,S
8,1,100,S
8,1,16,S
8,0,44,S
8,0,-44,S
8,1,44,S
8,0,-72,S
8,0,-44,S
8,0,-72,S
8,0,-44,S
8,0,16,S
8,0,-100,S
8,1,100,S
8,1,-100,S
8,0,-72,S
8,1,16,S
8,0,-16,S
8,1,44,S
8,0,-16,S
8,1,72,S
8,0,-44,S
8,1,16,S
8,0,-44,S
8,1,44,S
8,1,72,S
8,0,-44,S
8,0,-72,S
8,0,-44,S
8,1,16,S
8,0,-100,S
8,1,16,S
8,0,-44,S
8,0,-100,S
8,0,-16,S
8,0,-16,S
8,1,100,S
8,0,16,S
8,1,-44,S
8,1,72,S
8,0,-44,S
8,0,-72,S
8,0,-16,S
8,0,-100,S
8,1,16,S
8,0,-16,S
8,0,-44,S
8,0,-44,S
8,1,44,S
8,0,-72,S
8,1,72,S
8,1,44,S
8,1,44,S
8,1,100,S
8,1,100,S
8,1,44,S
8,1,16,S
8,1,16,S
8,1,44,S
8,0,-44,S
8,0,16,S
8,1,-16,S
8,1,100,S
8,1,100,S
8,0,-72,S
8,1,100,S
8,0,-16,S
8,0,-44,S
8,1,44,S
8,0,-100,S
8,0,-44,S
8,1,-72,S
8,0,100,S
8,0,16,S
8,0,-72,S
8,0,-44,S
8,1,72,S
8,1,-16,S
8,0,-44,S
8,0,-16,S
8,1,72,S
8,0,-100,S
8,0,-100,S
8,1,100,S
8,1,44,S
8,0,-16,S
8,0,-100,S
8,0,16,S
8,1,72,S
8,1,16,S
8,1,-16,S
8,1,-16,S
8,1,-16,S
8,1,-16,S
8,0,100,S
8,0,-100,S
8,1,44,S
8,1,16,S
8,0,-72,S
8,1,44,S
8,1,44,S
8,1,100,S
8,0,-100,S
8,1,100,S
8,0,-72,S
8,1,16,S
8,1,100,S
8,0,-100,S
8,1,44,S
8,1,16,S
8,1,16,S
8,0,-44,S
8,1,72,S
8,1,-100,S
8,1,100,S
8,0,16,S
8,1,100,S
8,0,-44,S
8,0,-44,S
8,0,-100,S
8,1,-16,S
8,1,16,S
8,0,-16,S
8,1,16,S
8,0,-44,S
8,1,44,S
8,1,16,S
8,0,-72,S
8,0,44,S
8,0,-100,S
8,0,-16,S
8,1,44,S
8,0,-44,S
8,1,-16,S
8,0,-100,S
8,1,16,S
8,1,72,S
8,0,-72,S
8,1,-16,S
8,1,-16,S
8,0,-100,S
8,1,16,S
8,1,100,S
8,0,-16,S
8,0,-44,S
8,1,-16,S
8,1,-72,S
8,0,-44,S
8,1,100,S
8,1,16,S
8,0,-72,S
8,1,16,S
8,1,16,S
8,1,44,S
8,0,-72,S
8,1,100,S
8,1,72,S
8,0,-100,S
8,0,-44,S
8,1,16,S
8,1,72,S
8,1,44,S
8,1,44,S
8,1,100,S
8,1,72,S
8,1,-16,S
8,0,-100,S
8,0,-16,S
8,1,72,S
8,0,-44,S
8,0,-100,S
8,1,-16,S
8,1,-16,S
8,1,-16,S
8,0,-72,S
8,1,-16,S
8,1,16,S
8,1,16,S
8,1,72,S
8,1,100,S
8,1,100,S
8,1,72,S
8,1,16,S
8,0,-72,S
8,1,44,S
9,0,-100,S
9,1,72,S
9,0,-100,S
9,0,16,S
9,1,44,S
9,0,16,S
9,1,16,S
9,1,44,S
9,0,-100,S
9,1,44,S
9,1,16,S
9,1,44,S
9,0,-44,S
9,0,-72,S
9,0,16,S
9,0,-72,S
9,1,44,S
9,0,-72,S
9,0,-100,S
9,0,-44,S
9,1,72,S
9,0,-72,S
9,1,44,S
9,1,72,S
9,0,-16,S
9,1,100,S
9,1,100,S
9,0,-44,S
9,0,-72,S
9,0,-72,S
9,1,72,S
9,1,72,S
9,0,-72,S
9,0,-16,S
9,1,72,S
9,0,-16,S
9,0,-100,S
9,1,72,S
9,1,100,S
9,0,-100,S
9,0,-100,S
9,1,100,S
9,0,-44,S
9,0,-44,S
9,0,-72,S
9,1,100,S
9,0,-16,S
9,1,100,S
9,1,44,S
9,0,-44,S
9,0,16,S
9,1,44,S
9,0,-44,S
9,1,100,S
9,0,-72,S
9,0,-44,S
9,0,-72,S
9,0,-44,S
9,0,-72,S
9,0,-100,S
9,0,-16,S
9,0,16,S
9,0,-44,S
9,0,-72,S
9,1,16,S
9,0,-72,S
9,0,-100,S
9,0,-72,S
9,0,-44,S
9,0,-16,S
9,1,44,S
9,0,-44,S
9,1,72,S
9,1,72,S
9,0,-100,S
9,0,-100,S
9,0,-44,S
9,0,-72,S
9,0,-16,S
9,1,16,S
9,1,100,S
9,1,44,S
9,1,72,S
9,1,16,S
9,1,72,S
9,1,100,S
9,1,16,S
9,0,-100,S
9,1,44,S
9,1,16,S
9,0,-100,S
9,1,44,S
9,1,72,S
9,1,100,S
9,0,-100,S
9,1,100,S
9,1,100,S
9,1,16,S
9,1,-44,S
9,0,-100,S
9,1,44,S
9,1,72,S
9,0,-72,S
9,0,-100,S
9,0,16,S
9,0,-100,S
9,1,44,S
9,1,100,S
9,0,-44,S
9,0,-16,S
9,0,44,S
9,0,-44,S
9,1,16,S
9,1,72,S
9,1,72,S
9,1,72,S
9,0,-100,S
9,0,-44,S
9,0,-72,S
9,0,-44,S
9,1,72,S
9,1,44,S
9,1,72,S
9,1,100,S
9,0,-16,S
9,0,-44,S
9,0,-100,S
9,0,-44,S
9,0,-44,S
9,1,100,S
9,1,44,S
9,0,-72,S
9,0,-16,S
9,0,16,S
9,1,44,S
9,0,16,S
9,1,100,S
9,0,-72,S
9,0,-72,S
9,0,72,S
9,0,-16,S
9,0,-44,S
9,1,16,S
9,0,-16,S
9,1,100,S
9,0,-100,S
9,1,72,S
9,1,100,S
9,0,-72,S
9,1,16,S
9,1,16,S
9,0,-44,S
9,1,100,S
9,0,-16,S
9,0,16,S
9,0,-100,S
9,0,16,S
9,0,-100,S
9,0,16,S
9,0,-100,S
9,0,-72,S
9,0,16,S
9,0,-100,S
9,0,-44,S
9,0,16,S
9,1,-16,S
9,0,-16,S
9,0,-16,S
9,1,16,S
9,0,-16,S
9,0,-72,S
9,1,44,S
9,1,44,S
9,1,44,S
9,0,-16,S
9,1,-16,S
9,1,100,S
9,0,-16,S
9,0,-44,S
9,0,-72,S
9,0,-44,S
9,0,-100,S
9,1,44,S
9,0,-72,S
9,1,100,S
9,1,100,S
9,0,-100,S
9,0,-100,S
9,0,-72,S
9,0,16,S
9,0,-100,S
9,1,72,S
9,0,-72,S
9,1,72,S
9,1,44,S
9,1,100,S
9,1,100,S
9,1,16,S
9,1,72,S
9,1,-16,S
9,1,16,S
9,0,-72,S
9,0,-72,S
9,1,100,S
9,1,100,S
9,1,100,S
9,0,-44,S
9,0,-100,S
9,0,-16,S
9,1,100,S
9,0,-44,S
9,1,72,S
9,1,44,S
9,0,-44,S
9,0,-16,S
9,1,44,S
9,0,-16,S
9,0,-100,S
9,0,-44,S
9,0,-100,S
9,1,72,S
9,0,-44,S
9,0,-100,S
9,1,16,S
9,1,72,S
9,0,-72,S
9,0,-100,S
9,0,-100,S
9,1,72,S
9,1,100,S
9,1,44,S
9,0,-100,S
9,0,-100,S
9,1,16,S
9,0,-16,S
9,1,100,S
9,1,72,S
9,1,100,S
9,0,-72,S
9,1,100,S
9,1,16,S
9,1,72,S
9,1,72,S
9,1,100,S
9,1,72,S
9,0,-100,S
9,0,-16,S
9,1,16,S
9,1,100,S
9,0,-72,S
9,0,-44,S
9,1,16,S
9,1,72,S
9,1,72,S
9,1,100,S
9,1,16,S
9,1,-16,S
9,1,100,S
9,1,44,S
9,1,72,S
9,1,100,S
9,1,100,S
9,0,-72,S
9,0,-44,S
9,1,100,S
9,0,-44,S
9,0,-72,S
9,0,16,S
9,0,16,S
9,0,-72,S
9,1,44,S
9,0,-100,S
9,0,-16,S
10,0,-100,S
10,0,-72,S
10,1,44,S
10,1,16,S
10,0,-72,S
10,0,-44,S
10,1,44,S
10,1,16,S
10,0,-16,S
10,1,16,S
10,0,-72,S
10,1,16,S
10,1,100,S
10,0,-72,S
10,1,72,S
10,1,16,S
10,0,-16,S
10,0,-44,S
10,1,16,S
10,1,100,S
10,1,72,S
10,1,44,S
10,0,-100,S
10,1,100,S
10,0,-72,S
10,1,-16,S
10,1,72,S
10,1,16,S
10,1,72,S
10,1,44,S
10,0,-100,S
10,0,-100,S
10,0,-44,S
10,1,100,S
10,1,72,S
10,1,72,S
10,0,-100,S
10,1,44,S
10,1,16,S
10,0,72,S
10,0,-72,S
10,0,-72,S
10,1,-16,S
10,0,-72,S
10,0,-44,S
10,0,-72,S
10,1,16,S
10,0,-72,S
10,0,-44,S
10,1,16,S
10,1,16,S
10,0,-72,S
10,1,72,S
10,1,44,S
10,1,16,S
10,1,44,S
10,0,-72,S
10,1,100,S
10,0,-16,S
10,0,-72,S
10,1,16,S
10,1,16,S
10,1,44,S
10,0,-44,S
10,0,-100,S
10,0,-100,S
10,1,72,S
10,1,44,S
10,0,-44,S
10,0,-100,S
10,0,44,S
10,0,-100,S
10,1,72,S
10,0,-16,S
10,1,-16,S
10,1,44,S
10,0,-72,S
10,1,16,S
10,0,-44,S
10,1,100,S
10,1,16,S
10,1,72,S
10,1,16,S
10,0,-100,S
10,1,44,S
10,1,16,S
10,0,-100,S
10,1,44,S
10,0,-44,S
10,1,72,S
10,0,-44,S
10,0,-100,S
10,1,100,S
10,0,-44,S
10,0,-100,S
10,0,-44,S
10,1,100,S
10,1,100,S
10,0,-72,S
10,1,100,S
10,1,72,S
10,1,72,S
10,0,-100,S
10,0,-72,S
10,1,44,S
10,0,16,S
10,1,44,S
10,0,-72,S
10,0,-44,S
10,0,-100,S
10,0,-16,S
10,1,100,S
10,1,44,S
10,1,72,S
10,0,-72,S
10,0,-44,S
10,1,44,S
10,1,72,S
10,1,100,S
10,1,100,S
10,1,44,S
10,0,-44,S
10,1,16,S
10,0,-72,S
10,1,44,S
10,0,-100,S
10,0,-100,S
10,0,-44,S
10,0,-100,S
10,0,-100,S
10,1,72,S
10,1,100,S
10,0,44,S
10,0,-44,S
10,0,-100,S
10,0,-72,S
10,0,-16,S
10,0,-16,S
10,0,-44,S
10,1,72,S
10,0,-100,S
10,0,-16,S
10,1,-16,S
10,0,16,S
10,1,16,S
10,1,72,S
10,1,44,S
10,1,72,S
10,1,100,S
10,1,44,S
10,0,-72,S
10,0,-100,S
10,1,100,S
10,0,-100,S
10,1,72,S
10,1,16,S
10,1,44,S
10,0,-44,S
10,1,100,S
10,0,-100,S
10,0,-16,S
10,1,100,S
10,1,16,S
10,1,44,S
10,0,-16,S
10,1,100,S
10,1,72,S
10,1,44,S
10,0,-44,S
10,0,-16,S
10,1,44,S
10,1,16,S
10,0,-16,S
10,0,-100,S
10,0,-100,S
10,1,16,S
10,1,16,S
10,1,72,S
10,0,-44,S
10,0,-72,S
10,0,-44,S
10,1,72,S
10,1,100,S
10,1,-44,S
10,0,-72,S
10,1,44,S
10,0,-16,S
10,1,16,S
10,1,-16,S
10,0,-100,S
10,0,-44,S
10,1,72,S
10,1,100,S
10,1,16,S
10,0,-100,S
10,0,-100,S
10,0,-72,S
10,1,44,S
10,1,100,S
10,1,-16,S
10,1,100,S
10,1,44,S
10,0,-44,S
10,1,16,S
10,0,-72,S
10,1,16,S
10,0,-100,S
10,0,-16,S
10,0,16,S
10,1,-16,S
10,0,-44,S
10,0,-72,S
10,1,100,S
10,1,44,S
10,1,44,S
10,0,-44,S
10,1,72,S
10,0,-100,S
10,1,72,S
10,0,-100,S
10,1,44,S
10,1,-44,S
10,1,100,S
10,1,16,S
10,0,-100,S
10,0,-16,S
10,1,16,S
10,1,-16,S
10,0,-44,S
10,0,-44,S
10,1,44,S
10,1,44,S
10,0,-44,S
10,1,72,S
10,1,100,S
10,0,-72,S
10,1,44,S
10,1,16,S
10,1,72,S
10,0,-16,S
10,1,44,S
10,1,-16,S
10,1,100,S
10,1,16,S
10,1,44,S
10,1,44,S
10,1,44,S
10,1,100,S
10,0,-100,S
10,0,-44,S
10,1,-16,S
10,0,-100,S
10,0,-16,S
10,0,-44,S
10,0,16,S
10,0,-72,S
10,1,72,S
10,1,100,S
10,0,-16,S
10,1,16,S
10,0,-100,S
10,0,-100,S
10,0,44,S
10,0,-72,S
10,1,100,S
10,0,-16,S
10,1,72,S
10,0,-100,S
10,0,16,S
10,1,72,S
10,1,44,S
10,0,-72,S
10,1,72,S
10,0,-72,S
10,1,100,S
10,0,-44,S
10,0,-72,S
10,0,-16,S
10,1,72,S
10,0,-100,S
11,1,72,S
11,0,-44,S
11,0,-16,S
11,0,-72,S
11,1,72,S
11,1,16,S
11,1,72,S
11,0,-44,S
11,0,-100,S
11,1,16,S
11,0,-72,S
11,0,-100,S
11,1,72,S
11,0,-100,S
11,0,-72,S
11,1,16,S
11,0,-44,S
11,0,-16,S
11,1,72,S
11,0,-100,S
11,0,-16,S
11,0,-100,S
11,1,44,S
11,0,-44,S
11,0,-44,S
11,0,-44,S
11,1,16,S
11,0,-44,S
11,0,-16,S
11,1,16,S
11,1,44,S
11,1,72,S
11,1,16,S
11,0,-100,S
11,0,-44,S
11,0,-72,S
11,0,-16,S
11,0,-72,S
11,0,-72,S
11,1,44,S
11,0,-16,S
11,1,72,S
11,1,16,S
11,0,16,S
11,1,100,S
11,1,72,S
11,0,-44,S
11,0,-100,S
11,0,-72,S
11,1,100,S
11,1,16,S
11,1,72,S
11,0,-44,S
11,0,-100,S
11,0,-16,S
11,1,44,S
11,1,100,S
11,0,-100,S
11,0,-100,S
11,1,44,S
11,1,-16,S
11,0,-72,S
11,1,100,S
11,1,44,S
11,1,100,S
11,0,-16,S
11,0,-44,S
11,0,-44,S
11,1,16,S
11,1,72,S
11,1,16,S
11,1,100,S
11,0,-16,S
11,1,100,S
11,0,-44,S
11,0,-100,S
11,1,72,S
11,1,44,S
11,1,72,S
11,0,-72,S
11,0,-72,S
11,1,44,S
11,1,44,S
11,1,72,S
11,1,44,S
11,1,16,S
11,1,72,S
11,0,-44,S
11,0,-72,S
11,0,-100,S
11,1,16,S
11,1,16,S
11,0,-44,S
11,1,16,S
11,0,16,S
11,0,-72,S
11,1,44,S
11,1,44,S
11,0,-44,S
11,1,16,S
11,0,-72,S
11,0,-16,S
11,0,-16,S
11,1,72,S
11,1,44,S
11,1,44,S
11,1,100,S
11,1,16,S
11,1,100,S
11,1,-72,S
11,0,-100,S
11,0,-100,S
11,1,72,S
11,0,-44,S
11,1,72,S
11,1,44,S
11,0,-44,S
11,1,44,S
11,1,16,S
11,1,72,S
11,1,16,S
11,1,72,S
11,1,72,S
11,1,100,S
11,1,44,S
11,1,100,S
11,0,-44,S
11,0,-100,S
11,1,100,S
11,0,72,S
11,0,-100,S
11,1,16,S
11,0,-44,S
11,0,-100,S
11,1,-16,S
11,0,-100,S
11,0,-100,S
11,1,44,S
11,0,-44,S
11,0,16,S
11,0,-16,S
11,1,100,S
11,0,-16,S
11,1,72,S
11,1,16,S
11,0,-44,S
11,1,16,S
11,0,-44,S
11,1,100,S
11,0,-100,S
11,0,-72,S
11,1,16,S
11,1,100,S
11,0,-72,S
11,0,-72,S
11,0,-100,S
11,0,-72,S
11,1,16,S
11,1,72,S
11,0,100,S
11,0,-72,S
11,1,44,S
11,1,16,S
11,1,16,S
11,0,-100,S
11,0,-72,S
11,0,-100,S
11,0,-44,S
11,0,-100,S
11,0,-72,S
11,1,72,S
11,1,72,S
11,1,44,S
11,0,-72,S
11,0,-72,S
11,1,100,S
11,0,-72,S
11,0,-72,S
11,1,-16,S
11,0,-16,S
11,0,-72,S
11,0,-72,S
11,1,44,S
11,0,-16,S
11,0,-72,S
11,1,100,S
11,0,-16,S
11,0,-16,S
11,1,100,S
11,1,16,S
11,0,-100,S
11,0,-44,S
11,1,72,S
11,1,-16,S
11,1,72,S
11,0,-72,S
11,1,100,S
11,1,100,S
11,1,44,S
11,1,44,S
11,1,72,S
11,0,-72,S
11,0,-16,S
11,0,-72,S
11,0,16,S
11,0,16,S
11,1,44,S
11,1,16,S
11,0,-44,S
11,1,72,S
11,0,16,S
11,1,44,S
11,1,-16,S
11,0,-72,S
11,0,-100,S
11,0,-16,S
11,0,-44,S
11,0,-100,S
12,0,-100,S
12,1,72,S
12,1,44,S
12,0,100,S
12,1,16,S
12,1,100,S
12,0,-72,S
12,0,-100,S
12,0,-100,S
12,1,72,S
12,0,-44,S
12,1,72,S
12,0,-16,S
12,1,44,S
12,0,-44,S
12,1,44,S
12,1,16,S
12,1,72,S
12,1,16,S
12,1,100,S
12,1,72,S
12,1,72,S
12,1,72,S
12,1,100,S
12,1,16,S
12,1,72,S
12,1,100,S
12,1,44,S
12,1,100,S
12,0,-44,S
12,1,72,S
12,0,-100,S
12,1,100,S
12,1,72,S
12,0,-100,S
12,0,16,S
12,0,-44,S
12,0,-100,S
12,1,44,S
12,0,-16,S
12,0,-100,S
12,1,44,S
12,0,-100,S
12,1,44,S
12,0,-44,S
12,0,16,S
12,0,-16,S
12,1,100,S
12,0,-16,S
12,1,72,S
12,0,16,S
12,0,-44,S
12,1,16,S
12,0,-44,S
12,0,-44,S
12,0,44,S
12,1,100,S
12,0,-100,S
12,0,-72,S
12,1,16,S
12,1,72,S
12,0,-100,S
12,0,-100,S
12,1,100,S
12,0,-72,S
12,1,16,S
12,0,-72,S
12,1,72,S
12,0,-72,S
12,0,-100,S
12,0,-72,S
12,1,100,S
12,0,16,S
12,0,72,S
12,1,100,S
12,1,44,S
12,0,-72,S
12,1,44,S
12,1,100,S
12,0,100,S
12,0,16,S
12,0,-72,S
12,0,-100,S
12,0,-44,S
12,0,-44,S
12,0,-44,S
12,1,44,S
12,0,72,S
12,0,16,S
12,0,-72,S
12,0,-72,S
12,0,-44,S
12,0,-44,S
12,1,100,S
12,0,-100,S
12,0,-72,S
12,1,44,S
12,1,100,S
12,1,16,S
12,1,-16,S
12,1,100,S
12,0,-44,S
12,0,-44,S
12,1,100,S
12,1,72,S
12,0,-100,S
12,0,-72,S
12,0,-44,S
12,1,44,S
12,0,-72,S
12,0,-72,S
12,1,72,S
12,1,-16,S
12,0,44,S
12,0,-72,S
12,1,72,S
12,0,-44,S
12,0,-72,S
12,1,100,S
12,1,72,S
12,0,16,S
12,1,16,S
12,1,72,S
12,1,44,S
12,1,16,S
12,0,-72,S
12,1,72,S
12,0,-100,S
12,0,72,S
12,1,72,S
12,0,-44,S
12,1,72,S
12,1,16,S
12,0,-100,S
12,0,44,S
12,1,44,S
12,0,100,S
12,0,-44,S
12,1,16,S
12,0,-44,S
12,0,-44,S
12,0,-72,S
12,1,72,S
12,0,16,S
12,1,72,S
12,0,-44,S
12,0,-100,S
12,0,-16,S
12,0,-44,S
12,1,44,S
12,0,-72,S
12,0,-100,S
12,0,-44,S
12,0,-100,S
12,1,100,S
12,1,100,S
12,1,16,S
12,0,-16,S
12,0,-44,S
12,0,-72,S
12,0,-16,S
12,0,-72,S
12,0,-16,S
12,1,100,S
12,0,-44,S
12,0,-16,S
12,0,-16,S
12,0,-44,S
12,0,-72,S
12,0,-100,S
12,0,-44,S
12,0,-72,S
12,0,-44,S
12,0,-44,S
12,1,100,S
12,0,-16,S
12,1,-72,S
12,1,16,S
12,0,-16,S
12,0,-44,S
12,1,72,S
12,0,-16,S
12,1,16,S
12,0,-16,S
12,0,16,S
12,1,16,S
12,0,-72,S
12,1,44,S
12,0,16,S
12,0,44,S
12,0,16,S
12,1,-16,S
12,0,-100,S
12,0,-44,S
12,0,-16,S
12,0,-44,S
12,1,44,S
12,0,-100,S
12,0,-100,S
12,0,-72,S
12,0,72,S
12,1,72,S
12,0,-16,S
12,0,-44,S
12,0,-72,S
12,0,-16,S
12,0,-44,S
12,1,16,S
12,0,-100,S
12,1,16,S
12,1,44,S
12,0,100,S
12,1,-16,S
12,1,-16,S
12,0,-44,S
12,1,100,S
12,0,-72,S
12,1,44,S
12,1,44,S
12,0,-72,S
12,1,100,S
12,0,-72,S
12,0,-44,S
12,1,100,S
12,1,100,S
12,1,72,S
12,0,-72,S
12,1,72,S
12,1,44,S
12,1,72,S
12,1,16,S
12,1,44,S
12,0,16,S
12,1,-16,S
12,0,-44,S
12,0,16,S
12,1,100,S
12,0,-44,S
12,0,16,S
12,1,72,S
12,1,72,S
12,0,-100,S
12,1,16,S
12,0,16,S
12,0,-44,S
12,1,100,S
12,1,100,S
12,0,-16,S
12,1,16,S
12,0,16,S
12,1,100,S
12,0,44,S
12,0,-16,S
12,1,44,S
12,0,100,S
12,0,-72,S
12,0,-16,S
12,1,72,S
12,0,44,S
12,0,16,S
12,0,-72,S
12,1,100,S
12,0,-44,S
12,1,-16,S
12,0,-16,S
12,0,-44,S
12,0,-16,S
12,0,72,S
12,0,-100,S
12,0,-44,S
12,1,-16,S
12,0,-72,S
12,1,72,S
12,0,-72,S
12,0,44,S
12,1,72,S
12,0,16,S
12,1,100,S
12,1,72,S
12,1,100,S
12,0,-16,S
12,0,-72,S
12,0,-44,S
12,0,-44,S
12,0,100,S
12,0,-44,S
12,0,-16,S
12,1,100,S
12,1,100,S
12,0,-100,S
12,1,72,S
12,0,-16,S
12,0,100,S
12,1,44,S
12,1,16,S
12,0,-100,S
12,0,-44,S
12,0,-44,S
13,0,-44,S
13,1,44,S
13,1,16,S
13,0,-16,S
13,0,-16,S
13,1,16,S
13,1,-16,S
13,0,-44,S
13,1,72,S
13,1,44,S
13,1,44,S
13,1,72,S
13,1,100,S
13,1,16,S
13,1,44,S
13,0,-16,S
13,1,16,S
13,0,-44,S
13,1,16,S
13,1,44,S
13,0,-16,S
13,1,44,S
13,0,-72,S
13,0,-16,S
13,0,-72,S
13,1,72,S
13,1,16,S
13,1,100,S
13,1,100,S
13,0,-16,S
13,1,44,S
13,1,16,S
13,1,100,S
13,1,16,S
13,0,-100,S
13,1,44,S
13,1,72,S
13,0,-44,S
13,1,72,S
13,1,72,S
13,1,-16,S
13,1,100,S
13,1,16,S
13,0,-16,S
13,1,72,S
13,0,-100,S
13,0,-72,S
13,1,100,S
13,1,44,S
13,1,100,S
13,1,16,S
13,1,16,S
13,0,-44,S
13,0,-44,S
13,1,100,S
13,0,-72,S
13,1,44,S
13,0,-16,S
13,1,44,S
13,1,72,S
13,1,-44,S
13,0,-16,S
13,1,44,S
13,1,44,S
13,1,100,S
13,0,-44,S
13,0,-72,S
13,0,-100,S
13,0,-100,S
13,1,44,S
13,1,44,S
13,1,16,S
13,0,-100,S
13,0,-100,S
13,1,72,S
13,0,-100,S
13,0,-16,S
13,0,-100,S
13,1,16,S
13,1,44,S
13,0,16,S
13,1,100,S
13,0,16,S
13,0,-16,S
13,0,-72,S
13,0,-44,S
13,1,44,S
13,0,-44,S
13,1,72,S
13,1,100,S
13,0,-72,S
13,0,-44,S
13,0,-16,S
13,0,-44,S
13,1,44,S
13,0,-44,S
13,1,44,S
13,0,-100,S
13,1,100,S
13,0,-72,S
13,1,100,S
13,1,72,S
13,0,-16,S
13,1,16,S
13,1,72,S
13,0,-44,S
13,0,-72,S
13,1,44,S
13,0,16,S
13,0,-72,S
13,1,100,S
13,0,-72,S
13,0,-72,S
13,1,72,S
13,1,72,S
13,1,72,S
13,1,16,S
13,0,-72,S
13,0,100,S
13,0,-16,S
13,1,72,S
13,0,-44,S
13,0,-100,S
13,1,44,S
13,0,-44,S
13,1,-16,S
13,0,-72,S
13,0,-44,S
13,1,44,S
13,1,72,S
13,1,72,S
13,0,-16,S
13,1,16,S
13,1,72,S
13,1,100,S
13,1,100,S
13,1,100,S
13,0,-72,S
13,1,44,S
13,0,-44,S
13,0,-44,S
13,0,-72,S
13,1,100,S
13,1,100,S
13,0,-72,S
13,1,44,S
13,0,-72,S
13,0,-100,S
13,0,-44,S
13,1,16,S
13,1,16,S
13,0,-72,S
13,1,72,S
13,1,100,S
13,0,-100,S
13,1,72,S
13,0,-44,S
13,0,-44,S
13,0,-16,S
13,0,-44,S
13,1,72,S
13,0,-16,S
13,1,44,S
13,0,-72,S
13,0,-100,S
13,1,100,S
13,1,16,S
13,1,44,S
13,0,-16,S
13,1,72,S
13,1,44,S
13,0,-44,S
13,0,-44,S
13,0,-72,S
13,1,72,S
13,1,16,S
13,1,100,S
13,1,-16,S
13,1,16,S
13,0,-44,S
13,0,-72,S
13,1,72,S
13,1,100,S
13,0,-16,S
13,1,16,S
13,1,16,S
13,1,100,S
13,1,16,S
13,0,-72,S
13,1,72,S
13,1,44,S
13,1,100,S
13,0,-44,S
13,0,-72,S
13,1,72,S
13,0,-100,S
13,1,100,S
13,0,-44,S
13,0,-44,S
13,1,100,S
13,1,72,S
13,0,-44,S
13,0,-72,S
13,1,72,S
13,0,-100,S
13,0,-44,S
13,1,44,S
13,1,-16,S
13,1,44,S
13,1,100,S
13,0,-72,S
13,1,44,S
13,1,44,S
13,0,-72,S
13,0,-44,S
13,0,-100,S
13,1,-16,S
13,1,72,S
13,0,-44,S
13,0,-100,S
13,0,-72,S
13,0,-16,S
13,1,-16,S
13,0,-100,S
13,0,-16,S
13,0,-100,S
13,1,72,S
13,1,100,S
13,1,44,S
13,0,-44,S
13,0,-100,S
13,1,72,S
13,1,100,S
13,1,44,S
13,0,-44,S
13,0,-44,S
13,1,44,S
13,0,-100,S
13,1,-16,S
13,0,-100,S
13,0,16,S
13,0,-72,S
13,0,-44,S
13,0,-100,S
13,0,-100,S
13,1,44,S
13,1,100,S
13,1,72,S
13,1,16,S
13,0,-44,S
13,1,72,S
13,1,16,S
13,0,-72,S
13,1,100,S
13,1,-16,S
13,0,-16,S
13,0,-72,S
13,0,-44,S
13,0,-72,S
13,0,-44,S
13,0,-44,S
13,0,-44,S
13,1,16,S
13,1,44,S
13,0,-44,S
13,0,-44,S
13,0,-72,S
13,0,-44,S
13,1,72,S
13,0,-16,S
13,1,44,S
13,0,-100,S
13,1,100,S
13,1,72,S
13,0,-100,S
13,0,-72,S
13,1,44,S
13,1,72,S
14,1,72,S
14,1,44,S
14,1,72,S
14,1,-16,S
14,0,-16,S
14,1,16,S
14,1,44,S
14,1,16,S
14,0,-100,S
14,0,-16,S
14,0,-44,S
14,0,-44,S
14,0,-16,S
14,1,100,S
14,1,72,S
14,0,-16,S
14,0,-44,S
14,1,72,S
14,1,16,S
14,1,-44,S
14,0,-44,S
14,0,-100,S
14,0,-100,S
14,0,-72,S
14,1,100,S
14,1,72,S
14,0,-72,S
14,1,16,S
14,1,100,S
14,1,16,S
14,0,-44,S
14,1,100,S
14,0,-100,S
14,1,72,S
14,1,100,S
14,1,100,S
14,0,-72,S
14,1,44,S
14,0,-100,S
14,1,16,S
14,0,-100,S
14,1,16,S
14,0,-72,S
14,1,16,S
14,0,-72,S
14,0,-16,S
14,0,-100,S
14,1,16,S
14,1,44,S
14,0,-44,S
14,0,-100,S
14,1,-44,S
14,0,-72,S
14,1,16,S
14,0,-44,S
14,1,72,S
14,1,44,S
14,0,-16,S
14,0,-16,S
14,1,72,S
14,1,16,S
14,1,-16,S
14,1,100,S
14,1,100,S
14,0,-100,S
14,1,44,S
14,1,72,S
14,0,-16,S
14,1,72,S
14,1,72,S
14,0,-72,S
14,0,-44,S
14,0,-72,S
14,0,-100,S
14,1,100,S
14,0,-100,S
14,0,-72,S
14,0,-44,S
14,1,100,S
14,1,100,S
14,1,100,S
14,0,-72,S
14,1,16,S
14,1,72,S
14,0,-16,S
14,1,100,S
14,0,-72,S
14,0,16,S
14,1,100,S
14,1,72,S
14,0,16,S
14,0,-100,S
14,1,72,S
14,0,-100,S
14,1,44,S
14,1,72,S
14,0,-16,S
14,1,72,S
14,1,100,S
14,1,72,S
14,0,-44,S
14,0,-72,S
14,0,-100,S
14,1,44,S
14,1,44,S
14,1,-16,S
14,1,100,S
14,1,100,S
14,1,100,S
14,1,72,S
14,1,44,S
14,1,16,S
14,1,100,S
14,1,16,S
14,0,-100,S
14,1,44,S
14,0,-72,S
14,1,72,S
14,0,-44,S
14,0,44,S
14,0,-100,S
14,0,-16,S
14,0,-100,S
14,0,-72,S
14,0,-44,S
14,1,44,S
14,1,72,S
14,1,100,S
14,1,100,S
14,0,-100,S
14,0,-72,S
14,0,-16,S
14,0,-44,S
14,0,-16,S
14,0,-100,S
14,1,16,S
14,1,44,S
14,0,-16,S
14,1,72,S
14,0,-100,S
14,0,-44,S
14,0,-16,S
14,1,100,S
14,0,-100,S
14,1,16,S
14,0,-44,S
14,0,-44,S
14,0,-72,S
14,0,-72,S
14,0,-72,S
14,0,16,S
14,0,-16,S
14,0,-16,S
14,0,-72,S
14,1,16,S
14,0,-72,S
14,0,-100,S
14,1,44,S
14,0,-72,S
14,1,44,S
14,1,-16,S
14,1,100,S
14,0,-44,S
14,1,100,S
14,0,-16,S
14,1,16,S
14,1,16,S
14,1,72,S
14,0,-44,S
14,1,44,S
14,1,-100,S
14,1,-100,S
14,0,16,S
14,1,100,S
14,0,-72,S
14,1,100,S
14,0,-72,S
14,1,100,S
14,1,-16,S
14,1,100,S
14,0,-72,S
14,1,100,S
14,1,-44,S
14,1,100,S
14,1,72,S
14,1,100,S
14,0,-44,S
14,0,-100,S
14,0,-100,S
14,0,-16,S
14,0,-100,S
14,1,44,S
14,0,-44,S
14,0,-16,S
14,1,72,S
14,1,44,S
14,1,16,S
14,1,44,S
14,0,-72,S
14,0,-72,S
14,0,-100,S
14,1,44,S
14,0,-100,S
14,0,-44,S
14,0,-44,S
14,0,-16,S
14,0,-100,S
14,0,-44,S
14,0,-44,S
14,0,-72,S
14,1,44,S
14,1,44,S
14,1,44,S
14,1,44,S
14,1,16,S
14,1,100,S
14,0,-44,S
14,1,16,S
14,0,-44,S
14,1,44,S
14,0,-44,S
14,0,-72,S
14,0,-72,S
14,1,16,S
14,1,16,S
14,0,-72,S
14,0,-72,S
14,0,-100,S
14,1,100,S
14,0,-100,S
14,0,-72,S
14,0,-16,S
14,1,16,S
14,1,72,S
14,1,44,S
14,0,-72,S
14,1,72,S
14,0,-100,S
14,1,72,S
14,1,16,S
14,0,-100,S
14,1,44,S
14,1,100,S
14,0,-100,S
14,0,-44,S
14,1,72,S
14,0,-100,S
14,0,16,S
14,0,-100,S
14,0,-100,S
14,0,-44,S
14,0,-100,S
14,1,100,S
14,0,-16,S
14,0,-44,S
14,1,100,S
14,0,-44,S
14,0,-44,S
14,1,100,S
15,1,72,S
15,0,-44,S
15,0,-44,S
15,0,-72,S
15,1,16,S
15,0,44,S
15,1,-16,S
15,0,-44,S
15,1,44,S
15,0,-16,S
15,0,-100,S
15,0,-100,S
15,1,100,S
15,1,72,S
15,0,-100,S
15,0,16,S
15,0,-44,S
15,0,-16,S
15,0,-72,S
15,0,-72,S
15,0,44,S
15,0,72,S
15,1,72,S
15,1,44,S
15,1,44,S
15,1,100,S
15,0,-44,S
15,1,16,S
15,1,44,S
15,1,-16,S
15,0,-16,S
15,1,72,S
15,1,72,S
15,0,-100,S
15,0,16,S
15,0,-72,S
15,0,-100,S
15,0,-72,S
15,0,-44,S
15,0,-44,S
15,1,16,S
15,1,72,S
15,0,-44,S
15,1,-44,S
15,1,72,S
15,1,44,S
15,1,72,S
15,0,-100,S
15,0,-72,S
15,1,16,S
15,0,-44,S
15,0,-100,S
15,0,-100,S
15,1,44,S
15,0,-100,S
15,1,100,S
15,0,-72,S
15,1,100,S
15,1,100,S
15,1,16,S
15,1,-16,S
15,0,-72,S
15,1,16,S
15,0,-72,S
15,1,-16,S
15,0,-72,S
15,0,-16,S
15,0,-44,S
15,1,100,S
15,0,16,S
15,1,-16,S
15,0,-72,S
15,1,44,S
15,0,-100,S
15,1,44,S
15,0,-72,S
15,0,-100,S
15,0,-72,S
15,0,-72,S
15,1,72,S
15,0,-100,S
15,1,72,S
15,0,-100,S
15,1,16,S
15,0,-16,S
15,1,16,S
15,1,44,S
15,0,-100,S
15,1,72,S
15,0,-72,S
15,1,44,S
15,0,-44,S
15,0,-44,S
15,0,-72,S
15,0,-16,S
15,0,-72,S
15,1,-16,S
15,1,100,S
15,1,44,S
15,1,100,S
15,0,-72,S
15,1,100,S
15,1,-16,S
15,0,-72,S
15,1,44,S
15,0,-100,S
15,0,-72,S
15,1,72,S
15,1,-16,S
15,1,-16,S
15,1,100,S
15,0,-100,S
15,1,72,S
15,0,-100,S
15,1,72,S
15,1,72,S
15,0,-72,S
15,1,44,S
15,1,16,S
15,1,16,S
15,0,-44,S
15,0,-100,S
15,1,72,S
15,0,-16,S
15,1,72,S
15,0,-100,S
15,1,-16,S
15,1,44,S
15,1,16,S
15,1,72,S
15,1,-16,S
15,1,-16,S
15,1,72,S
15,0,-44,S
15,0,-44,S
15,1,16,S
15,1,72,S
15,1,72,S
15,1,100,S
15,1,-44,S
15,1,-44,S
15,0,-72,S
15,0,-100,S
15,1,44,S
15,1,72,S
15,1,44,S
15,1,100,S
15,1,100,S
15,0,-72,S
15,1,100,S
15,0,-100,S
15,0,-100,S
15,1,44,S
15,0,-16,S
15,1,16,S
15,0,-44,S
15,1,72,S
15,1,-44,S
15,1,72,S
15,0,-72,S
15,1,16,S
15,1,72,S
15,0,-100,S
15,1,16,S
15,1,100,S
15,0,-100,S
15,0,-100,S
15,1,16,S
15,1,72,S
15,1,100,S
15,0,-44,S
15,1,-16,S
15,1,44,S
15,1,72,S
15,1,16,S
15,1,72,S
15,0,-72,S
15,0,-72,S
15,0,-44,S
15,0,-44,S
15,0,-44,S
15,0,-72,S
15,1,72,S
15,0,-72,S
15,1,16,S
15,0,-72,S
16,1,16,S
16,0,-100,S
16,0,-100,S
16,1,16,S
16,1,44,S
16,1,44,S
16,1,44,S
16,1,44,S
16,0,-100,S
16,0,-72,S
16,0,-44,S
16,0,-100,S
16,0,-44,S
16,0,16,S
16,1,16,S
16,0,-44,S
16,0,-100,S
16,0,-100,S
16,0,-72,S
16,1,16,S
16,1,16,S
16,1,16,S
16,1,72,S
16,1,44,S
16,1,72,S
16,0,-16,S
16,0,-72,S
16,0,-16,S
16,0,-16,S
16,0,-16,S
16,1,100,S
16,0,-100,S
16,1,16,S
16,0,-72,S
16,0,-72,S
16,0,16,S
16,1,72,S
16,0,-16,S
16,1,100,S
16,1,100,S
16,0,-44,S
16,1,44,S
16,1,44,S
16,0,-72,S
16,0,-100,S
16,1,44,S
16,0,-100,S
16,1,44,S
16,0,-16,S
16,0,-44,S
16,0,-72,S
16,0,-72,S
16,0,-100,S
16,1,44,S
16,0,-100,S
16,1,44,S
16,1,100,S
16,1,100,S
16,0,-44,S
16,0,-44,S
16,0,-72,S
16,1,44,S
16,0,16,S
16,0,-100,S
16,1,72,S
16,0,-16,S
16,0,-44,S
16,0,-100,S
16,1,16,S
16,1,44,S
16,0,-72,S
16,0,16,S
16,0,-44,S
16,1,72,S
16,0,-72,S
16,0,-44,S
16,1,100,S
16,1,44,S
16,0,-44,S
16,0,-72,S
16,1,44,S
16,0,-100,S
16,0,-100,S
16,0,-72,S
16,1,16,S
16,0,-44,S
16,1,16,S
16,0,-100,S
16,0,-100,S
16,1,72,S
16,1,72,S
16,0,-72,S
16,0,-44,S
16,1,72,S
16,1,100,S
16,1,44,S
16,1,100,S
16,0,16,S
16,1,-16,S
16,1,72,S
16,1,44,S
16,1,16,S
16,1,100,S
16,0,-44,S
16,0,-72,S
16,1,72,S
16,0,-72,S
16,0,-100,S
16,0,-16,S
16,1,72,S
16,1,-16,S
16,1,100,S
16,0,-72,S
16,1,72,S
16,0,-44,S
16,0,-16,S
16,0,-16,S
16,1,44,S
16,0,-100,S
16,1,72,S
16,0,16,S
16,1,72,S
16,1,100,S
16,1,44,S
16,0,-72,S
16,1,16,S
16,0,-16,S
16,0,-72,S
16,0,-100,S
16,1,-16,S
16,1,44,S
16,1,100,S
16,0,-72,S
16,0,-100,S
16,0,16,S
16,1,72,S
16,0,-44,S
16,1,16,S
16,1,72,S
16,1,100,S
16,0,-72,S
16,0,-100,S
16,1,100,S
16,0,-16,S
16,0,-44,S
16,1,-16,S
16,0,-100,S
16,1,44,S
16,1,44,S
16,0,-16,S
16,1,100,S
16,1,72,S
16,1,-16,S
16,0,-44,S
16,1,100,S
16,1,16,S
16,1,72,S
16,0,-72,S
16,1,100,S
16,1,100,S
16,0,16,S
16,0,-100,S
16,0,-100,S
16,1,72,S
16,0,-100,S
16,1,44,S
16,1,100,S
16,1,100,S
16,1,100,S
16,1,72,S
16,1,44,S
16,0,-72,S
16,0,-100,S
16,1,-44,S
16,1,72,S
16,1,44,S
16,1,16,S
16,0,-100,S
16,0,-44,S
16,0,-44,S
16,1,16,S
16,1,72,S
16,1,72,S
16,0,-44,S
16,0,-44,S
16,1,-16,S
16,1,72,S
16,1,-16,S
16,1,-16,S
16,0,-100,S
16,0,-100,S
16,1,100,S
16,1,16,S
16,0,-44,S
16,0,16,S
16,0,-100,S
16,1,72,S
16,1,-16,S
16,0,-44,S
16,1,72,S
16,1,72,S
16,1,-16,S
16,1,100,S
16,0,16,S
16,1,100,S
16,1,72,S
16,1,44,S
16,0,-100,S
16,1,44,S
16,0,-16,S
16,1,-16,S
16,0,-100,S
16,1,100,S
16,0,-72,S
16,0,-72,S
16,0,-44,S
16,0,-100,S
16,1,100,S
16,1,44,S
16,1,72,S
16,0,-44,S
16,0,-16,S
16,1,72,S
16,1,72,S
16,0,44,S
16,0,-100,S
16,0,-72,S
16,0,-16,S
16,0,-16,S
16,0,-16,S
16,1,100,S
16,0,16,S
16,1,100,S
16,0,-44,S
16,1,44,S
16,1,44,S
16,1,72,S
16,1,16,S
16,1,44,S
16,0,-100,S
16,1,100,S
16,1,16,S
16,1,16,S
16,0,-44,S
16,1,16,S
16,1,44,S
16,1,72,S
16,1,16,S
16,1,72,S
16,1,72,S
16,1,44,S
16,1,-16,S
16,1,72,S
16,0,-16,S
16,1,100,S
16,0,-72,S
16,0,44,S
16,1,-16,S
16,0,-16,S
16,0,-72,S
16,0,16,S
16,0,-16,S
16,0,-72,S
16,1,16,S
16,0,16,S
16,1,44,S
16,0,-44,S
16,1,16,S
16,1,44,S
16,1,44,S
16,1,100,S
16,1,72,S
16,1,72,S
16,0,-100,S
16,1,44,S
16,1,16,S
16,1,72,S
16,1,16,S
16,1,72,S
16,0,-100,S
16,0,-100,S
16,0,-16,S
16,0,-100,S
16,0,-100,S
17,0,-100,S
17,0,100,S
17,1,100,S
17,0,-72,S
17,0,16,S
17,0,-44,S
17,1,-44,S
17,0,-72,S
17,0,-16,S
17,0,-72,S
17,1,72,S
17,1,72,S
17,1,100,S
17,1,44,S
17,1,100,S
17,0,-44,S
17,0,-100,S
17,1,100,S
17,0,-100,S
17,0,-72,S
17,0,-100,S
17,0,-100,S
17,1,100,S
17,0,-16,S
17,0,-16,S
17,0,-44,S
17,0,-72,S
17,1,16,S
17,1,100,S
17,0,-72,S
17,1,100,S
17,1,100,S
17,1,44,S
17,1,-16,S
17,0,-72,S
17,0,-72,S
17,1,72,S
17,1,16,S
17,1,44,S
17,0,-44,S
17,0,-72,S
17,0,72,S
17,0,-72,S
17,1,16,S
17,0,-72,S
17,0,72,S
17,1,100,S
17,0,-16,S
17,1,44,S
17,1,44,S
17,1,72,S
17,0,-44,S
17,0,-100,S
17,0,-44,S
17,0,-72,S
17,1,100,S
17,1,100,S
17,0,-72,S
17,0,-16,S
17,0,-16,S
17,1,72,S
17,1,44,S
17,1,100,S
17,1,16,S
17,1,100,S
17,0,-72,S
17,0,-100,S
17,0,-100,S
17,1,72,S
17,0,-44,S
17,1,72,S
17,0,-16,S
17,1,44,S
17,0,-44,S
17,1,44,S
17,0,72,S
17,1,16,S
17,1,100,S
17,0,72,S
17,1,72,S
17,1,100,S
17,1,16,S
17,1,72,S
17,1,100,S
17,1,44,S
17,1,100,S
17,0,-44,S
17,1,72,S
17,0,-100,S
17,1,100,S
17,1,72,S
17,0,-100,S
17,1,16,S
17,0,-44,S
17,0,-100,S
17,1,44,S
17,0,-16,S
17,0,-100,S
17,1,44,S
17,0,-100,S
17,1,44,S
17,0,-44,S
17,1,16,S
17,0,-16,S
17,1,100,S
17,0,-16,S
17,1,72,S
17,1,16,S
17,0,-44,S
17,0,16,S
17,0,-44,S
17,0,-44,S
17,1,44,S
17,1,100,S
17,0,-100,S
17,0,-72,S
17,1,72,S
17,0,-100,S
17,0,-100,S
17,1,100,S
17,0,-72,S
17,1,16,S
17,0,-72,S
17,1,72,S
17,0,-72,S
17,0,-100,S
17,0,-72,S
17,1,100,S
17,1,16,S
17,0,72,S
17,1,100,S
17,1,44,S
17,0,-72,S
17,1,44,S
17,1,72,S
17,0,-44,S
17,0,16,S
17,1,100,S
17,1,72,S
17,1,72,S
17,1,100,S
17,0,-16,S
17,1,16,S
17,0,-44,S
17,1,16,S
17,0,-44,S
17,1,16,S
17,1,16,S
17,0,-44,S
17,0,-72,S
17,1,44,S
17,1,72,S
17,0,-72,S
17,0,-16,S
17,1,16,S
17,1,44,S
17,0,-44,S
17,1,16,S
17,0,-72,S
17,0,-100,S
17,0,16,S
17,0,-44,S
17,1,44,S
17,0,-100,S
17,1,72,S
17,0,-44,S
17,1,72,S
17,1,16,S
17,1,100,S
17,1,100,S
17,1,44,S
17,0,-44,S
17,1,16,S
17,0,-16,S
17,1,16,S
17,1,44,S
17,0,-100,S
17,1,-16,S
17,1,100,S
17,1,100,S
17,1,44,S
17,0,-100,S
17,0,-16,S
17,1,16,S
17,0,-44,S
17,1,100,S
17,0,-44,S
17,1,44,S
17,1,16,S
17,0,-16,S
17,0,-16,S
17,1,72,S
17,0,-44,S
17,1,100,S
17,0,-72,S
17,1,72,S
17,1,16,S
17,0,-100,S
17,1,72,S
17,1,16,S
17,0,-100,S
17,0,-100,S
17,0,-72,S
17,0,-44,S
17,0,-72,S
17,1,100,S
17,0,-100,S
17,0,-100,S
17,0,-72,S
17,0,-72,S
17,0,-100,S
17,0,-16,S
17,1,44,S
17,1,100,S
17,1,72,S
17,1,44,S
17,1,16,S
17,1,72,S
17,0,-72,S
17,0,-44,S
17,1,72,S
17,0,-100,S
17,0,-72,S
17,1,44,S
17,1,44,S
17,1,16,S
17,1,16,S
17,0,-44,S
17,1,100,S
17,1,44,S
17,1,-16,S
17,0,-44,S
17,1,100,S
17,1,44,S
17,1,100,S
17,1,16,S
17,0,-44,S
17,0,-100,S
17,1,100,S
17,1,100,S
17,1,-16,S
17,1,100,S
17,0,-16,S
17,0,-72,S
17,1,44,S
17,1,100,S
17,0,-16,S
17,0,-16,S
17,0,-16,S
17,1,44,S
17,0,-100,S
17,1,100,S
17,1,44,S
17,1,72,S
17,0,-16,S
17,1,16,S
17,1,16,S
17,1,16,S
17,0,-100,S
17,0,-100,S
17,1,100,S
17,1,44,S
17,0,-72,S
18,1,100,S
18,0,-44,S
18,1,44,S
18,1,44,S
18,0,-72,S
18,1,44,S
18,0,72,S
18,0,72,S
18,0,44,S
18,0,-44,S
18,0,-44,S
18,1,72,S
18,1,44,S
18,1,16,S
18,1,100,S
18,0,16,S
18,0,72,S
18,1,100,S
18,1,16,S
18,0,-16,S
18,0,-44,S
18,1,100,S
18,1,16,S
18,1,44,S
18,1,100,S
18,0,-100,S
18,0,-72,S
18,0,-100,S
18,0,-44,S
18,0,-44,S
18,0,-16,S
18,0,-16,S
18,0,-16,S
18,0,-100,S
18,1,16,S
18,0,-16,S
18,0,-100,S
18,1,100,S
18,1,-16,S
18,0,-72,S
18,0,44,S
18,1,100,S
18,1,72,S
18,0,-16,S
18,1,100,S
18,0,-100,S
18,1,100,S
18,1,44,S
18,0,-72,S
18,1,44,S
18,0,-44,S
18,0,-44,S
18,0,44,S
18,1,44,S
18,0,16,S
18,0,-44,S
18,0,-16,S
18,1,44,S
18,0,-16,S
18,1,44,S
18,1,16,S
18,0,-72,S
18,0,44,S
18,1,100,S
18,1,44,S
18,0,-100,S
18,1,72,S
18,0,-44,S
18,0,-72,S
18,1,100,S
18,1,16,S
18,0,-44,S
18,1,16,S
18,1,44,S
18,0,-100,S
18,0,-16,S
18,0,-44,S
18,0,-44,S
18,1,44,S
18,0,-72,S
18,0,-44,S
18,1,72,S
18,0,-100,S
18,0,-44,S
18,0,-72,S
18,0,-44,S
18,0,-72,S
18,0,-72,S
18,1,44,S
18,1,72,S
18,1,-16,S
18,0,-100,S
18,1,100,S
18,1,100,S
18,1,16,S
18,1,100,S
18,0,-72,S
18,0,-100,S
18,0,-72,S
18,0,-44,S
18,1,44,S
18,1,16,S
18,1,44,S
18,1,16,S
18,0,-100,S
18,1,72,S
18,1,100,S
18,1,44,S
18,1,44,S
18,0,-16,S
18,0,-72,S
18,1,100,S
18,1,-16,S
18,1,-16,S
18,1,-16,S
18,1,44,S
18,1,16,S
18,1,44,S
18,1,72,S
18,0,-16,S
18,0,-100,S
18,1,100,S
18,1,16,S
18,1,44,S
18,1,72,S
18,1,44,S
18,1,44,S
18,1,72,S
18,0,-44,S
18,0,-44,S
18,0,-72,S
18,0,-16,S
18,1,72,S
18,1,-16,S
18,0,-16,S
18,0,-44,S
18,0,16,S
18,1,100,S
18,1,16,S
18,1,16,S
18,1,100,S
18,1,-16,S
18,1,16,S
18,0,-100,S
18,0,-72,S
18,0,-100,S
18,0,-100,S
18,0,-44,S
18,0,72,S
18,0,-100,S
18,1,100,S
18,1,16,S
18,0,-16,S
18,0,-100,S
18,0,-100,S
18,0,-100,S
18,0,-72,S
18,1,72,S
18,1,72,S
18,1,16,S
18,1,100,S
18,0,-100,S
18,1,100,S
18,0,-100,S
18,0,-44,S
18,0,-100,S
18,0,-44,S
18,1,44,S
18,0,-100,S
18,0,-100,S
18,0,-100,S
18,0,-16,S
18,0,-16,S
18,0,-72,S
18,0,-72,S
18,0,-16,S
18,0,-16,S
18,1,72,S
18,0,-44,S
18,1,100,S
18,1,44,S
18,0,-72,S
18,0,-44,S
18,1,100,S
18,0,-44,S
18,0,-44,S
18,1,72,S
18,0,-100,S
18,1,44,S
18,0,16,S
18,0,-100,S
18,1,16,S
18,1,44,S
18,0,-100,S
18,0,-72,S
18,0,16,S
18,0,-16,S
18,1,16,S
18,1,16,S
18,1,44,S
18,1,44,S
18,1,-16,S
18,1,16,S
18,0,-44,S
18,0,-72,S
18,1,72,S
18,1,100,S
18,0,-44,S
18,0,-16,S
18,0,-44,S
18,0,-44,S
18,0,-72,S
18,0,-72,S
18,0,-100,S
18,0,-44,S
18,0,-72,S
18,1,100,S
18,1,72,S
18,1,-16,S
18,0,-72,S
18,1,-16,S
18,1,-44,S
18,0,-16,S
18,1,72,S
18,1,100,S
18,0,-16,S
18,0,-72,S
18,1,72,S
18,1,16,S
18,0,-100,S
18,1,44,S
18,0,-44,S
18,1,100,S
18,0,-100,S
18,0,-72,S
18,0,-72,S
18,0,-16,S
18,0,-16,S
18,0,-44,S
18,1,44,S
18,1,72,S
18,1,72,S
18,0,-72,S
18,1,44,S
18,0,-72,S
18,1,72,S
18,1,72,S
18,1,100,S
18,1,-16,S
18,0,-72,S
18,0,-44,S
18,1,-16,S
18,1,72,S
18,0,-44,S
18,1,100,S
18,0,-44,S
18,0,16,S
18,0,-72,S
18,1,16,S
18,1,100,S
18,1,100,S
18,1,16,S
18,0,44,S
18,1,100,S
18,1,44,S
18,1,16,S
18,1,-16,S
18,0,-16,S
18,1,100,S
18,0,-44,S
18,0,16,S
18,0,-16,S
18,0,44,S
18,0,16,S
18,1,16,S
18,1,16,S
18,1,72,S
18,1,72,S
18,0,-72,S
18,0,-44,S
18,0,-100,S
18,0,-72,S
18,1,72,S
18,1,100,S
18,1,100,S
18,0,44,S
18,0,-100,S
18,0,-44,S
18,0,-100,S
18,1,72,S
18,1,100,S
18,0,16,S
18,1,100,S
18,0,-100,S
18,0,-72,S
18,0,-100,S
18,0,44,S
18,1,100,S
18,1,72,S
18,0,-44,S
19,1,16,S
19,0,-100,S
19,0,-100,S
19,0,16,S
19,1,16,S
19,1,-16,S
19,1,44,S
19,1,16,S
19,1,-16,S
19,1,100,S
19,1,-44,S
19,1,-44,S
19,0,-72,S
19,1,100,S
19,1,16,S
19,1,72,S
19,1,44,S
19,0,-100,S
19,1,100,S
19,1,16,S
19,0,-100,S
19,1,16,S
19,1,72,S
19,1,44,S
19,0,-44,S
19,0,-72,S
19,0,16,S
19,0,-72,S
19,0,-100,S
19,1,72,S
19,0,-44,S
19,1,44,S
19,1,16,S
19,1,100,S
19,0,-100,S
19,1,72,S
19,1,72,S
19,1,44,S
19,1,16,S
19,0,-44,S
19,0,-44,S
19,1,72,S
19,0,-16,S
19,1,72,S
19,1,44,S
19,1,-16,S
19,0,-72,S
19,1,-16,S
19,1,100,S
19,0,-72,S
19,1,-16,S
19,1,16,S
19,1,44,S
19,1,-16,S
19,1,100,S
19,1,-16,S
19,1,100,S
19,0,16,S
19,1,44,S
19,0,-72,S
19,1,44,S
19,0,-100,S
19,0,-72,S
19,0,-44,S
19,0,-16,S
19,0,16,S
19,1,44,S
19,1,100,S
19,1,44,S
19,0,-72,S
19,0,-100,S
19,0,-44,S
19,0,-16,S
19,1,44,S
19,0,-44,S
19,0,-100,S
19,1,100,S
19,1,44,S
19,1,16,S
19,0,-16,S
19,0,-16,S
19,1,72,S
19,1,44,S
19,1,100,S
19,1,16,S
19,1,16,S
19,1,44,S
19,1,-16,S
19,1,100,S
19,0,-100,S
19,0,-44,S
19,0,-44,S
19,0,-44,S
19,1,44,S
19,1,44,S
19,0,-72,S
19,0,-44,S
19,1,44,S
19,1,-44,S
19,1,100,S
19,1,16,S
19,0,-44,S
19,0,16,S
19,1,72,S
19,1,100,S
19,1,100,S
19,1,16,S
19,1,-16,S
19,1,-44,S
19,1,-72,S
19,0,-100,S
19,0,-44,S
19,0,-16,S
19,1,100,S
19,1,100,S
19,1,44,S
19,0,-100,S
19,0,16,S
19,0,-100,S
19,0,-16,S
19,0,16,S
19,0,-16,S
19,0,-100,S
19,1,16,S
19,1,16,S
19,0,-16,S
19,0,-44,S
19,1,44,S
19,0,44,S
19,0,100,S
19,1,44,S
19,0,-72,S
19,1,16,S
19,0,-72,S
19,0,-100,S
19,0,-44,S
19,1,16,S
19,0,-72,S
19,0,16,S
19,0,-44,S
19,1,-16,S
19,0,-72,S
19,1,-16,S
19,1,16,S
19,0,-16,S
19,0,-72,S
19,1,16,S
19,1,16,S
19,0,-44,S
19,0,-72,S
19,0,-44,S
19,0,-72,S
19,0,-100,S
19,1,44,S
19,0,-44,S
19,0,-44,S
19,0,-72,S
19,0,-72,S
19,0,-16,S
19,0,-72,S
19,0,-16,S
19,1,16,S
19,1,100,S
19,1,44,S
19,1,-16,S
19,1,72,S
19,0,-44,S
19,0,-100,S
19,0,-72,S
19,1,72,S
19,0,-72,S
19,0,-16,S
19,1,100,S
19,1,16,S
19,1,-16,S
19,0,-100,S
19,1,-16,S
19,0,-16,S
19,0,-44,S
19,0,-72,S
19,1,100,S
19,1,72,S
19,0,-16,S
19,1,-16,S
19,0,-72,S
19,1,72,S
19,0,-16,S
19,1,16,S
19,1,44,S
19,1,100,S
19,0,-16,S
19,0,-100,S
19,0,-72,S
19,0,-72,S
19,1,-16,S
19,1,44,S
19,1,-16,S
19,1,44,S
19,1,16,S
19,0,44,S
19,0,-100,S
19,1,100,S
19,1,72,S
19,0,-72,S
19,0,-44,S
19,1,100,S
19,0,16,S
19,0,-72,S
19,1,72,S
19,1,100,S
19,1,44,S
19,1,100,S
19,1,100,S
19,1,100,S
19,0,-44,S
19,1,72,S
19,0,-44,S
19,1,44,S
19,1,-16,S
19,1,44,S
19,0,-44,S
19,1,100,S
19,1,100,S
19,1,16,S
19,0,-72,S
19,1,100,S
19,1,-16,S
19,1,44,S
19,0,-44,S
19,0,-100,S
19,1,72,S
19,0,-44,S
19,0,-100,S
19,0,-44,S
19,0,-44,S
19,0,-44,S
19,0,-100,S
19,0,-100,S
19,0,-44,S
19,1,16,S
19,0,-72,S
19,0,16,S
19,1,100,S
19,0,-100,S
19,1,100,S
19,0,-72,S
19,0,-72,S
19,1,100,S
19,1,44,S
19,1,16,S
19,0,44,S
19,0,16,S
19,0,-100,S
19,0,-16,S
19,0,-44,S
19,1,100,S
19,0,-100,S
19,1,72,S
19,0,-16,S
19,1,100,S
19,0,-72,S
19,0,-16,S
19,1,44,S
19,1,16,S
19,1,100,S
19,1,44,S
19,1,72,S
19,0,-16,S
19,0,-16,S
19,1,100,S
19,0,-72,S
19,0,-100,S
19,1,100,S
19,1,44,S
19,1,100,S
19,1,72,S
19,1,100,S
19,1,44,S
19,1,100,S
19,1,16,S
19,0,-44,S
19,0,-44,S
19,1,16,S
19,1,100,S
19,0,-44,S
19,1,44,S
19,0,-72,S
19,0,-100,S
19,1,16,S
19,1,100,S
19,0,-100,S
19,0,16,S
19,0,-44,S
19,0,-44,S
19,0,-72,S
19,0,-16,S
20,0,-44,S
20,0,-72,S
20,1,100,S
20,0,-44,S
20,1,100,S
20,0,-44,S
20,0,-72,S
20,0,-72,S
20,1,44,S
20,0,-72,S
20,0,16,S
20,0,-72,S
20,1,72,S
20,0,-44,S
20,1,16,S
20,0,-16,S
20,0,-100,S
20,0,-16,S
20,0,-72,S
20,1,44,S
20,1,72,S
20,1,72,S
20,1,72,S
20,1,44,S
20,1,100,S
20,0,16,S
20,1,44,S
20,0,-16,S
20,1,100,S
20,0,-72,S
20,1,44,S
20,0,-16,S
20,0,-44,S
20,1,44,S
20,0,-16,S
20,0,-100,S
20,0,-72,S
20,0,16,S
20,0,-44,S
20,0,-72,S
20,0,-44,S
20,1,72,S
20,1,16,S
20,1,16,S
20,0,-72,S
20,1,-72,S
20,0,-44,S
20,0,-72,S
20,1,16,S
20,1,72,S
20,1,-16,S
20,1,100,S
20,1,16,S
20,0,-44,S
20,1,72,S
20,0,-72,S
20,0,16,S
20,0,-100,S
20,1,100,S
20,1,100,S
20,0,-16,S
20,1,44,S
20,0,-44,S
20,0,-16,S
20,0,72,S
20,0,-72,S
20,1,44,S
20,0,-100,S
20,1,72,S
20,1,16,S
20,1,-16,S
20,1,72,S
20,1,44,S
20,0,-16,S
20,1,72,S
20,1,44,S
20,0,16,S
20,0,-16,S
20,0,16,S
20,0,-44,S
20,0,-16,S
20,1,100,S
20,1,16,S
20,0,-44,S
20,1,44,S
20,0,-72,S
20,1,44,S
20,0,-100,S
20,1,100,S
20,0,-72,S
20,1,16,S
20,0,-72,S
20,0,-44,S
20,1,72,S
20,0,-16,S
20,0,16,S
20,0,-44,S
20,0,-44,S
20,0,-72,S
20,1,72,S
20,1,16,S
20,1,44,S
20,0,-16,S
20,1,72,S
20,1,44,S
20,1,16,S
20,0,-100,S
20,0,-72,S
20,0,-16,S
20,0,-16,S
20,0,-72,S
20,0,-16,S
20,0,-100,S
20,1,44,S
20,1,16,S
20,0,-72,S
20,1,44,S
20,1,16,S
20,1,44,S
20,1,-44,S
20,0,-72,S
20,1,72,S
20,0,-44,S
20,1,72,S
20,1,72,S
20,1,72,S
20,0,-44,S
20,1,-16,S
20,1,72,S
20,0,-100,S
20,1,16,S
20,1,16,S
20,1,100,S
20,1,72,S
20,0,-44,S
20,0,-100,S
20,0,-44,S
20,1,16,S
20,0,-16,S
20,0,-44,S
20,1,44,S
20,1,16,S
20,1,72,S
20,1,16,S
20,0,-16,S
20,0,-72,S
20,1,72,S
20,0,-100,S
20,1,100,S
20,0,16,S
20,1,16,S
20,1,72,S
20,1,100,S
20,1,72,S
20,1,100,S
20,1,-100,S
20,1,72,S
20,0,-100,S
20,1,72,S
20,1,72,S
20,0,44,S
20,0,-100,S
20,0,-16,S
20,0,16,S
20,1,72,S
20,1,-16,S
20,1,-16,S
20,1,100,S
20,1,44,S
20,0,16,S
20,1,100,S
20,0,-100,S
20,0,-72,S
20,1,72,S
20,1,72,S
20,0,44,S
20,1,72,S
20,1,44,S
20,0,-16,S
20,0,-100,S
20,0,72,S
20,1,44,S
20,1,16,S
20,1,72,S
20,0,-44,S
20,1,44,S
20,0,-16,S
20,1,44,S
20,1,16,S
20,0,-72,S
20,0,-44,S
20,0,-44,S
20,0,-72,S
20,0,16,S
20,1,100,S
20,1,44,S
20,1,-16,S
20,1,16,S
20,1,44,S
20,0,16,S
20,1,100,S
20,1,44,S
20,0,-16,S
20,1,72,S
20,0,-44,S
20,1,44,S
20,1,44,S
20,0,-100,S
20,0,-16,S
20,1,100,S
20,0,-16,S
20,0,-100,S
20,1,100,S
20,0,-72,S
20,1,100,S
20,0,-72,S
20,1,44,S
20,0,-44,S
20,1,72,S
20,1,16,S
20,0,-44,S
20,0,-100,S
20,0,-72,S
20,0,-44,S
20,1,16,S
20,1,100,S
20,1,100,S
20,0,-72,S
20,1,44,S
20,1,72,S
20,1,72,S
20,0,16,S
20,1,100,S
20,0,16,S
20,1,100,S
20,0,-72,S
20,0,-44,S
20,0,-16,S
20,1,100,S
20,1,-16,S
20,0,-72,S
20,1,16,S
20,1,100,S
20,1,44,S
20,0,-72,S
20,0,-72,S
20,0,-44,S
20,1,72,S
20,0,16,S
20,1,44,S
20,0,-16,S
20,0,-16,S
20,0,-100,S
20,1,44,S
20,0,16,S
20,1,72,S
20,1,44,S
20,1,100,S
20,0,-44,S
20,0,-16,S
20,1,44,S
20,0,-44,S
20,1,16,S
20,1,44,S
20,0,16,S
20,1,100,S
20,0,-16,S
20,1,100,S
20,0,-72,S
20,0,-16,S
20,0,16,S
20,0,-16,S
20,0,-44,S
20,1,100,S
20,0,-44,S
20,1,72,S
20,0,16,S
20,0,-16,S
20,1,-16,S
20,1,-16,S
20,1,100,S
21,0,16,S
21,1,100,S
21,0,-44,S
21,1,-16,S
21,1,44,S
21,0,-100,S
21,0,-100,S
21,1,100,S
21,1,44,S
21,0,-72,S
21,0,-44,S
21,1,72,S
21,1,100,S
21,1,72,S
21,0,16,S
21,0,-100,S
21,0,100,S
21,0,16,S
21,0,-44,S
21,0,-72,S
21,0,-72,S
21,1,72,S
21,0,-44,S
21,0,44,S
21,1,44,S
21,1,44,S
21,1,100,S
21,0,-100,S
21,0,-72,S
21,0,-16,S
21,0,72,S
21,0,44,S
21,0,-16,S
21,0,16,S
21,0,100,S
21,0,-16,S
21,0,-72,S
21,0,-72,S
21,0,44,S
21,0,16,S
21,0,-44,S
21,0,-72,S
21,0,-100,S
21,1,72,S
21,0,16,S
21,1,100,S
21,0,-72,S
21,0,-44,S
21,1,100,S
21,1,100,S
21,0,-100,S
21,0,-72,S
21,0,-100,S
21,0,16,S
21,0,-100,S
21,1,72,S
21,1,100,S
21,1,16,S
21,0,-72,S
21,0,-44,S
21,0,-100,S
21,0,-44,S
21,0,-44,S
21,0,-100,S
21,1,100,S
21,0,-100,S
21,0,44,S
21,0,-72,S
21,1,16,S
21,1,-16,S
21,0,16,S
21,1,44,S
21,0,-44,S
21,0,-16,S
21,0,72,S
21,0,-72,S
21,0,-16,S
21,0,44,S
21,1,-16,S
21,0,-100,S
21,1,100,S
21,0,16,S
21,1,100,S
21,1,100,S
21,1,44,S
21,0,-44,S
21,0,16,S
21,0,16,S
21,0,-16,S
21,1,-16,S
21,1,44,S
21,1,-44,S
21,1,-16,S
21,1,72,S
21,1,44,S
21,1,-16,S
21,1,100,S
21,1,44,S
21,0,-44,S
21,0,16,S
21,0,-16,S
21,1,100,S
21,0,-100,S
21,0,-44,S
21,1,16,S
21,0,100,S
21,0,44,S
21,0,100,S
21,0,-72,S
21,1,72,S
21,1,72,S
21,1,72,S
21,1,44,S
21,0,-100,S
21,1,72,S
21,1,72,S
21,0,-100,S
21,1,72,S
21,1,100,S
21,1,100,S
21,0,-44,S
21,0,-16,S
21,0,-100,S
21,0,-16,S
21,0,-72,S
21,0,16,S
21,0,16,S
21,1,100,S
21,0,-72,S
21,0,-100,S
21,1,72,S
21,1,44,S
21,1,72,S
21,0,-16,S
21,0,-100,S
21,0,-44,S
21,0,-72,S
21,1,100,S
21,1,100,S
21,0,-72,S
21,0,-72,S
21,1,16,S
21,0,-72,S
21,0,-44,S
21,1,100,S
21,0,16,S
21,0,-72,S
21,0,16,S
21,0,44,S
21,0,-72,S
21,0,16,S
21,0,-100,S
21,0,44,S
21,0,72,S
21,0,44,S
21,0,-72,S
21,0,-16,S
21,0,-100,S
21,1,100,S
21,0,-44,S
21,1,16,S
21,1,72,S
21,0,-100,S
21,0,-100,S
21,0,16,S
21,0,-100,S
21,0,72,S
21,0,44,S
21,0,100,S
21,0,-72,S
21,0,44,S
21,1,-44,S
21,1,-44,S
21,1,100,S
21,0,-44,S
21,1,72,S
21,1,72,S
21,0,-72,S
21,0,16,S
21,0,-72,S
21,0,-44,S
21,1,100,S
21,0,-72,S
21,0,-72,S
21,0,-16,S
21,1,100,S
21,0,-72,S
21,1,16,S
21,1,100,S
21,0,-16,S
21,0,72,S
21,0,44,S
21,0,44,S
21,1,-44,S
21,1,-44,S
21,1,16,S
21,1,-16,S
21,0,-100,S
21,0,-100,S
21,1,16,S
21,0,-72,S
21,0,-44,S
21,0,-44,S
21,0,-100,S
21,1,100,S
21,0,16,S
21,1,44,S
21,0,-16,S
21,0,-16,S
21,1,100,S
21,1,44,S
21,0,16,S
21,1,100,S
21,1,-44,S
21,0,-16,S
21,0,-44,S
21,1,44,S
21,0,-44,S
21,0,16,S
21,0,-100,S
21,1,100,S
21,0,-44,S
21,1,100,S
21,0,-100,S
21,1,72,S
21,0,72,S
21,0,-72,S
21,0,-16,S
21,0,44,S
21,0,44,S
21,0,72,S
21,1,72,S
21,1,44,S
21,1,72,S
21,0,16,S
21,0,16,S
21,0,44,S
21,0,-44,S
21,0,-44,S
21,1,16,S
21,0,-16,S
21,0,-72,S
21,1,44,S
21,0,44,S
21,0,-44,S
21,0,100,S
21,0,-44,S
21,1,-72,S
21,1,72,S
21,0,72,S
21,1,100,S
21,0,-44,S
21,0,-100,S
21,0,16,S
21,0,72,S
21,1,44,S
21,0,-16,S
21,1,72,S
21,0,-72,S
21,0,44,S
21,0,-44,S
21,0,-100,S
21,0,-100,S
21,0,-72,S
21,0,-100,S
21,0,-72,S
21,1,72,S
21,1,16,S
21,1,-16,S
21,1,-16,S
21,1,100,S
21,1,72,S
21,0,-100,S
21,0,44,S
21,0,-100,S
21,1,72,S
21,0,-72,S
21,1,72,S
21,0,-100,S
21,1,72,S
21,0,-16,S
21,0,-100,S
21,0,44,S
21,1,-44,S
21,0,-100,S
21,0,72,S
21,0,-44,S
21,1,100,S
21,1,16,S
21,0,44,S
21,0,-100,S
21,1,100,S
21,1,44,S
21,0,-16,S
21,1,-44,S
21,0,100,S
21,0,-72,S
21,1,100,S
21,0,-44,S
21,0,-72,S
21,0,-72,S
21,0,-100,S
21,1,100,S
21,1,72,S
22,0,-100,S
22,1,72,S
22,1,44,S
22,1,100,S
22,1,16,S
22,1,100,S
22,0,-72,S
22,0,-100,S
22,0,-100,S
22,1,72,S
22,0,-44,S
22,1,72,S
22,0,-16,S
22,1,44,S
22,0,-44,S
22,1,44,S
22,1,16,S
22,1,72,S
22,1,16,S
22,1,100,S
22,1,72,S
22,1,72,S
22,1,72,S
22,1,100,S
22,1,16,S
22,1,72,S
22,1,100,S
22,1,44,S
22,1,100,S
22,0,-44,S
22,1,72,S
22,0,-100,S
22,1,100,S
22,1,72,S
22,0,-100,S
22,1,16,S
22,0,-44,S
22,0,-100,S
22,1,44,S
22,0,-16,S
22,0,-100,S
22,1,44,S
22,0,-100,S
22,1,44,S
22,0,-44,S
22,0,16,S
22,0,-16,S
22,1,100,S
22,0,-16,S
22,1,72,S
22,1,16,S
22,0,-44,S
22,0,16,S
22,0,-44,S
22,0,-44,S
22,1,44,S
22,1,100,S
22,0,-100,S
22,0,-72,S
22,0,16,S
22,1,72,S
22,0,-100,S
22,0,-100,S
22,1,100,S
22,0,-72,S
22,1,16,S
22,0,-72,S
22,1,72,S
22,0,-72,S
22,0,-100,S
22,0,-72,S
22,1,100,S
22,1,16,S
22,1,72,S
22,1,100,S
22,1,44,S
22,0,-72,S
22,1,44,S
22,1,-72,S
22,0,-72,S
22,1,72,S
22,0,-100,S
22,1,100,S
22,0,-72,S
22,1,16,S
22,1,100,S
22,1,100,S
22,1,44,S
22,0,-16,S
22,1,44,S
22,0,-100,S
22,1,16,S
22,0,-16,S
22,0,16,S
22,0,-16,S
22,0,-16,S
22,1,16,S
22,0,-16,S
22,0,-44,S
22,0,16,S
22,0,-44,S
22,1,44,S
22,1,100,S
22,0,-72,S
22,1,72,S
22,1,72,S
22,1,44,S
22,0,-44,S
22,1,72,S
22,0,-100,S
22,0,-72,S
22,0,-72,S
22,1,72,S
22,1,72,S
22,1,100,S
22,1,72,S
22,1,44,S
22,1,72,S
22,0,-44,S
22,0,-100,S
22,1,100,S
22,1,72,S
22,0,-16,S
22,1,44,S
22,1,100,S
22,1,44,S
22,1,100,S
22,0,-44,S
22,0,-100,S
22,0,-44,S
22,0,-16,S
22,0,-44,S
22,0,16,S
22,1,44,S
22,0,-44,S
22,1,44,S
22,0,100,S
22,1,44,S
22,1,44,S
22,0,-44,S
22,0,16,S
22,0,-16,S
22,0,-16,S
22,0,16,S
22,1,16,S
22,0,-16,S
22,1,72,S
22,0,-72,S
22,0,-100,S
22,1,16,S
22,1,100,S
22,1,72,S
22,1,16,S
22,1,16,S
22,0,-16,S
22,0,-100,S
22,0,-100,S
22,1,72,S
22,0,-72,S
22,0,-72,S
22,1,72,S
22,0,-44,S
22,1,72,S
22,0,-100,S
22,1,44,S
22,0,-16,S
22,0,-100,S
22,1,100,S
22,1,44,S
22,1,100,S
22,0,-44,S
22,0,-100,S
22,1,16,S
22,1,16,S
22,1,16,S
22,0,-16,S
22,0,-100,S
22,0,-16,S
22,0,-72,S
22,1,16,S
22,0,-72,S
22,1,44,S
22,1,100,S
22,1,72,S
22,0,-16,S
22,1,100,S
22,1,44,S
22,0,-44,S
22,0,-16,S
22,0,-16,S
22,0,-16,S
22,1,16,S
22,0,-100,S
22,1,100,S
22,1,16,S
22,1,16,S
22,0,-16,S
22,0,-72,S
22,1,100,S
22,1,16,S
22,1,-16,S
22,0,-100,S
22,0,-44,S
22,0,-16,S
22,0,-72,S
22,1,44,S
22,1,16,S
22,0,-44,S
22,1,100,S
22,0,-72,S
22,0,-72,S
22,1,16,S
22,0,-16,S
22,1,72,S
22,1,72,S
22,0,-72,S
22,1,100,S
22,1,44,S
22,1,16,S
22,0,-16,S
22,0,-44,S
22,0,-16,S
22,0,-16,S
22,0,-72,S
22,0,-100,S
22,0,-100,S
22,0,-72,S
22,0,-100,S
22,0,-72,S
22,0,-44,S
22,1,100,S
22,1,100,S
22,1,16,S
22,0,-100,S
22,0,-100,S
22,0,-44,S
22,1,44,S
22,0,-44,S
22,1,72,S
22,0,-16,S
22,0,-44,S
22,0,-72,S
22,0,-16,S
22,1,72,S
22,1,44,S
22,1,100,S
22,1,16,S
22,1,100,S
22,0,-72,S
22,0,-100,S
22,0,-100,S
22,1,72,S
22,0,-44,S
22,1,72,S
22,0,-16,S
22,1,44,S
22,0,-44,S
22,1,44,S
22,1,16,S
22,1,72,S
22,1,16,S
22,1,100,S
22,1,72,S
22,1,72,S
22,1,72,S
22,1,100,S
22,1,16,S
22,1,100,S
22,1,44,S
22,1,100,S
22,0,-44,S
22,1,72,S
22,0,-100,S
22,1,100,S
22,1,72,S
22,0,-100,S
22,0,16,S
22,0,-44,S
22,0,-100,S
22,1,44,S
22,0,-16,S
22,0,-100,S
22,1,44,S
22,0,-100,S
22,1,44,S
22,0,-44,S
22,1,16,S
22,0,-16,S
22,1,100,S
22,1,-16,S
22,1,72,S
22,1,16,S
22,0,-44,S
22,1,16,S
22,0,-44,S
22,0,-44,S
22,1,44,S
22,1,100,S
22,0,-100,S
22,0,-72,S
22,1,16,S
22,1,72,S
22,0,-100,S
22,0,-100,S
22,1,100,S
22,0,-72,S
22,1,16,S
22,0,-72,S
22,1,72,S
22,0,-72,S
22,0,-100,S
22,0,-72,S
22,1,100,S
22,1,16,S
22,1,72,S
22,1,100,S
22,1,44,S
22,0,-72,S
22,1,44,S
23,1,16,S
23,1,72,S
23,0,-44,S
23,0,-16,S
23,1,44,S
23,1,100,S
23,1,16,S
23,1,72,S
23,1,72,S
23,0,-44,S
23,1,16,S
23,0,-44,S
23,1,44,S
23,1,44,S
23,1,-16,S
23,0,-16,S
23,1,16,S
23,0,72,S
23,0,-44,S
23,0,72,S
23,0,-72,S
23,0,-100,S
23,1,16,S
23,0,44,S
23,1,44,S
23,0,-72,S
23,0,-44,S
23,1,16,S
23,1,100,S
23,0,-44,S
23,1,16,S
23,0,-16,S
23,1,72,S
23,0,-72,S
23,0,-72,S
23,1,44,S
23,1,100,S
23,1,16,S
23,0,-100,S
23,0,-16,S
23,0,-44,S
23,0,-100,S
23,1,44,S
23,1,44,S
23,0,-100,S
23,1,100,S
23,0,-44,S
23,1,100,S
23,1,44,S
23,1,100,S
23,0,-44,S
23,0,-44,S
23,1,-16,S
23,0,-44,S
23,0,-44,S
23,0,-44,S
23,1,44,S
23,1,100,S
23,1,44,S
23,1,72,S
23,1,100,S
23,1,16,S
23,0,-72,S
23,1,100,S
23,1,44,S
23,0,-100,S
23,1,44,S
23,0,-44,S
23,0,-100,S
23,1,-100,S
23,0,-72,S
23,1,72,S
23,1,72,S
23,1,100,S
23,1,-44,S
23,1,100,S
23,1,16,S
23,1,-16,S
23,0,-16,S
23,1,-16,S
23,1,44,S
23,0,-44,S
23,1,16,S
23,1,100,S
23,0,-100,S
23,1,16,S
23,0,-100,S
23,1,-16,S
23,0,72,S
23,1,44,S
23,0,-16,S
23,0,-72,S
23,0,-44,S
23,1,72,S
23,0,-100,S
23,1,44,S
23,1,-16,S
23,0,-100,S
23,0,-16,S
23,1,100,S
23,1,16,S
23,1,16,S
23,1,44,S
23,0,-100,S
23,0,-44,S
23,1,100,S
23,0,-100,S
23,0,-72,S
23,1,72,S
23,1,44,S
23,1,100,S
23,0,-72,S
23,1,44,S
23,0,-72,S
23,1,44,S
23,0,-100,S
23,0,-100,S
23,0,-72,S
23,1,72,S
23,0,-72,S
23,0,-44,S
23,0,-72,S
23,1,44,S
23,0,-72,S
23,0,-44,S
23,1,-72,S
23,1,100,S
23,1,-16,S
23,1,-16,S
23,1,-16,S
23,1,72,S
23,1,16,S
23,1,44,S
23,1,44,S
23,0,-100,S
23,1,44,S
23,1,72,S
23,1,72,S
23,1,-44,S
23,1,44,S
23,0,-100,S
23,0,-16,S
23,1,100,S
23,1,16,S
23,1,100,S
23,1,100,S
23,1,100,S
23,1,100,S
23,0,-44,S
23,1,72,S
23,1,-16,S
23,0,-100,S
23,0,-100,S
23,1,100,S
23,0,-100,S
23,0,-16,S
23,1,-72,S
23,0,-72,S
23,0,-16,S
23,1,44,S
23,0,-72,S
23,0,-100,S
23,1,16,S
23,1,-16,S
23,1,72,S
23,1,72,S
23,1,72,S
23,1,44,S
23,1,100,S
23,1,-16,S
23,0,-100,S
23,1,44,S
23,1,44,S
23,1,16,S
23,0,-44,S
23,0,-72,S
23,0,44,S
23,0,-72,S
23,1,72,S
23,1,44,S
23,0,-44,S
23,1,44,S
23,1,72,S
23,1,44,S
23,0,-100,S
23,1,100,S
23,1,-44,S
23,1,72,S
23,1,72,S
23,0,-100,S
23,0,-72,S
23,0,44,S
23,1,72,S
23,1,72,S
23,1,100,S
23,1,100,S
23,0,-44,S
23,1,72,S
23,1,100,S
23,0,-16,S
23,0,-100,S
23,0,-44,S
23,1,44,S
23,0,-100,S
23,1,72,S
23,0,-16,S
23,0,-72,S
23,0,-44,S
23,1,100,S
23,1,-16,S
23,1,100,S
23,1,100,S
23,0,-72,S
23,1,16,S
23,1,100,S
23,1,100,S
23,0,-72,S
23,1,72,S
23,0,-72,S
23,0,-44,S
23,1,100,S
23,0,-16,S
23,0,-44,S
23,1,100,S
23,1,100,S
23,1,44,S
23,0,-100,S
23,1,100,S
23,1,-16,S
23,1,72,S
23,1,-16,S
23,0,-100,S
23,0,-16,S
23,1,72,S
23,0,-100,S
23,1,100,S
23,1,-72,S
23,0,-16,S
23,0,-100,S
23,0,16,S
23,1,16,S
23,1,16,S
23,0,-100,S
23,0,-16,S
23,1,-16,S
23,0,44,S
23,0,-16,S
23,1,72,S
23,1,-16,S
23,0,100,S
23,0,-100,S
23,1,44,S
23,0,-72,S
23,1,16,S
23,1,44,S
23,0,-72,S
23,0,-72,S
23,1,72,S
23,0,-44,S
23,1,72,S
23,1,16,S
23,1,-16,S
23,1,-16,S
23,1,72,S
23,1,16,S
23,1,-16,S
23,1,16,S
23,0,-16,S
23,1,-16,S
23,0,-72,S
23,0,-44,S
23,1,100,S
23,0,-72,S
23,0,-100,S
23,1,16,S
23,0,-72,S
23,0,-16,S
23,1,100,S
23,1,72,S
23,1,100,S
23,0,-72,S
23,0,-72,S
23,1,72,S
23,0,-16,S
23,1,100,S
23,1,-44,S
23,0,-44,S
23,0,-100,S
23,1,16,S
23,1,-44,S
23,1,72,S
23,1,72,S
23,0,-44,S
23,1,100,S
23,1,-44,S
23,1,72,S
23,1,44,S
23,1,100,S
23,1,44,S
23,1,44,S
23,0,44,S
23,1,16,S
23,1,44,S
23,1,-44,S
23,1,100,S
24,0,-72,S
24,0,-72,S
24,1,100,S
24,1,16,S
24,1,100,S
24,0,-100,S
24,0,-16,S
24,0,-44,S
24,1,16,S
24,1,100,S
24,0,-100,S
24,0,-72,S
24,0,-72,S
24,1,16,S
24,1,44,S
24,1,72,S
24,0,-72,S
24,0,-100,S
24,0,-44,S
24,0,-16,S
24,1,44,S
24,0,-72,S
24,0,-100,S
24,1,100,S
24,1,100,S
24,0,-72,S
24,0,-16,S
24,1,16,S
24,0,-72,S
24,1,-16,S
24,1,44,S
24,0,16,S
24,0,-72,S
24,0,-72,S
24,1,44,S
24,1,72,S
24,1,44,S
24,1,16,S
24,0,-16,S
24,0,-16,S
24,0,-72,S
24,1,72,S
24,0,-72,S
24,1,72,S
24,0,-16,S
24,1,16,S
24,0,-44,S
24,1,44,S
24,1,16,S
24,0,-72,S
24,0,-44,S
24,1,16,S
24,0,-16,S
24,0,-72,S
24,1,72,S
24,0,-100,S
24,0,44,S
24,1,100,S
24,1,72,S
24,0,-44,S
24,0,-100,S
24,1,100,S
24,0,-44,S
24,0,-100,S
24,0,-72,S
24,0,-100,S
24,1,16,S
24,1,44,S
24,1,16,S
24,1,16,S
24,0,-100,S
24,1,72,S
24,0,-100,S
24,0,-100,S
24,1,72,S
24,0,-16,S
24,0,-72,S
24,1,100,S
24,0,-16,S
24,1,16,S
24,0,-72,S
24,1,16,S
24,1,72,S
24,1,44,S
24,0,-100,S
24,0,-16,S
24,0,-72,S
24,0,-100,S
24,0,-16,S
24,1,16,S
24,0,-72,S
24,1,-44,S
24,1,72,S
24,0,-100,S
24,1,72,S
24,1,100,S
24,1,72,S
24,0,16,S
24,0,-44,S
24,1,16,S
24,1,72,S
24,0,-72,S
24,1,72,S
24,0,-44,S
24,0,-72,S
24,1,72,S
24,1,44,S
24,1,72,S
24,0,-72,S
24,0,-44,S
24,1,100,S
24,1,72,S
24,0,16,S
24,0,-16,S
24,0,-72,S
24,1,44,S
24,1,16,S
24,1,100,S
24,0,-72,S
24,1,72,S
24,1,72,S
24,0,-72,S
24,1,16,S
24,1,100,S
24,0,-16,S
24,1,16,S
24,0,-72,S
24,1,16,S
24,0,-44,S
24,0,-100,S
24,0,-100,S
24,1,72,S
24,0,-72,S
24,0,-72,S
24,1,-16,S
24,1,72,S
24,1,16,S
24,0,-72,S
24,1,16,S
24,0,-44,S
24,0,-44,S
24,0,-72,S
24,0,-100,S
24,1,72,S
24,1,44,S
24,0,-100,S
24,1,-16,S
24,1,-16,S
24,1,16,S
24,0,-100,S
24,0,-44,S
24,0,-72,S
24,1,16,S
24,0,-72,S
24,1,100,S
24,0,-16,S
24,1,44,S
24,1,16,S
24,0,-44,S
24,0,-100,S
24,1,72,S
24,1,72,S
24,0,-16,S
24,1,72,S
24,1,72,S
24,0,-16,S
24,0,16,S
24,0,-72,S
24,1,72,S
24,1,72,S
24,0,16,S
24,0,-72,S
24,0,44,S
24,0,-44,S
24,0,-44,S
24,0,-100,S
24,0,-44,S
24,0,44,S
24,0,-100,S
24,0,-100,S
24,0,-16,S
24,0,-100,S
24,1,72,S
24,0,16,S
24,0,44,S
24,1,100,S
24,0,-100,S
24,0,-100,S
24,0,-72,S
24,1,44,S
24,0,-44,S
24,0,-44,S
24,1,16,S
24,0,-100,S
24,0,-100,S
24,1,44,S
24,1,-16,S
24,0,-72,S
24,1,72,S
24,1,100,S
24,0,-16,S
24,1,44,S
24,0,-100,S
24,1,72,S
24,0,-44,S
24,0,-44,S
24,0,-100,S
24,0,-44,S
24,0,-72,S
24,0,-72,S
24,1,44,S
24,1,100,S
24,0,-72,S
24,0,-72,S
24,0,-16,S
24,0,-44,S
24,0,-44,S
24,0,16,S
24,0,-100,S
24,0,44,S
24,0,-16,S
24,0,-100,S
24,0,16,S
24,1,72,S
24,0,-44,S
24,0,-44,S
24,0,-16,S
24,1,44,S
24,0,-72,S
24,0,-100,S
24,0,-100,S
24,1,100,S
24,0,-72,S
24,0,-44,S
24,1,72,S
24,1,44,S
24,1,100,S
24,1,100,S
24,1,16,S
24,1,16,S
24,0,-44,S
24,1,16,S
24,1,100,S
24,1,44,S
24,1,100,S
24,0,-100,S
24,1,72,S
24,1,100,S
24,1,72,S
24,0,-100,S
24,1,44,S
24,0,-72,S
24,0,-100,S
24,1,16,S
24,1,16,S
24,1,100,S
24,1,-16,S
24,1,72,S
24,1,16,S
24,0,-100,S
24,1,100,S
24,0,-16,S
24,0,-16,S
24,0,-100,S
24,0,-72,S
24,0,16,S
24,1,72,S
24,0,16,S
24,0,-100,S
24,0,-44,S
24,0,-16,S
24,0,-16,S
24,1,16,S
24,0,-44,S
24,0,-72,S
24,1,16,S
24,0,-100,S
24,0,-16,S
24,1,44,S
24,1,72,S
24,0,-44,S
24,1,16,S
24,0,-44,S
24,1,72,S
24,0,-100,S
24,0,-100,S
24,0,-100,S
24,0,-44,S
24,0,-100,S
24,1,-44,S
24,0,-100,S
24,0,-44,S
24,0,-100,S
25,0,-44,S
25,1,100,S
25,0,100,S
25,0,-72,S
25,0,-16,S
25,1,72,S
25,0,-72,S
25,1,44,S
25,0,16,S
25,0,-100,S
25,0,-100,S
25,0,-16,S
25,0,-100,S
25,0,-44,S
25,1,44,S
25,1,16,S
25,0,-72,S
25,0,-100,S
25,0,-100,S
25,0,-100,S
25,0,-44,S
25,0,-16,S
25,0,44,S
25,1,72,S
25,1,16,S
25,1,44,S
25,0,-72,S
25,0,-100,S
25,1,100,S
25,0,16,S
25,0,-72,S
25,0,-100,S
25,0,16,S
25,1,44,S
25,1,100,S
25,0,-100,S
25,1,100,S
25,1,72,S
25,1,100,S
25,1,100,S
25,0,-100,S
25,1,44,S
25,1,44,S
25,1,72,S
25,0,-44,S
25,0,-100,S
25,0,-44,S
25,0,-44,S
25,0,16,S
25,0,-100,S
25,0,-72,S
25,1,72,S
25,0,-44,S
25,1,72,S
25,0,-72,S
25,0,16,S
25,0,-72,S
25,0,-72,S
25,1,72,S
25,1,100,S
25,0,-44,S
25,1,72,S
25,0,-16,S
25,0,-44,S
25,0,-44,S
25,0,-100,S
25,0,-44,S
25,0,16,S
25,1,44,S
25,0,-72,S
25,0,-72,S
25,1,72,S
25,1,44,S
25,0,-16,S
25,0,-44,S
25,1,100,S
25,1,16,S
25,0,-72,S
25,0,-100,S
25,0,-16,S
25,1,16,S
25,0,-100,S
25,0,-72,S
25,1,100,S
25,0,-16,S
25,1,16,S
25,1,72,S
25,0,-16,S
25,1,44,S
25,1,72,S
25,1,44,S
25,1,72,S
25,1,72,S
25,1,72,S
25,0,-44,S
25,1,100,S
25,0,-16,S
25,0,16,S
25,0,-72,S
25,0,-72,S
25,1,100,S
25,0,44,S
25,0,-16,S
25,1,100,S
25,1,100,S
25,1,100,S
25,1,72,S
25,1,72,S
25,0,-44,S
25,1,44,S
25,0,-100,S
25,0,-72,S
25,0,-44,S
25,1,44,S
25,0,-72,S
25,0,-44,S
25,0,-16,S
25,1,16,S
25,1,72,S
25,0,-72,S
25,0,-16,S
25,1,100,S
25,1,72,S
25,1,16,S
25,1,100,S
25,0,-16,S
25,1,16,S
25,1,100,S
25,0,-100,S
25,1,44,S
25,0,-72,S
25,1,44,S
25,1,16,S
25,1,100,S
25,1,44,S
25,0,-72,S
25,0,-72,S
25,0,-44,S
25,0,-72,S
25,1,100,S
25,0,-16,S
25,1,100,S
25,0,-44,S
25,1,44,S
25,0,-100,S
25,1,16,S
25,0,-16,S
25,0,-72,S
25,0,-44,S
25,1,44,S
25,0,-44,S
25,0,-44,S
25,0,-44,S
25,0,-100,S
25,0,-16,S
25,0,-72,S
25,1,72,S
25,1,72,S
25,1,72,S
25,1,72,S
25,1,100,S
25,0,-100,S
25,1,100,S
25,0,-72,S
25,0,-16,S
25,1,72,S
25,1,100,S
25,0,-72,S
25,0,-72,S
25,0,-16,S
25,0,16,S
25,1,72,S
25,1,72,S
25,0,-16,S
25,1,72,S
25,1,44,S
25,1,72,S
25,0,-44,S
25,0,-44,S
25,0,-44,S
25,1,16,S
25,0,-100,S
25,1,72,S
25,0,-44,S
25,0,-72,S
25,0,-44,S
25,0,-100,S
25,0,-100,S
25,0,-44,S
25,1,100,S
25,1,72,S
25,0,-44,S
25,1,100,S
25,0,-72,S
25,0,44,S
25,0,-16,S
25,1,16,S
25,1,100,S
25,0,-44,S
25,0,-100,S
25,0,-100,S
25,1,100,S
25,1,72,S
25,0,-44,S
25,1,16,S
25,0,-72,S
25,1,72,S
25,1,100,S
25,1,-44,S
25,0,-72,S
25,1,44,S
25,0,-100,S
25,1,100,S
25,0,-16,S
25,0,-16,S
25,1,100,S
25,0,-44,S
25,1,16,S
25,0,-100,S
25,0,-16,S
25,0,-16,S
25,1,100,S
25,0,-100,S
25,1,72,S
25,1,100,S
25,1,72,S
25,0,-72,S
25,0,-44,S
25,1,-16,S
25,0,-44,S
25,1,100,S
25,1,16,S
25,0,-100,S
25,0,-44,S
25,0,-16,S
25,0,-100,S
25,1,100,S
25,0,-100,S
25,0,-72,S
25,0,100,S
25,0,-100,S
25,1,44,S
25,1,72,S
25,1,100,S
25,1,100,S
25,1,44,S
25,1,72,S
25,0,-16,S
25,0,-44,S
25,1,72,S
25,1,72,S
25,1,16,S
25,1,72,S
25,0,-72,S
25,1,44,S
25,1,100,S
25,0,-16,S
25,0,-100,S
25,0,-72,S
25,0,-100,S
25,1,100,S
25,0,-100,S
25,0,-44,S
25,1,72,S
25,1,100,S
25,0,-16,S
25,0,-100,S
25,0,-16,S
25,1,44,S
25,0,-44,S
25,0,-100,S
25,0,-16,S
25,0,16,S
25,0,-16,S
25,1,72,S
25,0,-72,S
25,0,-44,S
25,0,-72,S
25,0,-100,S
25,1,100,S
25,1,16,S
25,1,100,S
25,0,-16,S
25,1,72,S
25,0,-16,S
25,1,16,S
25,1,100,S
25,1,100,S
25,1,44,S
25,0,-16,S
25,1,100,S
25,0,-72,S
25,0,-100,S
25,1,72,S
26,1,72,S
26,0,-72,S
26,0,-72,S
26,0,-100,S
26,0,-100,S
26,0,-16,S
26,1,44,S
26,1,72,S
26,0,44,S
26,1,100,S
26,0,-100,S
26,0,-16,S
26,1,16,S
26,1,16,S
26,0,72,S
26,0,-100,S
26,0,44,S
26,1,16,S
26,0,-72,S
26,1,16,S
26,0,-72,S
26,0,-72,S
26,1,100,S
26,1,100,S
26,0,-72,S
26,0,-16,S
26,0,-44,S
26,0,16,S
26,1,44,S
26,1,72,S
26,0,-44,S
26,1,44,S
26,0,-72,S
26,1,72,S
26,1,100,S
26,0,44,S
26,0,-44,S
26,1,72,S
26,1,16,S
26,0,72,S
26,0,-16,S
26,1,72,S
26,0,-100,S
26,1,100,S
26,1,72,S
26,1,16,S
26,0,-72,S
26,0,-44,S
26,0,-44,S
26,0,-16,S
26,0,-100,S
26,0,-44,S
26,1,72,S
26,1,72,S
26,1,72,S
26,0,-16,S
26,1,72,S
26,1,72,S
26,1,100,S
26,0,-44,S
26,1,100,S
26,1,100,S
26,1,100,S
26,1,72,S
26,0,-44,S
26,1,72,S
26,0,16,S
26,0,-72,S
26,1,100,S
26,0,44,S
26,0,-44,S
26,0,-100,S
26,0,-72,S
26,1,44,S
26,1,16,S
26,1,16,S
26,0,-16,S
26,1,16,S
26,0,-16,S
26,1,44,S
26,1,16,S
26,1,100,S
26,0,16,S
26,0,16,S
26,1,44,S
26,1,72,S
26,1,44,S
26,1,44,S
26,0,-16,S
26,0,-44,S
26,0,44,S
26,0,44,S
26,1,72,S
26,0,-16,S
26,0,-16,S
26,1,100,S
26,0,-100,S
26,1,100,S
26,0,-100,S
26,0,-16,S
26,0,16,S
26,0,-16,S
26,0,-100,S
26,1,100,S
26,1,100,S
26,0,44,S
26,0,-16,S
26,0,-100,S
26,1,72,S
26,1,16,S
26,0,-16,S
26,1,44,S
26,1,100,S
26,1,16,S
26,1,-16,S
26,1,44,S
26,0,-44,S
26,0,-100,S
26,0,16,S
26,0,-44,S
26,0,-16,S
26,1,100,S
26,1,-16,S
26,0,-72,S
26,0,16,S
26,1,44,S
26,1,44,S
26,0,-16,S
26,0,-72,S
26,0,-72,S
26,1,100,S
26,0,-44,S
26,0,-100,S
26,1,16,S
26,0,-100,S
26,1,44,S
26,1,72,S
26,1,44,S
26,1,100,S
26,1,100,S
26,0,-100,S
26,1,44,S
26,1,44,S
26,0,-100,S
26,0,-44,S
26,0,-44,S
26,1,44,S
26,0,-100,S
26,1,44,S
26,1,100,S
26,0,-44,S
26,1,16,S
26,0,-72,S
26,1,44,S
26,1,100,S
26,1,44,S
26,1,16,S
26,1,100,S
26,0,-72,S
26,1,16,S
26,0,-44,S
26,0,-72,S
26,1,16,S
26,0,-44,S
26,1,100,S
26,0,-100,S
26,1,72,S
26,1,72,S
26,1,72,S
26,0,-72,S
26,1,100,S
26,1,16,S
26,0,-44,S
26,0,-44,S
26,0,16,S
26,0,-16,S
26,1,16,S
26,1,44,S
26,0,-72,S
26,1,44,S
26,1,72,S
26,1,16,S
26,0,-16,S
26,0,-16,S
26,1,44,S
26,1,100,S
26,1,44,S
26,0,-72,S
26,0,-44,S
26,0,-100,S
26,1,100,S
26,1,16,S
26,1,44,S
26,1,16,S
26,0,-100,S
26,1,72,S
26,0,-16,S
26,1,100,S
26,0,-100,S
26,1,44,S
26,0,-72,S
26,1,72,S
26,1,100,S
26,1,100,S
26,0,-100,S
26,0,-72,S
26,1,16,S
26,0,-100,S
26,0,-72,S
26,1,-16,S
26,0,-72,S
26,1,72,S
26,1,16,S
26,0,-72,S
26,0,-16,S
26,1,100,S
26,1,16,S
26,0,-72,S
26,0,-16,S
26,1,72,S
26,1,-16,S
26,0,-72,S
26,0,-100,S
26,1,100,S
26,1,100,S
26,0,-72,S
26,1,-16,S
26,0,-72,S
26,0,-100,S
26,0,-100,S
26,0,-100,S
26,0,-44,S
26,0,-16,S
26,1,16,S
26,1,44,S
26,1,16,S
26,1,72,S
26,1,72,S
26,1,44,S
26,1,44,S
26,1,44,S
26,0,-100,S
26,1,44,S
26,0,-44,S
26,1,16,S
26,1,16,S
26,1,-16,S
26,1,16,S
26,1,16,S
26,0,-44,S
26,0,-72,S
26,0,-72,S
26,1,100,S
26,1,16,S
26,1,16,S
26,1,100,S
26,0,-44,S
26,1,100,S
26,1,16,S
26,1,44,S
26,0,-16,S
26,0,44,S
26,1,72,S
26,1,72,S
26,1,72,S
26,0,-44,S
26,1,16,S
26,1,16,S
26,0,44,S
26,1,72,S
26,0,-44,S
26,1,44,S
26,0,-100,S
26,1,44,S
26,1,72,S
26,1,44,S
26,1,44,S
26,1,100,S
26,1,16,S
26,1,72,S
26,1,44,S
26,0,-72,S
26,1,72,S
26,1,-16,S
26,0,-44,S
26,0,-100,S
26,0,-44,S
26,1,100,S
26,1,100,S
26,1,-44,S
26,0,-44,S
26,1,-100,S
26,1,44,S
26,1,72,S
26,1,-16,S
26,0,-100,S
26,1,72,S
26,1,16,S
26,0,-44,S
26,1,-16,S
26,0,-16,S
26,0,-100,S
26,1,-44,S
26,0,-100,S
26,0,-16,S
26,0,-100,S
26,0,-44,S
26,1,44,S
26,0,-72,S
26,1,44,S
26,0,44,S
27,0,-44,S
27,0,-16,S
27,1,-100,S
27,1,16,S
27,0,44,S
27,0,-100,S
27,1,100,S
27,1,-72,S
27,0,16,S
27,0,-44,S
27,1,-72,S
27,1,44,S
27,1,100,S
27,0,-44,S
27,1,-72,S
27,1,16,S
27,0,-100,S
27,1,16,S
27,0,-72,S
27,1,44,S
27,1,100,S
27,0,-100,S
27,0,-16,S
27,0,72,S
27,0,-100,S
27,0,-44,S
27,0,-72,S
27,0,-44,S
27,1,100,S
27,0,-16,S
27,0,-100,S
27,0,-44,S
27,1,100,S
27,0,-72,S
27,0,-44,S
27,1,100,S
27,0,-100,S
27,1,16,S
27,0,-16,S
27,0,72,S
27,0,-16,S
27,0,-16,S
27,1,16,S
27,0,16,S
27,0,16,S
27,0,100,S
27,0,44,S
27,0,-100,S
27,1,44,S
27,1,100,S
27,0,-72,S
27,1,72,S
27,1,-16,S
27,0,-44,S
27,0,44,S
27,0,-100,S
27,0,44,S
27,1,100,S
27,1,72,S
27,1,44,S
27,0,-72,S
27,0,-16,S
27,1,100,S
27,1,16,S
27,0,-72,S
27,0,-44,S
27,0,-100,S
27,0,-44,S
27,0,-72,S
27,0,-100,S
27,0,-44,S
27,0,-16,S
27,1,72,S
27,1,16,S
27,0,16,S
27,0,16,S
27,0,-100,S
27,0,72,S
27,0,-16,S
27,1,16,S
27,0,-16,S
27,1,100,S
27,1,44,S
27,0,-100,S
27,0,44,S
27,0,16,S
27,1,44,S
27,0,-100,S
27,0,16,S
27,1,72,S
27,0,-72,S
27,0,72,S
27,1,100,S
27,0,-100,S
27,0,-100,S
27,0,-100,S
27,0,-16,S
27,0,-100,S
27,0,-44,S
27,0,44,S
27,1,72,S
27,0,-16,S
27,0,-16,S
27,0,-44,S
27,1,-72,S
27,0,44,S
27,0,-16,S
27,1,100,S
27,0,-16,S
27,0,-44,S
27,0,100,S
27,0,16,S
27,0,-44,S
27,0,-44,S
27,0,-44,S
27,0,44,S
27,0,-72,S
27,0,-100,S
27,0,-100,S
27,0,44,S
27,0,16,S
27,0,-72,S
27,1,16,S
27,1,72,S
27,1,100,S
27,1,72,S
27,0,-16,S
27,1,100,S
27,0,-16,S
27,0,16,S
27,0,16,S
27,1,16,S
27,0,-44,S
27,0,16,S
27,1,100,S
27,1,72,S
27,1,16,S
27,0,16,S
27,0,-100,S
27,1,72,S
27,0,-100,S
27,1,72,S
27,0,-44,S
27,0,-44,S
27,0,-44,S
27,1,72,S
27,1,44,S
27,0,-100,S
27,0,-100,S
27,1,16,S
27,1,72,S
27,1,44,S
27,0,-16,S
27,0,-44,S
27,0,16,S
27,0,-16,S
27,0,-100,S
27,0,-100,S
27,1,72,S
27,1,100,S
27,0,-44,S
27,1,72,S
27,0,-100,S
27,0,-16,S
27,1,-16,S
27,0,-100,S
27,0,-44,S
27,1,-44,S
27,1,100,S
27,0,-44,S
27,0,16,S
27,0,-72,S
27,0,-72,S
27,1,72,S
27,1,44,S
27,0,-44,S
27,1,16,S
27,1,72,S
27,0,-72,S
27,1,100,S
27,1,100,S
27,0,-100,S
27,1,44,S
27,1,72,S
27,0,-16,S
27,1,100,S
27,1,44,S
27,0,-72,S
27,0,-100,S
27,1,16,S
27,1,-16,S
27,0,-16,S
27,0,16,S
27,1,16,S
27,0,72,S
27,0,-44,S
27,1,72,S
27,1,16,S
27,0,-44,S
27,0,-72,S
27,1,72,S
27,1,100,S
27,0,-100,S
27,0,-16,S
27,0,-72,S
27,0,-16,S
27,0,-44,S
27,0,-100,S
27,0,-100,S
27,1,-44,S
27,1,-16,S
27,0,-16,S
27,1,-16,S
27,0,16,S
27,1,44,S
27,0,-44,S
27,0,72,S
27,1,-16,S
27,0,-44,S
27,0,-72,S
27,1,100,S
27,0,-44,S
27,1,72,S
27,1,72,S
27,0,-72,S
27,0,-72,S
27,0,-16,S
27,1,72,S
27,0,16,S
27,1,16,S
27,1,44,S
27,0,72,S
27,0,-44,S
27,1,100,S
27,1,100,S
27,0,-44,S
27,1,100,S
27,1,72,S
27,0,-44,S
27,1,-44,S
27,0,-72,S
27,0,-44,S
27,0,16,S
27,0,-16,S
27,1,100,S
27,0,16,S
27,0,-44,S
27,1,16,S
27,1,-44,S
27,0,-100,S
27,1,16,S
27,0,-44,S
27,0,16,S
27,0,-16,S
27,1,16,S
27,0,-44,S
27,1,100,S
27,0,-44,S
28,0,72,S
28,0,-100,S
28,0,-44,S
28,0,-44,S
28,1,72,S
28,1,-72,S
28,1,16,S
28,1,44,S
28,1,16,S
28,0,-72,S
28,1,-16,S
28,1,-44,S
28,1,100,S
28,0,-72,S
28,1,44,S
28,1,44,S
28,0,-44,S
28,0,-100,S
28,1,44,S
28,1,16,S
28,0,-72,S
28,0,-16,S
28,0,-44,S
28,1,72,S
28,1,-16,S
28,1,100,S
28,1,-44,S
28,0,-16,S
28,0,-72,S
28,1,-16,S
28,0,-100,S
28,0,100,S
28,0,-44,S
28,0,72,S
28,0,-72,S
28,1,72,S
28,1,16,S
28,0,-100,S
28,1,72,S
28,0,-16,S
28,0,-100,S
28,0,-100,S
28,0,72,S
28,1,72,S
28,0,-44,S
28,1,44,S
28,1,44,S
28,0,-44,S
28,1,44,S
28,1,72,S
28,1,16,S
28,1,100,S
28,0,-44,S
28,0,16,S
28,0,16,S
28,1,72,S
28,0,-100,S
28,1,100,S
28,0,-44,S
28,0,-16,S
28,1,72,S
28,0,-100,S
28,0,-72,S
28,1,100,S
28,0,-44,S
28,0,-100,S
28,1,100,S
28,1,100,S
28,0,-100,S
28,0,-16,S
28,1,-44,S
28,1,72,S
28,1,72,S
28,1,-44,S
28,0,-100,S
28,0,16,S
28,0,-72,S
28,0,-44,S
28,0,-72,S
28,0,-72,S
28,1,16,S
28,1,16,S
28,0,-100,S
28,0,16,S
28,0,-100,S
28,0,-44,S
28,1,100,S
28,1,72,S
28,1,100,S
28,0,-16,S
28,0,-44,S
28,1,100,S
28,1,72,S
28,0,-16,S
28,1,100,S
28,0,-100,S
28,0,-16,S
28,1,44,S
28,0,-72,S
28,1,72,S
28,1,72,S
28,0,-44,S
28,0,-16,S
28,0,44,S
28,1,-16,S
28,0,-100,S
28,0,-72,S
28,1,100,S
28,1,16,S
28,1,100,S
28,0,-100,S
28,1,100,S
28,1,16,S
28,1,100,S
28,1,44,S
28,1,100,S
28,1,72,S
28,0,-100,S
28,1,16,S
28,1,16,S
28,1,16,S
28,1,100,S
28,1,72,S
28,0,16,S
28,0,44,S
28,1,16,S
28,1,100,S
28,0,-100,S
28,0,-72,S
28,1,100,S
28,1,44,S
28,1,72,S
28,0,-100,S
28,1,100,S
28,1,72,S
28,0,-100,S
28,0,-44,S
28,0,-44,S
28,1,100,S
28,1,-16,S
28,0,-44,S
28,0,-72,S
28,1,100,S
28,0,-72,S
28,0,-44,S
28,0,-100,S
28,1,44,S
28,0,16,S
28,1,-44,S
28,1,72,S
28,1,72,S
28,1,72,S
28,0,-100,S
28,1,100,S
28,0,-100,S
28,1,100,S
28,0,-16,S
28,0,72,S
28,1,100,S
28,1,100,S
28,1,100,S
28,1,44,S
28,0,-44,S
28,1,16,S
28,0,-44,S
28,0,-16,S
28,1,44,S
28,1,44,S
28,1,72,S
28,1,72,S
28,1,72,S
28,1,100,S
28,1,100,S
28,0,-44,S
28,0,-16,S
28,1,72,S
28,1,72,S
28,0,-100,S
28,1,100,S
28,1,100,S
28,1,100,S
28,1,72,S
28,1,72,S
28,1,100,S
28,0,16,S
28,0,-16,S
28,0,-100,S
28,0,-72,S
28,1,100,S
28,1,100,S
28,1,100,S
28,0,-44,S
28,1,72,S
28,1,72,S
28,1,100,S
28,0,-44,S
28,0,-16,S
28,0,16,S
28,0,44,S
28,0,-72,S
28,0,-72,S
28,0,16,S
28,0,44,S
28,0,-44,S
28,0,-16,S
28,1,100,S
28,1,16,S
28,1,44,S
28,0,-16,S
28,1,100,S
28,0,100,S
28,0,-44,S
28,1,100,S
28,1,-16,S
28,1,44,S
28,1,44,S
28,1,72,S
28,0,-100,S
28,0,-16,S
28,0,-100,S
28,1,100,S
28,1,100,S
28,1,100,S
28,1,72,S
28,0,-44,S
28,0,16,S
28,0,-44,S
28,0,-72,S
28,0,-72,S
28,1,-16,S
28,0,16,S
28,0,-100,S
28,0,-100,S
28,1,100,S
28,0,-72,S
28,1,44,S
28,1,72,S
28,1,-16,S
28,0,-72,S
28,1,-16,S
28,1,44,S
28,0,-100,S
28,1,100,S
28,1,72,S
28,1,100,S
28,0,-72,S
28,1,72,S
28,0,-16,S
28,0,-72,S
28,1,44,S
28,0,-72,S
28,0,-16,S
28,0,16,S
28,0,-100,S
28,1,72,S
28,0,16,S
28,1,-16,S
28,1,72,S
28,0,-72,S
28,0,-100,S
28,1,72,S
28,0,-16,S
28,0,-72,S
28,0,-16,S
28,0,-44,S
28,0,-44,S
28,0,16,S
28,0,16,S
28,1,-16,S
28,0,-100,S
28,0,100,S
28,0,-44,S
28,1,72,S
28,1,100,S
28,0,-100,S
28,0,-16,S
28,0,44,S
29,0,-44,S
29,1,16,S
29,0,-44,S
29,1,100,S
29,1,100,S
29,1,16,S
29,1,100,S
29,0,-16,S
29,1,16,S
29,1,-16,S
29,1,44,S
29,0,-100,S
29,1,-100,S
29,1,16,S
29,0,-44,S
29,0,16,S
29,1,44,S
29,1,100,S
29,1,100,S
29,1,72,S
29,0,-44,S
29,0,-100,S
29,1,100,S
29,0,-100,S
29,0,-44,S
29,0,16,S
29,1,44,S
29,1,72,S
29,0,-100,S
29,0,-72,S
29,1,72,S
29,0,-100,S
29,1,-16,S
29,1,-16,S
29,0,-72,S
29,0,-16,S
29,0,100,S
29,1,16,S
29,0,16,S
29,0,-72,S
29,0,-72,S
29,0,-44,S
29,1,44,S
29,0,44,S
29,0,-100,S
29,0,-72,S
29,1,72,S
29,0,-100,S
29,1,72,S
29,1,16,S
29,1,16,S
29,1,-100,S
29,1,72,S
29,1,16,S
29,1,72,S
29,1,16,S
29,1,44,S
29,0,-44,S
29,1,16,S
29,0,-72,S
29,1,100,S
29,1,72,S
29,0,-44,S
29,1,44,S
29,0,72,S
29,1,100,S
29,0,-44,S
29,1,44,S
29,0,-100,S
29,0,-16,S
29,1,44,S
29,1,16,S
29,1,16,S
29,1,100,S
29,1,72,S
29,1,16,S
29,0,-16,S
29,0,-16,S
29,0,-44,S
29,0,-100,S
29,0,-100,S
29,0,-44,S
29,1,72,S
29,1,100,S
29,0,16,S
29,1,44,S
29,1,72,S
29,1,72,S
29,1,44,S
29,0,-72,S
29,0,-72,S
29,1,16,S
29,0,-72,S
29,1,16,S
29,0,44,S
29,1,44,S
29,1,100,S
29,1,44,S
29,1,100,S
29,1,72,S
29,1,-16,S
29,1,72,S
29,0,16,S
29,1,16,S
29,0,-16,S
29,1,44,S
29,0,-100,S
29,1,-16,S
29,1,100,S
29,1,16,S
29,0,-44,S
29,1,-16,S
29,1,44,S
29,1,72,S
29,1,100,S
29,0,-100,S
29,1,44,S
29,1,44,S
29,1,100,S
29,0,-44,S
29,0,-44,S
29,0,16,S
29,0,-16,S
29,1,-16,S
29,1,100,S
29,0,-100,S
29,0,-72,S
29,1,-44,S
29,0,-16,S
29,1,100,S
29,1,-16,S
29,0,-72,S
29,0,-44,S
29,0,-44,S
29,1,100,S
29,1,16,S
29,1,44,S
29,0,-100,S
29,0,-16,S
29,1,72,S
29,0,-100,S
29,0,16,S
29,1,100,S
29,0,-72,S
29,1,100,S
29,0,16,S
29,1,44,S
29,0,-72,S
29,1,16,S
29,0,-100,S
29,0,-16,S
29,1,44,S
29,1,100,S
29,0,-44,S
29,0,-44,S
29,1,16,S
29,1,72,S
29,0,-44,S
29,0,-16,S
29,1,72,S
29,0,-100,S
29,1,100,S
29,1,44,S
29,1,44,S
29,1,44,S
29,0,-16,S
29,0,-100,S
29,0,72,S
29,1,44,S
29,0,-72,S
29,0,-72,S
29,0,-44,S
29,0,-72,S
29,0,-72,S
29,0,-44,S
29,1,100,S
29,0,-100,S
29,1,44,S
29,0,-44,S
29,0,-72,S
29,1,72,S
29,0,-72,S
29,1,44,S
29,1,44,S
29,0,16,S
29,1,16,S
29,1,44,S
29,1,16,S
29,0,44,S
29,0,-72,S
29,0,-100,S
29,0,-44,S
29,0,-44,S
29,0,-72,S
29,1,44,S
29,1,100,S
29,0,72,S
29,1,100,S
29,1,16,S
29,0,44,S
29,0,-100,S
29,1,100,S
29,1,100,S
29,0,-44,S
29,1,-44,S
29,0,-72,S
29,1,16,S
29,1,100,S
29,0,-16,S
29,0,-72,S
29,1,44,S
29,1,16,S
29,0,16,S
29,0,-44,S
29,0,-72,S
29,1,16,S
29,0,-100,S
29,1,-16,S
29,0,-100,S
29,0,-16,S
29,0,-72,S
29,1,72,S
29,1,72,S
29,1,100,S
29,0,-16,S
29,0,-72,S
29,0,-44,S
29,1,-16,S
29,1,100,S
29,1,16,S
29,0,-44,S
29,0,-44,S
29,1,100,S
29,0,-72,S
29,0,-100,S
29,0,-44,S
29,1,16,S
29,1,100,S
29,0,-44,S
29,1,16,S
29,0,-100,S
29,0,-44,S
29,1,-44,S
29,1,100,S
29,1,16,S
29,1,72,S
29,0,16,S
29,1,100,S
29,0,-44,S
29,0,-72,S
29,1,16,S
29,0,-44,S
29,0,-16,S
29,1,44,S
29,0,16,S
29,0,-16,S
29,1,44,S
29,1,100,S
29,1,100,S
29,0,-72,S
29,0,16,S
29,0,16,S
29,1,16,S
29,1,72,S
29,1,16,S
29,0,-44,S
29,1,-16,S
29,0,-16,S
29,1,44,S
29,0,-44,S
29,0,-16,S
29,1,16,S
29,0,-44,S
29,0,-100,S
29,0,-100,S
29,1,16,S
29,1,44,S
29,1,72,S
29,1,44,S
29,0,-100,S
29,1,100,S
29,1,44,S
29,0,-100,S
29,1,16,S
29,0,-44,S
29,1,72,S
29,1,100,S
29,1,72,S
29,1,44,S
29,1,72,S
29,0,-72,S
29,0,-72,S
29,0,-72,S
30,1,44,S
30,1,100,S
30,1,44,S
30,0,16,S
30,1,72,S
30,1,72,S
30,0,16,S
30,1,72,S
30,1,44,S
30,0,44,S
30,0,-44,S
30,0,-16,S
30,0,-16,S
30,0,-100,S
30,1,100,S
30,0,-44,S
30,1,44,S
30,1,44,S
30,1,72,S
30,0,-44,S
30,0,-44,S
30,1,44,S
30,0,-44,S
30,0,-100,S
30,0,-72,S
30,0,-100,S
30,1,72,S
30,1,100,S
30,0,16,S
30,1,72,S
30,0,-44,S
30,1,100,S
30,0,16,S
30,0,-100,S
30,1,100,S
30,0,16,S
30,1,100,S
30,1,44,S
30,1,72,S
30,0,-100,S
30,0,72,S
30,0,-16,S
30,0,-72,S
30,0,-44,S
30,0,-72,S
30,1,72,S
30,1,16,S
30,0,-72,S
30,0,44,S
30,0,-72,S
30,1,100,S
30,0,-100,S
30,0,-100,S
30,0,-72,S
30,0,-44,S
30,1,72,S
30,0,72,S
30,0,-44,S
30,0,-72,S
30,0,-44,S
30,0,-100,S
30,0,16,S
30,0,-100,S
30,0,-16,S
30,1,100,S
30,1,72,S
30,1,100,S
30,1,100,S
30,0,-16,S
30,0,-44,S
30,1,44,S
30,1,16,S
30,1,72,S
30,0,-44,S
30,0,-16,S
30,1,72,S
30,0,-16,S
30,0,-100,S
30,0,-100,S
30,0,-100,S
30,1,44,S
30,1,44,S
30,1,100,S
30,1,72,S
30,0,-72,S
30,1,-16,S
30,0,-44,S
30,1,44,S
30,0,16,S
30,0,-44,S
30,1,72,S
30,1,100,S
30,1,72,S
30,0,-16,S
30,0,-100,S
30,1,44,S
30,0,-44,S
30,1,16,S
30,1,16,S
30,1,16,S
30,0,-72,S
30,1,72,S
30,0,-100,S
30,0,16,S
30,0,-16,S
30,0,-72,S
30,1,100,S
30,0,-100,S
30,0,44,S
30,1,44,S
30,1,72,S
30,0,-72,S
30,0,-100,S
30,0,-100,S
30,0,72,S
30,1,100,S
30,0,-44,S
30,0,72,S
30,0,-100,S
30,0,-44,S
30,0,44,S
30,0,-100,S
30,1,44,S
30,1,100,S
30,1,44,S
30,0,-72,S
30,1,100,S
30,0,16,S
30,0,44,S
30,0,-72,S
30,1,72,S
30,0,16,S
30,0,-72,S
30,1,100,S
30,1,44,S
30,1,16,S
30,0,16,S
30,1,100,S
30,0,-72,S
30,0,44,S
30,0,-44,S
30,1,72,S
30,0,16,S
30,1,100,S
30,0,-44,S
30,0,-16,S
30,0,-44,S
30,0,16,S
30,0,16,S
30,0,-72,S
30,0,-16,S
30,1,44,S
30,0,-100,S
30,0,44,S
30,1,100,S
30,0,-72,S
30,0,72,S
30,0,-72,S
30,0,-72,S
30,1,72,S
30,1,72,S
30,1,100,S
30,0,-16,S
30,1,44,S
30,0,-16,S
30,1,16,S
30,0,-16,S
30,1,100,S
30,0,16,S
30,0,-44,S
30,0,-16,S
30,0,-72,S
30,0,-100,S
30,0,-100,S
30,1,100,S
30,0,-16,S
30,0,-100,S
30,1,72,S
30,1,100,S
30,0,-44,S
30,0,44,S
30,1,44,S
30,1,100,S
30,0,-72,S
30,0,-100,S
30,0,-72,S
30,1,72,S
30,1,44,S
30,0,-44,S
30,0,-100,S
30,0,16,S
30,0,-72,S
30,0,-72,S
30,0,16,S
30,0,44,S
30,0,-44,S
30,1,44,S
30,1,72,S
30,1,100,S
30,1,72,S
30,1,44,S
30,1,72,S
30,0,-44,S
30,1,44,S
30,0,-44,S
30,0,-44,S
30,1,16,S
30,0,-44,S
30,0,-44,S
30,1,100,S
30,1,44,S
30,1,100,S
30,0,-44,S
30,1,16,S
30,1,72,S
30,0,-100,S
30,1,100,S
30,1,72,S
30,1,16,S
30,1,16,S
30,0,-72,S
30,1,100,S
30,0,-100,S
30,0,-100,S
30,1,100,S
30,0,-44,S
30,0,-44,S
30,0,-100,S
30,1,72,S
30,1,16,S
30,0,-100,S
30,0,-72,S
30,1,16,S
30,0,-44,S
30,1,100,S
30,1,16,S
30,1,72,S
30,1,100,S
30,1,100,S
30,1,16,S
30,0,-16,S
30,1,100,S
30,0,-100,S
30,0,-72,S
30,1,100,S
30,1,100,S
30,0,-16,S
30,1,72,S
30,1,100,S
30,0,-100,S
30,0,-72,S
30,1,100,S
30,0,16,S
30,0,-16,S
30,0,-44,S
30,0,-72,S
30,0,-16,S
30,0,-16,S
30,1,100,S
30,1,44,S
30,1,44,S
30,0,-72,S
30,0,-100,S
30,0,-16,S
30,0,-100,S
30,0,-100,S
30,1,100,S
30,0,16,S
30,0,-16,S
31,1,100,S
31,1,72,S
31,0,16,S
31,0,72,S
31,0,-100,S
31,0,44,S
31,0,72,S
31,1,100,S
31,0,16,S
31,0,-72,S
31,0,-100,S
31,1,-16,S
31,0,16,S
31,1,16,S
31,0,-16,S
31,1,44,S
31,1,44,S
31,0,16,S
31,0,-16,S
31,0,-16,S
31,0,-100,S
31,0,-44,S
31,0,-100,S
31,0,100,S
31,0,72,S
31,1,-16,S
31,0,72,S
31,0,-100,S
31,1,100,S
31,0,-100,S
31,1,100,S
31,0,-100,S
31,0,-44,S
31,0,-100,S
31,0,-72,S
31,1,72,S
31,0,-16,S
31,1,100,S
31,1,72,S
31,1,100,S
31,1,-16,S
31,1,44,S
31,0,16,S
31,0,44,S
31,1,100,S
31,0,-100,S
31,1,100,S
31,0,44,S
31,1,44,S
31,1,100,S
31,1,44,S
31,1,100,S
31,0,-16,S
31,0,16,S
31,0,-16,S
31,0,44,S
31,1,44,S
31,1,16,S
31,0,16,S
31,0,-100,S
31,1,100,S
31,0,44,S
31,0,44,S
31,1,100,S
31,0,-16,S
31,1,100,S
31,1,16,S
31,0,-100,S
31,0,72,S
31,1,72,S
31,0,-100,S
31,0,-100,S
31,0,100,S
31,1,16,S
31,1,100,S
31,1,72,S
31,0,-44,S
31,1,16,S
31,0,-16,S
31,0,-44,S
31,1,44,S
31,0,-100,S
31,0,-44,S
31,0,44,S
31,1,100,S
31,1,100,S
31,0,16,S
31,0,44,S
31,1,-100,S
31,1,-44,S
31,0,-72,S
31,0,-100,S
31,0,-44,S
31,0,44,S
31,0,-16,S
31,1,16,S
31,1,72,S
31,0,-16,S
31,1,16,S
31,1,16,S
31,1,-44,S
31,0,-44,S
31,0,-100,S
31,0,72,S
31,1,-16,S
31,0,-44,S
31,0,-72,S
31,0,-44,S
31,0,72,S
31,0,-100,S
31,0,44,S
31,0,-72,S
31,0,44,S
31,0,100,S
31,0,-100,S
31,1,100,S
31,1,-16,S
31,1,100,S
31,0,100,S
31,0,100,S
31,1,44,S
31,0,44,S
31,1,-44,S
31,0,-44,S
31,1,100,S
31,0,-16,S
31,0,-16,S
31,0,-100,S
31,0,16,S
31,1,16,S
31,1,16,S
31,0,-100,S
31,0,-100,S
31,1,100,S
31,0,-100,S
31,0,-100,S
31,1,16,S
31,1,16,S
31,0,44,S
31,0,44,S
31,1,44,S
31,1,16,S
31,0,-100,S
31,0,72,S
31,1,72,S
31,0,100,S
31,0,-16,S
31,1,-16,S
31,0,-100,S
31,1,100,S
31,0,-44,S
31,1,-16,S
31,0,-16,S
31,1,100,S
31,1,100,S
31,0,-44,S
31,0,44,S
31,0,-100,S
31,0,-44,S
31,0,-44,S
31,1,100,S
31,0,44,S
31,1,16,S
31,0,-44,S
31,1,16,S
31,0,-44,S
31,0,-72,S
31,0,-16,S
31,1,-16,S
31,1,100,S
31,1,-16,S
31,0,-100,S
31,0,-100,S
31,0,-100,S
31,0,-72,S
31,1,16,S
31,0,-44,S
31,0,-72,S
31,0,-72,S
31,0,16,S
31,0,-72,S
31,0,-44,S
31,1,-44,S
31,0,16,S
31,0,-72,S
31,1,16,S
31,1,44,S
31,0,-44,S
31,0,-16,S
31,0,72,S
31,1,44,S
31,0,16,S
31,0,-44,S
31,0,-72,S
31,0,-44,S
31,1,100,S
31,0,-72,S
31,0,-72,S
31,0,-100,S
31,0,44,S
31,0,-44,S
31,1,16,S
31,0,-44,S
31,1,16,S
31,0,100,S
31,0,-100,S
31,0,100,S
31,0,-44,S
31,1,44,S
31,0,72,S
31,0,-16,S
31,0,-72,S
31,0,-100,S
31,1,-16,S
31,0,-100,S
31,0,-16,S
31,0,44,S
31,1,100,S
31,1,72,S
31,1,72,S
31,1,16,S
31,0,-72,S
31,0,-16,S
31,0,-72,S
31,0,44,S
31,0,-100,S
31,0,-16,S
31,0,100,S
31,0,72,S
31,0,-72,S
31,1,-44,S
31,0,-44,S
31,0,-72,S
31,0,-72,S
31,1,72,S
31,0,72,S
31,0,16,S
31,0,-44,S
31,0,44,S
31,1,100,S
31,0,16,S
31,0,72,S
31,0,-100,S
31,0,-100,S
31,0,-72,S
31,0,100,S
31,0,-100,S
31,0,-44,S
31,0,-100,S
31,1,72,S
31,0,-44,S
31,1,44,S
31,0,-44,S
31,0,-100,S
31,0,72,S
31,0,-100,S
31,0,-100,S
31,0,-72,S
31,0,-100,S
31,0,-44,S
31,1,16,S
31,1,-16,S
31,0,-72,S
31,0,-100,S
31,1,-16,S
31,1,16,S
31,0,-72,S
31,0,100,S
31,0,-44,S
31,0,-100,S
31,0,-100,S
31,1,-44,S
31,0,-72,S
31,0,-72,S
31,0,-100,S
31,0,-44,S
31,1,100,S
31,1,100,S
31,0,16,S
31,1,100,S
31,1,72,S
31,1,100,S
31,1,72,S
31,0,-16,S
31,1,100,S
31,0,-16,S
31,0,-16,S
31,0,-44,S
32,0,16,S
32,0,-44,S
32,0,16,S
32,0,72,S
32,0,44,S
32,0,16,S
32,0,100,S
32,0,44,S
32,1,44,S
32,0,-72,S
32,0,-100,S
32,1,16,S
32,1,100,S
32,0,-100,S
32,0,-100,S
32,0,-44,S
32,1,44,S
32,0,-72,S
32,1,100,S
32,1,72,S
32,0,-44,S
32,1,100,S
32,1,16,S
32,0,16,S
32,0,44,S
32,0,-72,S
32,0,-44,S
32,1,-44,S
32,1,44,S
32,0,-16,S
32,0,-44,S
32,1,72,S
32,0,16,S
32,0,-100,S
32,0,16,S
32,0,72,S
32,1,44,S
32,1,-44,S
32,0,44,S
32,0,-16,S
32,0,16,S
32,0,-100,S
32,1,-16,S
32,1,72,S
32,1,72,S
32,0,-16,S
32,0,-100,S
32,1,100,S
32,1,-16,S
32,0,44,S
32,0,-72,S
32,0,-72,S
32,1,100,S
32,1,-100,S
32,0,44,S
32,1,44,S
32,0,16,S
32,0,-72,S
32,1,-72,S
32,0,16,S
32,0,-100,S
32,1,100,S
32,1,100,S
32,1,16,S
32,1,72,S
32,1,72,S
32,1,44,S
32,1,16,S
32,0,-100,S
32,1,16,S
32,0,16,S
32,0,-72,S
32,0,16,S
32,1,44,S
32,1,72,S
32,1,16,S
32,0,44,S
32,0,-44,S
32,0,-100,S
32,0,-44,S
32,0,44,S
32,0,-100,S
32,0,-44,S
32,1,72,S
32,0,-44,S
32,0,44,S
32,1,72,S
32,0,-16,S
32,0,-16,S
32,1,100,S
32,1,-16,S
32,0,-100,S
32,1,-16,S
32,1,100,S
32,1,72,S
32,1,72,S
32,0,72,S
32,1,-44,S
32,1,44,S
32,0,-44,S
32,0,-16,S
32,0,44,S
32,1,100,S
32,1,-72,S
32,0,-100,S
32,0,72,S
32,0,-44,S
32,1,16,S
32,0,-44,S
32,0,44,S
32,0,-72,S
32,0,-72,S
32,1,-44,S
32,0,-72,S
32,0,-72,S
32,0,-72,S
32,0,16,S
32,1,44,S
32,0,44,S
32,1,100,S
32,0,-100,S
32,1,-44,S
32,1,44,S
32,0,-44,S
32,1,44,S
32,1,100,S
32,1,72,S
32,1,44,S
32,1,44,S
32,0,100,S
32,1,16,S
32,1,72,S
32,1,72,S
32,0,-100,S
32,0,72,S
32,0,-100,S
32,1,72,S
32,1,-72,S
32,0,-72,S
32,1,44,S
32,0,72,S
32,1,-44,S
32,0,72,S
32,0,-16,S
32,1,16,S
32,0,44,S
32,1,72,S
32,1,100,S
32,1,100,S
32,0,16,S
32,0,-44,S
32,1,72,S
32,1,72,S
32,0,44,S
32,0,-44,S
32,0,16,S
32,1,44,S
32,0,-16,S
32,1,72,S
32,1,-44,S
32,1,-44,S
32,1,100,S
32,1,44,S
32,0,16,S
32,1,44,S
32,0,-16,S
32,0,16,S
32,1,16,S
32,1,72,S
32,0,-44,S
32,0,-100,S
32,1,-100,S
32,0,-16,S
32,0,-72,S
32,0,-44,S
32,1,-44,S
32,1,72,S
32,0,-72,S
32,1,44,S
32,1,16,S
32,1,-44,S
32,1,72,S
32,1,44,S
32,1,100,S
32,1,16,S
32,1,100,S
32,1,-72,S
32,0,-100,S
32,0,-100,S
32,1,72,S
32,1,-44,S
32,0,72,S
32,1,-16,S
32,1,44,S
32,0,-44,S
32,1,44,S
32,1,16,S
32,1,72,S
32,0,16,S
32,1,100,S
32,1,72,S
32,1,72,S
32,1,72,S
32,1,100,S
32,1,16,S
32,1,72,S
32,1,100,S
32,1,100,S
32,0,-44,S
32,1,72,S
32,0,-100,S
32,1,72,S
32,1,-100,S
32,1,16,S
32,0,-100,S
32,1,44,S
32,1,-16,S
32,0,-100,S
32,0,44,S
32,0,-100,S
32,0,44,S
32,1,-44,S
32,1,16,S
32,1,-16,S
32,0,100,S
32,0,-16,S
32,1,72,S
32,1,16,S
32,1,-44,S
32,1,16,S
32,1,44,S
32,1,-100,S
32,0,-72,S
32,1,16,S
32,0,-100,S
32,0,-100,S
32,1,16,S
32,0,-72,S
32,0,72,S
32,0,-72,S
32,0,-100,S
32,0,-72,S
32,1,100,S
32,1,16,S
32,1,72,S
32,1,-72,S
32,1,44,S
33,0,-72,S
33,0,-100,S
33,0,-72,S
33,0,-44,S
33,1,100,S
33,0,-44,S
33,0,-16,S
33,0,-16,S
33,1,-100,S
33,0,-100,S
33,0,72,S
33,0,-44,S
33,0,-44,S
33,0,-16,S
33,1,100,S
33,1,100,S
33,1,72,S
33,0,-44,S
33,0,16,S
33,1,72,S
33,1,100,S
33,0,16,S
33,1,72,S
33,0,-44,S
33,1,72,S
33,0,-100,S
33,0,-100,S
33,1,72,S
33,0,-16,S
33,0,-72,S
33,1,16,S
33,0,-16,S
33,0,-100,S
33,1,44,S
33,0,72,S
33,0,-100,S
33,0,-16,S
33,0,-16,S
33,0,-16,S
33,0,-100,S
33,1,100,S
33,1,44,S
33,1,16,S
33,0,16,S
33,1,16,S
33,1,100,S
33,1,44,S
33,1,72,S
33,0,-72,S
33,1,44,S
33,0,16,S
33,1,100,S
33,0,16,S
33,0,72,S
33,1,16,S
33,0,-100,S
33,1,72,S
33,0,-100,S
33,1,100,S
33,1,72,S
33,0,-16,S
33,0,-72,S
33,1,100,S
33,1,100,S
33,0,-16,S
33,1,72,S
33,0,72,S
33,0,16,S
33,0,-16,S
33,0,-44,S
33,0,44,S
33,0,-72,S
33,1,44,S
33,1,-44,S
33,0,44,S
33,1,-72,S
33,0,-72,S
33,1,-44,S
33,0,100,S
33,0,-44,S
33,1,-44,S
33,1,100,S
33,1,16,S
33,0,16,S
33,0,-100,S
33,1,-16,S
33,1,100,S
33,0,-44,S
33,0,44,S
33,1,72,S
33,1,100,S
33,1,-16,S
33,0,-44,S
33,1,44,S
33,0,-44,S
33,1,-100,S
33,1,-16,S
33,1,-16,S
33,1,-72,S
33,0,-16,S
33,1,-100,S
33,1,72,S
33,1,16,S
33,0,100,S
33,1,-44,S
33,0,-16,S
33,1,100,S
33,1,16,S
33,1,100,S
33,0,16,S
33,1,-44,S
33,1,-16,S
33,1,-44,S
33,1,44,S
33,1,100,S
33,0,16,S
33,1,100,S
33,0,100,S
33,1,44,S
33,1,-72,S
33,0,-44,S
33,1,100,S
33,0,-72,S
33,0,72,S
33,0,-44,S
33,1,16,S
33,1,44,S
33,0,16,S
33,1,44,S
33,1,72,S
33,1,-72,S
33,0,-16,S
33,1,72,S
33,0,44,S
33,0,-72,S
33,1,-72,S
33,0,-44,S
33,1,44,S
33,1,-16,S
33,1,72,S
33,1,-16,S
33,0,44,S
33,1,-16,S
33,1,-44,S
33,0,-100,S
33,0,100,S
33,1,16,S
33,1,100,S
33,0,-44,S
33,1,44,S
33,1,72,S
33,1,72,S
33,0,16,S
33,1,16,S
33,0,72,S
33,0,-100,S
33,1,72,S
33,1,72,S
33,0,44,S
33,1,44,S
33,0,44,S
33,0,44,S
33,1,-44,S
33,0,-72,S
33,1,16,S
33,0,-16,S
33,1,100,S
33,0,100,S
33,1,16,S
33,1,16,S
33,1,72,S
33,0,-72,S
33,1,-16,S
33,1,72,S
33,0,-44,S
33,1,44,S
33,1,-44,S
33,1,-16,S
33,1,100,S
33,0,-100,S
33,1,100,S
33,1,-72,S
33,1,100,S
33,1,-16,S
33,1,44,S
33,0,44,S
33,1,-100,S
33,0,-44,S
33,1,-72,S
33,0,-72,S
33,1,-72,S
33,1,100,S
33,1,-72,S
33,1,-16,S
33,1,-16,S
33,1,72,S
33,1,72,S
33,1,-44,S
33,0,-44,S
33,1,100,S
33,0,72,S
33,1,-16,S
33,0,16,S
33,1,-44,S
33,1,-16,S
33,0,-44,S
33,1,44,S
33,0,-16,S
33,0,-44,S
33,1,72,S
33,0,-100,S
33,1,72,S
33,0,-100,S
33,0,44,S
33,0,-100,S
33,0,-100,S
33,0,72,S
33,0,-100,S
33,0,44,S
33,0,16,S
33,0,-72,S
33,0,-100,S
33,1,16,S
33,1,-72,S
33,0,-72,S
33,0,-72,S
33,0,-100,S
33,1,44,S
33,0,-44,S
33,0,-100,S
33,1,16,S
33,0,-100,S
33,1,72,S
33,1,72,S
33,0,-72,S
33,1,-16,S
33,0,-100,S
33,1,-16,S
33,1,16,S
33,0,-44,S
33,1,100,S
33,1,44,S
33,1,-16,S
33,1,16,S
33,0,-16,S
33,0,-100,S
33,1,44,S
33,1,-44,S
33,0,-16,S
33,0,44,S
33,0,-44,S
33,1,44,S
33,0,44,S
33,1,-44,S
33,1,100,S
33,1,72,S
33,1,-44,S
33,1,72,S
33,0,72,S
33,1,-16,S
33,1,100,S
33,1,44,S
33,0,16,S
33,1,16,S
33,0,-16,S
33,1,-44,S
33,0,-72,S
33,1,-16,S
33,1,72,S
33,1,72,S
33,0,16,S
33,0,-100,S
33,1,72,S
33,1,100,S
33,1,44,S
33,0,-72,S
33,1,44,S
33,1,16,S
33,1,72,S
33,0,-44,S
33,0,72,S
33,1,44,S
33,0,-100,S
33,1,100,S
33,1,-16,S
33,0,16,S
33,1,16,S
33,0,-100,S
33,0,-16,S
33,1,100,S
33,1,-72,S
34,0,100,S
34,1,72,S
34,0,44,S
34,0,-44,S
34,0,16,S
34,1,72,S
34,0,-44,S
34,0,16,S
34,0,-16,S
34,0,-44,S
34,0,16,S
34,0,44,S
34,0,44,S
34,0,72,S
34,0,-100,S
34,0,16,S
34,1,-72,S
34,0,72,S
34,1,-16,S
34,0,-44,S
34,0,-16,S
34,0,-44,S
34,0,-100,S
34,0,72,S
34,1,100,S
34,0,-16,S
34,0,-16,S
34,0,72,S
34,0,-16,S
34,0,-16,S
34,1,16,S
34,0,-72,S
34,0,-100,S
34,0,-72,S
34,0,16,S
34,0,-16,S
34,0,-100,S
34,0,16,S
34,0,-16,S
34,0,-44,S
34,1,16,S
34,0,-72,S
34,0,16,S
34,1,44,S
34,0,100,S
34,0,16,S
34,0,-44,S
34,1,-100,S
34,0,-16,S
34,0,-16,S
34,1,-100,S
34,0,16,S
34,0,-16,S
34,1,72,S
34,0,-16,S
34,0,44,S
34,1,100,S
34,0,-16,S
34,0,100,S
34,0,-100,S
34,0,16,S
34,0,-72,S
34,0,-44,S
34,0,100,S
34,0,-16,S
34,0,16,S
34,1,-16,S
34,0,-72,S
34,1,72,S
34,0,-100,S
34,0,100,S
34,0,-44,S
34,1,100,S
34,0,16,S
34,0,100,S
34,0,-72,S
34,0,100,S
34,1,-16,S
34,0,100,S
34,0,44,S
34,0,-72,S
34,0,44,S
34,1,72,S
34,0,100,S
34,0,-16,S
34,0,-100,S
34,0,100,S
34,0,16,S
34,0,-100,S
34,1,44,S
34,1,-16,S
34,0,44,S
34,0,72,S
34,0,-44,S
34,0,44,S
34,0,-44,S
34,0,72,S
34,0,72,S
34,1,72,S
34,0,-44,S
34,1,16,S
34,0,16,S
34,0,-100,S
34,0,72,S
34,0,16,S
34,1,100,S
34,0,-100,S
34,0,-44,S
34,1,44,S
34,1,100,S
34,0,16,S
34,0,100,S
34,0,-100,S
34,0,-16,S
34,0,-100,S
34,1,-44,S
34,1,100,S
34,0,-44,S
34,1,-16,S
34,1,44,S
34,1,100,S
34,0,-16,S
34,0,-16,S
34,1,72,S
34,0,-16,S
34,1,16,S
34,0,-100,S
34,1,100,S
34,1,72,S
34,0,-44,S
34,0,44,S
34,1,44,S
34,0,72,S
34,0,-44,S
34,0,16,S
34,0,-44,S
34,0,44,S
34,0,-16,S
34,0,-72,S
34,0,-100,S
34,0,-72,S
34,0,72,S
34,1,16,S
34,1,-16,S
34,1,100,S
34,1,72,S
34,1,44,S
34,1,44,S
34,0,-100,S
34,0,-72,S
34,0,16,S
34,1,100,S
34,0,16,S
34,0,-44,S
34,0,-100,S
34,0,-16,S
34,0,-72,S
34,1,16,S
34,0,72,S
34,0,-44,S
34,0,72,S
34,0,-100,S
34,0,-44,S
34,1,44,S
34,0,16,S
34,0,44,S
34,0,-16,S
34,0,-100,S
34,1,-72,S
34,1,100,S
34,0,-44,S
34,0,72,S
34,0,-44,S
34,1,-72,S
34,0,-16,S
34,1,-16,S
34,0,-100,S
34,1,-44,S
34,1,44,S
34,0,-100,S
34,1,16,S
34,0,-44,S
34,0,-72,S
34,0,44,S
34,0,-72,S
34,0,-44,S
34,1,100,S
34,0,16,S
34,0,44,S
34,1,100,S
34,0,100,S
34,0,-100,S
34,1,72,S
34,1,-44,S
34,0,-100,S
34,0,-100,S
34,0,100,S
34,0,-44,S
34,1,-44,S
34,0,-72,S
34,1,16,S
34,1,-44,S
34,1,16,S
34,0,16,S
34,0,44,S
34,1,-44,S
34,1,-16,S
34,0,16,S
34,0,16,S
34,0,-100,S
34,1,100,S
34,0,-44,S
34,0,-44,S
34,0,44,S
34,0,44,S
34,1,100,S
34,1,72,S
34,0,-44,S
34,0,44,S
34,0,-72,S
34,0,-16,S
34,1,72,S
34,1,44,S
34,0,-16,S
34,1,44,S
34,1,44,S
34,0,-100,S
34,1,100,S
34,1,-16,S
34,1,16,S
34,1,-16,S
34,0,16,S
34,0,100,S
34,0,-16,S
34,1,100,S
34,0,16,S
34,0,-100,S
34,0,-72,S
34,1,-16,S
34,0,-100,S
34,1,16,S
34,0,100,S
34,0,-44,S
34,0,-100,S
34,0,-16,S
34,0,-100,S
34,1,100,S
34,0,-100,S
34,0,-100,S
34,0,-100,S
34,1,100,S
34,0,44,S
34,0,44,S
34,0,-44,S
34,1,72,S
34,1,44,S
34,1,-44,S
34,0,-100,S
34,1,100,S
34,1,100,S
34,0,-16,S
34,1,-44,S
34,0,44,S
34,0,-100,S
34,0,-100,S
34,0,-100,S
34,1,-72,S
34,1,100,S
34,0,-44,S
34,0,44,S
34,1,72,S
34,1,100,S
34,0,-16,S
34,0,-44,S
34,1,-44,S
34,0,16,S
34,0,-44,S
34,1,100,S
34,1,-44,S
34,1,72,S
34,0,16,S
34,0,-100,S
34,1,-72,S
34,0,-44,S
34,1,44,S
34,1,72,S
34,0,-16,S
34,1,44,S
34,1,100,S
34,0,-100,S
34,1,72,S
34,0,16,S
34,1,44,S
34,0,-44,S
34,1,72,S
34,0,-44,S
34,0,-44,S
34,0,-100,S
34,1,-16,S
34,0,-100,S
34,0,-44,S
34,0,-44,S
34,0,44,S
34,0,-100,S
34,1,100,S
34,0,44,S
34,0,72,S
34,0,100,S
35,0,-100,S
35,0,-72,S
35,0,-44,S
35,1,100,S
35,0,-44,S
35,0,-16,S
35,0,-16,S
35,1,-100,S
35,0,-100,S
35,0,72,S
35,0,-44,S
35,0,-44,S
35,0,-16,S
35,1,100,S
35,1,100,S
35,1,72,S
35,0,-44,S
35,0,16,S
35,1,72,S
35,1,100,S
35,0,16,S
35,1,72,S
35,0,-44,S
35,1,72,S
35,0,-100,S
35,0,-100,S
35,1,72,S
35,0,-16,S
35,0,-72,S
35,1,16,S
35,0,-16,S
35,0,-100,S
35,1,44,S
35,0,72,S
35,0,-100,S
35,0,-16,S
35,0,-16,S
35,0,-16,S
35,0,-100,S
35,1,100,S
35,1,44,S
35,1,16,S
35,0,16,S
35,1,16,S
35,1,100,S
35,1,44,S
35,1,72,S
35,0,-72,S
35,1,44,S
35,0,16,S
35,1,100,S
35,0,16,S
35,0,72,S
35,1,16,S
35,0,-100,S
35,1,72,S
35,0,-100,S
35,1,100,S
35,1,72,S
35,0,-16,S
35,0,-72,S
35,1,100,S
35,1,100,S
35,0,-16,S
35,1,72,S
35,0,72,S
35,0,16,S
35,0,-16,S
35,0,-44,S
35,0,44,S
35,0,-72,S
35,1,44,S
35,1,-44,S
35,0,44,S
35,1,-72,S
35,0,-72,S
35,1,-44,S
35,0,100,S
35,0,-44,S
35,1,-44,S
35,1,100,S
35,1,16,S
35,0,16,S
35,0,-100,S
35,1,-16,S
35,1,100,S
35,0,-44,S
35,0,44,S
35,1,72,S
35,1,100,S
35,1,-16,S
35,0,-44,S
35,1,44,S
35,0,-44,S
35,1,-100,S
35,1,-16,S
35,1,-16,S
35,1,-72,S
35,0,-16,S
35,1,-100,S
35,1,72,S
35,1,16,S
35,0,100,S
35,1,-44,S
35,0,-16,S
35,1,100,S
35,1,16,S
35,1,100,S
35,0,16,S
35,1,-44,S
35,1,-16,S
35,1,-44,S
35,1,44,S
35,1,100,S
35,0,16,S
35,1,100,S
35,0,100,S
35,1,44,S
35,1,-72,S
35,0,-44,S
35,1,100,S
35,0,-72,S
35,0,72,S
35,0,-44,S
35,1,16,S
35,1,44,S
35,0,16,S
35,1,44,S
35,1,72,S
35,1,-72,S
35,0,-16,S
35,1,72,S
35,0,44,S
35,0,-72,S
35,1,-72,S
35,0,-44,S
35,1,44,S
35,1,-16,S
35,1,72,S
35,1,-16,S
35,0,44,S
35,1,-16,S
35,1,-44,S
35,0,-100,S
35,0,100,S
35,1,16,S
35,1,100,S
35,0,-44,S
35,1,44,S
35,1,72,S
35,1,72,S
35,0,16,S
35,1,16,S
35,0,72,S
35,0,-100,S
35,1,72,S
35,1,72,S
35,0,44,S
35,1,44,S
35,0,44,S
35,0,44,S
35,1,-44,S
35,0,-72,S
35,1,16,S
35,0,-16,S
35,1,100,S
35,0,100,S
35,1,16,S
35,1,16,S
35,1,72,S
35,0,-72,S
35,1,-16,S
35,1,72,S
35,0,-44,S
35,1,44,S
35,1,-44,S
35,1,-16,S
35,1,100,S
35,0,-100,S
35,1,100,S
35,1,-72,S
35,1,100,S
35,1,-16,S
35,1,44,S
35,0,44,S
35,1,-100,S
35,0,-44,S
35,1,-72,S
35,0,-72,S
35,1,-72,S
35,1,100,S
35,1,-72,S
35,1,-16,S
35,1,-16,S
35,1,72,S
35,1,72,S
35,1,-44,S
35,0,-44,S
35,1,100,S
35,0,72,S
35,1,-16,S
35,0,16,S
35,1,-44,S
35,1,-16,S
35,0,-44,S
35,1,44,S
35,0,-16,S
35,0,-44,S
35,1,72,S
35,0,-100,S
35,1,72,S
35,0,-100,S
35,0,44,S
35,0,-100,S
35,0,-100,S
35,0,72,S
35,0,-100,S
35,0,44,S
35,0,16,S
35,0,-72,S
35,0,-100,S
35,1,16,S
35,1,-72,S
35,0,-72,S
35,0,-72,S
35,0,-100,S
35,1,44,S
35,0,-44,S
35,0,-100,S
35,1,16,S
35,0,-100,S
35,1,72,S
35,1,72,S
35,0,-72,S
35,1,-16,S
35,0,-100,S
35,1,-16,S
35,1,16,S
35,0,-44,S
35,1,100,S
35,1,44,S
35,1,-16,S
35,1,16,S
35,0,-16,S
35,0,-100,S
35,1,44,S
35,1,-44,S
35,0,-16,S
35,0,44,S
35,0,-44,S
35,1,44,S
35,0,44,S
35,1,-44,S
35,1,100,S
35,1,72,S
35,1,-44,S
35,1,72,S
35,0,72,S
35,1,-16,S
35,1,100,S
35,1,44,S
35,0,16,S
35,1,16,S
35,0,-16,S
35,1,-44,S
35,0,-72,S
35,1,-16,S
35,1,72,S
35,1,72,S
35,0,16,S
35,0,-100,S
35,1,72,S
35,1,100,S
35,1,44,S
35,0,-72,S
35,1,44,S
35,1,16,S
35,1,72,S
35,0,-44,S
35,0,72,S
35,1,44,S
35,0,-100,S
35,1,100,S
35,1,-16,S
35,0,16,S
35,1,16,S
35,0,-100,S
35,0,-16,S
35,1,100,S
35,1,-72,S
